Initialized distributed training on 8 GPUs
Global batch size: 8
Base LR: 0.000031
Adjusting num_classes from 256 to 257 based on dataset
  Batch 1: loss = 5.573294 | LR = 3.934882e-07 | grad_norm = 63.791885
  Batch 2: loss = 5.972514 | LR = 4.744764e-07 | grad_norm = 69.688384
  Batch 3: loss = 5.384314 | LR = 5.554647e-07 | grad_norm = 73.684484
  Batch 4: loss = 5.357929 | LR = 6.364529e-07 | grad_norm = 76.558553
  Batch 5: loss = 6.268968 | LR = 7.174411e-07 | grad_norm = 85.928536
  Batch 6: loss = 5.692553 | LR = 7.984293e-07 | grad_norm = 78.786384
  Batch 7: loss = 6.009226 | LR = 8.794175e-07 | grad_norm = 72.549611
  Batch 8: loss = 5.349748 | LR = 9.604058e-07 | grad_norm = 113.227051
  Batch 9: loss = 5.524233 | LR = 1.041394e-06 | grad_norm = 77.770362
  Batch 10: loss = 5.260015 | LR = 1.122382e-06 | grad_norm = 72.742321
  Batch 11: loss = 5.486519 | LR = 1.203370e-06 | grad_norm = 75.015623
  Batch 12: loss = 6.110252 | LR = 1.284359e-06 | grad_norm = 61.335118
  Batch 13: loss = 6.719110 | LR = 1.365347e-06 | grad_norm = 74.865505
  Batch 14: loss = 5.744850 | LR = 1.446335e-06 | grad_norm = 61.597653
  Batch 15: loss = 5.234049 | LR = 1.527323e-06 | grad_norm = 71.206108
  Batch 16: loss = 5.974835 | LR = 1.608312e-06 | grad_norm = 70.260222
  Batch 17: loss = 6.063227 | LR = 1.689300e-06 | grad_norm = 81.326450
  Batch 18: loss = 5.260993 | LR = 1.770288e-06 | grad_norm = 62.964826
  Batch 19: loss = 5.859366 | LR = 1.851276e-06 | grad_norm = 86.451876
  Batch 20: loss = 5.534033 | LR = 1.932264e-06 | grad_norm = 102.414999
  Batch 21: loss = 5.896625 | LR = 2.013253e-06 | grad_norm = 60.152271
  Batch 22: loss = 5.966935 | LR = 2.094241e-06 | grad_norm = 74.535897
  Batch 23: loss = 5.692793 | LR = 2.175229e-06 | grad_norm = 80.448382
  Batch 24: loss = 5.644546 | LR = 2.256217e-06 | grad_norm = 81.804506
  Batch 25: loss = 5.787839 | LR = 2.337205e-06 | grad_norm = 90.554221
  Batch 26: loss = 5.159881 | LR = 2.418194e-06 | grad_norm = 76.579272
  Batch 27: loss = 4.921990 | LR = 2.499182e-06 | grad_norm = 62.295152
  Batch 28: loss = 5.292449 | LR = 2.580170e-06 | grad_norm = 103.156673
  Batch 29: loss = 5.624402 | LR = 2.661158e-06 | grad_norm = 33.997593
  Batch 30: loss = 5.424212 | LR = 2.742147e-06 | grad_norm = 70.679572
  Batch 31: loss = 5.457276 | LR = 2.823135e-06 | grad_norm = 69.346885
  Batch 32: loss = 5.187891 | LR = 2.904123e-06 | grad_norm = 74.789939
  Batch 33: loss = 5.011939 | LR = 2.985111e-06 | grad_norm = 69.703070
  Batch 34: loss = 5.915670 | LR = 3.066099e-06 | grad_norm = 53.862357
  Batch 35: loss = 6.745806 | LR = 3.147088e-06 | grad_norm = 87.714946
  Batch 36: loss = 5.639372 | LR = 3.228076e-06 | grad_norm = 73.616003
  Batch 37: loss = 5.954801 | LR = 3.309064e-06 | grad_norm = 74.872786
  Batch 38: loss = 5.750773 | LR = 3.390052e-06 | grad_norm = 43.680112
  Batch 39: loss = 5.931055 | LR = 3.471041e-06 | grad_norm = 104.789617
  Batch 40: loss = 6.037560 | LR = 3.552029e-06 | grad_norm = 66.168634
  Batch 41: loss = 5.711693 | LR = 3.633017e-06 | grad_norm = 100.860887
  Batch 42: loss = 4.837344 | LR = 3.714005e-06 | grad_norm = 79.741161
  Batch 43: loss = 5.634991 | LR = 3.794993e-06 | grad_norm = 80.936634
  Batch 44: loss = 5.612819 | LR = 3.875982e-06 | grad_norm = 68.504205
  Batch 45: loss = 5.317307 | LR = 3.956970e-06 | grad_norm = 83.150193
  Batch 46: loss = 5.561359 | LR = 4.037958e-06 | grad_norm = 50.414268
  Batch 47: loss = 5.454702 | LR = 4.118946e-06 | grad_norm = 80.296261
  Batch 48: loss = 4.892092 | LR = 4.199935e-06 | grad_norm = 61.209164
  Batch 49: loss = 5.668111 | LR = 4.280923e-06 | grad_norm = 65.079889
  Batch 50: loss = 6.199546 | LR = 4.361911e-06 | grad_norm = 95.725058
  Batch 51: loss = 5.691943 | LR = 4.442899e-06 | grad_norm = 80.293491
  Batch 52: loss = 5.763115 | LR = 4.523887e-06 | grad_norm = 71.514468
  Batch 53: loss = 5.600549 | LR = 4.604876e-06 | grad_norm = 64.326114
  Batch 54: loss = 5.570836 | LR = 4.685864e-06 | grad_norm = 55.884336
  Batch 55: loss = 5.179926 | LR = 4.766852e-06 | grad_norm = 65.940575
  Batch 56: loss = 5.893692 | LR = 4.847840e-06 | grad_norm = 60.825037
  Batch 57: loss = 5.790038 | LR = 4.928829e-06 | grad_norm = 50.722931
  Batch 58: loss = 5.617517 | LR = 5.009817e-06 | grad_norm = 84.641280
  Batch 59: loss = 4.729290 | LR = 5.090805e-06 | grad_norm = 70.896974
  Batch 60: loss = 5.614000 | LR = 5.171793e-06 | grad_norm = 77.057505
  Batch 61: loss = 4.806218 | LR = 5.252781e-06 | grad_norm = 68.233060
  Batch 62: loss = 5.374373 | LR = 5.333770e-06 | grad_norm = 67.706109
  Batch 63: loss = 6.203098 | LR = 5.414758e-06 | grad_norm = 76.320848
  Batch 64: loss = 5.503200 | LR = 5.495746e-06 | grad_norm = 67.239171
  Batch 65: loss = 6.176113 | LR = 5.576734e-06 | grad_norm = 48.380159
  Batch 66: loss = 5.584941 | LR = 5.657723e-06 | grad_norm = 59.566112
  Batch 67: loss = 5.813727 | LR = 5.738711e-06 | grad_norm = 70.622501
  Batch 68: loss = 5.461191 | LR = 5.819699e-06 | grad_norm = 71.562154
  Batch 69: loss = 5.230318 | LR = 5.900687e-06 | grad_norm = 99.665015
  Batch 70: loss = 5.681311 | LR = 5.981675e-06 | grad_norm = 70.062177
  Batch 71: loss = 6.454211 | LR = 6.062664e-06 | grad_norm = 88.057301
  Batch 72: loss = 4.932437 | LR = 6.143652e-06 | grad_norm = 66.349248
  Batch 73: loss = 6.213181 | LR = 6.224640e-06 | grad_norm = 79.269234
  Batch 74: loss = 6.141751 | LR = 6.305628e-06 | grad_norm = 95.546960
  Batch 75: loss = 4.960827 | LR = 6.386616e-06 | grad_norm = 50.037957
  Batch 76: loss = 5.843122 | LR = 6.467605e-06 | grad_norm = 77.596858
  Batch 77: loss = 5.507790 | LR = 6.548593e-06 | grad_norm = 78.804432
  Batch 78: loss = 5.475336 | LR = 6.629581e-06 | grad_norm = 58.756018
  Batch 79: loss = 5.038538 | LR = 6.710569e-06 | grad_norm = 70.821346
  Batch 80: loss = 5.892953 | LR = 6.791558e-06 | grad_norm = 56.273640
  Batch 81: loss = 5.384927 | LR = 6.872546e-06 | grad_norm = 58.959953
  Batch 82: loss = 6.090654 | LR = 6.953534e-06 | grad_norm = 71.751886
  Batch 83: loss = 5.733232 | LR = 7.034522e-06 | grad_norm = 72.261484
  Batch 84: loss = 5.012207 | LR = 7.115510e-06 | grad_norm = 48.800509
  Batch 85: loss = 6.162248 | LR = 7.196499e-06 | grad_norm = 87.777117
  Batch 86: loss = 6.106917 | LR = 7.277487e-06 | grad_norm = 63.513913
  Batch 87: loss = 5.405211 | LR = 7.358475e-06 | grad_norm = 67.909553
  Batch 88: loss = 5.476022 | LR = 7.439463e-06 | grad_norm = 84.261210
  Batch 89: loss = 5.057109 | LR = 7.520452e-06 | grad_norm = 47.032674
  Batch 90: loss = 4.745801 | LR = 7.601440e-06 | grad_norm = 59.321771
  Batch 91: loss = 5.422049 | LR = 7.682428e-06 | grad_norm = 46.397156
  Batch 92: loss = 6.487729 | LR = 7.763416e-06 | grad_norm = 67.813975
  Batch 93: loss = 5.303572 | LR = 7.844404e-06 | grad_norm = 50.055368
  Batch 94: loss = 5.975876 | LR = 7.925393e-06 | grad_norm = 74.766207
  Batch 95: loss = 4.874582 | LR = 8.006381e-06 | grad_norm = 62.817688
  Batch 96: loss = 5.986603 | LR = 8.087369e-06 | grad_norm = 63.990956
  Batch 97: loss = 5.760837 | LR = 8.168357e-06 | grad_norm = 83.806941
  Batch 98: loss = 5.934581 | LR = 8.249346e-06 | grad_norm = 94.262544
  Batch 99: loss = 5.940934 | LR = 8.330334e-06 | grad_norm = 56.362969
  Batch 100: loss = 5.792379 | LR = 8.411322e-06 | grad_norm = 66.186316
  Batch 101: loss = 6.282810 | LR = 8.492310e-06 | grad_norm = 64.506961
  Batch 102: loss = 5.839157 | LR = 8.573298e-06 | grad_norm = 67.282876
  Batch 103: loss = 5.549532 | LR = 8.654287e-06 | grad_norm = 59.225885
  Batch 104: loss = 5.249120 | LR = 8.735275e-06 | grad_norm = 67.250444
  Batch 105: loss = 5.543359 | LR = 8.816263e-06 | grad_norm = 62.446292
  Batch 106: loss = 5.389843 | LR = 8.897251e-06 | grad_norm = 73.028680
  Batch 107: loss = 4.552136 | LR = 8.978240e-06 | grad_norm = 101.857564
  Batch 108: loss = 4.903560 | LR = 9.059228e-06 | grad_norm = 85.115477
  Batch 109: loss = 6.068479 | LR = 9.140216e-06 | grad_norm = 45.932669
  Batch 110: loss = 5.426724 | LR = 9.221204e-06 | grad_norm = 65.965917
  Batch 111: loss = 6.143227 | LR = 9.302192e-06 | grad_norm = 85.889414
  Batch 112: loss = 5.936107 | LR = 9.383181e-06 | grad_norm = 62.601846
  Batch 113: loss = 5.467353 | LR = 9.464169e-06 | grad_norm = 71.590493
  Batch 114: loss = 6.010247 | LR = 9.545157e-06 | grad_norm = 66.088969
  Batch 115: loss = 5.166523 | LR = 9.626145e-06 | grad_norm = 60.963801
  Batch 116: loss = 6.301991 | LR = 9.707134e-06 | grad_norm = 63.853279
  Batch 117: loss = 5.050300 | LR = 9.788122e-06 | grad_norm = 71.225004
  Batch 118: loss = 5.124124 | LR = 9.869110e-06 | grad_norm = 63.805386
  Batch 119: loss = 5.923499 | LR = 9.950098e-06 | grad_norm = 57.839919
  Batch 120: loss = 5.893833 | LR = 1.003109e-05 | grad_norm = 76.430190
  Batch 121: loss = 5.939138 | LR = 1.011207e-05 | grad_norm = 70.370335
  Batch 122: loss = 5.586408 | LR = 1.019306e-05 | grad_norm = 64.189768
  Batch 123: loss = 5.858536 | LR = 1.027405e-05 | grad_norm = 83.001035
  Batch 124: loss = 5.620334 | LR = 1.035504e-05 | grad_norm = 73.408997
  Batch 125: loss = 5.048144 | LR = 1.043603e-05 | grad_norm = 84.079507
  Batch 126: loss = 5.112109 | LR = 1.051702e-05 | grad_norm = 49.542926
  Batch 127: loss = 6.098143 | LR = 1.059800e-05 | grad_norm = 61.092436
  Batch 128: loss = 5.464577 | LR = 1.067899e-05 | grad_norm = 62.874748
  Batch 129: loss = 5.732697 | LR = 1.075998e-05 | grad_norm = 68.474234
  Batch 130: loss = 5.324281 | LR = 1.084097e-05 | grad_norm = 96.638553
  Batch 131: loss = 5.427395 | LR = 1.092196e-05 | grad_norm = 110.538060
  Batch 132: loss = 5.630024 | LR = 1.100295e-05 | grad_norm = 37.768547
  Batch 133: loss = 5.922570 | LR = 1.108393e-05 | grad_norm = 63.022379
  Batch 134: loss = 6.310076 | LR = 1.116492e-05 | grad_norm = 70.530037
  Batch 135: loss = 5.403210 | LR = 1.124591e-05 | grad_norm = 59.694544
  Batch 136: loss = 6.069390 | LR = 1.132690e-05 | grad_norm = 62.598562
  Batch 137: loss = 4.965535 | LR = 1.140789e-05 | grad_norm = 71.575747
  Batch 138: loss = 5.092032 | LR = 1.148887e-05 | grad_norm = 54.132227
  Batch 139: loss = 5.363284 | LR = 1.156986e-05 | grad_norm = 63.648161
  Batch 140: loss = 6.177921 | LR = 1.165085e-05 | grad_norm = 63.701323
  Batch 141: loss = 5.237846 | LR = 1.173184e-05 | grad_norm = 61.226881
  Batch 142: loss = 5.672114 | LR = 1.181283e-05 | grad_norm = 70.932308
  Batch 143: loss = 5.726297 | LR = 1.189382e-05 | grad_norm = 79.086159
  Batch 144: loss = 5.732565 | LR = 1.197480e-05 | grad_norm = 43.572358
  Batch 145: loss = 5.634183 | LR = 1.205579e-05 | grad_norm = 54.078255
  Batch 146: loss = 5.145217 | LR = 1.213678e-05 | grad_norm = 77.010493
  Batch 147: loss = 5.734200 | LR = 1.221777e-05 | grad_norm = 71.557642
  Batch 148: loss = 5.331778 | LR = 1.229876e-05 | grad_norm = 54.534450
  Batch 149: loss = 5.426625 | LR = 1.237974e-05 | grad_norm = 51.788446
  Batch 150: loss = 5.469073 | LR = 1.246073e-05 | grad_norm = 57.614235
  Batch 151: loss = 6.578181 | LR = 1.254172e-05 | grad_norm = 73.979586
  Batch 152: loss = 5.028366 | LR = 1.262271e-05 | grad_norm = 62.812558
  Batch 153: loss = 5.857573 | LR = 1.270370e-05 | grad_norm = 61.065024
  Batch 154: loss = 5.050984 | LR = 1.278469e-05 | grad_norm = 63.261941
  Batch 155: loss = 5.872035 | LR = 1.286567e-05 | grad_norm = 54.689740
  Batch 156: loss = 5.544391 | LR = 1.294666e-05 | grad_norm = 72.348133
  Batch 157: loss = 5.386707 | LR = 1.302765e-05 | grad_norm = 66.072562
  Batch 158: loss = 5.367270 | LR = 1.310864e-05 | grad_norm = 50.555611
  Batch 159: loss = 5.383347 | LR = 1.318963e-05 | grad_norm = 60.317783
  Batch 160: loss = 5.538677 | LR = 1.327062e-05 | grad_norm = 57.473715
  Batch 161: loss = 5.116187 | LR = 1.335160e-05 | grad_norm = 59.032492
  Batch 162: loss = 5.737681 | LR = 1.343259e-05 | grad_norm = 56.168255
  Batch 163: loss = 6.327746 | LR = 1.351358e-05 | grad_norm = 65.332470
  Batch 164: loss = 5.160878 | LR = 1.359457e-05 | grad_norm = 53.435386
  Batch 165: loss = 5.792410 | LR = 1.367556e-05 | grad_norm = 63.854077
  Batch 166: loss = 5.189480 | LR = 1.375654e-05 | grad_norm = 47.031652
  Batch 167: loss = 5.525669 | LR = 1.383753e-05 | grad_norm = 62.066504
  Batch 168: loss = 5.950638 | LR = 1.391852e-05 | grad_norm = 70.419265
  Batch 169: loss = 5.156012 | LR = 1.399951e-05 | grad_norm = 60.460191
  Batch 170: loss = 4.903029 | LR = 1.408050e-05 | grad_norm = 57.523287
  Batch 171: loss = 5.922375 | LR = 1.416149e-05 | grad_norm = 67.704503
  Batch 172: loss = 5.192933 | LR = 1.424247e-05 | grad_norm = 43.404066
  Batch 173: loss = 5.475081 | LR = 1.432346e-05 | grad_norm = 49.339318
  Batch 174: loss = 5.535634 | LR = 1.440445e-05 | grad_norm = 42.555199
  Batch 175: loss = 6.159366 | LR = 1.448544e-05 | grad_norm = 73.004335
  Batch 176: loss = 5.643221 | LR = 1.456643e-05 | grad_norm = 55.011516
  Batch 177: loss = 5.319648 | LR = 1.464741e-05 | grad_norm = 46.858652
  Batch 178: loss = 5.490562 | LR = 1.472840e-05 | grad_norm = 61.387801
  Batch 179: loss = 5.292065 | LR = 1.480939e-05 | grad_norm = 63.672805
  Batch 180: loss = 5.924215 | LR = 1.489038e-05 | grad_norm = 84.325071
  Batch 181: loss = 5.282154 | LR = 1.497137e-05 | grad_norm = 59.573497
  Batch 182: loss = 5.788902 | LR = 1.505236e-05 | grad_norm = 68.069065
  Batch 183: loss = 6.257366 | LR = 1.513334e-05 | grad_norm = 80.128713
  Batch 184: loss = 5.460792 | LR = 1.521433e-05 | grad_norm = 66.903927
  Batch 185: loss = 5.467512 | LR = 1.529532e-05 | grad_norm = 55.747324
  Batch 186: loss = 5.896427 | LR = 1.537631e-05 | grad_norm = 58.160958
  Batch 187: loss = 5.425067 | LR = 1.545730e-05 | grad_norm = 81.565613
  Batch 188: loss = 5.146545 | LR = 1.553829e-05 | grad_norm = 66.023940
  Batch 189: loss = 5.144396 | LR = 1.561927e-05 | grad_norm = 48.437571
  Batch 190: loss = 5.993615 | LR = 1.570026e-05 | grad_norm = 59.451538
  Batch 191: loss = 4.556324 | LR = 1.578125e-05 | grad_norm = 61.846870
  Batch 192: loss = 5.771465 | LR = 1.586224e-05 | grad_norm = 50.208998
  Batch 193: loss = 5.477027 | LR = 1.594323e-05 | grad_norm = 39.400228
  Batch 194: loss = 5.977315 | LR = 1.602421e-05 | grad_norm = 69.344997
  Batch 195: loss = 5.678036 | LR = 1.610520e-05 | grad_norm = 75.880933
  Batch 196: loss = 5.912712 | LR = 1.618619e-05 | grad_norm = 54.994722
  Batch 197: loss = 4.772401 | LR = 1.626718e-05 | grad_norm = 63.038476
  Batch 198: loss = 5.858973 | LR = 1.634817e-05 | grad_norm = 63.009027
  Batch 199: loss = 5.584492 | LR = 1.642916e-05 | grad_norm = 34.380238
  Batch 200: loss = 5.682233 | LR = 1.651014e-05 | grad_norm = 52.098701
  Batch 201: loss = 5.822666 | LR = 1.659113e-05 | grad_norm = 52.561423
  Batch 202: loss = 6.515789 | LR = 1.667212e-05 | grad_norm = 58.794294
  Batch 203: loss = 5.800806 | LR = 1.675311e-05 | grad_norm = 71.774722
  Batch 204: loss = 5.261811 | LR = 1.683410e-05 | grad_norm = 64.824466
  Batch 205: loss = 5.816631 | LR = 1.691509e-05 | grad_norm = 48.080721
  Batch 206: loss = 5.268882 | LR = 1.699607e-05 | grad_norm = 68.313802
  Batch 207: loss = 5.849288 | LR = 1.707706e-05 | grad_norm = 41.394576
  Batch 208: loss = 5.266730 | LR = 1.715805e-05 | grad_norm = 56.410646
  Batch 209: loss = 5.111604 | LR = 1.723904e-05 | grad_norm = 76.877922
  Batch 210: loss = 5.177444 | LR = 1.732003e-05 | grad_norm = 49.034269
  Batch 211: loss = 5.751936 | LR = 1.740101e-05 | grad_norm = 51.566228
  Batch 212: loss = 5.983274 | LR = 1.748200e-05 | grad_norm = 53.542854
  Batch 213: loss = 6.024726 | LR = 1.756299e-05 | grad_norm = 47.475269
  Batch 214: loss = 5.156198 | LR = 1.764398e-05 | grad_norm = 67.990503
  Batch 215: loss = 5.044028 | LR = 1.772497e-05 | grad_norm = 57.564271
  Batch 216: loss = 6.653532 | LR = 1.780596e-05 | grad_norm = 69.560252
  Batch 217: loss = 5.625648 | LR = 1.788694e-05 | grad_norm = 66.491301
  Batch 218: loss = 4.253384 | LR = 1.796793e-05 | grad_norm = 83.332876
  Batch 219: loss = 5.941830 | LR = 1.804892e-05 | grad_norm = 65.463674
  Batch 220: loss = 5.667188 | LR = 1.812991e-05 | grad_norm = 63.229724
  Batch 221: loss = 5.389432 | LR = 1.821090e-05 | grad_norm = 54.830451
  Batch 222: loss = 5.367482 | LR = 1.829188e-05 | grad_norm = 41.797389
  Batch 223: loss = 5.185436 | LR = 1.837287e-05 | grad_norm = 60.519170
  Batch 224: loss = 5.487922 | LR = 1.845386e-05 | grad_norm = 47.010313
  Batch 225: loss = 5.450089 | LR = 1.853485e-05 | grad_norm = 42.524901
  Batch 226: loss = 5.959577 | LR = 1.861584e-05 | grad_norm = 69.932157
  Batch 227: loss = 5.500470 | LR = 1.869683e-05 | grad_norm = 50.923094
  Batch 228: loss = 5.409494 | LR = 1.877781e-05 | grad_norm = 47.670156
  Batch 229: loss = 5.240052 | LR = 1.885880e-05 | grad_norm = 32.748997
  Batch 230: loss = 4.748374 | LR = 1.893979e-05 | grad_norm = 47.793677
  Batch 231: loss = 5.261775 | LR = 1.902078e-05 | grad_norm = 49.239110
  Batch 232: loss = 5.810415 | LR = 1.910177e-05 | grad_norm = 54.176920
  Batch 233: loss = 5.402002 | LR = 1.918276e-05 | grad_norm = 36.723261
  Batch 234: loss = 5.984094 | LR = 1.926374e-05 | grad_norm = 52.985842
  Batch 235: loss = 4.334713 | LR = 1.934473e-05 | grad_norm = 67.505851
  Batch 236: loss = 4.854780 | LR = 1.942572e-05 | grad_norm = 57.611728
  Batch 237: loss = 5.114044 | LR = 1.950671e-05 | grad_norm = 53.493824
  Batch 238: loss = 5.201110 | LR = 1.958770e-05 | grad_norm = 56.665625
  Batch 239: loss = 6.443368 | LR = 1.966868e-05 | grad_norm = 67.008257
  Batch 240: loss = 5.633602 | LR = 1.974967e-05 | grad_norm = 43.545906
  Batch 241: loss = 5.144784 | LR = 1.983066e-05 | grad_norm = 57.196348
  Batch 242: loss = 5.193128 | LR = 1.991165e-05 | grad_norm = 56.593396
  Batch 243: loss = 5.252178 | LR = 1.999264e-05 | grad_norm = 63.140540
  Batch 244: loss = 5.316154 | LR = 2.007363e-05 | grad_norm = 52.918983
  Batch 245: loss = 4.461386 | LR = 2.015461e-05 | grad_norm = 50.621421
  Batch 246: loss = 5.162212 | LR = 2.023560e-05 | grad_norm = 62.890280
  Batch 247: loss = 5.830056 | LR = 2.031659e-05 | grad_norm = 48.984867
  Batch 248: loss = 6.045880 | LR = 2.039758e-05 | grad_norm = 52.721803
  Batch 249: loss = 4.899798 | LR = 2.047857e-05 | grad_norm = 60.597570
  Batch 250: loss = 6.396490 | LR = 2.055955e-05 | grad_norm = 81.355546
  Batch 251: loss = 5.372711 | LR = 2.064054e-05 | grad_norm = 56.395039
  Batch 252: loss = 5.449496 | LR = 2.072153e-05 | grad_norm = 75.409064
  Batch 253: loss = 5.598895 | LR = 2.080252e-05 | grad_norm = 61.828683
  Batch 254: loss = 4.773078 | LR = 2.088351e-05 | grad_norm = 55.161414
  Batch 255: loss = 5.646869 | LR = 2.096450e-05 | grad_norm = 45.043482
  Batch 256: loss = 4.847241 | LR = 2.104548e-05 | grad_norm = 65.966747
  Batch 257: loss = 4.868019 | LR = 2.112647e-05 | grad_norm = 77.018593
  Batch 258: loss = 5.767413 | LR = 2.120746e-05 | grad_norm = 60.773247
  Batch 259: loss = 5.870914 | LR = 2.128845e-05 | grad_norm = 51.888780
  Batch 260: loss = 5.539454 | LR = 2.136944e-05 | grad_norm = 81.644265
  Batch 261: loss = 6.369629 | LR = 2.145043e-05 | grad_norm = 71.853589
  Batch 262: loss = 6.082726 | LR = 2.153141e-05 | grad_norm = 75.916040
  Batch 263: loss = 5.513935 | LR = 2.161240e-05 | grad_norm = 65.522679
  Batch 264: loss = 5.705117 | LR = 2.169339e-05 | grad_norm = 50.156307
  Batch 265: loss = 5.559371 | LR = 2.177438e-05 | grad_norm = 56.676698
  Batch 266: loss = 4.874447 | LR = 2.185537e-05 | grad_norm = 43.310122
  Batch 267: loss = 5.439271 | LR = 2.193635e-05 | grad_norm = 59.502177
  Batch 268: loss = 5.056688 | LR = 2.201734e-05 | grad_norm = 57.819264
  Batch 269: loss = 5.658000 | LR = 2.209833e-05 | grad_norm = 58.435158
  Batch 270: loss = 4.806322 | LR = 2.217932e-05 | grad_norm = 64.624504
  Batch 271: loss = 6.197339 | LR = 2.226031e-05 | grad_norm = 108.964151
  Batch 272: loss = 5.722784 | LR = 2.234130e-05 | grad_norm = 74.328189
  Batch 273: loss = 5.672371 | LR = 2.242228e-05 | grad_norm = 81.791277
  Batch 274: loss = 4.847983 | LR = 2.250327e-05 | grad_norm = 91.554461
  Batch 275: loss = 5.233207 | LR = 2.258426e-05 | grad_norm = 61.509693
  Batch 276: loss = 5.283032 | LR = 2.266525e-05 | grad_norm = 46.738086
  Batch 277: loss = 6.849983 | LR = 2.274624e-05 | grad_norm = 75.320193
  Batch 278: loss = 5.292386 | LR = 2.282723e-05 | grad_norm = 45.222469
  Batch 279: loss = 5.232594 | LR = 2.290821e-05 | grad_norm = 59.008764
  Batch 280: loss = 5.221157 | LR = 2.298920e-05 | grad_norm = 81.390632
  Batch 281: loss = 5.822072 | LR = 2.307019e-05 | grad_norm = 55.225676
  Batch 282: loss = 6.128385 | LR = 2.315118e-05 | grad_norm = 68.087930
  Batch 283: loss = 5.894589 | LR = 2.323217e-05 | grad_norm = 60.889301
  Batch 284: loss = 5.479819 | LR = 2.331315e-05 | grad_norm = 53.315425
  Batch 285: loss = 5.652035 | LR = 2.339414e-05 | grad_norm = 67.888607
  Batch 286: loss = 5.493048 | LR = 2.347513e-05 | grad_norm = 68.711446
  Batch 287: loss = 6.337292 | LR = 2.355612e-05 | grad_norm = 59.797814
  Batch 288: loss = 5.662349 | LR = 2.363711e-05 | grad_norm = 59.541850
  Batch 289: loss = 6.401297 | LR = 2.371810e-05 | grad_norm = 68.130055
  Batch 290: loss = 4.255708 | LR = 2.379908e-05 | grad_norm = 57.986023
  Batch 291: loss = 5.732274 | LR = 2.388007e-05 | grad_norm = 51.159478
  Batch 292: loss = 4.846804 | LR = 2.396106e-05 | grad_norm = 54.332134
  Batch 293: loss = 4.981421 | LR = 2.404205e-05 | grad_norm = 61.899687
  Batch 294: loss = 5.570371 | LR = 2.412304e-05 | grad_norm = 54.534814
  Batch 295: loss = 5.138458 | LR = 2.420402e-05 | grad_norm = 62.026507
  Batch 296: loss = 5.627967 | LR = 2.428501e-05 | grad_norm = 52.102155
  Batch 297: loss = 4.879777 | LR = 2.436600e-05 | grad_norm = 84.415053
  Batch 298: loss = 5.228951 | LR = 2.444699e-05 | grad_norm = 60.228084
  Batch 299: loss = 5.679873 | LR = 2.452798e-05 | grad_norm = 45.930232
  Batch 300: loss = 5.743858 | LR = 2.460897e-05 | grad_norm = 41.933916
  Batch 301: loss = 4.498953 | LR = 2.468995e-05 | grad_norm = 61.773333
  Batch 302: loss = 5.928852 | LR = 2.477094e-05 | grad_norm = 82.437670
  Batch 303: loss = 6.028890 | LR = 2.485193e-05 | grad_norm = 72.827031
  Batch 304: loss = 5.288642 | LR = 2.493292e-05 | grad_norm = 53.362573
  Batch 305: loss = 5.640602 | LR = 2.501391e-05 | grad_norm = 45.732149
  Batch 306: loss = 3.797745 | LR = 2.509490e-05 | grad_norm = 75.359293
  Batch 307: loss = 5.604078 | LR = 2.517588e-05 | grad_norm = 49.739003
  Batch 308: loss = 6.384540 | LR = 2.525687e-05 | grad_norm = 68.362368
  Batch 309: loss = 5.024566 | LR = 2.533786e-05 | grad_norm = 65.179277
  Batch 310: loss = 6.040575 | LR = 2.541885e-05 | grad_norm = 69.783579
  Batch 311: loss = 5.955859 | LR = 2.549984e-05 | grad_norm = 48.036739
  Batch 312: loss = 4.704401 | LR = 2.558082e-05 | grad_norm = 78.228785
  Batch 313: loss = 5.320502 | LR = 2.566181e-05 | grad_norm = 87.265565
  Batch 314: loss = 4.316670 | LR = 2.574280e-05 | grad_norm = 65.469251
  Batch 315: loss = 5.650064 | LR = 2.582379e-05 | grad_norm = 50.810994
  Batch 316: loss = 5.905830 | LR = 2.590478e-05 | grad_norm = 51.914377
  Batch 317: loss = 6.412835 | LR = 2.598577e-05 | grad_norm = 61.669077
  Batch 318: loss = 5.249855 | LR = 2.606675e-05 | grad_norm = 101.181477
  Batch 319: loss = 6.390448 | LR = 2.614774e-05 | grad_norm = 54.019478
  Batch 320: loss = 4.131109 | LR = 2.622873e-05 | grad_norm = 91.715860
  Batch 321: loss = 6.179674 | LR = 2.630972e-05 | grad_norm = 64.041040
  Batch 322: loss = 4.794593 | LR = 2.639071e-05 | grad_norm = 69.928793
  Batch 323: loss = 5.548357 | LR = 2.647170e-05 | grad_norm = 67.659392
  Batch 324: loss = 4.779184 | LR = 2.655268e-05 | grad_norm = 91.631026
  Batch 325: loss = 6.546593 | LR = 2.663367e-05 | grad_norm = 76.794961
  Batch 326: loss = 4.092959 | LR = 2.671466e-05 | grad_norm = 70.458228
  Batch 327: loss = 6.002144 | LR = 2.679565e-05 | grad_norm = 58.750433
  Batch 328: loss = 5.186156 | LR = 2.687664e-05 | grad_norm = 63.123590
  Batch 329: loss = 5.611669 | LR = 2.695762e-05 | grad_norm = 61.269009
  Batch 330: loss = 5.276531 | LR = 2.703861e-05 | grad_norm = 66.545309
  Batch 331: loss = 5.567334 | LR = 2.711960e-05 | grad_norm = 61.991563
  Batch 332: loss = 3.952151 | LR = 2.720059e-05 | grad_norm = 74.670732
  Batch 333: loss = 6.625614 | LR = 2.728158e-05 | grad_norm = 80.469254
  Batch 334: loss = 5.149958 | LR = 2.736257e-05 | grad_norm = 89.220166
  Batch 335: loss = 5.763198 | LR = 2.744355e-05 | grad_norm = 93.995456
  Batch 336: loss = 6.631669 | LR = 2.752454e-05 | grad_norm = 66.204543
  Batch 337: loss = 7.075327 | LR = 2.760553e-05 | grad_norm = 107.572753
  Batch 338: loss = 5.016656 | LR = 2.768652e-05 | grad_norm = 63.222984
  Batch 339: loss = 5.804138 | LR = 2.776751e-05 | grad_norm = 110.683787
  Batch 340: loss = 5.656296 | LR = 2.784849e-05 | grad_norm = 79.784750
  Batch 341: loss = 6.100069 | LR = 2.792948e-05 | grad_norm = 46.373621
  Batch 342: loss = 4.518456 | LR = 2.801047e-05 | grad_norm = 81.363784
  Batch 343: loss = 4.528501 | LR = 2.809146e-05 | grad_norm = 59.434266
  Batch 344: loss = 5.305526 | LR = 2.817245e-05 | grad_norm = 50.022635
  Batch 345: loss = 5.818010 | LR = 2.825344e-05 | grad_norm = 73.681984
  Batch 346: loss = 5.157775 | LR = 2.833442e-05 | grad_norm = 64.707894
  Batch 347: loss = 5.441301 | LR = 2.841541e-05 | grad_norm = 60.833468
  Batch 348: loss = 6.301643 | LR = 2.849640e-05 | grad_norm = 57.371103
  Batch 349: loss = 5.707286 | LR = 2.857739e-05 | grad_norm = 56.647153
  Batch 350: loss = 4.337369 | LR = 2.865838e-05 | grad_norm = 59.628645
  Batch 351: loss = 4.940064 | LR = 2.873937e-05 | grad_norm = 112.898685
  Batch 352: loss = 5.686065 | LR = 2.882035e-05 | grad_norm = 70.402405
  Batch 353: loss = 5.103036 | LR = 2.890134e-05 | grad_norm = 62.238678
  Batch 354: loss = 5.376024 | LR = 2.898233e-05 | grad_norm = 53.314039
  Batch 355: loss = 5.843490 | LR = 2.906332e-05 | grad_norm = 77.609634
  Batch 356: loss = 5.585549 | LR = 2.914431e-05 | grad_norm = 68.382573
  Batch 357: loss = 4.852659 | LR = 2.922529e-05 | grad_norm = 57.374438
  Batch 358: loss = 5.872471 | LR = 2.930628e-05 | grad_norm = 55.152032
  Batch 359: loss = 5.110765 | LR = 2.938727e-05 | grad_norm = 66.702627
  Batch 360: loss = 5.120008 | LR = 2.946826e-05 | grad_norm = 44.645222
  Batch 361: loss = 5.598577 | LR = 2.954925e-05 | grad_norm = 54.218947
  Batch 362: loss = 5.211008 | LR = 2.963024e-05 | grad_norm = 60.275392
  Batch 363: loss = 5.202985 | LR = 2.971122e-05 | grad_norm = 65.035139
  Batch 364: loss = 5.722491 | LR = 2.979221e-05 | grad_norm = 60.428814
  Batch 365: loss = 5.478547 | LR = 2.987320e-05 | grad_norm = 43.547110
  Batch 366: loss = 4.238026 | LR = 2.995419e-05 | grad_norm = 57.931633
  Batch 367: loss = 4.001896 | LR = 3.003518e-05 | grad_norm = 88.330684
  Batch 368: loss = 2.859344 | LR = 3.011616e-05 | grad_norm = 75.250176
  Batch 369: loss = 4.847187 | LR = 3.019715e-05 | grad_norm = 78.457408
  Batch 370: loss = 5.554101 | LR = 3.027814e-05 | grad_norm = 68.452906
  Batch 371: loss = 5.927903 | LR = 3.035913e-05 | grad_norm = 91.235371
  Batch 372: loss = 5.833807 | LR = 3.044012e-05 | grad_norm = 91.848027
  Batch 373: loss = 4.506883 | LR = 3.052111e-05 | grad_norm = 50.084402
  Batch 374: loss = 6.336898 | LR = 3.060209e-05 | grad_norm = 74.179481
  Batch 375: loss = 5.130266 | LR = 3.068308e-05 | grad_norm = 67.604933
  Batch 376: loss = 6.074458 | LR = 3.076407e-05 | grad_norm = 66.392457
  Batch 377: loss = 6.942063 | LR = 3.084506e-05 | grad_norm = 81.982714
  Batch 378: loss = 5.211943 | LR = 3.092605e-05 | grad_norm = 84.394103
  Batch 379: loss = 6.000573 | LR = 3.100704e-05 | grad_norm = 68.485076
  Batch 380: loss = 5.328526 | LR = 3.108802e-05 | grad_norm = 84.172718
  Batch 381: loss = 5.171489 | LR = 3.116901e-05 | grad_norm = 73.348666
  Batch 382: loss = 5.159602 | LR = 3.125000e-05 | grad_norm = 74.625737
  Batch 383: loss = 6.006917 | LR = 3.125000e-05 | grad_norm = 62.149885
  Batch 384: loss = 5.554526 | LR = 3.124999e-05 | grad_norm = 102.932886
  Batch 385: loss = 5.306341 | LR = 3.124999e-05 | grad_norm = 72.182818
  Batch 386: loss = 0.393958 | LR = 3.124998e-05 | grad_norm = 50.060999
  Batch 387: loss = 5.196915 | LR = 3.124996e-05 | grad_norm = 109.035502
  Batch 388: loss = 4.089674 | LR = 3.124995e-05 | grad_norm = 69.308112
  Batch 389: loss = 6.090440 | LR = 3.124993e-05 | grad_norm = 86.356242
  Batch 390: loss = 6.231643 | LR = 3.124991e-05 | grad_norm = 76.508369
  Batch 391: loss = 6.981245 | LR = 3.124988e-05 | grad_norm = 114.947283
  Batch 392: loss = 4.684974 | LR = 3.124985e-05 | grad_norm = 92.070688
  Batch 393: loss = 6.486094 | LR = 3.124982e-05 | grad_norm = 86.116442
  Batch 394: loss = 4.984297 | LR = 3.124979e-05 | grad_norm = 76.701466
  Batch 395: loss = 6.063011 | LR = 3.124975e-05 | grad_norm = 90.457622
  Batch 396: loss = 5.508623 | LR = 3.124971e-05 | grad_norm = 70.011501
  Batch 397: loss = 6.158342 | LR = 3.124967e-05 | grad_norm = 104.935726
  Batch 398: loss = 6.363101 | LR = 3.124963e-05 | grad_norm = 89.158651
  Batch 399: loss = 0.006280 | LR = 3.124958e-05 | grad_norm = 1.344352
  Batch 400: loss = 6.743828 | LR = 3.124953e-05 | grad_norm = 110.835026
  Batch 401: loss = 4.895798 | LR = 3.124947e-05 | grad_norm = 85.395097
  Batch 402: loss = 3.000194 | LR = 3.124942e-05 | grad_norm = 105.613137
  Batch 403: loss = 6.943669 | LR = 3.124936e-05 | grad_norm = 105.190850
  Batch 404: loss = 5.929102 | LR = 3.124929e-05 | grad_norm = 86.888323
  Batch 405: loss = 4.686350 | LR = 3.124923e-05 | grad_norm = 86.701258
  Batch 406: loss = 5.608427 | LR = 3.124916e-05 | grad_norm = 85.492959
  Batch 407: loss = 6.730302 | LR = 3.124909e-05 | grad_norm = 77.361697
  Batch 408: loss = 5.283569 | LR = 3.124901e-05 | grad_norm = 80.764277
  Batch 409: loss = 5.640806 | LR = 3.124894e-05 | grad_norm = 66.427066
  Batch 410: loss = 4.816909 | LR = 3.124886e-05 | grad_norm = 99.970479
  Batch 411: loss = 5.934602 | LR = 3.124877e-05 | grad_norm = 75.952857
  Batch 412: loss = 5.816298 | LR = 3.124869e-05 | grad_norm = 53.179189
  Batch 413: loss = 6.164242 | LR = 3.124860e-05 | grad_norm = 80.718171
  Batch 414: loss = 4.857305 | LR = 3.124851e-05 | grad_norm = 73.082485
  Batch 415: loss = 5.237696 | LR = 3.124841e-05 | grad_norm = 70.710325
  Batch 416: loss = 5.595277 | LR = 3.124831e-05 | grad_norm = 77.094433
  Batch 417: loss = 5.853087 | LR = 3.124821e-05 | grad_norm = 86.792266
  Batch 418: loss = 4.293981 | LR = 3.124811e-05 | grad_norm = 75.308408
  Batch 419: loss = 6.322354 | LR = 3.124800e-05 | grad_norm = 57.593050
  Batch 420: loss = 1.402458 | LR = 3.124789e-05 | grad_norm = 99.481104
  Batch 421: loss = 5.797915 | LR = 3.124778e-05 | grad_norm = 88.392363
  Batch 422: loss = 4.745159 | LR = 3.124767e-05 | grad_norm = 66.387070
  Batch 423: loss = 5.068599 | LR = 3.124755e-05 | grad_norm = 68.197062
  Batch 424: loss = 5.097926 | LR = 3.124743e-05 | grad_norm = 79.130894
  Batch 425: loss = 5.272656 | LR = 3.124730e-05 | grad_norm = 103.341767
  Batch 426: loss = 3.005244 | LR = 3.124718e-05 | grad_norm = 86.342676
  Batch 427: loss = 5.175539 | LR = 3.124705e-05 | grad_norm = 91.081768
  Batch 428: loss = 5.540559 | LR = 3.124691e-05 | grad_norm = 78.248739
  Batch 429: loss = 6.431544 | LR = 3.124678e-05 | grad_norm = 131.422033
  Batch 430: loss = 5.206932 | LR = 3.124664e-05 | grad_norm = 70.843371
  Batch 431: loss = 5.647241 | LR = 3.124650e-05 | grad_norm = 60.559455
  Batch 432: loss = 5.616743 | LR = 3.124635e-05 | grad_norm = 62.070868
  Batch 433: loss = 6.256909 | LR = 3.124621e-05 | grad_norm = 84.681081
  Batch 434: loss = 5.556604 | LR = 3.124606e-05 | grad_norm = 78.719314
  Batch 435: loss = 5.021991 | LR = 3.124590e-05 | grad_norm = 80.737014
  Batch 436: loss = 4.756938 | LR = 3.124575e-05 | grad_norm = 93.470280
  Batch 437: loss = 6.106297 | LR = 3.124559e-05 | grad_norm = 52.471353
  Batch 438: loss = 4.976747 | LR = 3.124543e-05 | grad_norm = 70.516486
  Batch 439: loss = 5.880410 | LR = 3.124526e-05 | grad_norm = 60.899527
  Batch 440: loss = 5.460947 | LR = 3.124509e-05 | grad_norm = 60.268176
  Batch 441: loss = 5.749641 | LR = 3.124492e-05 | grad_norm = 61.612815
  Batch 442: loss = 5.264952 | LR = 3.124475e-05 | grad_norm = 55.561442
  Batch 443: loss = 5.410699 | LR = 3.124457e-05 | grad_norm = 57.175755
  Batch 444: loss = 5.463085 | LR = 3.124439e-05 | grad_norm = 84.496629
  Batch 445: loss = 6.208217 | LR = 3.124421e-05 | grad_norm = 68.410790
  Batch 446: loss = 6.004033 | LR = 3.124402e-05 | grad_norm = 81.101978
  Batch 447: loss = 5.962270 | LR = 3.124384e-05 | grad_norm = 65.394199
  Batch 448: loss = 4.283340 | LR = 3.124365e-05 | grad_norm = 84.778875
  Batch 449: loss = 5.138869 | LR = 3.124345e-05 | grad_norm = 58.173440
  Batch 450: loss = 5.218676 | LR = 3.124325e-05 | grad_norm = 56.155574
  Batch 451: loss = 5.819290 | LR = 3.124305e-05 | grad_norm = 61.892437
  Batch 452: loss = 4.613380 | LR = 3.124285e-05 | grad_norm = 67.054355
  Batch 453: loss = 5.668741 | LR = 3.124265e-05 | grad_norm = 79.278002
  Batch 454: loss = 4.853925 | LR = 3.124244e-05 | grad_norm = 51.644313
  Batch 455: loss = 5.451627 | LR = 3.124223e-05 | grad_norm = 48.354492
  Batch 456: loss = 4.854525 | LR = 3.124201e-05 | grad_norm = 42.895171
  Batch 457: loss = 5.383738 | LR = 3.124179e-05 | grad_norm = 46.018918
  Batch 458: loss = 5.141130 | LR = 3.124157e-05 | grad_norm = 77.089884
  Batch 459: loss = 5.029267 | LR = 3.124135e-05 | grad_norm = 79.364206
  Batch 460: loss = 4.644028 | LR = 3.124112e-05 | grad_norm = 67.741971
  Batch 461: loss = 4.933802 | LR = 3.124090e-05 | grad_norm = 81.995596
  Batch 462: loss = 5.568100 | LR = 3.124066e-05 | grad_norm = 106.295444
  Batch 463: loss = 5.915598 | LR = 3.124043e-05 | grad_norm = 72.443807
  Batch 464: loss = 3.809840 | LR = 3.124019e-05 | grad_norm = 119.461097
  Batch 465: loss = 5.039870 | LR = 3.123995e-05 | grad_norm = 72.174816
  Batch 466: loss = 4.809551 | LR = 3.123971e-05 | grad_norm = 54.569294
  Batch 467: loss = 5.082325 | LR = 3.123946e-05 | grad_norm = 67.551926
  Batch 468: loss = 5.024887 | LR = 3.123921e-05 | grad_norm = 69.295067
  Batch 469: loss = 5.415778 | LR = 3.123896e-05 | grad_norm = 81.072294
  Batch 470: loss = 3.683629 | LR = 3.123870e-05 | grad_norm = 97.751468
  Batch 471: loss = 7.276874 | LR = 3.123845e-05 | grad_norm = 111.697222
  Batch 472: loss = 7.385621 | LR = 3.123818e-05 | grad_norm = 106.906693
  Batch 473: loss = 5.447916 | LR = 3.123792e-05 | grad_norm = 87.150258
  Batch 474: loss = 5.757648 | LR = 3.123765e-05 | grad_norm = 82.119953
  Batch 475: loss = 4.146229 | LR = 3.123738e-05 | grad_norm = 122.505056
  Batch 476: loss = 4.679889 | LR = 3.123711e-05 | grad_norm = 75.412031
  Batch 477: loss = 6.393878 | LR = 3.123684e-05 | grad_norm = 107.096582
  Batch 478: loss = 5.799938 | LR = 3.123656e-05 | grad_norm = 55.706116
  Batch 479: loss = 5.890117 | LR = 3.123628e-05 | grad_norm = 65.968358
  Batch 480: loss = 4.152710 | LR = 3.123599e-05 | grad_norm = 109.129934
  Batch 481: loss = 5.989879 | LR = 3.123570e-05 | grad_norm = 58.245987
  Batch 482: loss = 5.280114 | LR = 3.123541e-05 | grad_norm = 70.615583
  Batch 483: loss = 6.517184 | LR = 3.123512e-05 | grad_norm = 79.070479
  Batch 484: loss = 5.877136 | LR = 3.123482e-05 | grad_norm = 55.203687
  Batch 485: loss = 1.866664 | LR = 3.123453e-05 | grad_norm = 102.678173
  Batch 486: loss = 2.877596 | LR = 3.123422e-05 | grad_norm = 88.209341
  Batch 487: loss = 6.332521 | LR = 3.123392e-05 | grad_norm = 75.569284
  Batch 488: loss = 5.059531 | LR = 3.123361e-05 | grad_norm = 66.712704
  Batch 489: loss = 5.923115 | LR = 3.123330e-05 | grad_norm = 49.716881
  Batch 490: loss = 5.488152 | LR = 3.123299e-05 | grad_norm = 61.101436
  Batch 491: loss = 5.136190 | LR = 3.123267e-05 | grad_norm = 82.571915
  Batch 492: loss = 5.190833 | LR = 3.123235e-05 | grad_norm = 45.360285
  Batch 493: loss = 4.992556 | LR = 3.123203e-05 | grad_norm = 56.064824
  Batch 494: loss = 6.171412 | LR = 3.123170e-05 | grad_norm = 85.956887
  Batch 495: loss = 6.706081 | LR = 3.123138e-05 | grad_norm = 70.815426
  Batch 496: loss = 5.501434 | LR = 3.123104e-05 | grad_norm = 81.961967
  Batch 497: loss = 5.909203 | LR = 3.123071e-05 | grad_norm = 96.727187
  Batch 498: loss = 3.649196 | LR = 3.123037e-05 | grad_norm = 88.199012
  Batch 499: loss = 5.545295 | LR = 3.123003e-05 | grad_norm = 72.787959
  Batch 500: loss = 4.874796 | LR = 3.122969e-05 | grad_norm = 55.815531
  Batch 501: loss = 5.237836 | LR = 3.122935e-05 | grad_norm = 89.791597
  Batch 502: loss = 5.245044 | LR = 3.122900e-05 | grad_norm = 75.368996
  Batch 503: loss = 4.688282 | LR = 3.122865e-05 | grad_norm = 74.767013
  Batch 504: loss = 4.033654 | LR = 3.122829e-05 | grad_norm = 113.648241
  Batch 505: loss = 4.936821 | LR = 3.122793e-05 | grad_norm = 56.181236
  Batch 506: loss = 6.065272 | LR = 3.122757e-05 | grad_norm = 63.493437
  Batch 507: loss = 5.731998 | LR = 3.122721e-05 | grad_norm = 84.383391
  Batch 508: loss = 5.487463 | LR = 3.122684e-05 | grad_norm = 59.608722
  Batch 509: loss = 6.087375 | LR = 3.122648e-05 | grad_norm = 95.496086
  Batch 510: loss = 5.264954 | LR = 3.122610e-05 | grad_norm = 71.274172
  Batch 511: loss = 5.182233 | LR = 3.122573e-05 | grad_norm = 82.642595
  Batch 512: loss = 5.238041 | LR = 3.122535e-05 | grad_norm = 33.055565
  Batch 513: loss = 5.846974 | LR = 3.122497e-05 | grad_norm = 58.921780
  Batch 514: loss = 5.334168 | LR = 3.122459e-05 | grad_norm = 79.454582
  Batch 515: loss = 4.036335 | LR = 3.122420e-05 | grad_norm = 111.288867
  Batch 516: loss = 5.944688 | LR = 3.122381e-05 | grad_norm = 65.026998
  Batch 517: loss = 4.684513 | LR = 3.122342e-05 | grad_norm = 66.529496
  Batch 518: loss = 4.320189 | LR = 3.122302e-05 | grad_norm = 72.780006
  Batch 519: loss = 5.512031 | LR = 3.122263e-05 | grad_norm = 53.865687
  Batch 520: loss = 5.344986 | LR = 3.122223e-05 | grad_norm = 55.627239
  Batch 521: loss = 5.790450 | LR = 3.122182e-05 | grad_norm = 105.852965
  Batch 522: loss = 4.024332 | LR = 3.122141e-05 | grad_norm = 93.700466
  Batch 523: loss = 5.164232 | LR = 3.122100e-05 | grad_norm = 75.217714
  Batch 524: loss = 5.738398 | LR = 3.122059e-05 | grad_norm = 75.289123
  Batch 525: loss = 5.796413 | LR = 3.122018e-05 | grad_norm = 96.412791
  Batch 526: loss = 4.478773 | LR = 3.121976e-05 | grad_norm = 46.611563
  Batch 527: loss = 2.925335 | LR = 3.121934e-05 | grad_norm = 76.531817
  Batch 528: loss = 6.519654 | LR = 3.121891e-05 | grad_norm = 83.989028
  Batch 529: loss = 5.193371 | LR = 3.121849e-05 | grad_norm = 86.652529
  Batch 530: loss = 5.885369 | LR = 3.121806e-05 | grad_norm = 83.502320
  Batch 531: loss = 5.405979 | LR = 3.121762e-05 | grad_norm = 85.195681
  Batch 532: loss = 6.442161 | LR = 3.121719e-05 | grad_norm = 74.786555
  Batch 533: loss = 4.810816 | LR = 3.121675e-05 | grad_norm = 74.677408
  Batch 534: loss = 6.285865 | LR = 3.121631e-05 | grad_norm = 76.574888
  Batch 535: loss = 5.469864 | LR = 3.121586e-05 | grad_norm = 77.365109
  Batch 536: loss = 6.221240 | LR = 3.121541e-05 | grad_norm = 104.000177
  Batch 537: loss = 6.030352 | LR = 3.121496e-05 | grad_norm = 84.892100
  Batch 538: loss = 5.800462 | LR = 3.121451e-05 | grad_norm = 68.858041
  Batch 539: loss = 5.159270 | LR = 3.121405e-05 | grad_norm = 58.057307
  Batch 540: loss = 4.584391 | LR = 3.121359e-05 | grad_norm = 80.168476
  Batch 541: loss = 5.219098 | LR = 3.121313e-05 | grad_norm = 82.071874
  Batch 542: loss = 4.825445 | LR = 3.121267e-05 | grad_norm = 94.038995
  Batch 543: loss = 5.294672 | LR = 3.121220e-05 | grad_norm = 84.485553
  Batch 544: loss = 6.275002 | LR = 3.121173e-05 | grad_norm = 65.063145
  Batch 545: loss = 5.359632 | LR = 3.121125e-05 | grad_norm = 121.056241
  Batch 546: loss = 4.916831 | LR = 3.121078e-05 | grad_norm = 82.027010
  Batch 547: loss = 6.516121 | LR = 3.121030e-05 | grad_norm = 71.851034
  Batch 548: loss = 5.026217 | LR = 3.120982e-05 | grad_norm = 76.532119
  Batch 549: loss = 2.959012 | LR = 3.120933e-05 | grad_norm = 87.415803
  Batch 550: loss = 6.247651 | LR = 3.120884e-05 | grad_norm = 96.094854
  Batch 551: loss = 5.217810 | LR = 3.120835e-05 | grad_norm = 58.804548
  Batch 552: loss = 6.684785 | LR = 3.120786e-05 | grad_norm = 73.956901
  Batch 553: loss = 4.540878 | LR = 3.120736e-05 | grad_norm = 63.003173
  Batch 554: loss = 6.384006 | LR = 3.120686e-05 | grad_norm = 66.507872
  Batch 555: loss = 6.471312 | LR = 3.120636e-05 | grad_norm = 52.511808
  Batch 556: loss = 4.811300 | LR = 3.120585e-05 | grad_norm = 72.926409
  Batch 557: loss = 5.525462 | LR = 3.120534e-05 | grad_norm = 63.625811
  Batch 558: loss = 5.159671 | LR = 3.120483e-05 | grad_norm = 97.285440
  Batch 559: loss = 4.128691 | LR = 3.120432e-05 | grad_norm = 64.135935
  Batch 560: loss = 5.631865 | LR = 3.120380e-05 | grad_norm = 76.603808
  Batch 561: loss = 6.267106 | LR = 3.120328e-05 | grad_norm = 58.456992
  Batch 562: loss = 4.966841 | LR = 3.120276e-05 | grad_norm = 50.240733
  Batch 563: loss = 4.477264 | LR = 3.120223e-05 | grad_norm = 54.130011
  Batch 564: loss = 4.908813 | LR = 3.120170e-05 | grad_norm = 44.711595
  Batch 565: loss = 5.264780 | LR = 3.120117e-05 | grad_norm = 73.889202
  Batch 566: loss = 6.488575 | LR = 3.120063e-05 | grad_norm = 73.730028
  Batch 567: loss = 6.015210 | LR = 3.120010e-05 | grad_norm = 57.554593
  Batch 568: loss = 5.685710 | LR = 3.119956e-05 | grad_norm = 39.840535
  Batch 569: loss = 4.699589 | LR = 3.119901e-05 | grad_norm = 64.998193
  Batch 570: loss = 5.676364 | LR = 3.119847e-05 | grad_norm = 64.726765
  Batch 571: loss = 5.367505 | LR = 3.119792e-05 | grad_norm = 54.179559
  Batch 572: loss = 5.692448 | LR = 3.119736e-05 | grad_norm = 59.648567
  Batch 573: loss = 3.901156 | LR = 3.119681e-05 | grad_norm = 75.580432
  Batch 574: loss = 6.888591 | LR = 3.119625e-05 | grad_norm = 69.194359
  Batch 575: loss = 4.209465 | LR = 3.119569e-05 | grad_norm = 59.575580
  Batch 576: loss = 4.630807 | LR = 3.119513e-05 | grad_norm = 62.964761
  Batch 577: loss = 3.897523 | LR = 3.119456e-05 | grad_norm = 117.292475
  Batch 578: loss = 5.121892 | LR = 3.119399e-05 | grad_norm = 50.744253
  Batch 579: loss = 5.007988 | LR = 3.119342e-05 | grad_norm = 51.905748
  Batch 580: loss = 6.441466 | LR = 3.119284e-05 | grad_norm = 88.236768
  Batch 581: loss = 1.821051 | LR = 3.119226e-05 | grad_norm = 78.148137
  Batch 582: loss = 5.977211 | LR = 3.119168e-05 | grad_norm = 56.749664
  Batch 583: loss = 4.519769 | LR = 3.119110e-05 | grad_norm = 73.282563
  Batch 584: loss = 5.870730 | LR = 3.119051e-05 | grad_norm = 64.970398
  Batch 585: loss = 5.018322 | LR = 3.118992e-05 | grad_norm = 64.960185
  Batch 586: loss = 5.475097 | LR = 3.118933e-05 | grad_norm = 56.085685
  Batch 587: loss = 8.266438 | LR = 3.118873e-05 | grad_norm = 97.658803
  Batch 588: loss = 5.247649 | LR = 3.118813e-05 | grad_norm = 55.091529
  Batch 589: loss = 5.580962 | LR = 3.118753e-05 | grad_norm = 54.716038
  Batch 590: loss = 5.307400 | LR = 3.118693e-05 | grad_norm = 58.115380
  Batch 591: loss = 2.337659 | LR = 3.118632e-05 | grad_norm = 89.779966
  Batch 592: loss = 4.185008 | LR = 3.118571e-05 | grad_norm = 80.114441
  Batch 593: loss = 5.826398 | LR = 3.118509e-05 | grad_norm = 80.430706
  Batch 594: loss = 5.957361 | LR = 3.118448e-05 | grad_norm = 68.738820
  Batch 595: loss = 5.506792 | LR = 3.118386e-05 | grad_norm = 70.756687
  Batch 596: loss = 5.367302 | LR = 3.118324e-05 | grad_norm = 42.171193
  Batch 597: loss = 5.163795 | LR = 3.118261e-05 | grad_norm = 62.428361
  Batch 598: loss = 5.881411 | LR = 3.118198e-05 | grad_norm = 55.883093
  Batch 599: loss = 4.972739 | LR = 3.118135e-05 | grad_norm = 64.584544
  Batch 600: loss = 0.265966 | LR = 3.118072e-05 | grad_norm = 30.135436
  Batch 601: loss = 6.288306 | LR = 3.118008e-05 | grad_norm = 92.338465
  Batch 602: loss = 3.430082 | LR = 3.117944e-05 | grad_norm = 47.668111
  Batch 603: loss = 4.779384 | LR = 3.117880e-05 | grad_norm = 68.737088
  Batch 604: loss = 5.090369 | LR = 3.117816e-05 | grad_norm = 110.090571
  Batch 605: loss = 5.475949 | LR = 3.117751e-05 | grad_norm = 56.345996
  Batch 606: loss = 6.214146 | LR = 3.117686e-05 | grad_norm = 67.876963
  Batch 607: loss = 4.784115 | LR = 3.117620e-05 | grad_norm = 70.947000
  Batch 608: loss = 5.887670 | LR = 3.117555e-05 | grad_norm = 73.051136
  Batch 609: loss = 5.249416 | LR = 3.117489e-05 | grad_norm = 101.134253
  Batch 610: loss = 3.698494 | LR = 3.117422e-05 | grad_norm = 52.056700
  Batch 611: loss = 5.112074 | LR = 3.117356e-05 | grad_norm = 66.839032
  Batch 612: loss = 3.910240 | LR = 3.117289e-05 | grad_norm = 76.797339
  Batch 613: loss = 7.286688 | LR = 3.117222e-05 | grad_norm = 80.635896
  Batch 614: loss = 5.202983 | LR = 3.117154e-05 | grad_norm = 86.585123
  Batch 615: loss = 4.867352 | LR = 3.117087e-05 | grad_norm = 64.956433
  Batch 616: loss = 6.753168 | LR = 3.117019e-05 | grad_norm = 51.507843
  Batch 617: loss = 0.000478 | LR = 3.116950e-05 | grad_norm = 0.112363
  Batch 618: loss = 4.982175 | LR = 3.116882e-05 | grad_norm = 71.615058
  Batch 619: loss = 6.066856 | LR = 3.116813e-05 | grad_norm = 92.571476
  Batch 620: loss = 5.158685 | LR = 3.116744e-05 | grad_norm = 86.846195
  Batch 621: loss = 5.124967 | LR = 3.116674e-05 | grad_norm = 65.111846
  Batch 622: loss = 6.248331 | LR = 3.116604e-05 | grad_norm = 156.005317
  Batch 623: loss = 5.551424 | LR = 3.116534e-05 | grad_norm = 64.337187
  Batch 624: loss = 4.829090 | LR = 3.116464e-05 | grad_norm = 89.679649
  Batch 625: loss = 0.075564 | LR = 3.116393e-05 | grad_norm = 11.538261
  Batch 626: loss = 5.977057 | LR = 3.116322e-05 | grad_norm = 55.211607
  Batch 627: loss = 3.632498 | LR = 3.116251e-05 | grad_norm = 72.836976
  Batch 628: loss = 5.331244 | LR = 3.116180e-05 | grad_norm = 85.372996
  Batch 629: loss = 5.147662 | LR = 3.116108e-05 | grad_norm = 92.442135
  Batch 630: loss = 4.871340 | LR = 3.116036e-05 | grad_norm = 67.629028
  Batch 631: loss = 5.219096 | LR = 3.115963e-05 | grad_norm = 54.097343
  Batch 632: loss = 3.538041 | LR = 3.115891e-05 | grad_norm = 70.165078
  Batch 633: loss = 5.944713 | LR = 3.115818e-05 | grad_norm = 82.085113
  Batch 634: loss = 3.899295 | LR = 3.115745e-05 | grad_norm = 83.902821
  Batch 635: loss = 3.408546 | LR = 3.115671e-05 | grad_norm = 59.018162
  Batch 636: loss = 5.139071 | LR = 3.115597e-05 | grad_norm = 56.691900
  Batch 637: loss = 4.340503 | LR = 3.115523e-05 | grad_norm = 78.474947
  Batch 638: loss = 6.186317 | LR = 3.115449e-05 | grad_norm = 142.910618
  Batch 639: loss = 5.282974 | LR = 3.115374e-05 | grad_norm = 99.018244
  Batch 640: loss = 6.216278 | LR = 3.115299e-05 | grad_norm = 72.843076
  Batch 641: loss = 4.068439 | LR = 3.115224e-05 | grad_norm = 77.701889
  Batch 642: loss = 6.935592 | LR = 3.115148e-05 | grad_norm = 113.421161
  Batch 643: loss = 6.624022 | LR = 3.115072e-05 | grad_norm = 90.220309
  Batch 644: loss = 6.063226 | LR = 3.114996e-05 | grad_norm = 71.945262
  Batch 645: loss = 4.610546 | LR = 3.114920e-05 | grad_norm = 133.794939
  Batch 646: loss = 4.971354 | LR = 3.114843e-05 | grad_norm = 97.417601
  Batch 647: loss = 4.064588 | LR = 3.114766e-05 | grad_norm = 75.482029
  Batch 648: loss = 5.282003 | LR = 3.114689e-05 | grad_norm = 71.723414
  Batch 649: loss = 5.038922 | LR = 3.114611e-05 | grad_norm = 83.093991
  Batch 650: loss = 7.195875 | LR = 3.114533e-05 | grad_norm = 82.826519
  Batch 651: loss = 2.415365 | LR = 3.114455e-05 | grad_norm = 54.265339
  Batch 652: loss = 6.169981 | LR = 3.114377e-05 | grad_norm = 73.841402
  Batch 653: loss = 7.342981 | LR = 3.114298e-05 | grad_norm = 134.564218
  Batch 654: loss = 5.233370 | LR = 3.114219e-05 | grad_norm = 79.210547
  Batch 655: loss = 6.252883 | LR = 3.114140e-05 | grad_norm = 76.460535
  Batch 656: loss = 5.453026 | LR = 3.114060e-05 | grad_norm = 61.090807
  Batch 657: loss = 6.958872 | LR = 3.113980e-05 | grad_norm = 83.759329
  Batch 658: loss = 5.369618 | LR = 3.113900e-05 | grad_norm = 90.686806
  Batch 659: loss = 5.428611 | LR = 3.113819e-05 | grad_norm = 52.016827
  Batch 660: loss = 4.990782 | LR = 3.113739e-05 | grad_norm = 63.213053
  Batch 661: loss = 5.677260 | LR = 3.113658e-05 | grad_norm = 49.680120
  Batch 662: loss = 3.400419 | LR = 3.113576e-05 | grad_norm = 93.594853
  Batch 663: loss = 5.302218 | LR = 3.113495e-05 | grad_norm = 47.775473
  Batch 664: loss = 5.463599 | LR = 3.113413e-05 | grad_norm = 48.642022
  Batch 665: loss = 5.799919 | LR = 3.113330e-05 | grad_norm = 44.383857
  Batch 666: loss = 5.568110 | LR = 3.113248e-05 | grad_norm = 45.563528
  Batch 667: loss = 4.775169 | LR = 3.113165e-05 | grad_norm = 61.703555
  Batch 668: loss = 5.720357 | LR = 3.113082e-05 | grad_norm = 43.124913
  Batch 669: loss = 4.942006 | LR = 3.112999e-05 | grad_norm = 67.007931
  Batch 670: loss = 5.038428 | LR = 3.112915e-05 | grad_norm = 41.014698
  Batch 671: loss = 5.855879 | LR = 3.112831e-05 | grad_norm = 51.581798
  Batch 672: loss = 5.687761 | LR = 3.112747e-05 | grad_norm = 48.469582
  Batch 673: loss = 5.508741 | LR = 3.112662e-05 | grad_norm = 58.974009
  Batch 674: loss = 5.045843 | LR = 3.112577e-05 | grad_norm = 42.251942
  Batch 675: loss = 6.148310 | LR = 3.112492e-05 | grad_norm = 63.095537
  Batch 676: loss = 4.297987 | LR = 3.112407e-05 | grad_norm = 55.255859
  Batch 677: loss = 2.207519 | LR = 3.112321e-05 | grad_norm = 130.171242
  Batch 678: loss = 6.037757 | LR = 3.112235e-05 | grad_norm = 71.062040
  Batch 679: loss = 6.735387 | LR = 3.112149e-05 | grad_norm = 78.108387
  Batch 680: loss = 5.823978 | LR = 3.112062e-05 | grad_norm = 61.591844
  Batch 681: loss = 5.613678 | LR = 3.111976e-05 | grad_norm = 36.631504
  Batch 682: loss = 3.712154 | LR = 3.111888e-05 | grad_norm = 65.681580
  Batch 683: loss = 4.057684 | LR = 3.111801e-05 | grad_norm = 61.047534
  Batch 684: loss = 4.833684 | LR = 3.111713e-05 | grad_norm = 67.526698
  Batch 685: loss = 5.101298 | LR = 3.111625e-05 | grad_norm = 50.497806
  Batch 686: loss = 5.715941 | LR = 3.111537e-05 | grad_norm = 61.162415
  Batch 687: loss = 5.458241 | LR = 3.111448e-05 | grad_norm = 48.331877
  Batch 688: loss = 4.833146 | LR = 3.111359e-05 | grad_norm = 47.774839
  Batch 689: loss = 2.751281 | LR = 3.111270e-05 | grad_norm = 72.724961
  Batch 690: loss = 4.543798 | LR = 3.111181e-05 | grad_norm = 88.784187
  Batch 691: loss = 5.356981 | LR = 3.111091e-05 | grad_norm = 64.010595
  Batch 692: loss = 4.062270 | LR = 3.111001e-05 | grad_norm = 61.154283
  Batch 693: loss = 5.674997 | LR = 3.110911e-05 | grad_norm = 60.865009
  Batch 694: loss = 3.814300 | LR = 3.110820e-05 | grad_norm = 63.103890
  Batch 695: loss = 5.889376 | LR = 3.110729e-05 | grad_norm = 72.261236
  Batch 696: loss = 3.970386 | LR = 3.110638e-05 | grad_norm = 97.307723
  Batch 697: loss = 5.637850 | LR = 3.110547e-05 | grad_norm = 79.838374
  Batch 698: loss = 5.991684 | LR = 3.110455e-05 | grad_norm = 88.984939
  Batch 699: loss = 7.325289 | LR = 3.110363e-05 | grad_norm = 113.166749
  Batch 700: loss = 5.354566 | LR = 3.110270e-05 | grad_norm = 76.585926
  Batch 701: loss = 6.720709 | LR = 3.110178e-05 | grad_norm = 66.338757
  Batch 702: loss = 5.617302 | LR = 3.110085e-05 | grad_norm = 98.708864
  Batch 703: loss = 7.611292 | LR = 3.109992e-05 | grad_norm = 134.193529
  Batch 704: loss = 4.398213 | LR = 3.109898e-05 | grad_norm = 97.000692
  Batch 705: loss = 4.563199 | LR = 3.109804e-05 | grad_norm = 71.159123
  Batch 706: loss = 6.436200 | LR = 3.109710e-05 | grad_norm = 51.309808
  Batch 707: loss = 6.787117 | LR = 3.109616e-05 | grad_norm = 101.563469
  Batch 708: loss = 6.077749 | LR = 3.109521e-05 | grad_norm = 60.417782
  Batch 709: loss = 4.782818 | LR = 3.109426e-05 | grad_norm = 76.110234
  Batch 710: loss = 5.802946 | LR = 3.109331e-05 | grad_norm = 60.458512
  Batch 711: loss = 1.978655 | LR = 3.109235e-05 | grad_norm = 78.206733
  Batch 712: loss = 3.876132 | LR = 3.109140e-05 | grad_norm = 66.144359
  Batch 713: loss = 5.426135 | LR = 3.109044e-05 | grad_norm = 64.945592
  Batch 714: loss = 7.245490 | LR = 3.108947e-05 | grad_norm = 85.531205
  Batch 715: loss = 5.429358 | LR = 3.108850e-05 | grad_norm = 42.254441
  Batch 716: loss = 6.509410 | LR = 3.108753e-05 | grad_norm = 61.660591
  Batch 717: loss = 6.084006 | LR = 3.108656e-05 | grad_norm = 72.503189
  Batch 718: loss = 4.830101 | LR = 3.108559e-05 | grad_norm = 80.731794
  Batch 719: loss = 5.091821 | LR = 3.108461e-05 | grad_norm = 73.464668
  Batch 720: loss = 5.495831 | LR = 3.108363e-05 | grad_norm = 48.868234
  Batch 721: loss = 5.454022 | LR = 3.108264e-05 | grad_norm = 60.192796
  Batch 722: loss = 4.552270 | LR = 3.108166e-05 | grad_norm = 92.505535
  Batch 723: loss = 5.423703 | LR = 3.108067e-05 | grad_norm = 65.810765
  Batch 724: loss = 5.323979 | LR = 3.107967e-05 | grad_norm = 63.672686
  Batch 725: loss = 3.492610 | LR = 3.107868e-05 | grad_norm = 100.947612
  Batch 726: loss = 3.150245 | LR = 3.107768e-05 | grad_norm = 80.556985
  Batch 727: loss = 5.369550 | LR = 3.107668e-05 | grad_norm = 83.687675
  Batch 728: loss = 6.250187 | LR = 3.107567e-05 | grad_norm = 62.387806
  Batch 729: loss = 4.967682 | LR = 3.107467e-05 | grad_norm = 65.044033
  Batch 730: loss = 6.877788 | LR = 3.107366e-05 | grad_norm = 91.888256
  Batch 731: loss = 6.187326 | LR = 3.107264e-05 | grad_norm = 71.477349
  Batch 732: loss = 5.917003 | LR = 3.107163e-05 | grad_norm = 90.724605
  Batch 733: loss = 5.072499 | LR = 3.107061e-05 | grad_norm = 71.192254
  Batch 734: loss = 3.785420 | LR = 3.106959e-05 | grad_norm = 93.768991
  Batch 735: loss = 5.488248 | LR = 3.106856e-05 | grad_norm = 39.806976
  Batch 736: loss = 5.699298 | LR = 3.106753e-05 | grad_norm = 81.965826
  Batch 737: loss = 4.697553 | LR = 3.106650e-05 | grad_norm = 74.160562
  Batch 738: loss = 5.481838 | LR = 3.106547e-05 | grad_norm = 86.780022
  Batch 739: loss = 6.237718 | LR = 3.106444e-05 | grad_norm = 67.484003
  Batch 740: loss = 6.449689 | LR = 3.106340e-05 | grad_norm = 77.833963
  Batch 741: loss = 6.629258 | LR = 3.106235e-05 | grad_norm = 80.644799
  Batch 742: loss = 0.889514 | LR = 3.106131e-05 | grad_norm = 78.777035
  Batch 743: loss = 2.290813 | LR = 3.106026e-05 | grad_norm = 81.590624
  Batch 744: loss = 0.114249 | LR = 3.105921e-05 | grad_norm = 18.708440
  Batch 745: loss = 5.595036 | LR = 3.105816e-05 | grad_norm = 39.312163
  Batch 746: loss = 4.071814 | LR = 3.105710e-05 | grad_norm = 87.420515
  Batch 747: loss = 6.279077 | LR = 3.105604e-05 | grad_norm = 59.213446
  Batch 748: loss = 7.235591 | LR = 3.105498e-05 | grad_norm = 78.778245
  Batch 749: loss = 4.015068 | LR = 3.105392e-05 | grad_norm = 71.302481
  Batch 750: loss = 3.894316 | LR = 3.105285e-05 | grad_norm = 58.217838
  Batch 751: loss = 4.449726 | LR = 3.105178e-05 | grad_norm = 58.471926
  Batch 752: loss = 5.964638 | LR = 3.105070e-05 | grad_norm = 57.760714
  Batch 753: loss = 5.138040 | LR = 3.104963e-05 | grad_norm = 70.725631
  Batch 754: loss = 5.263394 | LR = 3.104855e-05 | grad_norm = 67.997432
  Batch 755: loss = 5.151934 | LR = 3.104747e-05 | grad_norm = 47.508886
  Batch 756: loss = 3.810243 | LR = 3.104638e-05 | grad_norm = 68.876082
  Batch 757: loss = 5.830759 | LR = 3.104529e-05 | grad_norm = 75.254914
  Batch 758: loss = 5.419621 | LR = 3.104420e-05 | grad_norm = 59.514630
  Batch 759: loss = 7.280899 | LR = 3.104311e-05 | grad_norm = 88.752982
  Batch 760: loss = 5.143763 | LR = 3.104201e-05 | grad_norm = 74.808512
  Batch 761: loss = 5.998528 | LR = 3.104091e-05 | grad_norm = 97.195582
  Batch 762: loss = 2.097526 | LR = 3.103981e-05 | grad_norm = 98.754435
  Batch 763: loss = 4.702963 | LR = 3.103870e-05 | grad_norm = 53.788428
  Batch 764: loss = 4.959599 | LR = 3.103760e-05 | grad_norm = 69.463910
  Batch 765: loss = 6.117592 | LR = 3.103649e-05 | grad_norm = 54.486187
  Batch 766: loss = 5.360335 | LR = 3.103537e-05 | grad_norm = 66.513906
  Batch 767: loss = 5.949148 | LR = 3.103426e-05 | grad_norm = 79.008345
  Batch 768: loss = 5.212392 | LR = 3.103314e-05 | grad_norm = 73.276589
  Batch 769: loss = 5.204289 | LR = 3.103201e-05 | grad_norm = 66.027535
  Batch 770: loss = 5.844017 | LR = 3.103089e-05 | grad_norm = 89.357425
  Batch 771: loss = 4.953552 | LR = 3.102976e-05 | grad_norm = 58.712526
  Batch 772: loss = 3.562623 | LR = 3.102863e-05 | grad_norm = 71.955633
  Batch 773: loss = 6.647781 | LR = 3.102749e-05 | grad_norm = 115.075346
  Batch 774: loss = 7.134326 | LR = 3.102636e-05 | grad_norm = 85.683731
  Batch 775: loss = 5.380544 | LR = 3.102522e-05 | grad_norm = 70.190566
  Batch 776: loss = 5.063193 | LR = 3.102408e-05 | grad_norm = 69.329635
  Batch 777: loss = 5.614986 | LR = 3.102293e-05 | grad_norm = 50.340959
  Batch 778: loss = 5.953732 | LR = 3.102178e-05 | grad_norm = 58.232922
  Batch 779: loss = 5.283282 | LR = 3.102063e-05 | grad_norm = 74.599269
  Batch 780: loss = 6.984347 | LR = 3.101948e-05 | grad_norm = 98.942770
  Batch 781: loss = 5.873027 | LR = 3.101832e-05 | grad_norm = 127.793643
  Batch 782: loss = 2.711834 | LR = 3.101716e-05 | grad_norm = 75.123437
  Batch 783: loss = 5.293281 | LR = 3.101600e-05 | grad_norm = 64.097859
  Batch 784: loss = 4.172733 | LR = 3.101483e-05 | grad_norm = 82.727044
  Batch 785: loss = 5.235501 | LR = 3.101366e-05 | grad_norm = 67.487248
  Batch 786: loss = 6.045660 | LR = 3.101249e-05 | grad_norm = 68.231111
  Batch 787: loss = 5.459677 | LR = 3.101132e-05 | grad_norm = 48.918106
  Batch 788: loss = 5.981482 | LR = 3.101014e-05 | grad_norm = 74.398633
  Batch 789: loss = 4.675360 | LR = 3.100896e-05 | grad_norm = 54.647231
  Batch 790: loss = 5.919009 | LR = 3.100778e-05 | grad_norm = 60.321795
  Batch 791: loss = 3.995473 | LR = 3.100659e-05 | grad_norm = 52.471388
  Batch 792: loss = 4.413775 | LR = 3.100540e-05 | grad_norm = 50.185108
  Batch 793: loss = 5.067051 | LR = 3.100421e-05 | grad_norm = 61.628008
  Batch 794: loss = 5.840848 | LR = 3.100302e-05 | grad_norm = 63.022565
  Batch 795: loss = 0.445339 | LR = 3.100182e-05 | grad_norm = 48.194371
  Batch 796: loss = 5.754399 | LR = 3.100062e-05 | grad_norm = 54.352983
  Batch 797: loss = 5.964490 | LR = 3.099942e-05 | grad_norm = 65.491429
  Batch 798: loss = 4.710830 | LR = 3.099821e-05 | grad_norm = 59.826030
  Batch 799: loss = 4.692403 | LR = 3.099700e-05 | grad_norm = 42.578167
  Batch 800: loss = 5.575630 | LR = 3.099579e-05 | grad_norm = 57.508192
  Batch 801: loss = 0.000615 | LR = 3.099458e-05 | grad_norm = 0.154864
  Batch 802: loss = 5.649904 | LR = 3.099336e-05 | grad_norm = 67.835586
  Batch 803: loss = 5.911843 | LR = 3.099214e-05 | grad_norm = 81.165959
  Batch 804: loss = 6.554797 | LR = 3.099092e-05 | grad_norm = 59.039317
  Batch 805: loss = 3.604715 | LR = 3.098969e-05 | grad_norm = 54.478138
  Batch 806: loss = 0.055042 | LR = 3.098846e-05 | grad_norm = 7.986812
  Batch 807: loss = 6.851339 | LR = 3.098723e-05 | grad_norm = 74.092561
  Batch 808: loss = 5.119275 | LR = 3.098599e-05 | grad_norm = 79.124354
  Batch 809: loss = 5.958730 | LR = 3.098476e-05 | grad_norm = 121.297898
  Batch 810: loss = 6.199035 | LR = 3.098352e-05 | grad_norm = 64.087360
  Batch 811: loss = 6.104799 | LR = 3.098227e-05 | grad_norm = 80.737708
  Batch 812: loss = 4.356363 | LR = 3.098103e-05 | grad_norm = 88.146553
  Batch 813: loss = 2.240315 | LR = 3.097978e-05 | grad_norm = 76.313126
  Batch 814: loss = 7.338449 | LR = 3.097853e-05 | grad_norm = 100.076132
  Batch 815: loss = 6.464070 | LR = 3.097727e-05 | grad_norm = 74.189603
  Batch 816: loss = 5.908210 | LR = 3.097601e-05 | grad_norm = 96.734728
  Batch 817: loss = 5.382762 | LR = 3.097475e-05 | grad_norm = 48.771213
  Batch 818: loss = 5.381080 | LR = 3.097349e-05 | grad_norm = 71.234047
  Batch 819: loss = 4.897787 | LR = 3.097223e-05 | grad_norm = 80.011473
  Batch 820: loss = 2.993119 | LR = 3.097096e-05 | grad_norm = 68.760640
  Batch 821: loss = 5.720156 | LR = 3.096968e-05 | grad_norm = 58.078632
  Batch 822: loss = 5.605880 | LR = 3.096841e-05 | grad_norm = 74.192039
  Batch 823: loss = 1.212881 | LR = 3.096713e-05 | grad_norm = 90.793002
  Batch 824: loss = 3.237176 | LR = 3.096585e-05 | grad_norm = 75.313007
  Batch 825: loss = 0.000387 | LR = 3.096457e-05 | grad_norm = 0.130324
  Batch 826: loss = 5.389889 | LR = 3.096328e-05 | grad_norm = 68.812546
  Batch 827: loss = 8.970820 | LR = 3.096199e-05 | grad_norm = 147.438837
  Batch 828: loss = 6.111860 | LR = 3.096070e-05 | grad_norm = 59.099677
  Batch 829: loss = 4.525374 | LR = 3.095941e-05 | grad_norm = 86.924376
  Batch 830: loss = 1.545767 | LR = 3.095811e-05 | grad_norm = 113.895571
  Batch 831: loss = 5.152254 | LR = 3.095681e-05 | grad_norm = 92.178049
  Batch 832: loss = 0.006566 | LR = 3.095551e-05 | grad_norm = 1.132182
  Batch 833: loss = 5.692342 | LR = 3.095420e-05 | grad_norm = 79.386245
  Batch 834: loss = 0.100207 | LR = 3.095289e-05 | grad_norm = 15.733867
  Batch 835: loss = 7.248034 | LR = 3.095158e-05 | grad_norm = 203.258959
  Batch 836: loss = 5.719841 | LR = 3.095026e-05 | grad_norm = 72.463130
  Batch 837: loss = 4.820528 | LR = 3.094895e-05 | grad_norm = 63.944155
  Batch 838: loss = 5.583323 | LR = 3.094763e-05 | grad_norm = 67.397494
  Batch 839: loss = 4.815857 | LR = 3.094630e-05 | grad_norm = 46.228409
  Batch 840: loss = 5.508934 | LR = 3.094498e-05 | grad_norm = 51.114406
  Batch 841: loss = 1.645439 | LR = 3.094365e-05 | grad_norm = 65.613540
  Batch 842: loss = 7.043438 | LR = 3.094232e-05 | grad_norm = 175.577812
  Batch 843: loss = 4.232142 | LR = 3.094098e-05 | grad_norm = 68.923475
  Batch 844: loss = 5.614186 | LR = 3.093964e-05 | grad_norm = 54.691929
  Batch 845: loss = 4.736530 | LR = 3.093830e-05 | grad_norm = 65.020301
  Batch 846: loss = 6.701515 | LR = 3.093696e-05 | grad_norm = 85.951050
  Batch 847: loss = 6.089829 | LR = 3.093561e-05 | grad_norm = 76.015114
  Batch 848: loss = 5.625916 | LR = 3.093426e-05 | grad_norm = 65.317337
  Batch 849: loss = 0.059740 | LR = 3.093291e-05 | grad_norm = 9.652583
  Batch 850: loss = 6.416901 | LR = 3.093156e-05 | grad_norm = 50.453334
  Batch 851: loss = 6.460452 | LR = 3.093020e-05 | grad_norm = 71.006476
  Batch 852: loss = 5.273719 | LR = 3.092884e-05 | grad_norm = 63.223601
  Batch 853: loss = 3.885828 | LR = 3.092748e-05 | grad_norm = 87.701989
  Batch 854: loss = 6.087919 | LR = 3.092611e-05 | grad_norm = 79.579106
  Batch 855: loss = 5.148144 | LR = 3.092474e-05 | grad_norm = 71.527127
  Batch 856: loss = 7.905563 | LR = 3.092337e-05 | grad_norm = 245.317597
  Batch 857: loss = 4.976884 | LR = 3.092199e-05 | grad_norm = 68.715841
  Batch 858: loss = 6.280860 | LR = 3.092062e-05 | grad_norm = 86.250275
  Batch 859: loss = 3.820491 | LR = 3.091924e-05 | grad_norm = 63.526061
  Batch 860: loss = 4.524060 | LR = 3.091785e-05 | grad_norm = 54.152985
  Batch 861: loss = 6.044364 | LR = 3.091647e-05 | grad_norm = 61.231883
  Batch 862: loss = 5.582617 | LR = 3.091508e-05 | grad_norm = 45.616251
  Batch 863: loss = 4.582846 | LR = 3.091368e-05 | grad_norm = 75.887179
  Batch 864: loss = 4.347180 | LR = 3.091229e-05 | grad_norm = 55.495834
  Batch 865: loss = 5.908714 | LR = 3.091089e-05 | grad_norm = 80.502405
  Batch 866: loss = 5.543703 | LR = 3.090949e-05 | grad_norm = 53.410776
  Batch 867: loss = 5.838035 | LR = 3.090809e-05 | grad_norm = 61.488131
  Batch 868: loss = 4.743205 | LR = 3.090668e-05 | grad_norm = 73.918735
  Batch 869: loss = 2.920519 | LR = 3.090527e-05 | grad_norm = 69.781915
  Batch 870: loss = 6.690345 | LR = 3.090386e-05 | grad_norm = 80.228759
  Batch 871: loss = 5.001831 | LR = 3.090245e-05 | grad_norm = 55.983834
  Batch 872: loss = 4.778824 | LR = 3.090103e-05 | grad_norm = 59.466823
  Batch 873: loss = 4.403920 | LR = 3.089961e-05 | grad_norm = 77.838671
  Batch 874: loss = 5.309045 | LR = 3.089818e-05 | grad_norm = 77.106495
  Batch 875: loss = 6.323605 | LR = 3.089676e-05 | grad_norm = 80.621614
  Batch 876: loss = 5.855297 | LR = 3.089533e-05 | grad_norm = 41.246915
  Batch 877: loss = 3.790626 | LR = 3.089390e-05 | grad_norm = 79.838270
  Batch 878: loss = 5.594638 | LR = 3.089246e-05 | grad_norm = 62.715327
  Batch 879: loss = 5.826783 | LR = 3.089103e-05 | grad_norm = 60.910990
  Batch 880: loss = 4.390093 | LR = 3.088958e-05 | grad_norm = 67.114117
  Batch 881: loss = 5.703131 | LR = 3.088814e-05 | grad_norm = 61.870174
  Batch 882: loss = 4.776000 | LR = 3.088670e-05 | grad_norm = 62.682259
  Batch 883: loss = 1.109035 | LR = 3.088525e-05 | grad_norm = 50.768548
  Batch 884: loss = 6.803484 | LR = 3.088379e-05 | grad_norm = 89.149564
  Batch 885: loss = 7.430462 | LR = 3.088234e-05 | grad_norm = 140.855241
  Batch 886: loss = 6.362729 | LR = 3.088088e-05 | grad_norm = 117.817077
  Batch 887: loss = 6.445930 | LR = 3.087942e-05 | grad_norm = 81.249380
  Batch 888: loss = 6.157803 | LR = 3.087796e-05 | grad_norm = 52.894774
  Batch 889: loss = 5.685621 | LR = 3.087649e-05 | grad_norm = 75.573336
  Batch 890: loss = 3.102859 | LR = 3.087502e-05 | grad_norm = 86.645053
  Batch 891: loss = 6.310167 | LR = 3.087355e-05 | grad_norm = 94.589978
  Batch 892: loss = 5.273632 | LR = 3.087208e-05 | grad_norm = 92.583291
  Batch 893: loss = 5.828875 | LR = 3.087060e-05 | grad_norm = 50.965104
  Batch 894: loss = 4.804325 | LR = 3.086912e-05 | grad_norm = 63.853075
  Batch 895: loss = 1.628877 | LR = 3.086764e-05 | grad_norm = 87.233112
  Batch 896: loss = 5.455801 | LR = 3.086615e-05 | grad_norm = 84.483799
  Batch 897: loss = 6.173500 | LR = 3.086466e-05 | grad_norm = 74.680838
  Batch 898: loss = 3.670944 | LR = 3.086317e-05 | grad_norm = 55.997652
  Batch 899: loss = 6.117706 | LR = 3.086168e-05 | grad_norm = 60.951382
  Batch 900: loss = 4.551036 | LR = 3.086018e-05 | grad_norm = 64.207745
  Batch 901: loss = 4.045171 | LR = 3.085868e-05 | grad_norm = 79.093122
  Batch 902: loss = 6.697352 | LR = 3.085717e-05 | grad_norm = 61.010344
  Batch 903: loss = 5.502237 | LR = 3.085567e-05 | grad_norm = 75.156939
  Batch 904: loss = 4.561324 | LR = 3.085416e-05 | grad_norm = 100.426329
  Batch 905: loss = 0.003087 | LR = 3.085265e-05 | grad_norm = 0.664354
  Batch 906: loss = 3.401399 | LR = 3.085113e-05 | grad_norm = 84.390552
  Batch 907: loss = 5.868928 | LR = 3.084962e-05 | grad_norm = 53.773603
  Batch 908: loss = 5.676268 | LR = 3.084810e-05 | grad_norm = 49.035388
  Batch 909: loss = 5.190156 | LR = 3.084657e-05 | grad_norm = 43.209782
  Batch 910: loss = 4.611726 | LR = 3.084505e-05 | grad_norm = 113.240718
  Batch 911: loss = 5.169734 | LR = 3.084352e-05 | grad_norm = 46.444141
  Batch 912: loss = 5.410174 | LR = 3.084199e-05 | grad_norm = 53.676920
  Batch 913: loss = 5.187780 | LR = 3.084045e-05 | grad_norm = 68.426331
  Batch 914: loss = 5.661102 | LR = 3.083892e-05 | grad_norm = 77.453604
  Batch 915: loss = 4.425061 | LR = 3.083738e-05 | grad_norm = 76.063014
  Batch 916: loss = 6.014298 | LR = 3.083583e-05 | grad_norm = 73.697505
  Batch 917: loss = 4.008660 | LR = 3.083429e-05 | grad_norm = 91.594281
  Batch 918: loss = 5.638315 | LR = 3.083274e-05 | grad_norm = 63.613292
  Batch 919: loss = 0.128294 | LR = 3.083119e-05 | grad_norm = 30.492964
  Batch 920: loss = 5.710155 | LR = 3.082963e-05 | grad_norm = 87.329766
  Batch 921: loss = 4.735231 | LR = 3.082808e-05 | grad_norm = 68.878869
  Batch 922: loss = 4.869944 | LR = 3.082652e-05 | grad_norm = 73.566492
  Batch 923: loss = 5.173432 | LR = 3.082495e-05 | grad_norm = 70.782974
  Batch 924: loss = 0.015599 | LR = 3.082339e-05 | grad_norm = 2.646967
  Batch 925: loss = 7.502017 | LR = 3.082182e-05 | grad_norm = 91.941633
  Batch 926: loss = 6.010644 | LR = 3.082025e-05 | grad_norm = 77.921482
  Batch 927: loss = 7.745441 | LR = 3.081867e-05 | grad_norm = 162.886872
  Batch 928: loss = 5.481854 | LR = 3.081710e-05 | grad_norm = 104.788039
  Batch 929: loss = 6.363614 | LR = 3.081552e-05 | grad_norm = 79.165034
  Batch 930: loss = 1.070719 | LR = 3.081393e-05 | grad_norm = 78.023358
  Batch 931: loss = 5.186084 | LR = 3.081235e-05 | grad_norm = 70.367982
  Batch 932: loss = 5.625357 | LR = 3.081076e-05 | grad_norm = 70.668304
  Batch 933: loss = 5.381559 | LR = 3.080917e-05 | grad_norm = 64.095678
  Batch 934: loss = 2.540944 | LR = 3.080758e-05 | grad_norm = 104.867523
  Batch 935: loss = 5.265095 | LR = 3.080598e-05 | grad_norm = 72.840661
  Batch 936: loss = 5.694819 | LR = 3.080438e-05 | grad_norm = 54.242482
  Batch 937: loss = 6.746470 | LR = 3.080278e-05 | grad_norm = 85.811529
  Batch 938: loss = 4.683135 | LR = 3.080117e-05 | grad_norm = 99.471854
  Batch 939: loss = 6.035600 | LR = 3.079956e-05 | grad_norm = 79.479662
  Batch 940: loss = 5.464343 | LR = 3.079795e-05 | grad_norm = 63.363627
  Batch 941: loss = 5.606861 | LR = 3.079634e-05 | grad_norm = 59.281348
  Batch 942: loss = 5.539068 | LR = 3.079472e-05 | grad_norm = 91.912093
  Batch 943: loss = 5.911592 | LR = 3.079310e-05 | grad_norm = 51.527557
  Batch 944: loss = 4.687256 | LR = 3.079148e-05 | grad_norm = 55.766741
  Batch 945: loss = 5.844252 | LR = 3.078986e-05 | grad_norm = 38.275084
  Batch 946: loss = 6.116685 | LR = 3.078823e-05 | grad_norm = 57.592626
  Batch 947: loss = 4.593799 | LR = 3.078660e-05 | grad_norm = 69.817497
  Batch 948: loss = 5.041136 | LR = 3.078496e-05 | grad_norm = 46.307093
  Batch 949: loss = 4.944457 | LR = 3.078333e-05 | grad_norm = 59.168480
  Batch 950: loss = 4.919909 | LR = 3.078169e-05 | grad_norm = 53.313417
  Batch 951: loss = 4.982447 | LR = 3.078004e-05 | grad_norm = 66.010468
  Batch 952: loss = 5.207126 | LR = 3.077840e-05 | grad_norm = 77.823134
  Batch 953: loss = 5.829951 | LR = 3.077675e-05 | grad_norm = 65.273067
  Batch 954: loss = 6.233250 | LR = 3.077510e-05 | grad_norm = 62.012161
  Batch 955: loss = 4.845809 | LR = 3.077345e-05 | grad_norm = 58.109725
  Batch 956: loss = 5.498129 | LR = 3.077179e-05 | grad_norm = 55.449479
  Batch 957: loss = 6.168599 | LR = 3.077013e-05 | grad_norm = 62.957992
  Batch 958: loss = 5.007244 | LR = 3.076847e-05 | grad_norm = 50.562702
  Batch 959: loss = 5.323652 | LR = 3.076681e-05 | grad_norm = 58.314377
  Batch 960: loss = 4.580741 | LR = 3.076514e-05 | grad_norm = 57.193844
  Batch 961: loss = 5.669442 | LR = 3.076347e-05 | grad_norm = 37.556179
  Batch 962: loss = 5.535024 | LR = 3.076179e-05 | grad_norm = 50.587416
  Batch 963: loss = 3.799523 | LR = 3.076012e-05 | grad_norm = 68.264928
  Batch 964: loss = 4.462721 | LR = 3.075844e-05 | grad_norm = 42.344529
  Batch 965: loss = 5.743068 | LR = 3.075676e-05 | grad_norm = 49.103523
  Batch 966: loss = 5.566206 | LR = 3.075507e-05 | grad_norm = 70.814245
  Batch 967: loss = 6.402235 | LR = 3.075339e-05 | grad_norm = 75.347166
  Batch 968: loss = 5.564549 | LR = 3.075170e-05 | grad_norm = 74.375962
  Batch 969: loss = 6.384195 | LR = 3.075000e-05 | grad_norm = 88.082669
  Batch 970: loss = 5.460518 | LR = 3.074831e-05 | grad_norm = 71.417783
  Batch 971: loss = 4.477966 | LR = 3.074661e-05 | grad_norm = 73.623482
  Batch 972: loss = 6.148677 | LR = 3.074491e-05 | grad_norm = 58.036459
  Batch 973: loss = 5.848177 | LR = 3.074320e-05 | grad_norm = 61.677150
  Batch 974: loss = 2.669114 | LR = 3.074150e-05 | grad_norm = 112.534839
  Batch 975: loss = 6.244120 | LR = 3.073979e-05 | grad_norm = 67.249560
  Batch 976: loss = 4.512772 | LR = 3.073807e-05 | grad_norm = 56.943584
  Batch 977: loss = 5.756334 | LR = 3.073636e-05 | grad_norm = 46.020797
  Batch 978: loss = 0.000741 | LR = 3.073464e-05 | grad_norm = 0.161262
  Batch 979: loss = 6.796138 | LR = 3.073292e-05 | grad_norm = 180.678632
  Batch 980: loss = 5.658195 | LR = 3.073119e-05 | grad_norm = 38.363438
  Batch 981: loss = 5.670157 | LR = 3.072947e-05 | grad_norm = 74.100505
  Batch 982: loss = 3.320866 | LR = 3.072774e-05 | grad_norm = 48.147415
  Batch 983: loss = 3.236576 | LR = 3.072600e-05 | grad_norm = 119.010599
  Batch 984: loss = 4.861845 | LR = 3.072427e-05 | grad_norm = 84.065187
  Batch 985: loss = 5.084033 | LR = 3.072253e-05 | grad_norm = 46.656861
  Batch 986: loss = 7.016524 | LR = 3.072079e-05 | grad_norm = 130.654656
  Batch 987: loss = 5.400906 | LR = 3.071905e-05 | grad_norm = 50.203190
  Batch 988: loss = 0.845868 | LR = 3.071730e-05 | grad_norm = 80.276528
  Batch 989: loss = 5.832482 | LR = 3.071555e-05 | grad_norm = 70.682549
  Batch 990: loss = 5.170506 | LR = 3.071380e-05 | grad_norm = 66.134991
  Batch 991: loss = 5.687602 | LR = 3.071204e-05 | grad_norm = 52.753813
  Batch 992: loss = 5.220995 | LR = 3.071029e-05 | grad_norm = 48.366734
  Batch 993: loss = 6.221160 | LR = 3.070852e-05 | grad_norm = 67.157440
  Batch 994: loss = 4.675143 | LR = 3.070676e-05 | grad_norm = 56.680532
  Batch 995: loss = 5.934822 | LR = 3.070499e-05 | grad_norm = 52.477064
  Batch 996: loss = 6.007338 | LR = 3.070323e-05 | grad_norm = 51.183057
  Batch 997: loss = 4.953972 | LR = 3.070145e-05 | grad_norm = 56.247486
  Batch 998: loss = 4.041603 | LR = 3.069968e-05 | grad_norm = 63.672794
  Batch 999: loss = 3.751219 | LR = 3.069790e-05 | grad_norm = 75.895643
  Batch 1000: loss = 6.210538 | LR = 3.069612e-05 | grad_norm = 48.548852
  Batch 1001: loss = 5.904475 | LR = 3.069434e-05 | grad_norm = 44.183499
  Batch 1002: loss = 6.051363 | LR = 3.069255e-05 | grad_norm = 54.974940
  Batch 1003: loss = 4.890522 | LR = 3.069076e-05 | grad_norm = 78.022840
  Batch 1004: loss = 3.760550 | LR = 3.068897e-05 | grad_norm = 63.374256
  Batch 1005: loss = 5.714465 | LR = 3.068718e-05 | grad_norm = 45.228158
  Batch 1006: loss = 4.050078 | LR = 3.068538e-05 | grad_norm = 75.166406
  Batch 1007: loss = 3.735975 | LR = 3.068358e-05 | grad_norm = 102.206115
  Batch 1008: loss = 5.523275 | LR = 3.068178e-05 | grad_norm = 38.245460
  Batch 1009: loss = 0.092677 | LR = 3.067997e-05 | grad_norm = 14.895400
  Batch 1010: loss = 4.852467 | LR = 3.067816e-05 | grad_norm = 65.113230
  Batch 1011: loss = 5.552734 | LR = 3.067635e-05 | grad_norm = 50.379957
  Batch 1012: loss = 2.603405 | LR = 3.067454e-05 | grad_norm = 90.533316
  Batch 1013: loss = 5.326797 | LR = 3.067272e-05 | grad_norm = 57.412986
  Batch 1014: loss = 4.028205 | LR = 3.067090e-05 | grad_norm = 64.052862
  Batch 1015: loss = 5.410727 | LR = 3.066908e-05 | grad_norm = 74.779645
  Batch 1016: loss = 3.502597 | LR = 3.066725e-05 | grad_norm = 129.253481
  Batch 1017: loss = 7.517325 | LR = 3.066542e-05 | grad_norm = 104.594776
  Batch 1018: loss = 5.036773 | LR = 3.066359e-05 | grad_norm = 60.184103
  Batch 1019: loss = 5.232105 | LR = 3.066176e-05 | grad_norm = 96.872708
  Batch 1020: loss = 8.673866 | LR = 3.065992e-05 | grad_norm = 214.469477
  Batch 1021: loss = 4.660273 | LR = 3.065808e-05 | grad_norm = 89.229193
  Batch 1022: loss = 0.000001 | LR = 3.065624e-05 | grad_norm = 0.000304
  Batch 1023: loss = 0.013473 | LR = 3.065439e-05 | grad_norm = 3.193714
  Batch 1024: loss = 7.278701 | LR = 3.065255e-05 | grad_norm = 114.717863
  Batch 1025: loss = 5.569400 | LR = 3.065070e-05 | grad_norm = 79.722642
  Batch 1026: loss = 5.310595 | LR = 3.064884e-05 | grad_norm = 93.603179
  Batch 1027: loss = 5.076674 | LR = 3.064699e-05 | grad_norm = 83.122832
  Batch 1028: loss = 1.122600 | LR = 3.064513e-05 | grad_norm = 134.216852
  Batch 1029: loss = 5.510725 | LR = 3.064327e-05 | grad_norm = 71.495324
  Batch 1030: loss = 6.266754 | LR = 3.064140e-05 | grad_norm = 69.330588
  Batch 1031: loss = 5.241164 | LR = 3.063953e-05 | grad_norm = 32.246085
  Batch 1032: loss = 23.190155 | LR = 3.063766e-05 | grad_norm = 481.060824
  Batch 1033: loss = 6.595570 | LR = 3.063579e-05 | grad_norm = 55.307854
  Batch 1034: loss = 4.983445 | LR = 3.063391e-05 | grad_norm = 59.042168
  Batch 1035: loss = 0.368410 | LR = 3.063204e-05 | grad_norm = 51.096579
  Batch 1036: loss = 3.091107 | LR = 3.063015e-05 | grad_norm = 71.822322
  Batch 1037: loss = 4.386196 | LR = 3.062827e-05 | grad_norm = 63.998805
  Batch 1038: loss = 5.521014 | LR = 3.062638e-05 | grad_norm = 66.955866
  Batch 1039: loss = 5.893373 | LR = 3.062449e-05 | grad_norm = 40.948855
  Batch 1040: loss = 0.018407 | LR = 3.062260e-05 | grad_norm = 4.082830
  Batch 1041: loss = 5.360063 | LR = 3.062070e-05 | grad_norm = 45.926768
  Batch 1042: loss = 3.307230 | LR = 3.061881e-05 | grad_norm = 60.374037
  Batch 1043: loss = 4.224893 | LR = 3.061690e-05 | grad_norm = 110.528284
  Batch 1044: loss = 5.076984 | LR = 3.061500e-05 | grad_norm = 71.023904
  Batch 1045: loss = 4.259707 | LR = 3.061309e-05 | grad_norm = 73.225900
  Batch 1046: loss = 0.054875 | LR = 3.061118e-05 | grad_norm = 9.177374
  Batch 1047: loss = 5.381265 | LR = 3.060927e-05 | grad_norm = 54.833943
  Batch 1048: loss = 5.838568 | LR = 3.060736e-05 | grad_norm = 90.753755
  Batch 1049: loss = 6.589295 | LR = 3.060544e-05 | grad_norm = 88.905181
  Batch 1050: loss = 5.884956 | LR = 3.060352e-05 | grad_norm = 76.032556
  Batch 1051: loss = 3.105051 | LR = 3.060160e-05 | grad_norm = 85.510388
  Batch 1052: loss = 5.948144 | LR = 3.059967e-05 | grad_norm = 143.535911
  Batch 1053: loss = 5.861555 | LR = 3.059774e-05 | grad_norm = 113.836354
  Batch 1054: loss = 4.949901 | LR = 3.059581e-05 | grad_norm = 59.229014
  Batch 1055: loss = 6.771895 | LR = 3.059387e-05 | grad_norm = 99.725038
  Batch 1056: loss = 7.627501 | LR = 3.059194e-05 | grad_norm = 89.537261
  Batch 1057: loss = 0.000048 | LR = 3.059000e-05 | grad_norm = 0.012484
  Batch 1058: loss = 4.554904 | LR = 3.058805e-05 | grad_norm = 48.986727
  Batch 1059: loss = 5.430633 | LR = 3.058611e-05 | grad_norm = 64.380929
  Batch 1060: loss = 4.526007 | LR = 3.058416e-05 | grad_norm = 67.517036
  Batch 1061: loss = 5.953825 | LR = 3.058221e-05 | grad_norm = 69.262837
  Batch 1062: loss = 5.971714 | LR = 3.058025e-05 | grad_norm = 108.043098
  Batch 1063: loss = 4.715858 | LR = 3.057829e-05 | grad_norm = 62.852556
  Batch 1064: loss = 4.676874 | LR = 3.057633e-05 | grad_norm = 57.574738
  Batch 1065: loss = 5.194670 | LR = 3.057437e-05 | grad_norm = 51.995915
  Batch 1066: loss = 5.330807 | LR = 3.057241e-05 | grad_norm = 48.698739
  Batch 1067: loss = 5.946985 | LR = 3.057044e-05 | grad_norm = 84.187989
  Batch 1068: loss = 6.489080 | LR = 3.056847e-05 | grad_norm = 67.883470
  Batch 1069: loss = 0.000000 | LR = 3.056649e-05 | grad_norm = 0.000011
  Batch 1070: loss = 5.593046 | LR = 3.056452e-05 | grad_norm = 69.017092
  Batch 1071: loss = 5.101772 | LR = 3.056254e-05 | grad_norm = 55.302323
  Batch 1072: loss = 4.384759 | LR = 3.056056e-05 | grad_norm = 58.505416
  Batch 1073: loss = 5.611216 | LR = 3.055857e-05 | grad_norm = 44.580470
  Batch 1074: loss = 8.072740 | LR = 3.055658e-05 | grad_norm = 225.748166
  Batch 1075: loss = 5.523613 | LR = 3.055459e-05 | grad_norm = 49.034346
  Batch 1076: loss = 4.874413 | LR = 3.055260e-05 | grad_norm = 33.778765
  Batch 1077: loss = 6.283396 | LR = 3.055060e-05 | grad_norm = 43.145353
  Batch 1078: loss = 3.998857 | LR = 3.054860e-05 | grad_norm = 75.001800
  Batch 1079: loss = 4.971831 | LR = 3.054660e-05 | grad_norm = 46.776066
  Batch 1080: loss = 5.087146 | LR = 3.054460e-05 | grad_norm = 45.886544
  Batch 1081: loss = 5.546379 | LR = 3.054259e-05 | grad_norm = 47.642359
  Batch 1082: loss = 4.575644 | LR = 3.054058e-05 | grad_norm = 112.796449
  Batch 1083: loss = 6.026180 | LR = 3.053857e-05 | grad_norm = 62.811970
  Batch 1084: loss = 5.672917 | LR = 3.053655e-05 | grad_norm = 45.228922
  Batch 1085: loss = 4.801986 | LR = 3.053453e-05 | grad_norm = 56.239252
  Batch 1086: loss = 1.574456 | LR = 3.053251e-05 | grad_norm = 84.877521
  Batch 1087: loss = 5.793910 | LR = 3.053049e-05 | grad_norm = 45.467739
  Batch 1088: loss = 6.261113 | LR = 3.052846e-05 | grad_norm = 48.195714
  Batch 1089: loss = 4.643377 | LR = 3.052643e-05 | grad_norm = 46.844488
  Batch 1090: loss = 5.082360 | LR = 3.052440e-05 | grad_norm = 48.268922
  Batch 1091: loss = 5.352176 | LR = 3.052237e-05 | grad_norm = 43.235604
  Batch 1092: loss = 4.710085 | LR = 3.052033e-05 | grad_norm = 56.999652
  Batch 1093: loss = 6.487716 | LR = 3.051829e-05 | grad_norm = 67.212370
  Batch 1094: loss = 6.081047 | LR = 3.051624e-05 | grad_norm = 55.192638
  Batch 1095: loss = 5.595861 | LR = 3.051420e-05 | grad_norm = 59.090775
  Batch 1096: loss = 5.505946 | LR = 3.051215e-05 | grad_norm = 68.751181
  Batch 1097: loss = 3.485853 | LR = 3.051010e-05 | grad_norm = 64.913963
  Batch 1098: loss = 5.650684 | LR = 3.050804e-05 | grad_norm = 49.590708
  Batch 1099: loss = 5.845342 | LR = 3.050598e-05 | grad_norm = 53.942761
  Batch 1100: loss = 6.332045 | LR = 3.050392e-05 | grad_norm = 52.263714
  Batch 1101: loss = 4.870308 | LR = 3.050186e-05 | grad_norm = 89.858871
  Batch 1102: loss = 5.200414 | LR = 3.049980e-05 | grad_norm = 33.925315
  Batch 1103: loss = 5.242645 | LR = 3.049773e-05 | grad_norm = 47.544185
  Batch 1104: loss = 7.265549 | LR = 3.049566e-05 | grad_norm = 127.663423
  Batch 1105: loss = 6.390343 | LR = 3.049358e-05 | grad_norm = 76.064004
  Batch 1106: loss = 4.846705 | LR = 3.049151e-05 | grad_norm = 58.746140
  Batch 1107: loss = 4.903196 | LR = 3.048943e-05 | grad_norm = 47.377473
  Batch 1108: loss = 4.413529 | LR = 3.048734e-05 | grad_norm = 70.277575
  Batch 1109: loss = 8.224412 | LR = 3.048526e-05 | grad_norm = 190.924439
  Batch 1110: loss = 6.255177 | LR = 3.048317e-05 | grad_norm = 69.306751
  Batch 1111: loss = 3.756021 | LR = 3.048108e-05 | grad_norm = 62.160127
  Batch 1112: loss = 4.635713 | LR = 3.047899e-05 | grad_norm = 51.297688
  Batch 1113: loss = 6.489779 | LR = 3.047689e-05 | grad_norm = 61.720262
  Batch 1114: loss = 5.403481 | LR = 3.047479e-05 | grad_norm = 48.576871
  Batch 1115: loss = 5.430267 | LR = 3.047269e-05 | grad_norm = 76.173213
  Batch 1116: loss = 3.626822 | LR = 3.047058e-05 | grad_norm = 85.501611
  Batch 1117: loss = 6.633750 | LR = 3.046848e-05 | grad_norm = 75.581712
  Batch 1118: loss = 5.520962 | LR = 3.046637e-05 | grad_norm = 66.896226
  Batch 1119: loss = 3.082766 | LR = 3.046425e-05 | grad_norm = 76.058877
  Batch 1120: loss = 4.593475 | LR = 3.046214e-05 | grad_norm = 46.136007
  Batch 1121: loss = 6.879456 | LR = 3.046002e-05 | grad_norm = 63.016476
  Batch 1122: loss = 5.857356 | LR = 3.045790e-05 | grad_norm = 82.270820
  Batch 1123: loss = 4.879207 | LR = 3.045578e-05 | grad_norm = 63.648882
  Batch 1124: loss = 3.321653 | LR = 3.045365e-05 | grad_norm = 52.736036
  Batch 1125: loss = 3.613677 | LR = 3.045152e-05 | grad_norm = 86.296453
  Batch 1126: loss = 6.078135 | LR = 3.044939e-05 | grad_norm = 56.708161
  Batch 1127: loss = 2.613943 | LR = 3.044725e-05 | grad_norm = 76.403970
  Batch 1128: loss = 3.813639 | LR = 3.044511e-05 | grad_norm = 65.229372
  Batch 1129: loss = 3.170253 | LR = 3.044297e-05 | grad_norm = 96.438301
  Batch 1130: loss = 5.345901 | LR = 3.044083e-05 | grad_norm = 60.490359
  Batch 1131: loss = 6.160545 | LR = 3.043868e-05 | grad_norm = 79.603940
  Batch 1132: loss = 0.031924 | LR = 3.043654e-05 | grad_norm = 6.761884
  Batch 1133: loss = 5.432629 | LR = 3.043438e-05 | grad_norm = 51.480513
  Batch 1134: loss = 6.774421 | LR = 3.043223e-05 | grad_norm = 116.753921
  Batch 1135: loss = 6.916653 | LR = 3.043007e-05 | grad_norm = 82.805479
  Batch 1136: loss = 4.744374 | LR = 3.042791e-05 | grad_norm = 103.864725
  Batch 1137: loss = 3.709706 | LR = 3.042575e-05 | grad_norm = 101.613061
  Batch 1138: loss = 5.332803 | LR = 3.042358e-05 | grad_norm = 54.530839
  Batch 1139: loss = 3.770918 | LR = 3.042142e-05 | grad_norm = 107.142675
  Batch 1140: loss = 4.232009 | LR = 3.041925e-05 | grad_norm = 82.120709
  Batch 1141: loss = 2.226034 | LR = 3.041707e-05 | grad_norm = 78.538749
  Batch 1142: loss = 7.151150 | LR = 3.041490e-05 | grad_norm = 74.311894
  Batch 1143: loss = 4.364375 | LR = 3.041272e-05 | grad_norm = 56.153172
  Batch 1144: loss = 5.277315 | LR = 3.041053e-05 | grad_norm = 52.461903
  Batch 1145: loss = 5.586595 | LR = 3.040835e-05 | grad_norm = 76.396577
  Batch 1146: loss = 4.899197 | LR = 3.040616e-05 | grad_norm = 45.763995
  Batch 1147: loss = 5.071338 | LR = 3.040397e-05 | grad_norm = 51.993982
  Batch 1148: loss = 0.132322 | LR = 3.040178e-05 | grad_norm = 23.786375
  Batch 1149: loss = 4.941119 | LR = 3.039958e-05 | grad_norm = 62.477642
  Batch 1150: loss = 0.004696 | LR = 3.039738e-05 | grad_norm = 1.056944
  Batch 1151: loss = 5.971705 | LR = 3.039518e-05 | grad_norm = 89.442799
  Batch 1152: loss = 6.619381 | LR = 3.039298e-05 | grad_norm = 92.940525
  Batch 1153: loss = 4.806308 | LR = 3.039077e-05 | grad_norm = 82.325786
  Batch 1154: loss = 4.354457 | LR = 3.038856e-05 | grad_norm = 88.724984
  Batch 1155: loss = 3.098575 | LR = 3.038635e-05 | grad_norm = 86.818346
  Batch 1156: loss = 5.430634 | LR = 3.038413e-05 | grad_norm = 186.884514
  Batch 1157: loss = 5.787930 | LR = 3.038192e-05 | grad_norm = 73.618282
  Batch 1158: loss = 6.606080 | LR = 3.037970e-05 | grad_norm = 68.462112
  Batch 1159: loss = 4.433386 | LR = 3.037747e-05 | grad_norm = 54.702722
  Batch 1160: loss = 4.931456 | LR = 3.037525e-05 | grad_norm = 177.775794
  Batch 1161: loss = 5.813752 | LR = 3.037302e-05 | grad_norm = 72.778859
  Batch 1162: loss = 6.354980 | LR = 3.037079e-05 | grad_norm = 74.308168
  Batch 1163: loss = 6.112447 | LR = 3.036855e-05 | grad_norm = 85.933506
  Batch 1164: loss = 6.363913 | LR = 3.036631e-05 | grad_norm = 78.038017
  Batch 1165: loss = 5.549737 | LR = 3.036407e-05 | grad_norm = 113.140202
  Batch 1166: loss = 4.695168 | LR = 3.036183e-05 | grad_norm = 70.954499
  Batch 1167: loss = 3.967060 | LR = 3.035959e-05 | grad_norm = 66.296824
  Batch 1168: loss = 6.595140 | LR = 3.035734e-05 | grad_norm = 68.971491
  Batch 1169: loss = 5.796805 | LR = 3.035509e-05 | grad_norm = 62.282973
  Batch 1170: loss = 6.117413 | LR = 3.035283e-05 | grad_norm = 78.455793
  Batch 1171: loss = 5.830586 | LR = 3.035058e-05 | grad_norm = 72.696213
  Batch 1172: loss = 4.388617 | LR = 3.034832e-05 | grad_norm = 60.419639
  Batch 1173: loss = 6.020111 | LR = 3.034606e-05 | grad_norm = 58.756756
  Batch 1174: loss = 0.077465 | LR = 3.034379e-05 | grad_norm = 16.385935
  Batch 1175: loss = 5.587077 | LR = 3.034152e-05 | grad_norm = 49.317700
  Batch 1176: loss = 5.038002 | LR = 3.033925e-05 | grad_norm = 83.244947
  Batch 1177: loss = 5.818739 | LR = 3.033698e-05 | grad_norm = 119.587932
  Batch 1178: loss = 5.759377 | LR = 3.033471e-05 | grad_norm = 80.787091
  Batch 1179: loss = 4.128078 | LR = 3.033243e-05 | grad_norm = 66.157201
  Batch 1180: loss = 5.212893 | LR = 3.033015e-05 | grad_norm = 60.384192
  Batch 1181: loss = 5.352992 | LR = 3.032786e-05 | grad_norm = 52.278402
  Batch 1182: loss = 3.629060 | LR = 3.032558e-05 | grad_norm = 75.791329
  Batch 1183: loss = 4.957195 | LR = 3.032329e-05 | grad_norm = 44.518777
  Batch 1184: loss = 5.877155 | LR = 3.032099e-05 | grad_norm = 61.360868
  Batch 1185: loss = 5.949826 | LR = 3.031870e-05 | grad_norm = 62.303386
  Batch 1186: loss = 5.486799 | LR = 3.031640e-05 | grad_norm = 53.890330
  Batch 1187: loss = 3.867673 | LR = 3.031410e-05 | grad_norm = 49.749078
  Batch 1188: loss = 6.362872 | LR = 3.031180e-05 | grad_norm = 50.496122
  Batch 1189: loss = 4.551468 | LR = 3.030949e-05 | grad_norm = 41.792222
  Batch 1190: loss = 5.064497 | LR = 3.030718e-05 | grad_norm = 53.343605
  Batch 1191: loss = 4.936352 | LR = 3.030487e-05 | grad_norm = 47.091971
  Batch 1192: loss = 4.702849 | LR = 3.030256e-05 | grad_norm = 40.777656
  Batch 1193: loss = 5.081296 | LR = 3.030024e-05 | grad_norm = 49.812689
  Batch 1194: loss = 3.980317 | LR = 3.029792e-05 | grad_norm = 59.296829
  Batch 1195: loss = 5.219275 | LR = 3.029560e-05 | grad_norm = 54.213870
  Batch 1196: loss = 5.790159 | LR = 3.029327e-05 | grad_norm = 44.564515
  Batch 1197: loss = 4.256431 | LR = 3.029095e-05 | grad_norm = 82.633685
  Batch 1198: loss = 2.882863 | LR = 3.028862e-05 | grad_norm = 83.458882
  Batch 1199: loss = 6.316581 | LR = 3.028628e-05 | grad_norm = 67.313853
  Batch 1200: loss = 6.144462 | LR = 3.028395e-05 | grad_norm = 72.919727
  Batch 1201: loss = 4.659952 | LR = 3.028161e-05 | grad_norm = 77.364710
  Batch 1202: loss = 5.748645 | LR = 3.027927e-05 | grad_norm = 65.112534
  Batch 1203: loss = 5.874979 | LR = 3.027692e-05 | grad_norm = 133.379797
  Batch 1204: loss = 4.836332 | LR = 3.027458e-05 | grad_norm = 63.787626
  Batch 1205: loss = 1.984072 | LR = 3.027223e-05 | grad_norm = 85.295268
  Batch 1206: loss = 5.700936 | LR = 3.026987e-05 | grad_norm = 55.877343
  Batch 1207: loss = 4.193495 | LR = 3.026752e-05 | grad_norm = 101.289197
  Batch 1208: loss = 5.334880 | LR = 3.026516e-05 | grad_norm = 88.817687
  Batch 1209: loss = 5.123495 | LR = 3.026280e-05 | grad_norm = 94.569302
  Batch 1210: loss = 5.989095 | LR = 3.026044e-05 | grad_norm = 40.147647
  Batch 1211: loss = 5.166747 | LR = 3.025807e-05 | grad_norm = 40.486898
  Batch 1212: loss = 0.001368 | LR = 3.025570e-05 | grad_norm = 0.328314
  Batch 1213: loss = 0.000004 | LR = 3.025333e-05 | grad_norm = 0.001217
  Batch 1214: loss = 3.127051 | LR = 3.025096e-05 | grad_norm = 192.615953
  Batch 1215: loss = 5.743574 | LR = 3.024858e-05 | grad_norm = 58.582557
  Batch 1216: loss = 4.397653 | LR = 3.024620e-05 | grad_norm = 76.802526
  Batch 1217: loss = 5.827846 | LR = 3.024382e-05 | grad_norm = 87.309071
  Batch 1218: loss = 5.004169 | LR = 3.024143e-05 | grad_norm = 69.345403
  Batch 1219: loss = 0.303922 | LR = 3.023904e-05 | grad_norm = 36.809778
  Batch 1220: loss = 5.024715 | LR = 3.023665e-05 | grad_norm = 74.875672
  Batch 1221: loss = 6.714272 | LR = 3.023426e-05 | grad_norm = 95.933655
  Batch 1222: loss = 5.133519 | LR = 3.023186e-05 | grad_norm = 60.777829
  Batch 1223: loss = 4.664151 | LR = 3.022947e-05 | grad_norm = 50.366927
  Batch 1224: loss = 7.691119 | LR = 3.022706e-05 | grad_norm = 136.316641
  Batch 1225: loss = 5.754881 | LR = 3.022466e-05 | grad_norm = 43.730387
  Batch 1226: loss = 4.987928 | LR = 3.022225e-05 | grad_norm = 40.375692
  Batch 1227: loss = 5.732179 | LR = 3.021984e-05 | grad_norm = 52.853533
  Batch 1228: loss = 2.977013 | LR = 3.021743e-05 | grad_norm = 85.907997
  Batch 1229: loss = 6.322806 | LR = 3.021502e-05 | grad_norm = 61.837138
  Batch 1230: loss = 5.921697 | LR = 3.021260e-05 | grad_norm = 72.966311
  Batch 1231: loss = 4.649778 | LR = 3.021018e-05 | grad_norm = 76.143359
  Batch 1232: loss = 5.016335 | LR = 3.020775e-05 | grad_norm = 59.831510
  Batch 1233: loss = 6.165507 | LR = 3.020533e-05 | grad_norm = 60.739896
  Batch 1234: loss = 6.052071 | LR = 3.020290e-05 | grad_norm = 78.627690
  Batch 1235: loss = 5.405983 | LR = 3.020047e-05 | grad_norm = 59.232312
  Batch 1236: loss = 0.001947 | LR = 3.019803e-05 | grad_norm = 0.457716
  Batch 1237: loss = 4.829164 | LR = 3.019560e-05 | grad_norm = 66.551620
  Batch 1238: loss = 4.933069 | LR = 3.019316e-05 | grad_norm = 61.408226
  Batch 1239: loss = 4.495515 | LR = 3.019071e-05 | grad_norm = 77.196570
  Batch 1240: loss = 7.690860 | LR = 3.018827e-05 | grad_norm = 88.242087
  Batch 1241: loss = 3.616683 | LR = 3.018582e-05 | grad_norm = 138.975567
  Batch 1242: loss = 5.495367 | LR = 3.018337e-05 | grad_norm = 63.864821
  Batch 1243: loss = 4.113408 | LR = 3.018092e-05 | grad_norm = 105.105699
  Batch 1244: loss = 5.167785 | LR = 3.017846e-05 | grad_norm = 52.143317
  Batch 1245: loss = 4.691817 | LR = 3.017600e-05 | grad_norm = 68.042036
  Batch 1246: loss = 5.657974 | LR = 3.017354e-05 | grad_norm = 63.041917
  Batch 1247: loss = 6.008579 | LR = 3.017108e-05 | grad_norm = 67.350464
  Batch 1248: loss = 4.969683 | LR = 3.016861e-05 | grad_norm = 89.389378
  Batch 1249: loss = 3.577936 | LR = 3.016614e-05 | grad_norm = 87.651499
  Batch 1250: loss = 5.037731 | LR = 3.016367e-05 | grad_norm = 62.055981
  Batch 1251: loss = 4.457160 | LR = 3.016119e-05 | grad_norm = 63.022482
  Batch 1252: loss = 5.246312 | LR = 3.015872e-05 | grad_norm = 96.811600
  Batch 1253: loss = 4.231064 | LR = 3.015623e-05 | grad_norm = 54.054048
  Batch 1254: loss = 5.755245 | LR = 3.015375e-05 | grad_norm = 82.583498
  Batch 1255: loss = 5.308669 | LR = 3.015127e-05 | grad_norm = 40.051670
  Batch 1256: loss = 2.981609 | LR = 3.014878e-05 | grad_norm = 71.944133
  Batch 1257: loss = 4.619457 | LR = 3.014629e-05 | grad_norm = 181.901670
  Batch 1258: loss = 0.000000 | LR = 3.014379e-05 | grad_norm = 0.000000
  Batch 1259: loss = 6.832354 | LR = 3.014130e-05 | grad_norm = 122.799783
  Batch 1260: loss = 5.987165 | LR = 3.013880e-05 | grad_norm = 69.167179
  Batch 1261: loss = 5.562483 | LR = 3.013629e-05 | grad_norm = 63.204719
  Batch 1262: loss = 4.427701 | LR = 3.013379e-05 | grad_norm = 102.315948
  Batch 1263: loss = 4.090414 | LR = 3.013128e-05 | grad_norm = 79.926805
  Batch 1264: loss = 4.503342 | LR = 3.012877e-05 | grad_norm = 72.705978
  Batch 1265: loss = 5.246971 | LR = 3.012626e-05 | grad_norm = 65.015331
  Batch 1266: loss = 5.638193 | LR = 3.012374e-05 | grad_norm = 50.966537
  Batch 1267: loss = 4.024889 | LR = 3.012122e-05 | grad_norm = 93.029178
  Batch 1268: loss = 5.617430 | LR = 3.011870e-05 | grad_norm = 66.599880
  Batch 1269: loss = 5.479694 | LR = 3.011618e-05 | grad_norm = 49.251538
  Batch 1270: loss = 4.424481 | LR = 3.011365e-05 | grad_norm = 83.619473
  Batch 1271: loss = 5.214843 | LR = 3.011112e-05 | grad_norm = 60.475177
  Batch 1272: loss = 9.044523 | LR = 3.010859e-05 | grad_norm = 113.481087
  Batch 1273: loss = 4.116094 | LR = 3.010606e-05 | grad_norm = 78.562698
  Batch 1274: loss = 6.339505 | LR = 3.010352e-05 | grad_norm = 79.192910
  Batch 1275: loss = 2.004780 | LR = 3.010098e-05 | grad_norm = 93.540656
  Batch 1276: loss = 5.365969 | LR = 3.009844e-05 | grad_norm = 75.028448
  Batch 1277: loss = 2.646243 | LR = 3.009589e-05 | grad_norm = 69.030341
  Batch 1278: loss = 5.112654 | LR = 3.009334e-05 | grad_norm = 79.286960
  Batch 1279: loss = 6.638976 | LR = 3.009079e-05 | grad_norm = 112.439115
  Batch 1280: loss = 4.046813 | LR = 3.008824e-05 | grad_norm = 57.592642
  Batch 1281: loss = 0.001758 | LR = 3.008568e-05 | grad_norm = 0.423128
  Batch 1282: loss = 4.898312 | LR = 3.008312e-05 | grad_norm = 95.234856
  Batch 1283: loss = 3.225712 | LR = 3.008056e-05 | grad_norm = 77.083804
  Batch 1284: loss = 0.000001 | LR = 3.007800e-05 | grad_norm = 0.000251
  Batch 1285: loss = 4.887821 | LR = 3.007543e-05 | grad_norm = 75.163467
  Batch 1286: loss = 5.949959 | LR = 3.007286e-05 | grad_norm = 61.569068
  Batch 1287: loss = 7.218735 | LR = 3.007029e-05 | grad_norm = 86.722510
  Batch 1288: loss = 3.099970 | LR = 3.006771e-05 | grad_norm = 82.867531
  Batch 1289: loss = 0.117720 | LR = 3.006514e-05 | grad_norm = 17.849132
  Batch 1290: loss = 0.000034 | LR = 3.006255e-05 | grad_norm = 0.010917
  Batch 1291: loss = 1.211588 | LR = 3.005997e-05 | grad_norm = 92.224164
  Batch 1292: loss = 4.275757 | LR = 3.005739e-05 | grad_norm = 56.563474
  Batch 1293: loss = 5.232771 | LR = 3.005480e-05 | grad_norm = 103.119646
  Batch 1294: loss = 6.130674 | LR = 3.005221e-05 | grad_norm = 78.743922
  Batch 1295: loss = 6.961537 | LR = 3.004961e-05 | grad_norm = 102.972164
  Batch 1296: loss = 5.043422 | LR = 3.004702e-05 | grad_norm = 58.145467
  Batch 1297: loss = 5.405628 | LR = 3.004442e-05 | grad_norm = 58.464819
  Batch 1298: loss = 5.543158 | LR = 3.004181e-05 | grad_norm = 78.519586
  Batch 1299: loss = 4.341506 | LR = 3.003921e-05 | grad_norm = 81.495555
  Batch 1300: loss = 5.734752 | LR = 3.003660e-05 | grad_norm = 64.707962
  Batch 1301: loss = 6.061646 | LR = 3.003399e-05 | grad_norm = 63.016756
  Batch 1302: loss = 6.077099 | LR = 3.003138e-05 | grad_norm = 48.740433
  Batch 1303: loss = 2.828008 | LR = 3.002876e-05 | grad_norm = 80.538498
  Batch 1304: loss = 5.326668 | LR = 3.002614e-05 | grad_norm = 92.403496
  Batch 1305: loss = 4.322958 | LR = 3.002352e-05 | grad_norm = 95.316673
  Batch 1306: loss = 0.000398 | LR = 3.002090e-05 | grad_norm = 0.105718
  Batch 1307: loss = 5.554356 | LR = 3.001827e-05 | grad_norm = 109.528055
  Batch 1308: loss = 5.658072 | LR = 3.001564e-05 | grad_norm = 56.215746
  Batch 1309: loss = 5.126595 | LR = 3.001301e-05 | grad_norm = 61.912629
  Batch 1310: loss = 0.076082 | LR = 3.001038e-05 | grad_norm = 13.538356
  Batch 1311: loss = 4.727067 | LR = 3.000774e-05 | grad_norm = 52.476511
  Batch 1312: loss = 6.111071 | LR = 3.000510e-05 | grad_norm = 85.145588
  Batch 1313: loss = 6.596680 | LR = 3.000246e-05 | grad_norm = 81.667321
  Batch 1314: loss = 7.582668 | LR = 2.999981e-05 | grad_norm = 76.235411
  Batch 1315: loss = 8.105760 | LR = 2.999717e-05 | grad_norm = 166.157427
  Batch 1316: loss = 8.900434 | LR = 2.999452e-05 | grad_norm = 341.920413
  Batch 1317: loss = 2.696407 | LR = 2.999186e-05 | grad_norm = 90.960736
  Batch 1318: loss = 2.335183 | LR = 2.998921e-05 | grad_norm = 120.694296
  Batch 1319: loss = 6.329198 | LR = 2.998655e-05 | grad_norm = 59.641189
  Batch 1320: loss = 6.034262 | LR = 2.998389e-05 | grad_norm = 117.334870
  Batch 1321: loss = 6.813072 | LR = 2.998122e-05 | grad_norm = 102.017412
  Batch 1322: loss = 4.179509 | LR = 2.997856e-05 | grad_norm = 66.236284
  Batch 1323: loss = 4.824741 | LR = 2.997589e-05 | grad_norm = 59.665235
  Batch 1324: loss = 6.931069 | LR = 2.997322e-05 | grad_norm = 91.358424
  Batch 1325: loss = 4.414966 | LR = 2.997054e-05 | grad_norm = 167.896706
  Batch 1326: loss = 4.764780 | LR = 2.996786e-05 | grad_norm = 71.352568
  Batch 1327: loss = 5.559009 | LR = 2.996518e-05 | grad_norm = 67.266864
  Batch 1328: loss = 5.429609 | LR = 2.996250e-05 | grad_norm = 79.912507
  Batch 1329: loss = 3.146764 | LR = 2.995982e-05 | grad_norm = 73.006055
  Batch 1330: loss = 4.718942 | LR = 2.995713e-05 | grad_norm = 67.408819
  Batch 1331: loss = 6.390500 | LR = 2.995444e-05 | grad_norm = 62.763881
  Batch 1332: loss = 5.712487 | LR = 2.995174e-05 | grad_norm = 47.438710
  Batch 1333: loss = 3.892642 | LR = 2.994905e-05 | grad_norm = 70.850951
  Batch 1334: loss = 5.220478 | LR = 2.994635e-05 | grad_norm = 56.893591
  Batch 1335: loss = 5.054543 | LR = 2.994365e-05 | grad_norm = 44.774576
  Batch 1336: loss = 5.019017 | LR = 2.994094e-05 | grad_norm = 77.115813
  Batch 1337: loss = 6.051033 | LR = 2.993824e-05 | grad_norm = 73.945464
  Batch 1338: loss = 5.653292 | LR = 2.993553e-05 | grad_norm = 63.918662
  Batch 1339: loss = 3.586569 | LR = 2.993282e-05 | grad_norm = 103.735862
  Batch 1340: loss = 5.375499 | LR = 2.993010e-05 | grad_norm = 53.442355
  Batch 1341: loss = 6.037926 | LR = 2.992738e-05 | grad_norm = 41.098511
  Batch 1342: loss = 6.032101 | LR = 2.992466e-05 | grad_norm = 52.160105
  Batch 1343: loss = 6.749486 | LR = 2.992194e-05 | grad_norm = 50.898099
  Batch 1344: loss = 1.957102 | LR = 2.991922e-05 | grad_norm = 86.708118
  Batch 1345: loss = 5.413683 | LR = 2.991649e-05 | grad_norm = 51.201574
  Batch 1346: loss = 6.221071 | LR = 2.991376e-05 | grad_norm = 86.753277
  Batch 1347: loss = 2.929146 | LR = 2.991102e-05 | grad_norm = 67.796645
  Batch 1348: loss = 5.013364 | LR = 2.990829e-05 | grad_norm = 34.692800
  Batch 1349: loss = 0.099706 | LR = 2.990555e-05 | grad_norm = 14.585155
  Batch 1350: loss = 5.642224 | LR = 2.990281e-05 | grad_norm = 68.932356
  Batch 1351: loss = 3.684011 | LR = 2.990006e-05 | grad_norm = 61.054503
  Batch 1352: loss = 6.221693 | LR = 2.989732e-05 | grad_norm = 45.572058
  Batch 1353: loss = 4.197720 | LR = 2.989457e-05 | grad_norm = 79.468945
  Batch 1354: loss = 6.784742 | LR = 2.989181e-05 | grad_norm = 100.496263
  Batch 1355: loss = 6.389540 | LR = 2.988906e-05 | grad_norm = 64.513355
  Batch 1356: loss = 4.640138 | LR = 2.988630e-05 | grad_norm = 70.936734
  Batch 1357: loss = 4.626934 | LR = 2.988354e-05 | grad_norm = 46.715536
  Batch 1358: loss = 3.050371 | LR = 2.988078e-05 | grad_norm = 114.666423
  Batch 1359: loss = 5.266747 | LR = 2.987801e-05 | grad_norm = 58.966887
  Batch 1360: loss = 4.557856 | LR = 2.987525e-05 | grad_norm = 83.402075
  Batch 1361: loss = 5.877902 | LR = 2.987248e-05 | grad_norm = 66.651839
  Batch 1362: loss = 2.884094 | LR = 2.986970e-05 | grad_norm = 130.942506
  Batch 1363: loss = 0.000353 | LR = 2.986693e-05 | grad_norm = 0.097172
  Batch 1364: loss = 0.590035 | LR = 2.986415e-05 | grad_norm = 57.053530
  Batch 1365: loss = 5.542694 | LR = 2.986137e-05 | grad_norm = 77.612879
  Batch 1366: loss = 5.484797 | LR = 2.985858e-05 | grad_norm = 62.352661
  Batch 1367: loss = 5.497023 | LR = 2.985580e-05 | grad_norm = 47.430833
  Batch 1368: loss = 4.953260 | LR = 2.985301e-05 | grad_norm = 70.529196
  Batch 1369: loss = 2.849212 | LR = 2.985021e-05 | grad_norm = 82.436530
  Batch 1370: loss = 0.000001 | LR = 2.984742e-05 | grad_norm = 0.000321
  Batch 1371: loss = 4.533859 | LR = 2.984462e-05 | grad_norm = 68.404241
  Batch 1372: loss = 5.717778 | LR = 2.984182e-05 | grad_norm = 65.218542
  Batch 1373: loss = 6.627655 | LR = 2.983902e-05 | grad_norm = 65.217767
  Batch 1374: loss = 4.754707 | LR = 2.983621e-05 | grad_norm = 59.887163
  Batch 1375: loss = 5.340601 | LR = 2.983341e-05 | grad_norm = 75.050107
  Batch 1376: loss = 3.634985 | LR = 2.983060e-05 | grad_norm = 106.215949
  Batch 1377: loss = 5.646087 | LR = 2.982778e-05 | grad_norm = 79.523349
  Batch 1378: loss = 4.967402 | LR = 2.982497e-05 | grad_norm = 85.737442
  Batch 1379: loss = 1.807147 | LR = 2.982215e-05 | grad_norm = 107.845104
  Batch 1380: loss = 6.276035 | LR = 2.981933e-05 | grad_norm = 94.448515
  Batch 1381: loss = 5.720963 | LR = 2.981650e-05 | grad_norm = 71.918398
  Batch 1382: loss = 4.546990 | LR = 2.981368e-05 | grad_norm = 95.564083
  Batch 1383: loss = 5.091314 | LR = 2.981085e-05 | grad_norm = 66.120986
  Batch 1384: loss = 2.453025 | LR = 2.980802e-05 | grad_norm = 106.736197
  Batch 1385: loss = 5.947324 | LR = 2.980518e-05 | grad_norm = 98.108185
  Batch 1386: loss = 4.665404 | LR = 2.980234e-05 | grad_norm = 123.190394
  Batch 1387: loss = 5.892522 | LR = 2.979950e-05 | grad_norm = 105.085222
  Batch 1388: loss = 5.338317 | LR = 2.979666e-05 | grad_norm = 61.084109
  Batch 1389: loss = 5.081258 | LR = 2.979382e-05 | grad_norm = 102.495864
  Batch 1390: loss = 1.998869 | LR = 2.979097e-05 | grad_norm = 91.116210
  Batch 1391: loss = 4.792496 | LR = 2.978812e-05 | grad_norm = 87.738145
  Batch 1392: loss = 0.000186 | LR = 2.978527e-05 | grad_norm = 0.060415
  Batch 1393: loss = 5.194923 | LR = 2.978241e-05 | grad_norm = 70.158376
  Batch 1394: loss = 4.834289 | LR = 2.977955e-05 | grad_norm = 61.223625
  Batch 1395: loss = 6.518682 | LR = 2.977669e-05 | grad_norm = 76.666682
  Batch 1396: loss = 6.942878 | LR = 2.977383e-05 | grad_norm = 114.755111
  Batch 1397: loss = 2.227052 | LR = 2.977096e-05 | grad_norm = 94.845458
  Batch 1398: loss = 1.360427 | LR = 2.976809e-05 | grad_norm = 109.056569
  Batch 1399: loss = 4.101991 | LR = 2.976522e-05 | grad_norm = 76.203351
  Batch 1400: loss = 5.640941 | LR = 2.976235e-05 | grad_norm = 88.048476
  Batch 1401: loss = 5.209778 | LR = 2.975947e-05 | grad_norm = 142.918377
  Batch 1402: loss = 5.061453 | LR = 2.975659e-05 | grad_norm = 60.648259
  Batch 1403: loss = 5.645599 | LR = 2.975371e-05 | grad_norm = 71.579868
  Batch 1404: loss = 5.972277 | LR = 2.975082e-05 | grad_norm = 92.128213
  Batch 1405: loss = 2.398443 | LR = 2.974794e-05 | grad_norm = 115.543028
  Batch 1406: loss = 4.632979 | LR = 2.974505e-05 | grad_norm = 42.733248
  Batch 1407: loss = 4.861045 | LR = 2.974216e-05 | grad_norm = 108.872718
  Batch 1408: loss = 5.699805 | LR = 2.973926e-05 | grad_norm = 85.828727
  Batch 1409: loss = 1.904336 | LR = 2.973636e-05 | grad_norm = 90.138779
  Batch 1410: loss = 3.657957 | LR = 2.973346e-05 | grad_norm = 80.305690
  Batch 1411: loss = 4.518566 | LR = 2.973056e-05 | grad_norm = 82.987015
  Batch 1412: loss = 0.000005 | LR = 2.972765e-05 | grad_norm = 0.001968
  Batch 1413: loss = 4.532477 | LR = 2.972474e-05 | grad_norm = 96.852139
  Batch 1414: loss = 3.375285 | LR = 2.972183e-05 | grad_norm = 99.133036
  Batch 1415: loss = 5.686181 | LR = 2.971892e-05 | grad_norm = 100.623743
  Batch 1416: loss = 5.623076 | LR = 2.971600e-05 | grad_norm = 114.755101
  Batch 1417: loss = 6.073231 | LR = 2.971308e-05 | grad_norm = 103.528085
  Batch 1418: loss = 5.142211 | LR = 2.971016e-05 | grad_norm = 87.547719
  Batch 1419: loss = 5.145061 | LR = 2.970724e-05 | grad_norm = 97.763278
  Batch 1420: loss = 0.000005 | LR = 2.970431e-05 | grad_norm = 0.002110
  Batch 1421: loss = 4.590726 | LR = 2.970138e-05 | grad_norm = 73.939510
  Batch 1422: loss = 0.000000 | LR = 2.969845e-05 | grad_norm = 0.000013
  Batch 1423: loss = 5.065075 | LR = 2.969552e-05 | grad_norm = 109.762458
  Batch 1424: loss = 5.926608 | LR = 2.969258e-05 | grad_norm = 106.079499
  Batch 1425: loss = 6.822030 | LR = 2.968964e-05 | grad_norm = 103.403385
  Batch 1426: loss = 6.552507 | LR = 2.968670e-05 | grad_norm = 67.948327
  Batch 1427: loss = 3.177330 | LR = 2.968375e-05 | grad_norm = 139.394664
  Batch 1428: loss = 4.876049 | LR = 2.968080e-05 | grad_norm = 149.654669
  Batch 1429: loss = 5.877322 | LR = 2.967785e-05 | grad_norm = 63.795912
  Batch 1430: loss = 3.830605 | LR = 2.967490e-05 | grad_norm = 68.439277
  Batch 1431: loss = 6.783444 | LR = 2.967194e-05 | grad_norm = 111.051666
  Batch 1432: loss = 0.004745 | LR = 2.966899e-05 | grad_norm = 1.065158
  Batch 1433: loss = 5.973542 | LR = 2.966602e-05 | grad_norm = 106.991461
  Batch 1434: loss = 6.587666 | LR = 2.966306e-05 | grad_norm = 91.185392
  Batch 1435: loss = 4.791992 | LR = 2.966010e-05 | grad_norm = 90.652121
  Batch 1436: loss = 4.100006 | LR = 2.965713e-05 | grad_norm = 90.461095
  Batch 1437: loss = 5.442860 | LR = 2.965416e-05 | grad_norm = 66.708224
  Batch 1438: loss = 5.421168 | LR = 2.965118e-05 | grad_norm = 54.872605
  Batch 1439: loss = 7.513109 | LR = 2.964820e-05 | grad_norm = 135.677356
  Batch 1440: loss = 5.197833 | LR = 2.964523e-05 | grad_norm = 86.541204
  Batch 1441: loss = 5.860796 | LR = 2.964224e-05 | grad_norm = 75.955971
  Batch 1442: loss = 5.239729 | LR = 2.963926e-05 | grad_norm = 48.204109
  Batch 1443: loss = 5.873591 | LR = 2.963627e-05 | grad_norm = 90.454974
  Batch 1444: loss = 3.778208 | LR = 2.963328e-05 | grad_norm = 84.352697
  Batch 1445: loss = 5.227100 | LR = 2.963029e-05 | grad_norm = 63.993692
  Batch 1446: loss = 5.148784 | LR = 2.962729e-05 | grad_norm = 81.564379
  Batch 1447: loss = 3.996728 | LR = 2.962430e-05 | grad_norm = 72.072817
  Batch 1448: loss = 4.554666 | LR = 2.962130e-05 | grad_norm = 62.546469
  Batch 1449: loss = 4.971555 | LR = 2.961829e-05 | grad_norm = 53.630333
  Batch 1450: loss = 5.744899 | LR = 2.961529e-05 | grad_norm = 76.063033
  Batch 1451: loss = 2.088016 | LR = 2.961228e-05 | grad_norm = 100.778960
  Batch 1452: loss = 4.551392 | LR = 2.960927e-05 | grad_norm = 62.730322
  Batch 1453: loss = 2.392078 | LR = 2.960626e-05 | grad_norm = 102.213843
  Batch 1454: loss = 5.279195 | LR = 2.960324e-05 | grad_norm = 47.583201
  Batch 1455: loss = 6.725116 | LR = 2.960022e-05 | grad_norm = 54.184825
  Batch 1456: loss = 6.254073 | LR = 2.959720e-05 | grad_norm = 72.834275
  Batch 1457: loss = 6.983318 | LR = 2.959418e-05 | grad_norm = 96.711604
  Batch 1458: loss = 3.129181 | LR = 2.959115e-05 | grad_norm = 87.095510
  Batch 1459: loss = 3.340505 | LR = 2.958812e-05 | grad_norm = 93.695822
  Batch 1460: loss = 6.047687 | LR = 2.958509e-05 | grad_norm = 38.184364
  Batch 1461: loss = 4.900599 | LR = 2.958206e-05 | grad_norm = 45.447000
  Batch 1462: loss = 4.125957 | LR = 2.957902e-05 | grad_norm = 154.342028
  Batch 1463: loss = 5.468277 | LR = 2.957598e-05 | grad_norm = 44.257329
  Batch 1464: loss = 4.260108 | LR = 2.957294e-05 | grad_norm = 101.100141
  Batch 1465: loss = 4.246872 | LR = 2.956989e-05 | grad_norm = 75.840299
  Batch 1466: loss = 4.727961 | LR = 2.956685e-05 | grad_norm = 71.136550
  Batch 1467: loss = 5.910568 | LR = 2.956380e-05 | grad_norm = 37.845442
  Batch 1468: loss = 5.764848 | LR = 2.956074e-05 | grad_norm = 94.482348
  Batch 1469: loss = 1.803778 | LR = 2.955769e-05 | grad_norm = 106.982649
  Batch 1470: loss = 3.331014 | LR = 2.955463e-05 | grad_norm = 85.848268
  Batch 1471: loss = 3.709975 | LR = 2.955157e-05 | grad_norm = 79.679250
  Batch 1472: loss = 4.647368 | LR = 2.954851e-05 | grad_norm = 84.118926
  Batch 1473: loss = 7.671844 | LR = 2.954544e-05 | grad_norm = 120.571603
  Batch 1474: loss = 5.490102 | LR = 2.954238e-05 | grad_norm = 49.406778
  Batch 1475: loss = 3.859649 | LR = 2.953931e-05 | grad_norm = 76.960917
  Batch 1476: loss = 4.642796 | LR = 2.953623e-05 | grad_norm = 97.132824
  Batch 1477: loss = 3.989020 | LR = 2.953316e-05 | grad_norm = 71.834841
  Batch 1478: loss = 5.380314 | LR = 2.953008e-05 | grad_norm = 56.582843
  Batch 1479: loss = 8.855042 | LR = 2.952700e-05 | grad_norm = 138.815090
  Batch 1480: loss = 5.714385 | LR = 2.952391e-05 | grad_norm = 81.293014
  Batch 1481: loss = 5.775427 | LR = 2.952083e-05 | grad_norm = 59.103472
  Batch 1482: loss = 5.503215 | LR = 2.951774e-05 | grad_norm = 46.179127
  Batch 1483: loss = 4.728119 | LR = 2.951465e-05 | grad_norm = 52.743612
  Batch 1484: loss = 5.771854 | LR = 2.951155e-05 | grad_norm = 36.547573
  Batch 1485: loss = 3.069139 | LR = 2.950846e-05 | grad_norm = 96.068878
  Batch 1486: loss = 6.774934 | LR = 2.950536e-05 | grad_norm = 68.830239
  Batch 1487: loss = 5.465000 | LR = 2.950226e-05 | grad_norm = 66.143575
  Batch 1488: loss = 6.372660 | LR = 2.949915e-05 | grad_norm = 101.163041
  Batch 1489: loss = 4.859693 | LR = 2.949604e-05 | grad_norm = 81.351250
  Batch 1490: loss = 5.835728 | LR = 2.949294e-05 | grad_norm = 62.963727
  Batch 1491: loss = 5.441674 | LR = 2.948982e-05 | grad_norm = 86.639194
  Batch 1492: loss = 5.596975 | LR = 2.948671e-05 | grad_norm = 89.932286
  Batch 1493: loss = 5.956584 | LR = 2.948359e-05 | grad_norm = 53.507940
  Batch 1494: loss = 5.944778 | LR = 2.948047e-05 | grad_norm = 67.998223
  Batch 1495: loss = 6.537466 | LR = 2.947735e-05 | grad_norm = 56.083333
  Batch 1496: loss = 2.676877 | LR = 2.947422e-05 | grad_norm = 84.356783
  Batch 1497: loss = 5.240627 | LR = 2.947110e-05 | grad_norm = 97.345513
  Batch 1498: loss = 4.806919 | LR = 2.946797e-05 | grad_norm = 35.928425
  Batch 1499: loss = 6.108045 | LR = 2.946483e-05 | grad_norm = 58.915473
  Batch 1500: loss = 3.751701 | LR = 2.946170e-05 | grad_norm = 71.020168
  Batch 1501: loss = 5.626710 | LR = 2.945856e-05 | grad_norm = 45.838342
  Batch 1502: loss = 0.472387 | LR = 2.945542e-05 | grad_norm = 51.047032
  Batch 1503: loss = 0.462332 | LR = 2.945228e-05 | grad_norm = 50.709327
  Batch 1504: loss = 2.483970 | LR = 2.944913e-05 | grad_norm = 141.505922
  Batch 1505: loss = 6.730398 | LR = 2.944598e-05 | grad_norm = 85.669403
  Batch 1506: loss = 4.659141 | LR = 2.944283e-05 | grad_norm = 64.610346
  Batch 1507: loss = 3.049292 | LR = 2.943968e-05 | grad_norm = 84.160897
  Batch 1508: loss = 5.788677 | LR = 2.943652e-05 | grad_norm = 94.178642
  Batch 1509: loss = 5.119356 | LR = 2.943336e-05 | grad_norm = 78.246165
  Batch 1510: loss = 6.972450 | LR = 2.943020e-05 | grad_norm = 77.716920
  Batch 1511: loss = 5.518477 | LR = 2.942704e-05 | grad_norm = 136.079456
  Batch 1512: loss = 4.950015 | LR = 2.942387e-05 | grad_norm = 67.235319
  Batch 1513: loss = 6.226855 | LR = 2.942070e-05 | grad_norm = 72.065555
  Batch 1514: loss = 2.656453 | LR = 2.941753e-05 | grad_norm = 81.951951
  Batch 1515: loss = 6.254424 | LR = 2.941436e-05 | grad_norm = 86.959738
  Batch 1516: loss = 6.662177 | LR = 2.941118e-05 | grad_norm = 47.131636
  Batch 1517: loss = 6.686283 | LR = 2.940800e-05 | grad_norm = 105.925061
  Batch 1518: loss = 5.429144 | LR = 2.940482e-05 | grad_norm = 70.391183
  Batch 1519: loss = 4.321577 | LR = 2.940164e-05 | grad_norm = 54.665380
  Batch 1520: loss = 0.011145 | LR = 2.939845e-05 | grad_norm = 2.202969
  Batch 1521: loss = 4.276463 | LR = 2.939526e-05 | grad_norm = 75.026170
  Batch 1522: loss = 3.816252 | LR = 2.939207e-05 | grad_norm = 48.134601
  Batch 1523: loss = 3.171223 | LR = 2.938887e-05 | grad_norm = 79.954929
  Batch 1524: loss = 1.246576 | LR = 2.938568e-05 | grad_norm = 65.979503
  Batch 1525: loss = 5.003395 | LR = 2.938248e-05 | grad_norm = 45.713310
  Batch 1526: loss = 5.754834 | LR = 2.937927e-05 | grad_norm = 43.027016
  Batch 1527: loss = 5.213141 | LR = 2.937607e-05 | grad_norm = 46.706064
  Batch 1528: loss = 4.566987 | LR = 2.937286e-05 | grad_norm = 48.116915
  Batch 1529: loss = 4.462097 | LR = 2.936965e-05 | grad_norm = 84.395897
  Batch 1530: loss = 2.840097 | LR = 2.936644e-05 | grad_norm = 88.701040
  Batch 1531: loss = 5.629735 | LR = 2.936322e-05 | grad_norm = 48.016398
  Batch 1532: loss = 5.243197 | LR = 2.936001e-05 | grad_norm = 58.991255
  Batch 1533: loss = 5.285121 | LR = 2.935679e-05 | grad_norm = 70.638949
  Batch 1534: loss = 3.199517 | LR = 2.935356e-05 | grad_norm = 70.903732
  Batch 1535: loss = 4.970670 | LR = 2.935034e-05 | grad_norm = 60.674649
  Batch 1536: loss = 2.690689 | LR = 2.934711e-05 | grad_norm = 77.565409
  Batch 1537: loss = 5.149247 | LR = 2.934388e-05 | grad_norm = 85.615087
  Batch 1538: loss = 5.487271 | LR = 2.934065e-05 | grad_norm = 65.860510
  Batch 1539: loss = 0.095076 | LR = 2.933741e-05 | grad_norm = 20.615203
  Batch 1540: loss = 4.712175 | LR = 2.933417e-05 | grad_norm = 108.842286
  Batch 1541: loss = 5.899375 | LR = 2.933093e-05 | grad_norm = 66.628586
  Batch 1542: loss = 5.051013 | LR = 2.932769e-05 | grad_norm = 77.776971
  Batch 1543: loss = 5.185390 | LR = 2.932444e-05 | grad_norm = 74.621928
  Batch 1544: loss = 3.826786 | LR = 2.932119e-05 | grad_norm = 86.446963
  Batch 1545: loss = 7.139339 | LR = 2.931794e-05 | grad_norm = 74.277505
  Batch 1546: loss = 7.183665 | LR = 2.931469e-05 | grad_norm = 111.108270
  Batch 1547: loss = 4.681903 | LR = 2.931143e-05 | grad_norm = 59.614615
  Batch 1548: loss = 4.594059 | LR = 2.930817e-05 | grad_norm = 64.099399
  Batch 1549: loss = 6.735418 | LR = 2.930491e-05 | grad_norm = 149.758053
  Batch 1550: loss = 3.730907 | LR = 2.930165e-05 | grad_norm = 67.530366
  Batch 1551: loss = 0.000016 | LR = 2.929838e-05 | grad_norm = 0.004081
  Batch 1552: loss = 5.841012 | LR = 2.929511e-05 | grad_norm = 67.177547
  Batch 1553: loss = 0.185084 | LR = 2.929184e-05 | grad_norm = 27.592041
  Batch 1554: loss = 6.312443 | LR = 2.928857e-05 | grad_norm = 92.054914
  Batch 1555: loss = 5.329950 | LR = 2.928529e-05 | grad_norm = 82.274141
  Batch 1556: loss = 4.449938 | LR = 2.928201e-05 | grad_norm = 92.572474
  Batch 1557: loss = 0.000014 | LR = 2.927873e-05 | grad_norm = 0.004086
  Batch 1558: loss = 5.870905 | LR = 2.927545e-05 | grad_norm = 133.555608
  Batch 1559: loss = 5.371348 | LR = 2.927216e-05 | grad_norm = 77.733646
  Batch 1560: loss = 4.934164 | LR = 2.926887e-05 | grad_norm = 96.511947
  Batch 1561: loss = 6.098929 | LR = 2.926558e-05 | grad_norm = 89.194118
  Batch 1562: loss = 4.360015 | LR = 2.926228e-05 | grad_norm = 76.199462
  Batch 1563: loss = 4.619346 | LR = 2.925899e-05 | grad_norm = 79.023705
  Batch 1564: loss = 6.628694 | LR = 2.925569e-05 | grad_norm = 104.406264
  Batch 1565: loss = 2.353678 | LR = 2.925239e-05 | grad_norm = 131.228868
  Batch 1566: loss = 5.906793 | LR = 2.924908e-05 | grad_norm = 50.904026
  Batch 1567: loss = 5.338837 | LR = 2.924577e-05 | grad_norm = 65.816123
  Batch 1568: loss = 4.085695 | LR = 2.924246e-05 | grad_norm = 65.964346
  Batch 1569: loss = 4.589455 | LR = 2.923915e-05 | grad_norm = 99.688817
  Batch 1570: loss = 7.196760 | LR = 2.923584e-05 | grad_norm = 147.452828
  Batch 1571: loss = 6.167542 | LR = 2.923252e-05 | grad_norm = 83.163554
  Batch 1572: loss = 5.111173 | LR = 2.922920e-05 | grad_norm = 79.226214
  Batch 1573: loss = 5.229757 | LR = 2.922588e-05 | grad_norm = 107.715306
  Batch 1574: loss = 5.704294 | LR = 2.922255e-05 | grad_norm = 65.029197
  Batch 1575: loss = 0.000001 | LR = 2.921923e-05 | grad_norm = 0.000215
  Batch 1576: loss = 5.357971 | LR = 2.921590e-05 | grad_norm = 44.506895
  Batch 1577: loss = 7.191710 | LR = 2.921256e-05 | grad_norm = 189.622858
  Batch 1578: loss = 5.185308 | LR = 2.920923e-05 | grad_norm = 54.969836
  Batch 1579: loss = 2.250944 | LR = 2.920589e-05 | grad_norm = 60.809649
  Batch 1580: loss = 5.589954 | LR = 2.920255e-05 | grad_norm = 47.556746
  Batch 1581: loss = 4.619222 | LR = 2.919921e-05 | grad_norm = 49.167472
  Batch 1582: loss = 8.152402 | LR = 2.919586e-05 | grad_norm = 109.587361
  Batch 1583: loss = 2.362862 | LR = 2.919251e-05 | grad_norm = 102.180817
  Batch 1584: loss = 4.871953 | LR = 2.918916e-05 | grad_norm = 80.214456
  Batch 1585: loss = 4.310682 | LR = 2.918581e-05 | grad_norm = 58.141943
  Batch 1586: loss = 5.455832 | LR = 2.918246e-05 | grad_norm = 65.534461
  Batch 1587: loss = 4.150779 | LR = 2.917910e-05 | grad_norm = 58.916060
  Batch 1588: loss = 4.515135 | LR = 2.917574e-05 | grad_norm = 58.074874
  Batch 1589: loss = 4.890689 | LR = 2.917237e-05 | grad_norm = 39.482472
  Batch 1590: loss = 5.870903 | LR = 2.916901e-05 | grad_norm = 39.493984
  Batch 1591: loss = 2.563484 | LR = 2.916564e-05 | grad_norm = 61.154052
  Batch 1592: loss = 0.013485 | LR = 2.916227e-05 | grad_norm = 3.411722
  Batch 1593: loss = 5.047735 | LR = 2.915890e-05 | grad_norm = 79.202195
  Batch 1594: loss = 4.240943 | LR = 2.915552e-05 | grad_norm = 61.226633
  Batch 1595: loss = 5.817804 | LR = 2.915214e-05 | grad_norm = 70.820605
  Batch 1596: loss = 4.305153 | LR = 2.914876e-05 | grad_norm = 61.344806
  Batch 1597: loss = 5.886140 | LR = 2.914538e-05 | grad_norm = 58.964667
  Batch 1598: loss = 5.254727 | LR = 2.914199e-05 | grad_norm = 90.534219
  Batch 1599: loss = 4.705763 | LR = 2.913861e-05 | grad_norm = 73.126626
  Batch 1600: loss = 3.889243 | LR = 2.913521e-05 | grad_norm = 74.295108
  Batch 1601: loss = 6.626211 | LR = 2.913182e-05 | grad_norm = 120.795915
  Batch 1602: loss = 4.343780 | LR = 2.912843e-05 | grad_norm = 68.287733
  Batch 1603: loss = 4.082509 | LR = 2.912503e-05 | grad_norm = 53.417049
  Batch 1604: loss = 4.250822 | LR = 2.912163e-05 | grad_norm = 81.239384
  Batch 1605: loss = 6.477262 | LR = 2.911822e-05 | grad_norm = 132.804362
  Batch 1606: loss = 5.623606 | LR = 2.911482e-05 | grad_norm = 83.349367
  Batch 1607: loss = 5.106853 | LR = 2.911141e-05 | grad_norm = 70.368893
  Batch 1608: loss = 4.938823 | LR = 2.910800e-05 | grad_norm = 96.488557
  Batch 1609: loss = 3.800709 | LR = 2.910458e-05 | grad_norm = 83.513639
  Batch 1610: loss = 4.883145 | LR = 2.910117e-05 | grad_norm = 91.397951
  Batch 1611: loss = 7.272006 | LR = 2.909775e-05 | grad_norm = 102.618367
  Batch 1612: loss = 3.877060 | LR = 2.909433e-05 | grad_norm = 58.437526
  Batch 1613: loss = 4.419032 | LR = 2.909091e-05 | grad_norm = 97.504843
  Batch 1614: loss = 5.699026 | LR = 2.908748e-05 | grad_norm = 52.122625
  Batch 1615: loss = 2.563384 | LR = 2.908405e-05 | grad_norm = 100.096621
  Batch 1616: loss = 5.300809 | LR = 2.908062e-05 | grad_norm = 106.954272
  Batch 1617: loss = 5.156120 | LR = 2.907719e-05 | grad_norm = 107.337943
  Batch 1618: loss = 1.136720 | LR = 2.907375e-05 | grad_norm = 60.111326
  Batch 1619: loss = 3.004443 | LR = 2.907031e-05 | grad_norm = 101.178962
  Batch 1620: loss = 4.195135 | LR = 2.906687e-05 | grad_norm = 109.481292
  Batch 1621: loss = 4.952753 | LR = 2.906343e-05 | grad_norm = 64.897650
  Batch 1622: loss = 5.247450 | LR = 2.905998e-05 | grad_norm = 100.651810
  Batch 1623: loss = 4.744410 | LR = 2.905653e-05 | grad_norm = 83.547811
  Batch 1624: loss = 4.440293 | LR = 2.905308e-05 | grad_norm = 91.102452
  Batch 1625: loss = 4.988305 | LR = 2.904963e-05 | grad_norm = 74.059637
  Batch 1626: loss = 5.691536 | LR = 2.904617e-05 | grad_norm = 73.273852
  Batch 1627: loss = 6.010898 | LR = 2.904271e-05 | grad_norm = 81.840054
  Batch 1628: loss = 6.948395 | LR = 2.903925e-05 | grad_norm = 74.303714
  Batch 1629: loss = 5.987874 | LR = 2.903579e-05 | grad_norm = 63.949189
  Batch 1630: loss = 3.362977 | LR = 2.903232e-05 | grad_norm = 97.905972
  Batch 1631: loss = 3.076464 | LR = 2.902885e-05 | grad_norm = 102.270048
  Batch 1632: loss = 4.011319 | LR = 2.902538e-05 | grad_norm = 91.208126
  Batch 1633: loss = 5.138965 | LR = 2.902191e-05 | grad_norm = 101.821132
  Batch 1634: loss = 7.691400 | LR = 2.901843e-05 | grad_norm = 242.361217
  Batch 1635: loss = 5.786455 | LR = 2.901495e-05 | grad_norm = 61.543363
  Batch 1636: loss = 6.222623 | LR = 2.901147e-05 | grad_norm = 68.958063
  Batch 1637: loss = 6.372823 | LR = 2.900799e-05 | grad_norm = 97.455256
  Batch 1638: loss = 4.919917 | LR = 2.900450e-05 | grad_norm = 69.710900
  Batch 1639: loss = 3.921608 | LR = 2.900101e-05 | grad_norm = 69.411674
  Batch 1640: loss = 4.557509 | LR = 2.899752e-05 | grad_norm = 63.666280
  Batch 1641: loss = 4.362868 | LR = 2.899403e-05 | grad_norm = 74.273716
  Batch 1642: loss = 4.617185 | LR = 2.899053e-05 | grad_norm = 66.384097
  Batch 1643: loss = 5.795506 | LR = 2.898703e-05 | grad_norm = 48.420800
  Batch 1644: loss = 4.630019 | LR = 2.898353e-05 | grad_norm = 88.835729
  Batch 1645: loss = 4.737963 | LR = 2.898003e-05 | grad_norm = 79.653340
  Batch 1646: loss = 2.105882 | LR = 2.897652e-05 | grad_norm = 87.422710
  Batch 1647: loss = 4.962892 | LR = 2.897301e-05 | grad_norm = 46.961174
  Batch 1648: loss = 0.711899 | LR = 2.896950e-05 | grad_norm = 63.908057
  Batch 1649: loss = 3.120450 | LR = 2.896599e-05 | grad_norm = 103.237554
  Batch 1650: loss = 3.586008 | LR = 2.896247e-05 | grad_norm = 82.304568
  Batch 1651: loss = 4.700571 | LR = 2.895896e-05 | grad_norm = 85.506786
  Batch 1652: loss = 3.011722 | LR = 2.895543e-05 | grad_norm = 99.519031
  Batch 1653: loss = 5.483690 | LR = 2.895191e-05 | grad_norm = 80.329855
  Batch 1654: loss = 2.986435 | LR = 2.894838e-05 | grad_norm = 84.356167
  Batch 1655: loss = 4.453050 | LR = 2.894486e-05 | grad_norm = 82.368155
  Batch 1656: loss = 4.616126 | LR = 2.894132e-05 | grad_norm = 88.991812
  Batch 1657: loss = 8.042111 | LR = 2.893779e-05 | grad_norm = 124.075963
  Batch 1658: loss = 7.806228 | LR = 2.893426e-05 | grad_norm = 160.861594
  Batch 1659: loss = 5.890646 | LR = 2.893072e-05 | grad_norm = 83.361942
  Batch 1660: loss = 5.835547 | LR = 2.892718e-05 | grad_norm = 89.942761
  Batch 1661: loss = 1.480305 | LR = 2.892363e-05 | grad_norm = 97.480351
  Batch 1662: loss = 4.193555 | LR = 2.892009e-05 | grad_norm = 106.399462
  Batch 1663: loss = 2.437298 | LR = 2.891654e-05 | grad_norm = 94.898692
  Batch 1664: loss = 7.863976 | LR = 2.891299e-05 | grad_norm = 117.327460
  Batch 1665: loss = 5.964357 | LR = 2.890943e-05 | grad_norm = 128.630138
  Batch 1666: loss = 7.260283 | LR = 2.890588e-05 | grad_norm = 153.203033
  Batch 1667: loss = 6.599020 | LR = 2.890232e-05 | grad_norm = 104.803548
  Batch 1668: loss = 3.296115 | LR = 2.889876e-05 | grad_norm = 114.814264
  Batch 1669: loss = 4.621710 | LR = 2.889520e-05 | grad_norm = 141.670440
  Batch 1670: loss = 6.328083 | LR = 2.889163e-05 | grad_norm = 90.991977
  Batch 1671: loss = 3.692900 | LR = 2.888806e-05 | grad_norm = 142.875446
  Batch 1672: loss = 3.367277 | LR = 2.888449e-05 | grad_norm = 100.332549
  Batch 1673: loss = 4.938179 | LR = 2.888092e-05 | grad_norm = 147.248661
  Batch 1674: loss = 5.867218 | LR = 2.887734e-05 | grad_norm = 62.289846
  Batch 1675: loss = 6.044120 | LR = 2.887376e-05 | grad_norm = 66.648613
  Batch 1676: loss = 5.012200 | LR = 2.887018e-05 | grad_norm = 51.940977
  Batch 1677: loss = 6.397857 | LR = 2.886660e-05 | grad_norm = 93.559266
  Batch 1678: loss = 5.252688 | LR = 2.886301e-05 | grad_norm = 74.721635
  Batch 1679: loss = 5.363424 | LR = 2.885943e-05 | grad_norm = 92.301323
  Batch 1680: loss = 5.319221 | LR = 2.885584e-05 | grad_norm = 63.699262
  Batch 1681: loss = 6.006060 | LR = 2.885224e-05 | grad_norm = 52.241365
  Batch 1682: loss = 5.822732 | LR = 2.884865e-05 | grad_norm = 52.098062
  Batch 1683: loss = 5.199227 | LR = 2.884505e-05 | grad_norm = 79.143726
  Batch 1684: loss = 0.836127 | LR = 2.884145e-05 | grad_norm = 72.618460
  Batch 1685: loss = 4.119778 | LR = 2.883785e-05 | grad_norm = 65.734152
  Batch 1686: loss = 4.161462 | LR = 2.883424e-05 | grad_norm = 125.411884
  Batch 1687: loss = 4.289181 | LR = 2.883063e-05 | grad_norm = 72.618703
  Batch 1688: loss = 4.788143 | LR = 2.882702e-05 | grad_norm = 66.730595
  Batch 1689: loss = 4.197075 | LR = 2.882341e-05 | grad_norm = 74.393843
  Batch 1690: loss = 4.943947 | LR = 2.881979e-05 | grad_norm = 41.739924
  Batch 1691: loss = 5.756570 | LR = 2.881618e-05 | grad_norm = 76.610449
  Batch 1692: loss = 3.304118 | LR = 2.881256e-05 | grad_norm = 92.288403
  Batch 1693: loss = 5.852191 | LR = 2.880893e-05 | grad_norm = 90.261901
  Batch 1694: loss = 6.200686 | LR = 2.880531e-05 | grad_norm = 80.183527
  Batch 1695: loss = 5.324045 | LR = 2.880168e-05 | grad_norm = 58.194797
  Batch 1696: loss = 5.834262 | LR = 2.879805e-05 | grad_norm = 77.877151
  Batch 1697: loss = 3.972623 | LR = 2.879442e-05 | grad_norm = 98.190846
  Batch 1698: loss = 5.843489 | LR = 2.879078e-05 | grad_norm = 54.667548
  Batch 1699: loss = 3.375700 | LR = 2.878715e-05 | grad_norm = 65.969076
  Batch 1700: loss = 5.966115 | LR = 2.878351e-05 | grad_norm = 42.819245
  Batch 1701: loss = 5.326540 | LR = 2.877986e-05 | grad_norm = 72.932948
  Batch 1702: loss = 5.585546 | LR = 2.877622e-05 | grad_norm = 53.175273
  Batch 1703: loss = 6.919420 | LR = 2.877257e-05 | grad_norm = 59.134790
  Batch 1704: loss = 6.121489 | LR = 2.876892e-05 | grad_norm = 51.331812
  Batch 1705: loss = 5.793938 | LR = 2.876527e-05 | grad_norm = 77.951959
  Batch 1706: loss = 5.445798 | LR = 2.876162e-05 | grad_norm = 44.802618
  Batch 1707: loss = 5.601911 | LR = 2.875796e-05 | grad_norm = 68.441151
  Batch 1708: loss = 5.966516 | LR = 2.875430e-05 | grad_norm = 56.659508
  Batch 1709: loss = 0.001771 | LR = 2.875064e-05 | grad_norm = 0.466200
  Batch 1710: loss = 4.092011 | LR = 2.874697e-05 | grad_norm = 72.939911
  Batch 1711: loss = 3.892211 | LR = 2.874331e-05 | grad_norm = 154.341601
  Batch 1712: loss = 4.374778 | LR = 2.873964e-05 | grad_norm = 63.672567
  Batch 1713: loss = 4.257630 | LR = 2.873597e-05 | grad_norm = 79.702737
  Batch 1714: loss = 5.222243 | LR = 2.873229e-05 | grad_norm = 52.518925
  Batch 1715: loss = 4.008445 | LR = 2.872861e-05 | grad_norm = 77.308835
  Batch 1716: loss = 4.317202 | LR = 2.872494e-05 | grad_norm = 93.438766
  Batch 1717: loss = 4.092662 | LR = 2.872125e-05 | grad_norm = 62.430387
  Batch 1718: loss = 5.225897 | LR = 2.871757e-05 | grad_norm = 53.110187
  Batch 1719: loss = 5.263481 | LR = 2.871388e-05 | grad_norm = 38.383263
  Batch 1720: loss = 3.606833 | LR = 2.871019e-05 | grad_norm = 118.810294
  Batch 1721: loss = 3.886402 | LR = 2.870650e-05 | grad_norm = 87.266552
  Batch 1722: loss = 4.503555 | LR = 2.870281e-05 | grad_norm = 49.787922
  Batch 1723: loss = 0.350245 | LR = 2.869911e-05 | grad_norm = 52.295509
  Batch 1724: loss = 6.768745 | LR = 2.869542e-05 | grad_norm = 66.170421
  Batch 1725: loss = 5.635859 | LR = 2.869171e-05 | grad_norm = 50.871857
  Batch 1726: loss = 4.383914 | LR = 2.868801e-05 | grad_norm = 64.123872
  Batch 1727: loss = 3.248857 | LR = 2.868430e-05 | grad_norm = 64.581886
  Batch 1728: loss = 4.809935 | LR = 2.868060e-05 | grad_norm = 46.564013
  Batch 1729: loss = 5.983350 | LR = 2.867689e-05 | grad_norm = 74.894823
  Batch 1730: loss = 1.065838 | LR = 2.867317e-05 | grad_norm = 98.053666
  Batch 1731: loss = 4.584529 | LR = 2.866946e-05 | grad_norm = 73.008205
  Batch 1732: loss = 4.902866 | LR = 2.866574e-05 | grad_norm = 89.469877
  Batch 1733: loss = 5.307760 | LR = 2.866202e-05 | grad_norm = 56.296925
  Batch 1734: loss = 7.053680 | LR = 2.865829e-05 | grad_norm = 85.336752
  Batch 1735: loss = 3.956608 | LR = 2.865457e-05 | grad_norm = 58.458843
  Batch 1736: loss = 4.019788 | LR = 2.865084e-05 | grad_norm = 65.979215
  Batch 1737: loss = 5.134979 | LR = 2.864711e-05 | grad_norm = 81.797735
  Batch 1738: loss = 5.299452 | LR = 2.864338e-05 | grad_norm = 39.333567
  Batch 1739: loss = 8.171326 | LR = 2.863964e-05 | grad_norm = 136.876555
  Batch 1740: loss = 4.816193 | LR = 2.863591e-05 | grad_norm = 50.813949
  Batch 1741: loss = 4.993572 | LR = 2.863217e-05 | grad_norm = 51.755467
  Batch 1742: loss = 4.055471 | LR = 2.862842e-05 | grad_norm = 77.576663
  Batch 1743: loss = 5.391933 | LR = 2.862468e-05 | grad_norm = 101.070317
  Batch 1744: loss = 3.524308 | LR = 2.862093e-05 | grad_norm = 60.239764
  Batch 1745: loss = 4.739716 | LR = 2.861718e-05 | grad_norm = 61.803507
  Batch 1746: loss = 4.243922 | LR = 2.861343e-05 | grad_norm = 121.811042
  Batch 1747: loss = 4.994930 | LR = 2.860967e-05 | grad_norm = 98.550553
  Batch 1748: loss = 3.652044 | LR = 2.860592e-05 | grad_norm = 70.339586
  Batch 1749: loss = 5.423038 | LR = 2.860216e-05 | grad_norm = 52.425254
  Batch 1750: loss = 4.277864 | LR = 2.859840e-05 | grad_norm = 47.190970
  Batch 1751: loss = 5.008468 | LR = 2.859463e-05 | grad_norm = 83.898084
  Batch 1752: loss = 4.619973 | LR = 2.859087e-05 | grad_norm = 70.345088
  Batch 1753: loss = 4.958645 | LR = 2.858710e-05 | grad_norm = 89.246508
  Batch 1754: loss = 5.206324 | LR = 2.858333e-05 | grad_norm = 63.350366
  Batch 1755: loss = 5.221928 | LR = 2.857955e-05 | grad_norm = 68.821932
  Batch 1756: loss = 0.002632 | LR = 2.857577e-05 | grad_norm = 0.583929
  Batch 1757: loss = 2.617208 | LR = 2.857200e-05 | grad_norm = 84.390388
  Batch 1758: loss = 6.092391 | LR = 2.856821e-05 | grad_norm = 55.661769
  Batch 1759: loss = 4.751468 | LR = 2.856443e-05 | grad_norm = 100.235299
  Batch 1760: loss = 7.237190 | LR = 2.856065e-05 | grad_norm = 84.740853
  Batch 1761: loss = 1.923622 | LR = 2.855686e-05 | grad_norm = 103.834717
  Batch 1762: loss = 3.963661 | LR = 2.855307e-05 | grad_norm = 102.259070
  Batch 1763: loss = 5.449669 | LR = 2.854927e-05 | grad_norm = 100.764401
  Batch 1764: loss = 2.343411 | LR = 2.854548e-05 | grad_norm = 126.887183
  Batch 1765: loss = 2.447205 | LR = 2.854168e-05 | grad_norm = 165.998699
  Batch 1766: loss = 6.476151 | LR = 2.853788e-05 | grad_norm = 97.722184
  Batch 1767: loss = 4.952071 | LR = 2.853408e-05 | grad_norm = 83.001042
  Batch 1768: loss = 4.534305 | LR = 2.853027e-05 | grad_norm = 104.533041
  Batch 1769: loss = 2.689438 | LR = 2.852646e-05 | grad_norm = 101.863016
  Batch 1770: loss = 5.102627 | LR = 2.852265e-05 | grad_norm = 93.580017
  Batch 1771: loss = 5.652889 | LR = 2.851884e-05 | grad_norm = 80.496057
  Batch 1772: loss = 0.127738 | LR = 2.851502e-05 | grad_norm = 20.311029
  Batch 1773: loss = 8.453571 | LR = 2.851121e-05 | grad_norm = 131.951474
  Batch 1774: loss = 5.501926 | LR = 2.850739e-05 | grad_norm = 120.456809
  Batch 1775: loss = 6.750725 | LR = 2.850356e-05 | grad_norm = 80.874320
  Batch 1776: loss = 0.998732 | LR = 2.849974e-05 | grad_norm = 127.523796
  Batch 1777: loss = 5.942272 | LR = 2.849591e-05 | grad_norm = 74.926950
  Batch 1778: loss = 3.757388 | LR = 2.849208e-05 | grad_norm = 78.584603
  Batch 1779: loss = 5.735362 | LR = 2.848825e-05 | grad_norm = 57.077962
  Batch 1780: loss = 5.965334 | LR = 2.848442e-05 | grad_norm = 62.242441
  Batch 1781: loss = 5.006975 | LR = 2.848058e-05 | grad_norm = 73.875825
  Batch 1782: loss = 5.933265 | LR = 2.847674e-05 | grad_norm = 94.042672
  Batch 1783: loss = 5.357800 | LR = 2.847290e-05 | grad_norm = 146.638317
  Batch 1784: loss = 5.257706 | LR = 2.846906e-05 | grad_norm = 87.798946
  Batch 1785: loss = 2.105347 | LR = 2.846521e-05 | grad_norm = 90.538725
  Batch 1786: loss = 5.422812 | LR = 2.846136e-05 | grad_norm = 69.643035
  Batch 1787: loss = 5.916087 | LR = 2.845751e-05 | grad_norm = 41.001115
  Batch 1788: loss = 4.518712 | LR = 2.845366e-05 | grad_norm = 113.194464
  Batch 1789: loss = 3.137982 | LR = 2.844980e-05 | grad_norm = 118.538607
  Batch 1790: loss = 3.803077 | LR = 2.844594e-05 | grad_norm = 49.811313
  Batch 1791: loss = 6.283746 | LR = 2.844208e-05 | grad_norm = 96.394959
  Batch 1792: loss = 5.559260 | LR = 2.843822e-05 | grad_norm = 79.979136
  Batch 1793: loss = 0.004066 | LR = 2.843435e-05 | grad_norm = 0.938727
  Batch 1794: loss = 5.238433 | LR = 2.843049e-05 | grad_norm = 67.882234
  Batch 1795: loss = 5.341486 | LR = 2.842662e-05 | grad_norm = 66.361879
  Batch 1796: loss = 0.000325 | LR = 2.842274e-05 | grad_norm = 0.086244
  Batch 1797: loss = 0.000000 | LR = 2.841887e-05 | grad_norm = 0.000000
  Batch 1798: loss = 6.244395 | LR = 2.841499e-05 | grad_norm = 83.872018
  Batch 1799: loss = 3.625482 | LR = 2.841111e-05 | grad_norm = 97.789500
  Batch 1800: loss = 5.021633 | LR = 2.840723e-05 | grad_norm = 88.492551
  Batch 1801: loss = 3.911521 | LR = 2.840335e-05 | grad_norm = 62.022238
  Batch 1802: loss = 7.934393 | LR = 2.839946e-05 | grad_norm = 103.255067
  Batch 1803: loss = 4.922352 | LR = 2.839557e-05 | grad_norm = 89.630549
  Batch 1804: loss = 5.179549 | LR = 2.839168e-05 | grad_norm = 51.970856
  Batch 1805: loss = 4.764941 | LR = 2.838778e-05 | grad_norm = 57.766757
  Batch 1806: loss = 5.774976 | LR = 2.838389e-05 | grad_norm = 88.412031
  Batch 1807: loss = 4.656006 | LR = 2.837999e-05 | grad_norm = 64.464602
  Batch 1808: loss = 6.240514 | LR = 2.837609e-05 | grad_norm = 41.302689
  Batch 1809: loss = 5.897595 | LR = 2.837218e-05 | grad_norm = 113.291749
  Batch 1810: loss = 5.542009 | LR = 2.836828e-05 | grad_norm = 60.210803
  Batch 1811: loss = 4.501513 | LR = 2.836437e-05 | grad_norm = 105.712747
  Batch 1812: loss = 5.246631 | LR = 2.836046e-05 | grad_norm = 44.507022
  Batch 1813: loss = 4.820511 | LR = 2.835655e-05 | grad_norm = 104.064307
  Batch 1814: loss = 4.984365 | LR = 2.835263e-05 | grad_norm = 57.667838
  Batch 1815: loss = 5.400398 | LR = 2.834871e-05 | grad_norm = 68.245046
  Batch 1816: loss = 5.394711 | LR = 2.834479e-05 | grad_norm = 51.746957
  Batch 1817: loss = 5.021602 | LR = 2.834087e-05 | grad_norm = 47.269732
  Batch 1818: loss = 5.386683 | LR = 2.833694e-05 | grad_norm = 64.290600
  Batch 1819: loss = 4.969864 | LR = 2.833302e-05 | grad_norm = 74.633072
  Batch 1820: loss = 6.706159 | LR = 2.832909e-05 | grad_norm = 58.875771
  Batch 1821: loss = 3.665410 | LR = 2.832516e-05 | grad_norm = 118.196823
  Batch 1822: loss = 5.168531 | LR = 2.832122e-05 | grad_norm = 53.051622
  Batch 1823: loss = 0.000292 | LR = 2.831728e-05 | grad_norm = 0.079594
  Batch 1824: loss = 1.306453 | LR = 2.831335e-05 | grad_norm = 82.034279
  Batch 1825: loss = 5.265993 | LR = 2.830940e-05 | grad_norm = 47.620997
  Batch 1826: loss = 4.446191 | LR = 2.830546e-05 | grad_norm = 129.429463
  Batch 1827: loss = 4.657808 | LR = 2.830151e-05 | grad_norm = 86.201381
  Batch 1828: loss = 4.691879 | LR = 2.829756e-05 | grad_norm = 70.874882
  Batch 1829: loss = 5.090976 | LR = 2.829361e-05 | grad_norm = 76.712094
  Batch 1830: loss = 6.739934 | LR = 2.828966e-05 | grad_norm = 136.210483
  Batch 1831: loss = 3.844233 | LR = 2.828570e-05 | grad_norm = 77.918600
  Batch 1832: loss = 3.902754 | LR = 2.828175e-05 | grad_norm = 87.500713
  Batch 1833: loss = 4.468811 | LR = 2.827779e-05 | grad_norm = 63.183763
  Batch 1834: loss = 4.734521 | LR = 2.827382e-05 | grad_norm = 102.455732
  Batch 1835: loss = 3.891389 | LR = 2.826986e-05 | grad_norm = 96.450439
  Batch 1836: loss = 3.252537 | LR = 2.826589e-05 | grad_norm = 87.746691
  Batch 1837: loss = 6.493981 | LR = 2.826192e-05 | grad_norm = 75.099035
  Batch 1838: loss = 4.340328 | LR = 2.825795e-05 | grad_norm = 76.889312
  Batch 1839: loss = 4.867536 | LR = 2.825397e-05 | grad_norm = 49.756981
  Batch 1840: loss = 5.683912 | LR = 2.825000e-05 | grad_norm = 49.685819
  Batch 1841: loss = 3.850205 | LR = 2.824602e-05 | grad_norm = 61.275558
  Batch 1842: loss = 4.282401 | LR = 2.824204e-05 | grad_norm = 79.566403
  Batch 1843: loss = 2.574054 | LR = 2.823805e-05 | grad_norm = 72.617483
  Batch 1844: loss = 4.339179 | LR = 2.823407e-05 | grad_norm = 75.048635
  Batch 1845: loss = 5.547576 | LR = 2.823008e-05 | grad_norm = 54.472778
  Batch 1846: loss = 5.312103 | LR = 2.822609e-05 | grad_norm = 76.650652
  Batch 1847: loss = 4.860806 | LR = 2.822209e-05 | grad_norm = 75.350869
  Batch 1848: loss = 3.648157 | LR = 2.821810e-05 | grad_norm = 70.574416
  Batch 1849: loss = 0.014445 | LR = 2.821410e-05 | grad_norm = 3.782789
  Batch 1850: loss = 2.595269 | LR = 2.821010e-05 | grad_norm = 76.051948
  Batch 1851: loss = 5.471115 | LR = 2.820609e-05 | grad_norm = 66.867433
  Batch 1852: loss = 4.571841 | LR = 2.820209e-05 | grad_norm = 86.128500
  Batch 1853: loss = 6.622981 | LR = 2.819808e-05 | grad_norm = 84.241799
  Batch 1854: loss = 5.507760 | LR = 2.819407e-05 | grad_norm = 66.668371
  Batch 1855: loss = 6.194309 | LR = 2.819006e-05 | grad_norm = 93.141512
  Batch 1856: loss = 0.312852 | LR = 2.818604e-05 | grad_norm = 46.603208
  Batch 1857: loss = 0.000448 | LR = 2.818203e-05 | grad_norm = 0.114394
  Batch 1858: loss = 0.784162 | LR = 2.817801e-05 | grad_norm = 96.575518
  Batch 1859: loss = 7.215889 | LR = 2.817399e-05 | grad_norm = 110.930347
  Batch 1860: loss = 4.837473 | LR = 2.816996e-05 | grad_norm = 62.510120
  Batch 1861: loss = 5.486503 | LR = 2.816594e-05 | grad_norm = 121.142865
  Batch 1862: loss = 2.380164 | LR = 2.816191e-05 | grad_norm = 104.083334
  Batch 1863: loss = 5.001139 | LR = 2.815788e-05 | grad_norm = 68.545181
  Batch 1864: loss = 5.034191 | LR = 2.815384e-05 | grad_norm = 73.016319
  Batch 1865: loss = 5.288063 | LR = 2.814981e-05 | grad_norm = 62.459592
  Batch 1866: loss = 4.639575 | LR = 2.814577e-05 | grad_norm = 57.876499
  Batch 1867: loss = 5.578377 | LR = 2.814173e-05 | grad_norm = 81.369471
  Batch 1868: loss = 5.071503 | LR = 2.813769e-05 | grad_norm = 94.754609
  Batch 1869: loss = 5.691074 | LR = 2.813364e-05 | grad_norm = 96.654804
  Batch 1870: loss = 6.061063 | LR = 2.812959e-05 | grad_norm = 85.777062
  Batch 1871: loss = 6.828948 | LR = 2.812554e-05 | grad_norm = 134.046266
  Batch 1872: loss = 4.747962 | LR = 2.812149e-05 | grad_norm = 111.132509
  Batch 1873: loss = 5.277522 | LR = 2.811744e-05 | grad_norm = 125.313788
  Batch 1874: loss = 3.282670 | LR = 2.811338e-05 | grad_norm = 132.263857
  Batch 1875: loss = 5.994802 | LR = 2.810932e-05 | grad_norm = 84.110931
  Batch 1876: loss = 0.000696 | LR = 2.810526e-05 | grad_norm = 0.174340
  Batch 1877: loss = 4.809780 | LR = 2.810120e-05 | grad_norm = 84.177682
  Batch 1878: loss = 5.677439 | LR = 2.809713e-05 | grad_norm = 76.854229
  Batch 1879: loss = 5.887696 | LR = 2.809306e-05 | grad_norm = 104.465067
  Batch 1880: loss = 3.999531 | LR = 2.808899e-05 | grad_norm = 114.869746
  Batch 1881: loss = 8.721770 | LR = 2.808492e-05 | grad_norm = 216.945892
  Batch 1882: loss = 4.857829 | LR = 2.808084e-05 | grad_norm = 52.090220
  Batch 1883: loss = 5.729038 | LR = 2.807676e-05 | grad_norm = 40.738216
  Batch 1884: loss = 5.840713 | LR = 2.807268e-05 | grad_norm = 71.022244
  Batch 1885: loss = 4.728910 | LR = 2.806860e-05 | grad_norm = 60.799266
  Batch 1886: loss = 5.267418 | LR = 2.806452e-05 | grad_norm = 51.426915
  Batch 1887: loss = 4.198917 | LR = 2.806043e-05 | grad_norm = 71.080666
  Batch 1888: loss = 1.382144 | LR = 2.805634e-05 | grad_norm = 97.628775
  Batch 1889: loss = 1.444245 | LR = 2.805225e-05 | grad_norm = 81.616934
  Batch 1890: loss = 5.476119 | LR = 2.804816e-05 | grad_norm = 47.118504
  Batch 1891: loss = 4.294603 | LR = 2.804406e-05 | grad_norm = 66.296347
  Batch 1892: loss = 0.455280 | LR = 2.803996e-05 | grad_norm = 45.963119
  Batch 1893: loss = 3.142118 | LR = 2.803586e-05 | grad_norm = 78.440309
  Batch 1894: loss = 3.664891 | LR = 2.803176e-05 | grad_norm = 79.171899
  Batch 1895: loss = 3.786616 | LR = 2.802765e-05 | grad_norm = 86.307088
  Batch 1896: loss = 4.846774 | LR = 2.802354e-05 | grad_norm = 52.688467
  Batch 1897: loss = 4.886548 | LR = 2.801943e-05 | grad_norm = 43.911129
  Batch 1898: loss = 2.069055 | LR = 2.801532e-05 | grad_norm = 113.708351
  Batch 1899: loss = 5.002558 | LR = 2.801121e-05 | grad_norm = 65.249735
  Batch 1900: loss = 4.302009 | LR = 2.800709e-05 | grad_norm = 57.035964
  Batch 1901: loss = 4.766798 | LR = 2.800297e-05 | grad_norm = 83.878297
  Batch 1902: loss = 7.920022 | LR = 2.799885e-05 | grad_norm = 240.631990
  Batch 1903: loss = 4.697890 | LR = 2.799472e-05 | grad_norm = 98.944950
  Batch 1904: loss = 3.565954 | LR = 2.799060e-05 | grad_norm = 100.937850
  Batch 1905: loss = 2.426418 | LR = 2.798647e-05 | grad_norm = 107.825479
  Batch 1906: loss = 5.434223 | LR = 2.798234e-05 | grad_norm = 123.989003
  Batch 1907: loss = 7.814883 | LR = 2.797820e-05 | grad_norm = 125.787088
  Batch 1908: loss = 3.847751 | LR = 2.797407e-05 | grad_norm = 106.735928
  Batch 1909: loss = 5.029949 | LR = 2.796993e-05 | grad_norm = 82.961510
  Batch 1910: loss = 6.194736 | LR = 2.796579e-05 | grad_norm = 161.124347
  Batch 1911: loss = 5.783458 | LR = 2.796165e-05 | grad_norm = 92.445081
  Batch 1912: loss = 2.761038 | LR = 2.795750e-05 | grad_norm = 93.404093
  Batch 1913: loss = 5.573255 | LR = 2.795336e-05 | grad_norm = 54.335631
  Batch 1914: loss = 3.743993 | LR = 2.794921e-05 | grad_norm = 124.798952
  Batch 1915: loss = 6.956285 | LR = 2.794505e-05 | grad_norm = 70.735799
  Batch 1916: loss = 4.410810 | LR = 2.794090e-05 | grad_norm = 82.509682
  Batch 1917: loss = 5.659485 | LR = 2.793674e-05 | grad_norm = 155.249960
  Batch 1918: loss = 3.874759 | LR = 2.793259e-05 | grad_norm = 137.335502
  Batch 1919: loss = 6.562402 | LR = 2.792842e-05 | grad_norm = 80.280260
  Batch 1920: loss = 8.240166 | LR = 2.792426e-05 | grad_norm = 185.319130
  Batch 1921: loss = 7.709439 | LR = 2.792010e-05 | grad_norm = 109.715663
  Batch 1922: loss = 7.164594 | LR = 2.791593e-05 | grad_norm = 95.957707
  Batch 1923: loss = 4.503155 | LR = 2.791176e-05 | grad_norm = 57.748592
  Batch 1924: loss = 3.648837 | LR = 2.790759e-05 | grad_norm = 74.456656
  Batch 1925: loss = 4.765477 | LR = 2.790341e-05 | grad_norm = 50.254377
  Batch 1926: loss = 5.473158 | LR = 2.789923e-05 | grad_norm = 84.985697
  Batch 1927: loss = 4.074109 | LR = 2.789505e-05 | grad_norm = 70.149952
  Batch 1928: loss = 5.003892 | LR = 2.789087e-05 | grad_norm = 118.593148
  Batch 1929: loss = 5.816575 | LR = 2.788669e-05 | grad_norm = 67.539714
  Batch 1930: loss = 7.257419 | LR = 2.788250e-05 | grad_norm = 223.973576
  Batch 1931: loss = 3.295396 | LR = 2.787831e-05 | grad_norm = 75.670797
  Batch 1932: loss = 4.258425 | LR = 2.787412e-05 | grad_norm = 63.530240
  Batch 1933: loss = 4.117649 | LR = 2.786993e-05 | grad_norm = 80.776560
  Batch 1934: loss = 2.473957 | LR = 2.786574e-05 | grad_norm = 96.694183
  Batch 1935: loss = 1.245719 | LR = 2.786154e-05 | grad_norm = 94.315428
  Batch 1936: loss = 2.808425 | LR = 2.785734e-05 | grad_norm = 73.773687
  Batch 1937: loss = 6.309126 | LR = 2.785314e-05 | grad_norm = 76.763918
  Batch 1938: loss = 0.062212 | LR = 2.784893e-05 | grad_norm = 10.778790
  Batch 1939: loss = 2.951289 | LR = 2.784472e-05 | grad_norm = 74.450083
  Batch 1940: loss = 4.980466 | LR = 2.784052e-05 | grad_norm = 69.305040
  Batch 1941: loss = 4.714637 | LR = 2.783630e-05 | grad_norm = 52.158726
  Batch 1942: loss = 0.001052 | LR = 2.783209e-05 | grad_norm = 0.416726
  Batch 1943: loss = 5.328915 | LR = 2.782787e-05 | grad_norm = 86.773874
  Batch 1944: loss = 4.138145 | LR = 2.782366e-05 | grad_norm = 90.632208
  Batch 1945: loss = 6.372063 | LR = 2.781944e-05 | grad_norm = 102.820395
  Batch 1946: loss = 3.871565 | LR = 2.781521e-05 | grad_norm = 77.011757
  Batch 1947: loss = 1.874753 | LR = 2.781099e-05 | grad_norm = 171.946731
  Batch 1948: loss = 4.157664 | LR = 2.780676e-05 | grad_norm = 77.564798
  Batch 1949: loss = 6.252214 | LR = 2.780253e-05 | grad_norm = 77.549774
  Batch 1950: loss = 6.381655 | LR = 2.779830e-05 | grad_norm = 89.241773
  Batch 1951: loss = 6.491559 | LR = 2.779407e-05 | grad_norm = 74.729468
  Batch 1952: loss = 0.055989 | LR = 2.778983e-05 | grad_norm = 10.034309
  Batch 1953: loss = 6.366518 | LR = 2.778559e-05 | grad_norm = 115.349335
  Batch 1954: loss = 25.644175 | LR = 2.778135e-05 | grad_norm = 473.922099
  Batch 1955: loss = 3.994030 | LR = 2.777711e-05 | grad_norm = 71.006226
  Batch 1956: loss = 3.460450 | LR = 2.777286e-05 | grad_norm = 180.972636
  Batch 1957: loss = 4.827152 | LR = 2.776861e-05 | grad_norm = 96.058045
  Batch 1958: loss = 4.706081 | LR = 2.776436e-05 | grad_norm = 103.042657
  Batch 1959: loss = 5.255880 | LR = 2.776011e-05 | grad_norm = 51.995427
  Batch 1960: loss = 4.704895 | LR = 2.775586e-05 | grad_norm = 88.447955
  Batch 1961: loss = 2.674949 | LR = 2.775160e-05 | grad_norm = 166.972765
  Batch 1962: loss = 4.128922 | LR = 2.774734e-05 | grad_norm = 77.336259
  Batch 1963: loss = 2.947839 | LR = 2.774308e-05 | grad_norm = 129.650505
  Batch 1964: loss = 5.793806 | LR = 2.773882e-05 | grad_norm = 77.668649
  Batch 1965: loss = 4.315085 | LR = 2.773455e-05 | grad_norm = 83.697952
  Batch 1966: loss = 5.576778 | LR = 2.773028e-05 | grad_norm = 86.906511
  Batch 1967: loss = 2.278975 | LR = 2.772601e-05 | grad_norm = 108.825835
  Batch 1968: loss = 6.002034 | LR = 2.772174e-05 | grad_norm = 142.871193
  Batch 1969: loss = 4.714883 | LR = 2.771746e-05 | grad_norm = 75.468139
  Batch 1970: loss = 0.004148 | LR = 2.771319e-05 | grad_norm = 1.108535
  Batch 1971: loss = 5.674998 | LR = 2.770891e-05 | grad_norm = 86.084085
  Batch 1972: loss = 6.458338 | LR = 2.770463e-05 | grad_norm = 78.975688
  Batch 1973: loss = 6.432428 | LR = 2.770034e-05 | grad_norm = 118.542482
  Batch 1974: loss = 2.607884 | LR = 2.769606e-05 | grad_norm = 90.555120
  Batch 1975: loss = 4.705698 | LR = 2.769177e-05 | grad_norm = 55.220355
  Batch 1976: loss = 3.388988 | LR = 2.768748e-05 | grad_norm = 106.046818
  Batch 1977: loss = 5.916226 | LR = 2.768318e-05 | grad_norm = 80.167577
  Batch 1978: loss = 4.554944 | LR = 2.767889e-05 | grad_norm = 66.740888
  Batch 1979: loss = 5.665133 | LR = 2.767459e-05 | grad_norm = 79.873268
  Batch 1980: loss = 0.000000 | LR = 2.767029e-05 | grad_norm = 0.000000
  Batch 1981: loss = 5.763988 | LR = 2.766599e-05 | grad_norm = 58.339492
  Batch 1982: loss = 6.059838 | LR = 2.766169e-05 | grad_norm = 256.938490
  Batch 1983: loss = 4.551742 | LR = 2.765738e-05 | grad_norm = 88.434880
  Batch 1984: loss = 0.456189 | LR = 2.765307e-05 | grad_norm = 61.522142
  Batch 1985: loss = 4.498534 | LR = 2.764876e-05 | grad_norm = 72.713973
  Batch 1986: loss = 3.412205 | LR = 2.764445e-05 | grad_norm = 82.501885
  Batch 1987: loss = 4.747352 | LR = 2.764013e-05 | grad_norm = 76.059804
  Batch 1988: loss = 6.620979 | LR = 2.763581e-05 | grad_norm = 50.507689
  Batch 1989: loss = 2.698969 | LR = 2.763149e-05 | grad_norm = 102.153125
  Batch 1990: loss = 3.413514 | LR = 2.762717e-05 | grad_norm = 92.783130
  Batch 1991: loss = 6.715835 | LR = 2.762285e-05 | grad_norm = 96.537886
  Batch 1992: loss = 4.354336 | LR = 2.761852e-05 | grad_norm = 65.620801
  Batch 1993: loss = 2.839249 | LR = 2.761419e-05 | grad_norm = 80.652337
  Batch 1994: loss = 4.382838 | LR = 2.760986e-05 | grad_norm = 69.499655
  Batch 1995: loss = 5.403262 | LR = 2.760553e-05 | grad_norm = 52.562824
  Batch 1996: loss = 3.816869 | LR = 2.760119e-05 | grad_norm = 80.093772
  Batch 1997: loss = 0.300856 | LR = 2.759686e-05 | grad_norm = 61.725783
  Batch 1998: loss = 4.842523 | LR = 2.759252e-05 | grad_norm = 65.866638
  Batch 1999: loss = 4.268351 | LR = 2.758817e-05 | grad_norm = 48.995483
  Batch 2000: loss = 4.416368 | LR = 2.758383e-05 | grad_norm = 78.898584
  Batch 2001: loss = 5.909638 | LR = 2.757948e-05 | grad_norm = 96.489781
  Batch 2002: loss = 5.441804 | LR = 2.757513e-05 | grad_norm = 57.273362
  Batch 2003: loss = 5.542326 | LR = 2.757078e-05 | grad_norm = 87.942484
  Batch 2004: loss = 5.424530 | LR = 2.756643e-05 | grad_norm = 102.949945
  Batch 2005: loss = 5.040561 | LR = 2.756207e-05 | grad_norm = 67.715698
  Batch 2006: loss = 1.908145 | LR = 2.755771e-05 | grad_norm = 102.551104
  Batch 2007: loss = 1.653910 | LR = 2.755335e-05 | grad_norm = 130.399061
  Batch 2008: loss = 2.662212 | LR = 2.754899e-05 | grad_norm = 106.168582
  Batch 2009: loss = 3.859765 | LR = 2.754463e-05 | grad_norm = 67.915017
  Batch 2010: loss = 4.369290 | LR = 2.754026e-05 | grad_norm = 94.752560
  Batch 2011: loss = 6.771402 | LR = 2.753589e-05 | grad_norm = 124.109797
  Batch 2012: loss = 2.516124 | LR = 2.753152e-05 | grad_norm = 123.949823
  Batch 2013: loss = 5.788867 | LR = 2.752715e-05 | grad_norm = 258.731290
  Batch 2014: loss = 9.198374 | LR = 2.752277e-05 | grad_norm = 223.327338
  Batch 2015: loss = 3.912446 | LR = 2.751839e-05 | grad_norm = 95.559114
  Batch 2016: loss = 6.484253 | LR = 2.751401e-05 | grad_norm = 149.737118
  Batch 2017: loss = 6.044437 | LR = 2.750963e-05 | grad_norm = 86.648716
  Batch 2018: loss = 4.156261 | LR = 2.750525e-05 | grad_norm = 162.185030
  Batch 2019: loss = 4.236046 | LR = 2.750086e-05 | grad_norm = 73.370202
  Batch 2020: loss = 4.678451 | LR = 2.749647e-05 | grad_norm = 69.942870
  Batch 2021: loss = 1.316094 | LR = 2.749208e-05 | grad_norm = 94.924865
  Batch 2022: loss = 7.948771 | LR = 2.748769e-05 | grad_norm = 163.872195
  Batch 2023: loss = 3.017277 | LR = 2.748329e-05 | grad_norm = 95.091338
  Batch 2024: loss = 5.705561 | LR = 2.747889e-05 | grad_norm = 74.852419
  Batch 2025: loss = 5.135942 | LR = 2.747449e-05 | grad_norm = 52.096386
  Batch 2026: loss = 4.384166 | LR = 2.747009e-05 | grad_norm = 117.648692
  Batch 2027: loss = 5.642933 | LR = 2.746569e-05 | grad_norm = 49.248961
  Batch 2028: loss = 3.656048 | LR = 2.746128e-05 | grad_norm = 96.907815
  Batch 2029: loss = 5.067636 | LR = 2.745687e-05 | grad_norm = 70.292746
  Batch 2030: loss = 5.992121 | LR = 2.745246e-05 | grad_norm = 70.776426
  Batch 2031: loss = 6.303430 | LR = 2.744805e-05 | grad_norm = 69.038531
  Batch 2032: loss = 6.576240 | LR = 2.744363e-05 | grad_norm = 111.042791
  Batch 2033: loss = 3.968089 | LR = 2.743921e-05 | grad_norm = 88.443309
  Batch 2034: loss = 1.118577 | LR = 2.743479e-05 | grad_norm = 78.236251
  Batch 2035: loss = 3.175839 | LR = 2.743037e-05 | grad_norm = 158.503379
  Batch 2036: loss = 0.933673 | LR = 2.742595e-05 | grad_norm = 98.095544
  Batch 2037: loss = 6.077487 | LR = 2.742152e-05 | grad_norm = 116.897336
  Batch 2038: loss = 2.268690 | LR = 2.741709e-05 | grad_norm = 134.173820
  Batch 2039: loss = 4.412445 | LR = 2.741266e-05 | grad_norm = 122.958050
  Batch 2040: loss = 4.974930 | LR = 2.740823e-05 | grad_norm = 85.420721
  Batch 2041: loss = 4.512582 | LR = 2.740379e-05 | grad_norm = 83.347236
  Batch 2042: loss = 5.824513 | LR = 2.739935e-05 | grad_norm = 93.194970
  Batch 2043: loss = 5.768304 | LR = 2.739491e-05 | grad_norm = 58.491529
  Batch 2044: loss = 2.738298 | LR = 2.739047e-05 | grad_norm = 78.151539
  Batch 2045: loss = 6.362879 | LR = 2.738603e-05 | grad_norm = 54.021562
  Batch 2046: loss = 0.005083 | LR = 2.738158e-05 | grad_norm = 1.126416
  Batch 2047: loss = 5.223720 | LR = 2.737713e-05 | grad_norm = 173.278702
  Batch 2048: loss = 5.688468 | LR = 2.737268e-05 | grad_norm = 112.026637
  Batch 2049: loss = 3.369622 | LR = 2.736823e-05 | grad_norm = 89.540013
  Batch 2050: loss = 5.881815 | LR = 2.736377e-05 | grad_norm = 78.888662
  Batch 2051: loss = 5.393746 | LR = 2.735932e-05 | grad_norm = 67.241758
  Batch 2052: loss = 0.172699 | LR = 2.735486e-05 | grad_norm = 21.315733
  Batch 2053: loss = 6.651587 | LR = 2.735040e-05 | grad_norm = 71.955219
  Batch 2054: loss = 5.373936 | LR = 2.734593e-05 | grad_norm = 43.555791
  Batch 2055: loss = 3.733733 | LR = 2.734147e-05 | grad_norm = 103.149042
  Batch 2056: loss = 5.199422 | LR = 2.733700e-05 | grad_norm = 59.802484
  Batch 2057: loss = 4.904922 | LR = 2.733253e-05 | grad_norm = 63.444101
  Batch 2058: loss = 5.801142 | LR = 2.732805e-05 | grad_norm = 100.373754
  Batch 2059: loss = 6.464654 | LR = 2.732358e-05 | grad_norm = 119.654666
  Batch 2060: loss = 4.972832 | LR = 2.731910e-05 | grad_norm = 135.569629
  Batch 2061: loss = 3.871935 | LR = 2.731462e-05 | grad_norm = 72.595143
  Batch 2062: loss = 5.929120 | LR = 2.731014e-05 | grad_norm = 56.544734
  Batch 2063: loss = 4.405220 | LR = 2.730566e-05 | grad_norm = 85.110236
  Batch 2064: loss = 6.059608 | LR = 2.730117e-05 | grad_norm = 110.722243
  Batch 2065: loss = 4.378260 | LR = 2.729668e-05 | grad_norm = 51.962905
  Batch 2066: loss = 5.219843 | LR = 2.729219e-05 | grad_norm = 43.946190
  Batch 2067: loss = 7.338430 | LR = 2.728770e-05 | grad_norm = 138.441193
  Batch 2068: loss = 4.113844 | LR = 2.728321e-05 | grad_norm = 51.574797
  Batch 2069: loss = 0.002505 | LR = 2.727871e-05 | grad_norm = 0.751149
  Batch 2070: loss = 2.839900 | LR = 2.727421e-05 | grad_norm = 74.281242
  Batch 2071: loss = 4.777740 | LR = 2.726971e-05 | grad_norm = 51.339792
  Batch 2072: loss = 4.954551 | LR = 2.726521e-05 | grad_norm = 57.886222
  Batch 2073: loss = 4.257608 | LR = 2.726070e-05 | grad_norm = 107.714701
  Batch 2074: loss = 5.092257 | LR = 2.725620e-05 | grad_norm = 84.828809
  Batch 2075: loss = 4.415087 | LR = 2.725169e-05 | grad_norm = 72.468585
  Batch 2076: loss = 4.445002 | LR = 2.724717e-05 | grad_norm = 79.159774
  Batch 2077: loss = 4.453855 | LR = 2.724266e-05 | grad_norm = 77.586271
  Batch 2078: loss = 0.193645 | LR = 2.723814e-05 | grad_norm = 24.443780
  Batch 2079: loss = 4.066632 | LR = 2.723363e-05 | grad_norm = 84.116181
  Batch 2080: loss = 5.287749 | LR = 2.722910e-05 | grad_norm = 72.458061
  Batch 2081: loss = 2.804672 | LR = 2.722458e-05 | grad_norm = 89.131984
  Batch 2082: loss = 1.084616 | LR = 2.722006e-05 | grad_norm = 69.535798
  Batch 2083: loss = 4.118500 | LR = 2.721553e-05 | grad_norm = 92.727308
  Batch 2084: loss = 5.091712 | LR = 2.721100e-05 | grad_norm = 106.538421
  Batch 2085: loss = 6.147069 | LR = 2.720647e-05 | grad_norm = 95.414822
  Batch 2086: loss = 3.962476 | LR = 2.720194e-05 | grad_norm = 117.394715
  Batch 2087: loss = 3.057179 | LR = 2.719740e-05 | grad_norm = 115.496539
  Batch 2088: loss = 1.661437 | LR = 2.719286e-05 | grad_norm = 105.236562
  Batch 2089: loss = 4.737002 | LR = 2.718832e-05 | grad_norm = 103.619644
  Batch 2090: loss = 7.129175 | LR = 2.718378e-05 | grad_norm = 150.875108
  Batch 2091: loss = 3.199742 | LR = 2.717924e-05 | grad_norm = 99.915774
  Batch 2092: loss = 4.274463 | LR = 2.717469e-05 | grad_norm = 172.951966
  Batch 2093: loss = 0.043924 | LR = 2.717014e-05 | grad_norm = 10.045762
  Batch 2094: loss = 7.008188 | LR = 2.716559e-05 | grad_norm = 130.583681
  Batch 2095: loss = 1.691886 | LR = 2.716104e-05 | grad_norm = 145.289725
  Batch 2096: loss = 9.527757 | LR = 2.715648e-05 | grad_norm = 193.792534
  Batch 2097: loss = 4.808685 | LR = 2.715193e-05 | grad_norm = 86.207312
  Batch 2098: loss = 0.047730 | LR = 2.714737e-05 | grad_norm = 11.204993
  Batch 2099: loss = 5.196308 | LR = 2.714280e-05 | grad_norm = 42.342004
  Batch 2100: loss = 4.709737 | LR = 2.713824e-05 | grad_norm = 85.309459
  Batch 2101: loss = 7.658476 | LR = 2.713367e-05 | grad_norm = 140.222318
  Batch 2102: loss = 0.013502 | LR = 2.712911e-05 | grad_norm = 4.595330
  Batch 2103: loss = 1.964479 | LR = 2.712454e-05 | grad_norm = 109.388374
  Batch 2104: loss = 5.934399 | LR = 2.711996e-05 | grad_norm = 212.959702
  Batch 2105: loss = 6.428932 | LR = 2.711539e-05 | grad_norm = 233.611161
  Batch 2106: loss = 8.173213 | LR = 2.711081e-05 | grad_norm = 116.943443
  Batch 2107: loss = 7.276423 | LR = 2.710623e-05 | grad_norm = 249.512090
  Batch 2108: loss = 4.335765 | LR = 2.710165e-05 | grad_norm = 85.941467
  Batch 2109: loss = 4.620721 | LR = 2.709707e-05 | grad_norm = 98.234170
  Batch 2110: loss = 4.126253 | LR = 2.709249e-05 | grad_norm = 96.931572
  Batch 2111: loss = 2.087101 | LR = 2.708790e-05 | grad_norm = 140.707073
  Batch 2112: loss = 6.780814 | LR = 2.708331e-05 | grad_norm = 127.829103
  Batch 2113: loss = 4.778734 | LR = 2.707872e-05 | grad_norm = 157.532652
  Batch 2114: loss = 4.589659 | LR = 2.707412e-05 | grad_norm = 65.770500
  Batch 2115: loss = 3.081955 | LR = 2.706953e-05 | grad_norm = 123.655540
  Batch 2116: loss = 3.089029 | LR = 2.706493e-05 | grad_norm = 102.314309
  Batch 2117: loss = 3.206545 | LR = 2.706033e-05 | grad_norm = 88.330946
  Batch 2118: loss = 3.295760 | LR = 2.705573e-05 | grad_norm = 113.447506
  Batch 2119: loss = 5.222170 | LR = 2.705112e-05 | grad_norm = 266.171494
  Batch 2120: loss = 3.989903 | LR = 2.704652e-05 | grad_norm = 111.304012
  Batch 2121: loss = 0.883092 | LR = 2.704191e-05 | grad_norm = 76.865121
  Batch 2122: loss = 4.167037 | LR = 2.703730e-05 | grad_norm = 70.910172
  Batch 2123: loss = 4.622948 | LR = 2.703268e-05 | grad_norm = 102.519581
  Batch 2124: loss = 8.178864 | LR = 2.702807e-05 | grad_norm = 159.789313
  Batch 2125: loss = 3.445361 | LR = 2.702345e-05 | grad_norm = 100.933327
  Batch 2126: loss = 0.000264 | LR = 2.701883e-05 | grad_norm = 0.069693
  Batch 2127: loss = 0.000001 | LR = 2.701421e-05 | grad_norm = 0.000503
  Batch 2128: loss = 0.000123 | LR = 2.700959e-05 | grad_norm = 0.036284
  Batch 2129: loss = 4.230252 | LR = 2.700496e-05 | grad_norm = 108.944419
  Batch 2130: loss = 4.361697 | LR = 2.700033e-05 | grad_norm = 80.373347
  Batch 2131: loss = 6.102015 | LR = 2.699570e-05 | grad_norm = 90.038879
  Batch 2132: loss = 3.525733 | LR = 2.699107e-05 | grad_norm = 108.594152
  Batch 2133: loss = 0.000003 | LR = 2.698644e-05 | grad_norm = 0.001382
  Batch 2134: loss = 4.985387 | LR = 2.698180e-05 | grad_norm = 95.653508
  Batch 2135: loss = 6.997869 | LR = 2.697716e-05 | grad_norm = 69.066540
  Batch 2136: loss = 5.721534 | LR = 2.697252e-05 | grad_norm = 76.685702
  Batch 2137: loss = 1.629985 | LR = 2.696788e-05 | grad_norm = 137.427608
  Batch 2138: loss = 3.625630 | LR = 2.696323e-05 | grad_norm = 72.749987
  Batch 2139: loss = 5.639903 | LR = 2.695859e-05 | grad_norm = 106.352359
  Batch 2140: loss = 6.412915 | LR = 2.695394e-05 | grad_norm = 119.365290
  Batch 2141: loss = 3.657598 | LR = 2.694929e-05 | grad_norm = 94.311640
  Batch 2142: loss = 5.854211 | LR = 2.694463e-05 | grad_norm = 99.262987
  Batch 2143: loss = 4.116286 | LR = 2.693998e-05 | grad_norm = 77.764192
  Batch 2144: loss = 5.745609 | LR = 2.693532e-05 | grad_norm = 154.757091
  Batch 2145: loss = 4.799034 | LR = 2.693066e-05 | grad_norm = 145.809089
  Batch 2146: loss = 4.000700 | LR = 2.692600e-05 | grad_norm = 142.620109
  Batch 2147: loss = 3.219023 | LR = 2.692134e-05 | grad_norm = 71.998327
  Batch 2148: loss = 0.021132 | LR = 2.691667e-05 | grad_norm = 3.595655
  Batch 2149: loss = 3.783526 | LR = 2.691200e-05 | grad_norm = 94.560795
  Batch 2150: loss = 4.455057 | LR = 2.690733e-05 | grad_norm = 105.210068
  Batch 2151: loss = 4.886175 | LR = 2.690266e-05 | grad_norm = 104.365236
  Batch 2152: loss = 0.228516 | LR = 2.689798e-05 | grad_norm = 28.451142
  Batch 2153: loss = 0.180959 | LR = 2.689331e-05 | grad_norm = 34.165159
  Batch 2154: loss = 4.907787 | LR = 2.688863e-05 | grad_norm = 130.141307
  Batch 2155: loss = 3.014290 | LR = 2.688395e-05 | grad_norm = 141.612257
  Batch 2156: loss = 0.015026 | LR = 2.687927e-05 | grad_norm = 3.459496
  Batch 2157: loss = 0.000004 | LR = 2.687458e-05 | grad_norm = 0.001225
  Batch 2158: loss = 0.043645 | LR = 2.686989e-05 | grad_norm = 7.562576
  Batch 2159: loss = 0.764490 | LR = 2.686521e-05 | grad_norm = 135.548273
  Batch 2160: loss = 6.721173 | LR = 2.686051e-05 | grad_norm = 104.212798
  Batch 2161: loss = 0.000005 | LR = 2.685582e-05 | grad_norm = 0.001667
  Batch 2162: loss = 0.392279 | LR = 2.685113e-05 | grad_norm = 60.130840
  Batch 2163: loss = 4.793687 | LR = 2.684643e-05 | grad_norm = 143.448792
  Batch 2164: loss = 4.286612 | LR = 2.684173e-05 | grad_norm = 139.181805
  Batch 2165: loss = 7.274982 | LR = 2.683703e-05 | grad_norm = 154.493237
  Batch 2166: loss = 13.044834 | LR = 2.683232e-05 | grad_norm = 342.276241
  Batch 2167: loss = 5.616318 | LR = 2.682762e-05 | grad_norm = 63.668721
  Batch 2168: loss = 2.700491 | LR = 2.682291e-05 | grad_norm = 74.925549
  Batch 2169: loss = 9.572105 | LR = 2.681820e-05 | grad_norm = 238.917565
  Batch 2170: loss = 5.317947 | LR = 2.681349e-05 | grad_norm = 55.266464
  Batch 2171: loss = 10.375149 | LR = 2.680877e-05 | grad_norm = 264.580734
  Batch 2172: loss = 4.425461 | LR = 2.680406e-05 | grad_norm = 93.169412
  Batch 2173: loss = 5.519844 | LR = 2.679934e-05 | grad_norm = 75.659133
  Batch 2174: loss = 1.645145 | LR = 2.679462e-05 | grad_norm = 100.588887
  Batch 2175: loss = 2.691742 | LR = 2.678990e-05 | grad_norm = 82.069370
  Batch 2176: loss = 1.957305 | LR = 2.678517e-05 | grad_norm = 160.304301
  Batch 2177: loss = 0.000000 | LR = 2.678044e-05 | grad_norm = 0.000117
  Batch 2178: loss = 1.192742 | LR = 2.677572e-05 | grad_norm = 122.413811
  Batch 2179: loss = 4.050819 | LR = 2.677098e-05 | grad_norm = 120.976627
  Batch 2180: loss = 7.817564 | LR = 2.676625e-05 | grad_norm = 137.060597
  Batch 2181: loss = 7.382053 | LR = 2.676152e-05 | grad_norm = 124.660203
  Batch 2182: loss = 4.484072 | LR = 2.675678e-05 | grad_norm = 122.843757
  Batch 2183: loss = 2.892298 | LR = 2.675204e-05 | grad_norm = 103.662645
  Batch 2184: loss = 0.760685 | LR = 2.674730e-05 | grad_norm = 87.406371
  Batch 2185: loss = 5.458283 | LR = 2.674256e-05 | grad_norm = 88.847306
  Batch 2186: loss = 5.536593 | LR = 2.673781e-05 | grad_norm = 151.362068
  Batch 2187: loss = 4.650043 | LR = 2.673306e-05 | grad_norm = 95.598438
  Batch 2188: loss = 5.509957 | LR = 2.672831e-05 | grad_norm = 92.040427
  Batch 2189: loss = 5.123779 | LR = 2.672356e-05 | grad_norm = 103.466260
  Batch 2190: loss = 4.888052 | LR = 2.671881e-05 | grad_norm = 76.257858
  Batch 2191: loss = 7.620420 | LR = 2.671405e-05 | grad_norm = 109.996298
  Batch 2192: loss = 4.493469 | LR = 2.670929e-05 | grad_norm = 64.006399
  Batch 2193: loss = 5.656260 | LR = 2.670453e-05 | grad_norm = 103.693114
  Batch 2194: loss = 4.690267 | LR = 2.669977e-05 | grad_norm = 87.283685
  Batch 2195: loss = 5.800957 | LR = 2.669501e-05 | grad_norm = 130.643510
  Batch 2196: loss = 3.660684 | LR = 2.669024e-05 | grad_norm = 84.335786
  Batch 2197: loss = 2.041221 | LR = 2.668547e-05 | grad_norm = 82.418427
  Batch 2198: loss = 5.834769 | LR = 2.668070e-05 | grad_norm = 71.840394
  Batch 2199: loss = 4.594636 | LR = 2.667593e-05 | grad_norm = 78.181011
  Batch 2200: loss = 0.000111 | LR = 2.667116e-05 | grad_norm = 0.033231
  Batch 2201: loss = 4.383965 | LR = 2.666638e-05 | grad_norm = 100.355309
  Batch 2202: loss = 4.019549 | LR = 2.666160e-05 | grad_norm = 72.357041
  Batch 2203: loss = 5.559751 | LR = 2.665682e-05 | grad_norm = 173.878910
  Batch 2204: loss = 2.469497 | LR = 2.665204e-05 | grad_norm = 102.522163
  Batch 2205: loss = 3.595440 | LR = 2.664725e-05 | grad_norm = 102.520108
  Batch 2206: loss = 5.194779 | LR = 2.664247e-05 | grad_norm = 66.890623
  Batch 2207: loss = 3.821647 | LR = 2.663768e-05 | grad_norm = 91.244464
  Batch 2208: loss = 1.833830 | LR = 2.663289e-05 | grad_norm = 129.167672
  Batch 2209: loss = 5.888786 | LR = 2.662809e-05 | grad_norm = 76.511264
  Batch 2210: loss = 2.822031 | LR = 2.662330e-05 | grad_norm = 66.340491
  Batch 2211: loss = 5.791664 | LR = 2.661850e-05 | grad_norm = 112.770493
  Batch 2212: loss = 5.809085 | LR = 2.661370e-05 | grad_norm = 58.419048
  Batch 2213: loss = 4.262963 | LR = 2.660890e-05 | grad_norm = 205.464970
  Batch 2214: loss = 4.086878 | LR = 2.660410e-05 | grad_norm = 96.457818
  Batch 2215: loss = 3.021379 | LR = 2.659929e-05 | grad_norm = 87.769592
  Batch 2216: loss = 3.718129 | LR = 2.659449e-05 | grad_norm = 99.523187
  Batch 2217: loss = 6.954952 | LR = 2.658968e-05 | grad_norm = 301.411681
  Batch 2218: loss = 5.224306 | LR = 2.658486e-05 | grad_norm = 77.704861
  Batch 2219: loss = 1.425350 | LR = 2.658005e-05 | grad_norm = 83.632592
  Batch 2220: loss = 0.031066 | LR = 2.657524e-05 | grad_norm = 7.119324
  Batch 2221: loss = 6.394892 | LR = 2.657042e-05 | grad_norm = 104.127568
  Batch 2222: loss = 4.178124 | LR = 2.656560e-05 | grad_norm = 165.043061
  Batch 2223: loss = 2.495123 | LR = 2.656078e-05 | grad_norm = 76.334695
  Batch 2224: loss = 3.737229 | LR = 2.655595e-05 | grad_norm = 76.913993
  Batch 2225: loss = 1.658700 | LR = 2.655113e-05 | grad_norm = 81.254346
  Batch 2226: loss = 6.620010 | LR = 2.654630e-05 | grad_norm = 99.793569
  Batch 2227: loss = 6.960399 | LR = 2.654147e-05 | grad_norm = 58.063547
  Batch 2228: loss = 11.199739 | LR = 2.653664e-05 | grad_norm = 194.559863
  Batch 2229: loss = 0.000584 | LR = 2.653180e-05 | grad_norm = 0.171775
  Batch 2230: loss = 4.654153 | LR = 2.652697e-05 | grad_norm = 108.092417
  Batch 2231: loss = 5.581139 | LR = 2.652213e-05 | grad_norm = 56.315269
  Batch 2232: loss = 5.506708 | LR = 2.651729e-05 | grad_norm = 99.008771
  Batch 2233: loss = 5.292049 | LR = 2.651245e-05 | grad_norm = 69.993392
  Batch 2234: loss = 6.813702 | LR = 2.650760e-05 | grad_norm = 111.577246
  Batch 2235: loss = 0.000013 | LR = 2.650276e-05 | grad_norm = 0.004053
  Batch 2236: loss = 5.708379 | LR = 2.649791e-05 | grad_norm = 190.924137
  Batch 2237: loss = 4.908060 | LR = 2.649306e-05 | grad_norm = 98.783955
  Batch 2238: loss = 2.738854 | LR = 2.648821e-05 | grad_norm = 108.929185
  Batch 2239: loss = 6.429534 | LR = 2.648335e-05 | grad_norm = 99.029305
  Batch 2240: loss = 3.306484 | LR = 2.647850e-05 | grad_norm = 99.691387
  Batch 2241: loss = 3.612768 | LR = 2.647364e-05 | grad_norm = 117.307525
  Batch 2242: loss = 5.089874 | LR = 2.646878e-05 | grad_norm = 82.255790
  Batch 2243: loss = 5.202946 | LR = 2.646392e-05 | grad_norm = 71.500498
  Batch 2244: loss = 6.368017 | LR = 2.645905e-05 | grad_norm = 103.731517
  Batch 2245: loss = 6.840848 | LR = 2.645419e-05 | grad_norm = 99.230995
  Batch 2246: loss = 5.331601 | LR = 2.644932e-05 | grad_norm = 49.099193
  Batch 2247: loss = 4.600704 | LR = 2.644445e-05 | grad_norm = 54.207458
  Batch 2248: loss = 1.931842 | LR = 2.643957e-05 | grad_norm = 148.707631
  Batch 2249: loss = 0.000210 | LR = 2.643470e-05 | grad_norm = 0.060075
  Batch 2250: loss = 6.017552 | LR = 2.642982e-05 | grad_norm = 64.221851
  Batch 2251: loss = 3.605350 | LR = 2.642495e-05 | grad_norm = 79.444238
  Batch 2252: loss = 4.283973 | LR = 2.642006e-05 | grad_norm = 152.821757
  Batch 2253: loss = 4.494604 | LR = 2.641518e-05 | grad_norm = 66.381488
  Batch 2254: loss = 5.392394 | LR = 2.641030e-05 | grad_norm = 82.156433
  Batch 2255: loss = 5.511087 | LR = 2.640541e-05 | grad_norm = 108.384628
  Batch 2256: loss = 6.340735 | LR = 2.640052e-05 | grad_norm = 86.596460
  Batch 2257: loss = 5.962667 | LR = 2.639563e-05 | grad_norm = 76.456769
  Batch 2258: loss = 5.419467 | LR = 2.639074e-05 | grad_norm = 87.385228
  Batch 2259: loss = 5.436356 | LR = 2.638584e-05 | grad_norm = 90.016293
  Batch 2260: loss = 5.284183 | LR = 2.638095e-05 | grad_norm = 47.355381
  Batch 2261: loss = 3.252757 | LR = 2.637605e-05 | grad_norm = 68.505656
  Batch 2262: loss = 5.782135 | LR = 2.637115e-05 | grad_norm = 99.698329
  Batch 2263: loss = 5.975878 | LR = 2.636625e-05 | grad_norm = 64.649946
  Batch 2264: loss = 5.238001 | LR = 2.636134e-05 | grad_norm = 67.946471
  Batch 2265: loss = 4.871945 | LR = 2.635644e-05 | grad_norm = 50.862058
  Batch 2266: loss = 5.063095 | LR = 2.635153e-05 | grad_norm = 101.913537
  Batch 2267: loss = 1.618342 | LR = 2.634662e-05 | grad_norm = 58.235793
  Batch 2268: loss = 5.079319 | LR = 2.634170e-05 | grad_norm = 59.517360
  Batch 2269: loss = 5.308341 | LR = 2.633679e-05 | grad_norm = 84.415135
  Batch 2270: loss = 4.106300 | LR = 2.633187e-05 | grad_norm = 62.630735
  Batch 2271: loss = 2.520842 | LR = 2.632695e-05 | grad_norm = 77.573162
  Batch 2272: loss = 1.992621 | LR = 2.632203e-05 | grad_norm = 92.829617
  Batch 2273: loss = 0.000721 | LR = 2.631711e-05 | grad_norm = 0.209262
  Batch 2274: loss = 5.748735 | LR = 2.631219e-05 | grad_norm = 94.895700
  Batch 2275: loss = 4.526638 | LR = 2.630726e-05 | grad_norm = 65.568853
  Batch 2276: loss = 5.564154 | LR = 2.630233e-05 | grad_norm = 86.888661
  Batch 2277: loss = 3.338499 | LR = 2.629740e-05 | grad_norm = 85.211697
  Batch 2278: loss = 2.317373 | LR = 2.629247e-05 | grad_norm = 78.557260
  Batch 2279: loss = 6.308712 | LR = 2.628753e-05 | grad_norm = 53.105994
  Batch 2280: loss = 4.130494 | LR = 2.628260e-05 | grad_norm = 79.613706
  Batch 2281: loss = 7.288284 | LR = 2.627766e-05 | grad_norm = 100.283695
  Batch 2282: loss = 6.517214 | LR = 2.627272e-05 | grad_norm = 118.686761
  Batch 2283: loss = 5.753209 | LR = 2.626777e-05 | grad_norm = 62.466037
  Batch 2284: loss = 5.241651 | LR = 2.626283e-05 | grad_norm = 83.143336
  Batch 2285: loss = 2.507446 | LR = 2.625788e-05 | grad_norm = 98.040540
  Batch 2286: loss = 2.789233 | LR = 2.625293e-05 | grad_norm = 155.872080
  Batch 2287: loss = 1.846859 | LR = 2.624798e-05 | grad_norm = 129.129678
  Batch 2288: loss = 4.610373 | LR = 2.624303e-05 | grad_norm = 61.268452
  Batch 2289: loss = 4.334764 | LR = 2.623808e-05 | grad_norm = 90.044823
  Batch 2290: loss = 6.209959 | LR = 2.623312e-05 | grad_norm = 70.831620
  Batch 2291: loss = 1.079198 | LR = 2.622816e-05 | grad_norm = 71.496916
  Batch 2292: loss = 4.949986 | LR = 2.622320e-05 | grad_norm = 100.717002
  Batch 2293: loss = 3.988187 | LR = 2.621824e-05 | grad_norm = 150.634646
  Batch 2294: loss = 6.755329 | LR = 2.621328e-05 | grad_norm = 89.449426
  Batch 2295: loss = 3.461791 | LR = 2.620831e-05 | grad_norm = 134.752891
  Batch 2296: loss = 2.925436 | LR = 2.620334e-05 | grad_norm = 172.708473
  Batch 2297: loss = 5.664954 | LR = 2.619837e-05 | grad_norm = 64.204283
  Batch 2298: loss = 2.987065 | LR = 2.619340e-05 | grad_norm = 148.608720
  Batch 2299: loss = 6.833099 | LR = 2.618842e-05 | grad_norm = 96.885434
  Batch 2300: loss = 4.740532 | LR = 2.618345e-05 | grad_norm = 72.184854
  Batch 2301: loss = 4.909002 | LR = 2.617847e-05 | grad_norm = 71.151104
  Batch 2302: loss = 5.516735 | LR = 2.617349e-05 | grad_norm = 72.349317
  Batch 2303: loss = 6.223762 | LR = 2.616851e-05 | grad_norm = 114.218666
  Batch 2304: loss = 3.528746 | LR = 2.616352e-05 | grad_norm = 105.565167
  Batch 2305: loss = 5.606057 | LR = 2.615854e-05 | grad_norm = 45.827594
  Batch 2306: loss = 7.474402 | LR = 2.615355e-05 | grad_norm = 121.088827
  Batch 2307: loss = 0.000153 | LR = 2.614856e-05 | grad_norm = 0.048921
  Batch 2308: loss = 4.890135 | LR = 2.614357e-05 | grad_norm = 93.083320
  Batch 2309: loss = 6.322710 | LR = 2.613857e-05 | grad_norm = 84.795886
  Batch 2310: loss = 6.599819 | LR = 2.613358e-05 | grad_norm = 70.319300
  Batch 2311: loss = 3.412153 | LR = 2.612858e-05 | grad_norm = 93.342131
  Batch 2312: loss = 3.063875 | LR = 2.612358e-05 | grad_norm = 133.455943
  Batch 2313: loss = 5.365561 | LR = 2.611858e-05 | grad_norm = 85.038299
  Batch 2314: loss = 5.796836 | LR = 2.611357e-05 | grad_norm = 70.336595
  Batch 2315: loss = 4.630585 | LR = 2.610857e-05 | grad_norm = 108.617955
  Batch 2316: loss = 2.748424 | LR = 2.610356e-05 | grad_norm = 92.193460
  Batch 2317: loss = 5.750599 | LR = 2.609855e-05 | grad_norm = 47.997255
  Batch 2318: loss = 0.003703 | LR = 2.609354e-05 | grad_norm = 0.919820
  Batch 2319: loss = 2.883533 | LR = 2.608853e-05 | grad_norm = 98.410710
  Batch 2320: loss = 6.272612 | LR = 2.608351e-05 | grad_norm = 61.950178
  Batch 2321: loss = 4.521005 | LR = 2.607849e-05 | grad_norm = 99.150397
  Batch 2322: loss = 4.442728 | LR = 2.607347e-05 | grad_norm = 102.778174
  Batch 2323: loss = 2.871075 | LR = 2.606845e-05 | grad_norm = 113.754678
  Batch 2324: loss = 3.144684 | LR = 2.606343e-05 | grad_norm = 72.784930
  Batch 2325: loss = 5.627223 | LR = 2.605840e-05 | grad_norm = 139.025874
  Batch 2326: loss = 0.010495 | LR = 2.605338e-05 | grad_norm = 2.032399
  Batch 2327: loss = 5.688379 | LR = 2.604835e-05 | grad_norm = 68.184356
  Batch 2328: loss = 3.490447 | LR = 2.604332e-05 | grad_norm = 164.894275
  Batch 2329: loss = 5.579638 | LR = 2.603828e-05 | grad_norm = 97.035772
  Batch 2330: loss = 4.666931 | LR = 2.603325e-05 | grad_norm = 138.550105
  Batch 2331: loss = 0.323438 | LR = 2.602821e-05 | grad_norm = 43.945915
  Batch 2332: loss = 5.547367 | LR = 2.602317e-05 | grad_norm = 73.825553
  Batch 2333: loss = 4.769112 | LR = 2.601813e-05 | grad_norm = 64.641612
  Batch 2334: loss = 5.217285 | LR = 2.601309e-05 | grad_norm = 84.601382
  Batch 2335: loss = 4.155248 | LR = 2.600804e-05 | grad_norm = 77.032842
  Batch 2336: loss = 2.484351 | LR = 2.600300e-05 | grad_norm = 103.381989
  Batch 2337: loss = 4.890768 | LR = 2.599795e-05 | grad_norm = 61.343632
  Batch 2338: loss = 5.769186 | LR = 2.599290e-05 | grad_norm = 56.632498
  Batch 2339: loss = 2.516651 | LR = 2.598785e-05 | grad_norm = 92.814580
  Batch 2340: loss = 5.081507 | LR = 2.598279e-05 | grad_norm = 103.544400
  Batch 2341: loss = 7.826495 | LR = 2.597774e-05 | grad_norm = 223.425882
  Batch 2342: loss = 4.435283 | LR = 2.597268e-05 | grad_norm = 103.544425
  Batch 2343: loss = 4.186394 | LR = 2.596762e-05 | grad_norm = 104.677264
  Batch 2344: loss = 4.858479 | LR = 2.596256e-05 | grad_norm = 90.129966
  Batch 2345: loss = 4.375186 | LR = 2.595749e-05 | grad_norm = 78.559104
  Batch 2346: loss = 0.916316 | LR = 2.595243e-05 | grad_norm = 125.658293
  Batch 2347: loss = 6.211102 | LR = 2.594736e-05 | grad_norm = 98.214386
  Batch 2348: loss = 10.610971 | LR = 2.594229e-05 | grad_norm = 238.755453
  Batch 2349: loss = 2.218943 | LR = 2.593722e-05 | grad_norm = 107.937026
  Batch 2350: loss = 3.964160 | LR = 2.593214e-05 | grad_norm = 144.010198
  Batch 2351: loss = 0.000093 | LR = 2.592707e-05 | grad_norm = 0.022636
  Batch 2352: loss = 0.000000 | LR = 2.592199e-05 | grad_norm = 0.000016
  Batch 2353: loss = 5.718776 | LR = 2.591691e-05 | grad_norm = 94.194441
  Batch 2354: loss = 4.976685 | LR = 2.591183e-05 | grad_norm = 65.683388
  Batch 2355: loss = 3.987492 | LR = 2.590675e-05 | grad_norm = 78.286692
  Batch 2356: loss = 0.927857 | LR = 2.590166e-05 | grad_norm = 68.294424
  Batch 2357: loss = 4.731607 | LR = 2.589657e-05 | grad_norm = 55.312379
  Batch 2358: loss = 3.960739 | LR = 2.589148e-05 | grad_norm = 93.270979
  Batch 2359: loss = 1.192160 | LR = 2.588639e-05 | grad_norm = 107.139808
  Batch 2360: loss = 3.288209 | LR = 2.588130e-05 | grad_norm = 81.267338
  Batch 2361: loss = 2.584655 | LR = 2.587621e-05 | grad_norm = 90.030273
  Batch 2362: loss = 6.126878 | LR = 2.587111e-05 | grad_norm = 52.709929
  Batch 2363: loss = 3.107107 | LR = 2.586601e-05 | grad_norm = 102.239095
  Batch 2364: loss = 5.229721 | LR = 2.586091e-05 | grad_norm = 56.954537
  Batch 2365: loss = 5.825442 | LR = 2.585581e-05 | grad_norm = 98.251206
  Batch 2366: loss = 3.721776 | LR = 2.585070e-05 | grad_norm = 48.490943
  Batch 2367: loss = 4.362769 | LR = 2.584560e-05 | grad_norm = 72.548735
  Batch 2368: loss = 3.818526 | LR = 2.584049e-05 | grad_norm = 61.627344
  Batch 2369: loss = 4.297069 | LR = 2.583538e-05 | grad_norm = 138.584767
  Batch 2370: loss = 4.869597 | LR = 2.583027e-05 | grad_norm = 51.296375
  Batch 2371: loss = 7.061826 | LR = 2.582515e-05 | grad_norm = 117.931273
  Batch 2372: loss = 5.296607 | LR = 2.582004e-05 | grad_norm = 112.118117
  Batch 2373: loss = 5.649701 | LR = 2.581492e-05 | grad_norm = 77.389211
  Batch 2374: loss = 3.392720 | LR = 2.580980e-05 | grad_norm = 134.837058
  Batch 2375: loss = 6.708647 | LR = 2.580468e-05 | grad_norm = 189.271800
  Batch 2376: loss = 3.167779 | LR = 2.579955e-05 | grad_norm = 236.594965
  Batch 2377: loss = 6.059661 | LR = 2.579443e-05 | grad_norm = 102.407213
  Batch 2378: loss = 6.958412 | LR = 2.578930e-05 | grad_norm = 209.488388
  Batch 2379: loss = 0.000484 | LR = 2.578417e-05 | grad_norm = 0.175237
  Batch 2380: loss = 5.824458 | LR = 2.577904e-05 | grad_norm = 92.268149
  Batch 2381: loss = 4.653541 | LR = 2.577391e-05 | grad_norm = 85.120492
  Batch 2382: loss = 4.057230 | LR = 2.576877e-05 | grad_norm = 101.369034
  Batch 2383: loss = 5.363662 | LR = 2.576364e-05 | grad_norm = 100.169853
  Batch 2384: loss = 3.579604 | LR = 2.575850e-05 | grad_norm = 57.876636
  Batch 2385: loss = 2.453127 | LR = 2.575336e-05 | grad_norm = 60.337725
  Batch 2386: loss = 5.776957 | LR = 2.574822e-05 | grad_norm = 69.692177
  Batch 2387: loss = 1.605485 | LR = 2.574307e-05 | grad_norm = 98.538921
  Batch 2388: loss = 6.212173 | LR = 2.573793e-05 | grad_norm = 95.213963
  Batch 2389: loss = 5.105758 | LR = 2.573278e-05 | grad_norm = 251.128690
  Batch 2390: loss = 3.317003 | LR = 2.572763e-05 | grad_norm = 126.034999
  Batch 2391: loss = 4.019845 | LR = 2.572248e-05 | grad_norm = 70.530831
  Batch 2392: loss = 3.793769 | LR = 2.571732e-05 | grad_norm = 101.868264
  Batch 2393: loss = 3.235046 | LR = 2.571217e-05 | grad_norm = 99.248063
  Batch 2394: loss = 4.645340 | LR = 2.570701e-05 | grad_norm = 155.491155
  Batch 2395: loss = 3.702973 | LR = 2.570185e-05 | grad_norm = 85.470787
  Batch 2396: loss = 2.739699 | LR = 2.569669e-05 | grad_norm = 171.935062
  Batch 2397: loss = 4.977402 | LR = 2.569153e-05 | grad_norm = 61.295733
  Batch 2398: loss = 4.592340 | LR = 2.568636e-05 | grad_norm = 92.757409
  Batch 2399: loss = 0.198067 | LR = 2.568119e-05 | grad_norm = 29.300402
  Batch 2400: loss = 0.000003 | LR = 2.567603e-05 | grad_norm = 0.001111
  Batch 2401: loss = 5.183896 | LR = 2.567086e-05 | grad_norm = 71.302234
  Batch 2402: loss = 5.914256 | LR = 2.566568e-05 | grad_norm = 64.612601
  Batch 2403: loss = 0.000002 | LR = 2.566051e-05 | grad_norm = 0.000493
  Batch 2404: loss = 3.341561 | LR = 2.565533e-05 | grad_norm = 107.767707
  Batch 2405: loss = 4.980833 | LR = 2.565015e-05 | grad_norm = 81.066286
  Batch 2406: loss = 6.465865 | LR = 2.564497e-05 | grad_norm = 158.023637
  Batch 2407: loss = 3.919832 | LR = 2.563979e-05 | grad_norm = 129.455915
  Batch 2408: loss = 5.629961 | LR = 2.563461e-05 | grad_norm = 63.926029
  Batch 2409: loss = 4.159679 | LR = 2.562942e-05 | grad_norm = 91.690805
  Batch 2410: loss = 4.687839 | LR = 2.562424e-05 | grad_norm = 97.971223
  Batch 2411: loss = 6.617533 | LR = 2.561905e-05 | grad_norm = 149.411878
  Batch 2412: loss = 3.179444 | LR = 2.561385e-05 | grad_norm = 105.216180
  Batch 2413: loss = 2.902865 | LR = 2.560866e-05 | grad_norm = 221.780844
  Batch 2414: loss = 5.083918 | LR = 2.560347e-05 | grad_norm = 69.155380
  Batch 2415: loss = 0.066773 | LR = 2.559827e-05 | grad_norm = 12.761695
  Batch 2416: loss = 5.511178 | LR = 2.559307e-05 | grad_norm = 67.446819
  Batch 2417: loss = 5.041016 | LR = 2.558787e-05 | grad_norm = 85.359352
  Batch 2418: loss = 3.460738 | LR = 2.558267e-05 | grad_norm = 100.593155
  Batch 2419: loss = 3.505833 | LR = 2.557746e-05 | grad_norm = 80.223100
  Batch 2420: loss = 0.021580 | LR = 2.557226e-05 | grad_norm = 3.621901
  Batch 2421: loss = 6.099945 | LR = 2.556705e-05 | grad_norm = 67.011464
  Batch 2422: loss = 2.023850 | LR = 2.556184e-05 | grad_norm = 97.535331
  Batch 2423: loss = 7.573181 | LR = 2.555663e-05 | grad_norm = 97.728528
  Batch 2424: loss = 1.351936 | LR = 2.555142e-05 | grad_norm = 163.322101
  Batch 2425: loss = 5.548452 | LR = 2.554620e-05 | grad_norm = 63.323484
  Batch 2426: loss = 5.461966 | LR = 2.554098e-05 | grad_norm = 71.404018
  Batch 2427: loss = 0.000548 | LR = 2.553576e-05 | grad_norm = 0.140360
  Batch 2428: loss = 0.000042 | LR = 2.553054e-05 | grad_norm = 0.015554
  Batch 2429: loss = 4.969194 | LR = 2.552532e-05 | grad_norm = 69.736582
  Batch 2430: loss = 0.000000 | LR = 2.552010e-05 | grad_norm = 0.000101
  Batch 2431: loss = 2.763607 | LR = 2.551487e-05 | grad_norm = 156.780112
  Batch 2432: loss = 2.938513 | LR = 2.550964e-05 | grad_norm = 85.605199
  Batch 2433: loss = 10.641623 | LR = 2.550441e-05 | grad_norm = 186.242636
  Batch 2434: loss = 1.308756 | LR = 2.549918e-05 | grad_norm = 111.532238
  Batch 2435: loss = 4.506657 | LR = 2.549394e-05 | grad_norm = 89.748805
  Batch 2436: loss = 5.386771 | LR = 2.548871e-05 | grad_norm = 149.259743
  Batch 2437: loss = 8.150291 | LR = 2.548347e-05 | grad_norm = 135.933552
  Batch 2438: loss = 4.304441 | LR = 2.547823e-05 | grad_norm = 110.591495
  Batch 2439: loss = 0.006975 | LR = 2.547299e-05 | grad_norm = 1.559523
  Batch 2440: loss = 9.307631 | LR = 2.546775e-05 | grad_norm = 226.550347
  Batch 2441: loss = 1.333055 | LR = 2.546250e-05 | grad_norm = 88.407640
  Batch 2442: loss = 1.246573 | LR = 2.545726e-05 | grad_norm = 64.406178
  Batch 2443: loss = 0.000000 | LR = 2.545201e-05 | grad_norm = 0.000004
  Batch 2444: loss = 2.468063 | LR = 2.544676e-05 | grad_norm = 287.778931
  Batch 2445: loss = 1.827751 | LR = 2.544151e-05 | grad_norm = 110.771431
  Batch 2446: loss = 6.368346 | LR = 2.543625e-05 | grad_norm = 111.564564
  Batch 2447: loss = 3.093273 | LR = 2.543100e-05 | grad_norm = 150.528155
  Batch 2448: loss = 5.754476 | LR = 2.542574e-05 | grad_norm = 92.403416
  Batch 2449: loss = 0.000068 | LR = 2.542048e-05 | grad_norm = 0.019456
  Batch 2450: loss = 0.001639 | LR = 2.541522e-05 | grad_norm = 0.467610
  Batch 2451: loss = 0.351525 | LR = 2.540995e-05 | grad_norm = 42.885827
  Batch 2452: loss = 5.593530 | LR = 2.540469e-05 | grad_norm = 132.169400
  Batch 2453: loss = 5.747462 | LR = 2.539942e-05 | grad_norm = 91.467733
  Batch 2454: loss = 3.130530 | LR = 2.539415e-05 | grad_norm = 96.138324
  Batch 2455: loss = 5.326934 | LR = 2.538888e-05 | grad_norm = 124.839727
  Batch 2456: loss = 5.506083 | LR = 2.538361e-05 | grad_norm = 147.472181
  Batch 2457: loss = 7.255638 | LR = 2.537834e-05 | grad_norm = 113.959780
  Batch 2458: loss = 4.979446 | LR = 2.537306e-05 | grad_norm = 133.903821
  Batch 2459: loss = 8.078000 | LR = 2.536778e-05 | grad_norm = 168.722734
  Batch 2460: loss = 5.164935 | LR = 2.536250e-05 | grad_norm = 46.122718
  Batch 2461: loss = 4.726883 | LR = 2.535722e-05 | grad_norm = 88.921026
  Batch 2462: loss = 3.561816 | LR = 2.535194e-05 | grad_norm = 92.285796
  Batch 2463: loss = 4.398496 | LR = 2.534665e-05 | grad_norm = 69.611871
  Batch 2464: loss = 5.422248 | LR = 2.534137e-05 | grad_norm = 54.778401
  Batch 2465: loss = 0.000190 | LR = 2.533608e-05 | grad_norm = 0.050960
  Batch 2466: loss = 4.464735 | LR = 2.533079e-05 | grad_norm = 56.489406
  Batch 2467: loss = 4.827118 | LR = 2.532549e-05 | grad_norm = 120.940151
  Batch 2468: loss = 2.321411 | LR = 2.532020e-05 | grad_norm = 105.438811
  Batch 2469: loss = 5.884053 | LR = 2.531490e-05 | grad_norm = 58.582016
  Batch 2470: loss = 4.409112 | LR = 2.530961e-05 | grad_norm = 83.702679
  Batch 2471: loss = 7.768415 | LR = 2.530431e-05 | grad_norm = 107.852395
  Batch 2472: loss = 3.476863 | LR = 2.529901e-05 | grad_norm = 81.020794
  Batch 2473: loss = 6.345397 | LR = 2.529370e-05 | grad_norm = 131.623441
  Batch 2474: loss = 3.925709 | LR = 2.528840e-05 | grad_norm = 68.863740
  Batch 2475: loss = 4.174667 | LR = 2.528309e-05 | grad_norm = 109.266201
  Batch 2476: loss = 6.871312 | LR = 2.527778e-05 | grad_norm = 96.286373
  Batch 2477: loss = 1.940688 | LR = 2.527247e-05 | grad_norm = 124.618249
  Batch 2478: loss = 4.493091 | LR = 2.526716e-05 | grad_norm = 66.043765
  Batch 2479: loss = 3.292759 | LR = 2.526185e-05 | grad_norm = 108.887314
  Batch 2480: loss = 5.683679 | LR = 2.525653e-05 | grad_norm = 100.972935
  Batch 2481: loss = 3.092631 | LR = 2.525121e-05 | grad_norm = 84.190278
  Batch 2482: loss = 3.898529 | LR = 2.524589e-05 | grad_norm = 143.910368
  Batch 2483: loss = 0.836507 | LR = 2.524057e-05 | grad_norm = 79.353440
  Batch 2484: loss = 5.831251 | LR = 2.523525e-05 | grad_norm = 80.328111
  Batch 2485: loss = 4.514454 | LR = 2.522992e-05 | grad_norm = 104.920389
  Batch 2486: loss = 4.735270 | LR = 2.522460e-05 | grad_norm = 56.627250
  Batch 2487: loss = 5.042288 | LR = 2.521927e-05 | grad_norm = 196.723812
  Batch 2488: loss = 5.579433 | LR = 2.521394e-05 | grad_norm = 71.968674
  Batch 2489: loss = 4.373250 | LR = 2.520861e-05 | grad_norm = 94.905317
  Batch 2490: loss = 6.788426 | LR = 2.520327e-05 | grad_norm = 86.552102
  Batch 2491: loss = 1.267795 | LR = 2.519794e-05 | grad_norm = 134.679144
  Batch 2492: loss = 3.401633 | LR = 2.519260e-05 | grad_norm = 103.036390
  Batch 2493: loss = 2.604256 | LR = 2.518726e-05 | grad_norm = 97.404736
  Batch 2494: loss = 6.041172 | LR = 2.518192e-05 | grad_norm = 89.134322
  Batch 2495: loss = 4.142453 | LR = 2.517658e-05 | grad_norm = 57.502570
  Batch 2496: loss = 7.839381 | LR = 2.517123e-05 | grad_norm = 87.133857
  Batch 2497: loss = 1.720292 | LR = 2.516589e-05 | grad_norm = 123.069275
  Batch 2498: loss = 6.191057 | LR = 2.516054e-05 | grad_norm = 66.066781
  Batch 2499: loss = 4.903506 | LR = 2.515519e-05 | grad_norm = 55.126931
  Batch 2500: loss = 4.565174 | LR = 2.514984e-05 | grad_norm = 112.081747
  Batch 2501: loss = 6.415337 | LR = 2.514448e-05 | grad_norm = 57.928533
  Batch 2502: loss = 1.942103 | LR = 2.513913e-05 | grad_norm = 97.675155
  Batch 2503: loss = 5.759622 | LR = 2.513377e-05 | grad_norm = 203.492844
  Batch 2504: loss = 1.789502 | LR = 2.512841e-05 | grad_norm = 97.666841
  Batch 2505: loss = 3.588310 | LR = 2.512305e-05 | grad_norm = 81.695655
  Batch 2506: loss = 6.329238 | LR = 2.511769e-05 | grad_norm = 105.545623
  Batch 2507: loss = 3.426424 | LR = 2.511233e-05 | grad_norm = 101.941594
  Batch 2508: loss = 2.554771 | LR = 2.510696e-05 | grad_norm = 88.054452
  Batch 2509: loss = 4.567459 | LR = 2.510159e-05 | grad_norm = 66.863081
  Batch 2510: loss = 5.962193 | LR = 2.509622e-05 | grad_norm = 93.830664
  Batch 2511: loss = 5.582165 | LR = 2.509085e-05 | grad_norm = 118.872294
  Batch 2512: loss = 4.534275 | LR = 2.508548e-05 | grad_norm = 91.518481
  Batch 2513: loss = 3.477142 | LR = 2.508011e-05 | grad_norm = 95.141039
  Batch 2514: loss = 3.772221 | LR = 2.507473e-05 | grad_norm = 65.833332
  Batch 2515: loss = 0.000000 | LR = 2.506935e-05 | grad_norm = 0.000000
  Batch 2516: loss = 4.160335 | LR = 2.506397e-05 | grad_norm = 72.958502
  Batch 2517: loss = 4.127580 | LR = 2.505859e-05 | grad_norm = 94.981268
  Batch 2518: loss = 2.542730 | LR = 2.505321e-05 | grad_norm = 103.043481
  Batch 2519: loss = 5.291688 | LR = 2.504782e-05 | grad_norm = 95.413433
  Batch 2520: loss = 0.105908 | LR = 2.504243e-05 | grad_norm = 18.049619
  Batch 2521: loss = 1.478791 | LR = 2.503705e-05 | grad_norm = 79.958807
  Batch 2522: loss = 3.075991 | LR = 2.503165e-05 | grad_norm = 72.630946
  Batch 2523: loss = 4.831151 | LR = 2.502626e-05 | grad_norm = 77.277773
  Batch 2524: loss = 4.139289 | LR = 2.502087e-05 | grad_norm = 104.591293
  Batch 2525: loss = 4.176545 | LR = 2.501547e-05 | grad_norm = 81.041730
  Batch 2526: loss = 6.561146 | LR = 2.501008e-05 | grad_norm = 122.710856
  Batch 2527: loss = 7.091463 | LR = 2.500468e-05 | grad_norm = 92.091451
  Batch 2528: loss = 2.772429 | LR = 2.499928e-05 | grad_norm = 75.812253
  Batch 2529: loss = 4.593679 | LR = 2.499387e-05 | grad_norm = 176.714295
  Batch 2530: loss = 0.015842 | LR = 2.498847e-05 | grad_norm = 3.502274
  Batch 2531: loss = 7.304631 | LR = 2.498306e-05 | grad_norm = 112.008366
  Batch 2532: loss = 6.375602 | LR = 2.497765e-05 | grad_norm = 115.069986
  Batch 2533: loss = 2.870674 | LR = 2.497224e-05 | grad_norm = 89.854721
  Batch 2534: loss = 7.537862 | LR = 2.496683e-05 | grad_norm = 178.490853
  Batch 2535: loss = 5.691844 | LR = 2.496142e-05 | grad_norm = 106.919136
  Batch 2536: loss = 6.662247 | LR = 2.495600e-05 | grad_norm = 97.048933
  Batch 2537: loss = 3.246746 | LR = 2.495059e-05 | grad_norm = 140.572814
  Batch 2538: loss = 3.744137 | LR = 2.494517e-05 | grad_norm = 200.460301
  Batch 2539: loss = 1.780712 | LR = 2.493975e-05 | grad_norm = 106.624642
  Batch 2540: loss = 6.566219 | LR = 2.493433e-05 | grad_norm = 64.506201
  Batch 2541: loss = 4.211743 | LR = 2.492890e-05 | grad_norm = 67.727212
  Batch 2542: loss = 3.591061 | LR = 2.492348e-05 | grad_norm = 78.064145
  Batch 2543: loss = 0.042419 | LR = 2.491805e-05 | grad_norm = 10.572311
  Batch 2544: loss = 2.627778 | LR = 2.491262e-05 | grad_norm = 116.459720
  Batch 2545: loss = 3.814154 | LR = 2.490719e-05 | grad_norm = 65.045947
  Batch 2546: loss = 3.616349 | LR = 2.490176e-05 | grad_norm = 72.875819
  Batch 2547: loss = 4.920012 | LR = 2.489632e-05 | grad_norm = 104.081285
  Batch 2548: loss = 4.825113 | LR = 2.489089e-05 | grad_norm = 136.720975
  Batch 2549: loss = 4.938047 | LR = 2.488545e-05 | grad_norm = 86.554676
  Batch 2550: loss = 3.847904 | LR = 2.488001e-05 | grad_norm = 181.674042
  Batch 2551: loss = 7.089850 | LR = 2.487457e-05 | grad_norm = 81.624510
  Batch 2552: loss = 7.252033 | LR = 2.486913e-05 | grad_norm = 132.410553
  Batch 2553: loss = 5.615886 | LR = 2.486368e-05 | grad_norm = 58.929659
  Batch 2554: loss = 3.068082 | LR = 2.485824e-05 | grad_norm = 101.918846
  Batch 2555: loss = 2.327242 | LR = 2.485279e-05 | grad_norm = 72.994072
  Batch 2556: loss = 5.722759 | LR = 2.484734e-05 | grad_norm = 61.396863
  Batch 2557: loss = 0.000000 | LR = 2.484189e-05 | grad_norm = 0.000021
  Batch 2558: loss = 5.445626 | LR = 2.483644e-05 | grad_norm = 84.071466
  Batch 2559: loss = 3.860019 | LR = 2.483098e-05 | grad_norm = 73.845405
  Batch 2560: loss = 3.899174 | LR = 2.482552e-05 | grad_norm = 64.400793
  Batch 2561: loss = 0.155618 | LR = 2.482007e-05 | grad_norm = 19.536372
  Batch 2562: loss = 6.831446 | LR = 2.481461e-05 | grad_norm = 215.022305
  Batch 2563: loss = 2.902423 | LR = 2.480914e-05 | grad_norm = 121.397049
  Batch 2564: loss = 0.000000 | LR = 2.480368e-05 | grad_norm = 0.000000
  Batch 2565: loss = 5.943315 | LR = 2.479822e-05 | grad_norm = 79.448560
  Batch 2566: loss = 4.973495 | LR = 2.479275e-05 | grad_norm = 106.482076
  Batch 2567: loss = 2.500954 | LR = 2.478728e-05 | grad_norm = 110.815577
  Batch 2568: loss = 4.581635 | LR = 2.478181e-05 | grad_norm = 83.910264
  Batch 2569: loss = 5.480312 | LR = 2.477634e-05 | grad_norm = 122.547836
  Batch 2570: loss = 4.546638 | LR = 2.477086e-05 | grad_norm = 90.872790
  Batch 2571: loss = 6.471964 | LR = 2.476539e-05 | grad_norm = 125.808938
  Batch 2572: loss = 0.989978 | LR = 2.475991e-05 | grad_norm = 79.733494
  Batch 2573: loss = 5.668861 | LR = 2.475443e-05 | grad_norm = 107.730003
  Batch 2574: loss = 4.902784 | LR = 2.474895e-05 | grad_norm = 95.242710
  Batch 2575: loss = 3.630626 | LR = 2.474347e-05 | grad_norm = 70.766712
  Batch 2576: loss = 3.994879 | LR = 2.473799e-05 | grad_norm = 65.029878
  Batch 2577: loss = 6.932446 | LR = 2.473250e-05 | grad_norm = 81.407038
  Batch 2578: loss = 2.698607 | LR = 2.472701e-05 | grad_norm = 94.812150
  Batch 2579: loss = 3.887459 | LR = 2.472153e-05 | grad_norm = 85.823997
  Batch 2580: loss = 7.020900 | LR = 2.471603e-05 | grad_norm = 87.453626
  Batch 2581: loss = 3.873873 | LR = 2.471054e-05 | grad_norm = 68.190845
  Batch 2582: loss = 4.690998 | LR = 2.470505e-05 | grad_norm = 91.971805
  Batch 2583: loss = 6.034038 | LR = 2.469955e-05 | grad_norm = 90.789811
  Batch 2584: loss = 3.717899 | LR = 2.469406e-05 | grad_norm = 70.220194
  Batch 2585: loss = 5.744045 | LR = 2.468856e-05 | grad_norm = 80.357223
  Batch 2586: loss = 7.851654 | LR = 2.468306e-05 | grad_norm = 143.090015
  Batch 2587: loss = 5.049774 | LR = 2.467755e-05 | grad_norm = 50.059301
  Batch 2588: loss = 5.712276 | LR = 2.467205e-05 | grad_norm = 201.401735
  Batch 2589: loss = 5.261514 | LR = 2.466654e-05 | grad_norm = 80.791518
  Batch 2590: loss = 2.563947 | LR = 2.466103e-05 | grad_norm = 66.209194
  Batch 2591: loss = 3.517296 | LR = 2.465553e-05 | grad_norm = 87.978348
  Batch 2592: loss = 8.024373 | LR = 2.465001e-05 | grad_norm = 166.181443
  Batch 2593: loss = 5.434160 | LR = 2.464450e-05 | grad_norm = 133.709179
  Batch 2594: loss = 5.141230 | LR = 2.463899e-05 | grad_norm = 53.096122
  Batch 2595: loss = 2.561903 | LR = 2.463347e-05 | grad_norm = 104.560846
  Batch 2596: loss = 6.515161 | LR = 2.462795e-05 | grad_norm = 196.445151
  Batch 2597: loss = 4.765388 | LR = 2.462243e-05 | grad_norm = 94.182782
  Batch 2598: loss = 5.167473 | LR = 2.461691e-05 | grad_norm = 74.347937
  Batch 2599: loss = 3.570751 | LR = 2.461139e-05 | grad_norm = 99.741879
  Batch 2600: loss = 3.064783 | LR = 2.460587e-05 | grad_norm = 90.049873
  Batch 2601: loss = 5.264201 | LR = 2.460034e-05 | grad_norm = 223.407041
  Batch 2602: loss = 3.839974 | LR = 2.459481e-05 | grad_norm = 52.031217
  Batch 2603: loss = 5.986320 | LR = 2.458928e-05 | grad_norm = 126.741553
  Batch 2604: loss = 6.017397 | LR = 2.458375e-05 | grad_norm = 51.407672
  Batch 2605: loss = 6.361111 | LR = 2.457822e-05 | grad_norm = 103.098305
  Batch 2606: loss = 1.623010 | LR = 2.457268e-05 | grad_norm = 79.504263
  Batch 2607: loss = 1.732577 | LR = 2.456715e-05 | grad_norm = 104.795628
  Batch 2608: loss = 1.964862 | LR = 2.456161e-05 | grad_norm = 109.723422
  Batch 2609: loss = 4.533832 | LR = 2.455607e-05 | grad_norm = 67.503366
  Batch 2610: loss = 6.368405 | LR = 2.455053e-05 | grad_norm = 150.775946
  Batch 2611: loss = 5.266271 | LR = 2.454499e-05 | grad_norm = 73.567612
  Batch 2612: loss = 5.736250 | LR = 2.453944e-05 | grad_norm = 92.902287
  Batch 2613: loss = 1.554061 | LR = 2.453390e-05 | grad_norm = 112.219839
  Batch 2614: loss = 7.730088 | LR = 2.452835e-05 | grad_norm = 173.273484
  Batch 2615: loss = 5.247762 | LR = 2.452280e-05 | grad_norm = 87.002312
  Batch 2616: loss = 3.175965 | LR = 2.451725e-05 | grad_norm = 95.560792
  Batch 2617: loss = 5.349294 | LR = 2.451169e-05 | grad_norm = 94.223338
  Batch 2618: loss = 3.407320 | LR = 2.450614e-05 | grad_norm = 79.137728
  Batch 2619: loss = 2.824240 | LR = 2.450058e-05 | grad_norm = 66.631016
  Batch 2620: loss = 4.721992 | LR = 2.449503e-05 | grad_norm = 73.678902
  Batch 2621: loss = 5.295244 | LR = 2.448947e-05 | grad_norm = 68.214399
  Batch 2622: loss = 5.611334 | LR = 2.448391e-05 | grad_norm = 61.490117
  Batch 2623: loss = 3.370620 | LR = 2.447834e-05 | grad_norm = 105.945558
  Batch 2624: loss = 2.855995 | LR = 2.447278e-05 | grad_norm = 106.620477
  Batch 2625: loss = 6.735454 | LR = 2.446721e-05 | grad_norm = 92.764988
  Batch 2626: loss = 6.115022 | LR = 2.446164e-05 | grad_norm = 75.664456
  Batch 2627: loss = 1.966500 | LR = 2.445608e-05 | grad_norm = 89.949182
  Batch 2628: loss = 0.053893 | LR = 2.445050e-05 | grad_norm = 11.355178
  Batch 2629: loss = 2.437433 | LR = 2.444493e-05 | grad_norm = 125.686122
  Batch 2630: loss = 4.836630 | LR = 2.443936e-05 | grad_norm = 62.793840
  Batch 2631: loss = 5.571973 | LR = 2.443378e-05 | grad_norm = 52.768121
  Batch 2632: loss = 5.048547 | LR = 2.442820e-05 | grad_norm = 62.813018
  Batch 2633: loss = 5.407303 | LR = 2.442262e-05 | grad_norm = 94.210819
  Batch 2634: loss = 5.618230 | LR = 2.441704e-05 | grad_norm = 66.641793
  Batch 2635: loss = 0.000164 | LR = 2.441146e-05 | grad_norm = 0.054451
  Batch 2636: loss = 5.505274 | LR = 2.440588e-05 | grad_norm = 66.572867
  Batch 2637: loss = 3.256365 | LR = 2.440029e-05 | grad_norm = 96.857895
  Batch 2638: loss = 5.528789 | LR = 2.439470e-05 | grad_norm = 72.491543
  Batch 2639: loss = 2.032294 | LR = 2.438912e-05 | grad_norm = 84.326206
  Batch 2640: loss = 3.178950 | LR = 2.438352e-05 | grad_norm = 108.865648
  Batch 2641: loss = 6.887326 | LR = 2.437793e-05 | grad_norm = 103.881674
  Batch 2642: loss = 4.221292 | LR = 2.437234e-05 | grad_norm = 90.950587
  Batch 2643: loss = 7.068439 | LR = 2.436674e-05 | grad_norm = 86.401815
  Batch 2644: loss = 5.499102 | LR = 2.436115e-05 | grad_norm = 70.101338
  Batch 2645: loss = 4.484505 | LR = 2.435555e-05 | grad_norm = 142.982270
  Batch 2646: loss = 5.365115 | LR = 2.434995e-05 | grad_norm = 64.041176
  Batch 2647: loss = 3.339650 | LR = 2.434434e-05 | grad_norm = 87.182909
  Batch 2648: loss = 3.179810 | LR = 2.433874e-05 | grad_norm = 74.022892
  Batch 2649: loss = 4.585035 | LR = 2.433313e-05 | grad_norm = 80.012798
  Batch 2650: loss = 3.560893 | LR = 2.432753e-05 | grad_norm = 65.574519
  Batch 2651: loss = 5.208702 | LR = 2.432192e-05 | grad_norm = 92.634062
  Batch 2652: loss = 0.267506 | LR = 2.431631e-05 | grad_norm = 46.753413
  Batch 2653: loss = 1.581509 | LR = 2.431070e-05 | grad_norm = 98.689551
  Batch 2654: loss = 5.231815 | LR = 2.430508e-05 | grad_norm = 68.433453
  Batch 2655: loss = 6.414828 | LR = 2.429947e-05 | grad_norm = 130.598275
  Batch 2656: loss = 5.744143 | LR = 2.429385e-05 | grad_norm = 52.664051
  Batch 2657: loss = 3.765015 | LR = 2.428823e-05 | grad_norm = 94.722522
  Batch 2658: loss = 4.298485 | LR = 2.428261e-05 | grad_norm = 70.560979
  Batch 2659: loss = 5.649622 | LR = 2.427699e-05 | grad_norm = 52.183073
  Batch 2660: loss = 5.046479 | LR = 2.427137e-05 | grad_norm = 67.493725
  Batch 2661: loss = 6.417641 | LR = 2.426574e-05 | grad_norm = 101.554578
  Batch 2662: loss = 6.070256 | LR = 2.426012e-05 | grad_norm = 72.356232
  Batch 2663: loss = 4.462043 | LR = 2.425449e-05 | grad_norm = 114.944218
  Batch 2664: loss = 5.284551 | LR = 2.424886e-05 | grad_norm = 102.527430
  Batch 2665: loss = 6.060641 | LR = 2.424323e-05 | grad_norm = 101.024425
  Batch 2666: loss = 6.069789 | LR = 2.423759e-05 | grad_norm = 90.225461
  Batch 2667: loss = 5.708270 | LR = 2.423196e-05 | grad_norm = 64.142382
  Batch 2668: loss = 7.442659 | LR = 2.422632e-05 | grad_norm = 140.880393
  Batch 2669: loss = 1.163444 | LR = 2.422069e-05 | grad_norm = 134.751226
  Batch 2670: loss = 5.865594 | LR = 2.421505e-05 | grad_norm = 79.355365
  Batch 2671: loss = 4.009537 | LR = 2.420941e-05 | grad_norm = 75.599894
  Batch 2672: loss = 2.807286 | LR = 2.420376e-05 | grad_norm = 69.299328
  Batch 2673: loss = 4.014402 | LR = 2.419812e-05 | grad_norm = 97.865826
  Batch 2674: loss = 4.733978 | LR = 2.419247e-05 | grad_norm = 96.403129
  Batch 2675: loss = 0.000000 | LR = 2.418683e-05 | grad_norm = 0.000090
  Batch 2676: loss = 3.783561 | LR = 2.418118e-05 | grad_norm = 74.735467
  Batch 2677: loss = 5.348417 | LR = 2.417553e-05 | grad_norm = 109.679744
  Batch 2678: loss = 4.197385 | LR = 2.416987e-05 | grad_norm = 62.120670
  Batch 2679: loss = 2.221025 | LR = 2.416422e-05 | grad_norm = 111.303879
  Batch 2680: loss = 1.262264 | LR = 2.415857e-05 | grad_norm = 83.437047
  Batch 2681: loss = 1.860361 | LR = 2.415291e-05 | grad_norm = 100.933014
  Batch 2682: loss = 1.930878 | LR = 2.414725e-05 | grad_norm = 114.031534
  Batch 2683: loss = 5.327873 | LR = 2.414159e-05 | grad_norm = 120.606853
  Batch 2684: loss = 2.410446 | LR = 2.413593e-05 | grad_norm = 140.661730
  Batch 2685: loss = 0.991375 | LR = 2.413027e-05 | grad_norm = 93.432129
  Batch 2686: loss = 5.099843 | LR = 2.412460e-05 | grad_norm = 61.874090
  Batch 2687: loss = 6.647699 | LR = 2.411893e-05 | grad_norm = 85.912022
  Batch 2688: loss = 4.420518 | LR = 2.411327e-05 | grad_norm = 88.578715
  Batch 2689: loss = 5.407858 | LR = 2.410760e-05 | grad_norm = 88.313885
  Batch 2690: loss = 3.467972 | LR = 2.410193e-05 | grad_norm = 67.149029
  Batch 2691: loss = 4.190841 | LR = 2.409625e-05 | grad_norm = 74.352459
  Batch 2692: loss = 4.116508 | LR = 2.409058e-05 | grad_norm = 82.615892
  Batch 2693: loss = 4.510203 | LR = 2.408490e-05 | grad_norm = 75.275067
  Batch 2694: loss = 5.659782 | LR = 2.407922e-05 | grad_norm = 76.423308
  Batch 2695: loss = 4.305532 | LR = 2.407355e-05 | grad_norm = 123.126650
  Batch 2696: loss = 4.540240 | LR = 2.406786e-05 | grad_norm = 176.182921
  Batch 2697: loss = 6.096796 | LR = 2.406218e-05 | grad_norm = 55.331939
  Batch 2698: loss = 5.786036 | LR = 2.405650e-05 | grad_norm = 102.505633
  Batch 2699: loss = 2.961981 | LR = 2.405081e-05 | grad_norm = 102.730468
  Batch 2700: loss = 5.814378 | LR = 2.404513e-05 | grad_norm = 70.914621
  Batch 2701: loss = 0.000762 | LR = 2.403944e-05 | grad_norm = 0.187179
  Batch 2702: loss = 3.856851 | LR = 2.403375e-05 | grad_norm = 102.300289
  Batch 2703: loss = 3.229398 | LR = 2.402806e-05 | grad_norm = 113.288554
  Batch 2704: loss = 3.270042 | LR = 2.402236e-05 | grad_norm = 95.880100
  Batch 2705: loss = 5.817598 | LR = 2.401667e-05 | grad_norm = 97.437408
  Batch 2706: loss = 3.229956 | LR = 2.401097e-05 | grad_norm = 176.815935
  Batch 2707: loss = 5.394102 | LR = 2.400527e-05 | grad_norm = 106.049461
  Batch 2708: loss = 1.969505 | LR = 2.399957e-05 | grad_norm = 139.557359
  Batch 2709: loss = 15.467157 | LR = 2.399387e-05 | grad_norm = 383.445323
  Batch 2710: loss = 3.939611 | LR = 2.398817e-05 | grad_norm = 106.358211
  Batch 2711: loss = 3.897275 | LR = 2.398247e-05 | grad_norm = 79.742521
  Batch 2712: loss = 7.386007 | LR = 2.397676e-05 | grad_norm = 113.841837
  Batch 2713: loss = 3.775154 | LR = 2.397105e-05 | grad_norm = 72.327135
  Batch 2714: loss = 14.343341 | LR = 2.396534e-05 | grad_norm = 429.569683
  Batch 2715: loss = 3.193614 | LR = 2.395963e-05 | grad_norm = 107.919634
  Batch 2716: loss = 1.040086 | LR = 2.395392e-05 | grad_norm = 78.640019
  Batch 2717: loss = 4.675619 | LR = 2.394821e-05 | grad_norm = 81.685502
  Batch 2718: loss = 5.786328 | LR = 2.394249e-05 | grad_norm = 107.031670
  Batch 2719: loss = 5.001803 | LR = 2.393678e-05 | grad_norm = 74.979551
  Batch 2720: loss = 4.331628 | LR = 2.393106e-05 | grad_norm = 100.739918
  Batch 2721: loss = 0.000209 | LR = 2.392534e-05 | grad_norm = 0.052291
  Batch 2722: loss = 6.318027 | LR = 2.391962e-05 | grad_norm = 57.872785
  Batch 2723: loss = 4.482599 | LR = 2.391389e-05 | grad_norm = 126.766347
  Batch 2724: loss = 0.456031 | LR = 2.390817e-05 | grad_norm = 51.064577
  Batch 2725: loss = 6.148051 | LR = 2.390244e-05 | grad_norm = 82.848373
  Batch 2726: loss = 3.743496 | LR = 2.389672e-05 | grad_norm = 93.293291
  Batch 2727: loss = 0.354810 | LR = 2.389099e-05 | grad_norm = 58.904581
  Batch 2728: loss = 4.035553 | LR = 2.388526e-05 | grad_norm = 93.214413
  Batch 2729: loss = 5.943561 | LR = 2.387952e-05 | grad_norm = 139.533079
  Batch 2730: loss = 2.373699 | LR = 2.387379e-05 | grad_norm = 104.343722
  Batch 2731: loss = 7.364614 | LR = 2.386806e-05 | grad_norm = 81.978962
  Batch 2732: loss = 5.353024 | LR = 2.386232e-05 | grad_norm = 77.711131
  Batch 2733: loss = 6.074360 | LR = 2.385658e-05 | grad_norm = 75.149213
  Batch 2734: loss = 5.222822 | LR = 2.385084e-05 | grad_norm = 78.165289
  Batch 2735: loss = 4.077500 | LR = 2.384510e-05 | grad_norm = 74.575706
  Batch 2736: loss = 0.000150 | LR = 2.383936e-05 | grad_norm = 0.041403
  Batch 2737: loss = 4.082480 | LR = 2.383361e-05 | grad_norm = 66.238445
  Batch 2738: loss = 5.787262 | LR = 2.382787e-05 | grad_norm = 79.993212
  Batch 2739: loss = 2.167238 | LR = 2.382212e-05 | grad_norm = 106.665936
  Batch 2740: loss = 5.760086 | LR = 2.381637e-05 | grad_norm = 88.146968
  Batch 2741: loss = 4.290614 | LR = 2.381062e-05 | grad_norm = 82.216549
  Batch 2742: loss = 0.000019 | LR = 2.380487e-05 | grad_norm = 0.006518
  Batch 2743: loss = 6.627097 | LR = 2.379911e-05 | grad_norm = 74.397080
  Batch 2744: loss = 5.429973 | LR = 2.379336e-05 | grad_norm = 70.486963
  Batch 2745: loss = 0.000000 | LR = 2.378760e-05 | grad_norm = 0.000000
  Batch 2746: loss = 3.513321 | LR = 2.378184e-05 | grad_norm = 104.360802
  Batch 2747: loss = 3.552463 | LR = 2.377608e-05 | grad_norm = 82.566624
  Batch 2748: loss = 4.319104 | LR = 2.377032e-05 | grad_norm = 125.090940
  Batch 2749: loss = 7.033896 | LR = 2.376456e-05 | grad_norm = 107.535544
  Batch 2750: loss = 2.183088 | LR = 2.375879e-05 | grad_norm = 73.828639
  Batch 2751: loss = 5.178535 | LR = 2.375303e-05 | grad_norm = 118.609407
  Batch 2752: loss = 0.000000 | LR = 2.374726e-05 | grad_norm = 0.000012
  Batch 2753: loss = 0.004311 | LR = 2.374149e-05 | grad_norm = 0.918626
  Batch 2754: loss = 0.000000 | LR = 2.373572e-05 | grad_norm = 0.000000
  Batch 2755: loss = 5.163487 | LR = 2.372995e-05 | grad_norm = 57.306700
  Batch 2756: loss = 4.646082 | LR = 2.372418e-05 | grad_norm = 60.123356
  Batch 2757: loss = 3.704293 | LR = 2.371840e-05 | grad_norm = 69.224990
  Batch 2758: loss = 3.428234 | LR = 2.371263e-05 | grad_norm = 112.774327
  Batch 2759: loss = 7.141740 | LR = 2.370685e-05 | grad_norm = 234.267805
  Batch 2760: loss = 4.280815 | LR = 2.370107e-05 | grad_norm = 68.630443
  Batch 2761: loss = 8.239672 | LR = 2.369529e-05 | grad_norm = 277.086966
  Batch 2762: loss = 6.087602 | LR = 2.368950e-05 | grad_norm = 49.786995
  Batch 2763: loss = 3.811511 | LR = 2.368372e-05 | grad_norm = 121.355166
  Batch 2764: loss = 3.523407 | LR = 2.367794e-05 | grad_norm = 109.553504
  Batch 2765: loss = 1.364980 | LR = 2.367215e-05 | grad_norm = 85.430508
  Batch 2766: loss = 5.461680 | LR = 2.366636e-05 | grad_norm = 72.271528
  Batch 2767: loss = 0.166834 | LR = 2.366057e-05 | grad_norm = 23.279509
  Batch 2768: loss = 5.556890 | LR = 2.365478e-05 | grad_norm = 116.596217
  Batch 2769: loss = 4.546937 | LR = 2.364899e-05 | grad_norm = 88.124349
  Batch 2770: loss = 4.694617 | LR = 2.364319e-05 | grad_norm = 64.008090
  Batch 2771: loss = 5.642583 | LR = 2.363740e-05 | grad_norm = 81.272065
  Batch 2772: loss = 1.616080 | LR = 2.363160e-05 | grad_norm = 97.495404
  Batch 2773: loss = 3.284878 | LR = 2.362580e-05 | grad_norm = 85.127678
  Batch 2774: loss = 0.000325 | LR = 2.362000e-05 | grad_norm = 0.080204
  Batch 2775: loss = 2.928436 | LR = 2.361420e-05 | grad_norm = 80.424048
  Batch 2776: loss = 3.525862 | LR = 2.360839e-05 | grad_norm = 74.570689
  Batch 2777: loss = 7.331068 | LR = 2.360259e-05 | grad_norm = 113.762991
  Batch 2778: loss = 2.922597 | LR = 2.359678e-05 | grad_norm = 68.462752
  Batch 2779: loss = 5.014636 | LR = 2.359097e-05 | grad_norm = 55.626022
  Batch 2780: loss = 6.367658 | LR = 2.358516e-05 | grad_norm = 64.127170
  Batch 2781: loss = 3.180459 | LR = 2.357935e-05 | grad_norm = 114.424041
  Batch 2782: loss = 6.008239 | LR = 2.357354e-05 | grad_norm = 101.647354
  Batch 2783: loss = 6.404597 | LR = 2.356773e-05 | grad_norm = 93.176432
  Batch 2784: loss = 5.445825 | LR = 2.356191e-05 | grad_norm = 97.091404
  Batch 2785: loss = 1.940426 | LR = 2.355609e-05 | grad_norm = 187.311340
  Batch 2786: loss = 0.000000 | LR = 2.355028e-05 | grad_norm = 0.000000
  Batch 2787: loss = 4.725692 | LR = 2.354446e-05 | grad_norm = 91.689795
  Batch 2788: loss = 5.390395 | LR = 2.353864e-05 | grad_norm = 78.406744
  Batch 2789: loss = 4.133642 | LR = 2.353281e-05 | grad_norm = 88.751822
  Batch 2790: loss = 3.039614 | LR = 2.352699e-05 | grad_norm = 122.108905
  Batch 2791: loss = 5.245043 | LR = 2.352116e-05 | grad_norm = 72.472503
  Batch 2792: loss = 4.532994 | LR = 2.351534e-05 | grad_norm = 90.988642
  Batch 2793: loss = 0.356227 | LR = 2.350951e-05 | grad_norm = 34.795818
  Batch 2794: loss = 6.147592 | LR = 2.350368e-05 | grad_norm = 68.544606
  Batch 2795: loss = 2.736620 | LR = 2.349785e-05 | grad_norm = 84.000650
  Batch 2796: loss = 6.680995 | LR = 2.349201e-05 | grad_norm = 93.763744
  Batch 2797: loss = 3.035835 | LR = 2.348618e-05 | grad_norm = 96.450054
  Batch 2798: loss = 4.087446 | LR = 2.348034e-05 | grad_norm = 149.677915
  Batch 2799: loss = 4.481551 | LR = 2.347450e-05 | grad_norm = 92.183894
  Batch 2800: loss = 3.983441 | LR = 2.346867e-05 | grad_norm = 107.232119
  Batch 2801: loss = 7.734215 | LR = 2.346283e-05 | grad_norm = 109.448936
  Batch 2802: loss = 4.518022 | LR = 2.345698e-05 | grad_norm = 81.709543
  Batch 2803: loss = 4.524283 | LR = 2.345114e-05 | grad_norm = 95.705767
  Batch 2804: loss = 9.268237 | LR = 2.344530e-05 | grad_norm = 210.195932
  Batch 2805: loss = 5.322273 | LR = 2.343945e-05 | grad_norm = 79.837121
  Batch 2806: loss = 7.972974 | LR = 2.343360e-05 | grad_norm = 113.010612
  Batch 2807: loss = 2.952303 | LR = 2.342775e-05 | grad_norm = 57.386980
  Batch 2808: loss = 5.781949 | LR = 2.342190e-05 | grad_norm = 75.933433
  Batch 2809: loss = 6.478336 | LR = 2.341605e-05 | grad_norm = 124.775674
  Batch 2810: loss = 7.380683 | LR = 2.341020e-05 | grad_norm = 126.237147
  Batch 2811: loss = 4.405295 | LR = 2.340434e-05 | grad_norm = 72.141876
  Batch 2812: loss = 3.524320 | LR = 2.339848e-05 | grad_norm = 68.672448
  Batch 2813: loss = 2.975931 | LR = 2.339263e-05 | grad_norm = 83.400623
  Batch 2814: loss = 0.217282 | LR = 2.338677e-05 | grad_norm = 21.078173
  Batch 2815: loss = 2.427602 | LR = 2.338091e-05 | grad_norm = 93.004930
  Batch 2816: loss = 2.140342 | LR = 2.337504e-05 | grad_norm = 76.625432
  Batch 2817: loss = 1.659616 | LR = 2.336918e-05 | grad_norm = 75.752650
  Batch 2818: loss = 3.874285 | LR = 2.336332e-05 | grad_norm = 138.546767
  Batch 2819: loss = 5.992652 | LR = 2.335745e-05 | grad_norm = 65.184952
  Batch 2820: loss = 0.481311 | LR = 2.335158e-05 | grad_norm = 62.230727
  Batch 2821: loss = 4.764673 | LR = 2.334571e-05 | grad_norm = 87.139261
  Batch 2822: loss = 5.968540 | LR = 2.333984e-05 | grad_norm = 87.869962
  Batch 2823: loss = 3.312764 | LR = 2.333397e-05 | grad_norm = 87.878589
  Batch 2824: loss = 5.857237 | LR = 2.332809e-05 | grad_norm = 70.058795
  Batch 2825: loss = 2.074545 | LR = 2.332222e-05 | grad_norm = 89.993096
  Batch 2826: loss = 5.491393 | LR = 2.331634e-05 | grad_norm = 95.096476
  Batch 2827: loss = 5.082905 | LR = 2.331046e-05 | grad_norm = 83.806654
  Batch 2828: loss = 4.496559 | LR = 2.330459e-05 | grad_norm = 151.890371
  Batch 2829: loss = 7.186672 | LR = 2.329870e-05 | grad_norm = 128.044281
  Batch 2830: loss = 6.614031 | LR = 2.329282e-05 | grad_norm = 150.315904
  Batch 2831: loss = 0.000003 | LR = 2.328694e-05 | grad_norm = 0.001091
  Batch 2832: loss = 3.160625 | LR = 2.328105e-05 | grad_norm = 74.719876
  Batch 2833: loss = 5.165500 | LR = 2.327517e-05 | grad_norm = 76.176181
  Batch 2834: loss = 4.900832 | LR = 2.326928e-05 | grad_norm = 49.801578
  Batch 2835: loss = 3.003223 | LR = 2.326339e-05 | grad_norm = 96.882800
  Batch 2836: loss = 4.233501 | LR = 2.325750e-05 | grad_norm = 152.115675
  Batch 2837: loss = 5.396903 | LR = 2.325161e-05 | grad_norm = 128.296116
  Batch 2838: loss = 9.498655 | LR = 2.324571e-05 | grad_norm = 250.335575
  Batch 2839: loss = 5.290015 | LR = 2.323982e-05 | grad_norm = 78.677776
  Batch 2840: loss = 5.514997 | LR = 2.323392e-05 | grad_norm = 92.624237
  Batch 2841: loss = 6.393648 | LR = 2.322802e-05 | grad_norm = 107.850382
  Batch 2842: loss = 12.119634 | LR = 2.322212e-05 | grad_norm = 227.167989
  Batch 2843: loss = 2.513890 | LR = 2.321622e-05 | grad_norm = 89.784973
  Batch 2844: loss = 4.768431 | LR = 2.321032e-05 | grad_norm = 80.560554
  Batch 2845: loss = 3.699179 | LR = 2.320442e-05 | grad_norm = 76.141939
  Batch 2846: loss = 3.731722 | LR = 2.319851e-05 | grad_norm = 68.118695
  Batch 2847: loss = 5.016431 | LR = 2.319260e-05 | grad_norm = 110.892400
  Batch 2848: loss = 0.003690 | LR = 2.318670e-05 | grad_norm = 0.894136
  Batch 2849: loss = 5.497762 | LR = 2.318079e-05 | grad_norm = 91.030661
  Batch 2850: loss = 3.510169 | LR = 2.317488e-05 | grad_norm = 130.020371
  Batch 2851: loss = 3.561278 | LR = 2.316896e-05 | grad_norm = 142.834708
  Batch 2852: loss = 6.041717 | LR = 2.316305e-05 | grad_norm = 73.976767
  Batch 2853: loss = 6.932660 | LR = 2.315713e-05 | grad_norm = 110.735635
  Batch 2854: loss = 6.323337 | LR = 2.315122e-05 | grad_norm = 90.250560
  Batch 2855: loss = 1.929736 | LR = 2.314530e-05 | grad_norm = 111.626212
  Batch 2856: loss = 3.131886 | LR = 2.313938e-05 | grad_norm = 89.947809
  Batch 2857: loss = 0.154440 | LR = 2.313346e-05 | grad_norm = 20.789838
  Batch 2858: loss = 5.781146 | LR = 2.312754e-05 | grad_norm = 50.941328
  Batch 2859: loss = 5.744249 | LR = 2.312161e-05 | grad_norm = 102.153169
  Batch 2860: loss = 0.416446 | LR = 2.311569e-05 | grad_norm = 54.924051
  Batch 2861: loss = 5.263337 | LR = 2.310976e-05 | grad_norm = 98.307768
  Batch 2862: loss = 1.135668 | LR = 2.310384e-05 | grad_norm = 88.459013
  Batch 2863: loss = 3.275331 | LR = 2.309791e-05 | grad_norm = 99.473893
  Batch 2864: loss = 8.080745 | LR = 2.309198e-05 | grad_norm = 122.654514
  Batch 2865: loss = 4.193666 | LR = 2.308604e-05 | grad_norm = 141.045333
  Batch 2866: loss = 4.503992 | LR = 2.308011e-05 | grad_norm = 54.619669
  Batch 2867: loss = 2.960125 | LR = 2.307418e-05 | grad_norm = 73.719219
  Batch 2868: loss = 5.236727 | LR = 2.306824e-05 | grad_norm = 70.912404
  Batch 2869: loss = 0.033470 | LR = 2.306230e-05 | grad_norm = 5.900711
  Batch 2870: loss = 5.151995 | LR = 2.305636e-05 | grad_norm = 119.816637
  Batch 2871: loss = 6.711432 | LR = 2.305042e-05 | grad_norm = 67.875617
  Batch 2872: loss = 5.989497 | LR = 2.304448e-05 | grad_norm = 102.874602
  Batch 2873: loss = 1.851925 | LR = 2.303854e-05 | grad_norm = 92.868584
  Batch 2874: loss = 0.662240 | LR = 2.303260e-05 | grad_norm = 52.924390
  Batch 2875: loss = 5.876140 | LR = 2.302665e-05 | grad_norm = 72.314773
  Batch 2876: loss = 2.829126 | LR = 2.302070e-05 | grad_norm = 166.976334
  Batch 2877: loss = 5.409613 | LR = 2.301475e-05 | grad_norm = 53.173000
  Batch 2878: loss = 6.148357 | LR = 2.300880e-05 | grad_norm = 90.449696
  Batch 2879: loss = 5.429164 | LR = 2.300285e-05 | grad_norm = 93.776900
  Batch 2880: loss = 4.624295 | LR = 2.299690e-05 | grad_norm = 75.840232
  Batch 2881: loss = 2.013840 | LR = 2.299095e-05 | grad_norm = 91.950865
  Batch 2882: loss = 5.288444 | LR = 2.298499e-05 | grad_norm = 66.129555
  Batch 2883: loss = 6.714808 | LR = 2.297903e-05 | grad_norm = 81.257956
  Batch 2884: loss = 4.960975 | LR = 2.297308e-05 | grad_norm = 112.710746
  Batch 2885: loss = 6.356119 | LR = 2.296712e-05 | grad_norm = 122.656193
  Batch 2886: loss = 6.154359 | LR = 2.296116e-05 | grad_norm = 114.630078
  Batch 2887: loss = 7.574393 | LR = 2.295519e-05 | grad_norm = 139.621076
  Batch 2888: loss = 6.080702 | LR = 2.294923e-05 | grad_norm = 62.738451
  Batch 2889: loss = 5.178992 | LR = 2.294326e-05 | grad_norm = 91.299455
  Batch 2890: loss = 0.000078 | LR = 2.293730e-05 | grad_norm = 0.021733
  Batch 2891: loss = 5.305631 | LR = 2.293133e-05 | grad_norm = 171.586363
  Batch 2892: loss = 3.896096 | LR = 2.292536e-05 | grad_norm = 91.765446
  Batch 2893: loss = 1.875284 | LR = 2.291939e-05 | grad_norm = 148.640068
  Batch 2894: loss = 5.448133 | LR = 2.291342e-05 | grad_norm = 68.019319
  Batch 2895: loss = 4.266319 | LR = 2.290745e-05 | grad_norm = 71.551597
  Batch 2896: loss = 6.366284 | LR = 2.290147e-05 | grad_norm = 59.899651
  Batch 2897: loss = 3.008057 | LR = 2.289550e-05 | grad_norm = 60.847861
  Batch 2898: loss = 6.658411 | LR = 2.288952e-05 | grad_norm = 80.898180
  Batch 2899: loss = 5.026198 | LR = 2.288354e-05 | grad_norm = 68.608356
  Batch 2900: loss = 1.567445 | LR = 2.287756e-05 | grad_norm = 70.296916
  Batch 2901: loss = 0.003317 | LR = 2.287158e-05 | grad_norm = 0.839610
  Batch 2902: loss = 5.542563 | LR = 2.286560e-05 | grad_norm = 51.913937
  Batch 2903: loss = 1.994814 | LR = 2.285961e-05 | grad_norm = 95.421710
  Batch 2904: loss = 5.187693 | LR = 2.285363e-05 | grad_norm = 44.148525
  Batch 2905: loss = 4.182061 | LR = 2.284764e-05 | grad_norm = 68.084610
  Batch 2906: loss = 1.736512 | LR = 2.284165e-05 | grad_norm = 101.669459
  Batch 2907: loss = 4.025366 | LR = 2.283566e-05 | grad_norm = 65.775993
  Batch 2908: loss = 2.468098 | LR = 2.282967e-05 | grad_norm = 130.399976
  Batch 2909: loss = 2.042979 | LR = 2.282368e-05 | grad_norm = 78.230309
  Batch 2910: loss = 4.890242 | LR = 2.281769e-05 | grad_norm = 85.907691
  Batch 2911: loss = 5.149234 | LR = 2.281169e-05 | grad_norm = 41.994502
  Batch 2912: loss = 6.202933 | LR = 2.280570e-05 | grad_norm = 78.357241
  Batch 2913: loss = 0.000000 | LR = 2.279970e-05 | grad_norm = 0.000016
  Batch 2914: loss = 4.466661 | LR = 2.279370e-05 | grad_norm = 82.230363
  Batch 2915: loss = 0.992488 | LR = 2.278770e-05 | grad_norm = 73.375279
  Batch 2916: loss = 0.700713 | LR = 2.278170e-05 | grad_norm = 63.055637
  Batch 2917: loss = 1.402294 | LR = 2.277569e-05 | grad_norm = 71.011542
  Batch 2918: loss = 4.980040 | LR = 2.276969e-05 | grad_norm = 124.500697
  Batch 2919: loss = 6.339328 | LR = 2.276369e-05 | grad_norm = 111.190955
  Batch 2920: loss = 6.503436 | LR = 2.275768e-05 | grad_norm = 93.176908
  Batch 2921: loss = 0.054100 | LR = 2.275167e-05 | grad_norm = 11.996656
  Batch 2922: loss = 5.956459 | LR = 2.274566e-05 | grad_norm = 131.850679
  Batch 2923: loss = 5.833632 | LR = 2.273965e-05 | grad_norm = 106.237277
  Batch 2924: loss = 4.966285 | LR = 2.273364e-05 | grad_norm = 85.284095
  Batch 2925: loss = 2.757061 | LR = 2.272762e-05 | grad_norm = 115.829139
  Batch 2926: loss = 2.481068 | LR = 2.272161e-05 | grad_norm = 81.956631
  Batch 2927: loss = 4.815203 | LR = 2.271559e-05 | grad_norm = 131.459151
  Batch 2928: loss = 4.855101 | LR = 2.270958e-05 | grad_norm = 115.390144
  Batch 2929: loss = 3.616679 | LR = 2.270356e-05 | grad_norm = 149.746732
  Batch 2930: loss = 4.579214 | LR = 2.269754e-05 | grad_norm = 64.866178
  Batch 2931: loss = 2.329029 | LR = 2.269152e-05 | grad_norm = 132.229815
  Batch 2932: loss = 5.651437 | LR = 2.268549e-05 | grad_norm = 140.106828
  Batch 2933: loss = 5.105652 | LR = 2.267947e-05 | grad_norm = 50.501137
  Batch 2934: loss = 2.858200 | LR = 2.267344e-05 | grad_norm = 115.061491
  Batch 2935: loss = 3.567941 | LR = 2.266742e-05 | grad_norm = 79.147594
  Batch 2936: loss = 3.110396 | LR = 2.266139e-05 | grad_norm = 87.705783
  Batch 2937: loss = 0.764377 | LR = 2.265536e-05 | grad_norm = 65.759328
  Batch 2938: loss = 4.079196 | LR = 2.264933e-05 | grad_norm = 213.704940
  Batch 2939: loss = 3.862787 | LR = 2.264330e-05 | grad_norm = 139.914249
  Batch 2940: loss = 0.751178 | LR = 2.263726e-05 | grad_norm = 121.506690
  Batch 2941: loss = 5.002400 | LR = 2.263123e-05 | grad_norm = 118.799016
  Batch 2942: loss = 6.899854 | LR = 2.262519e-05 | grad_norm = 89.513239
  Batch 2943: loss = 4.420633 | LR = 2.261916e-05 | grad_norm = 120.706280
  Batch 2944: loss = 8.803061 | LR = 2.261312e-05 | grad_norm = 286.756802
  Batch 2945: loss = 0.376466 | LR = 2.260708e-05 | grad_norm = 72.101569
  Batch 2946: loss = 3.347618 | LR = 2.260104e-05 | grad_norm = 75.606920
  Batch 2947: loss = 4.763245 | LR = 2.259499e-05 | grad_norm = 56.361898
  Batch 2948: loss = 3.953059 | LR = 2.258895e-05 | grad_norm = 111.671093
  Batch 2949: loss = 0.312545 | LR = 2.258291e-05 | grad_norm = 55.291153
  Batch 2950: loss = 2.164060 | LR = 2.257686e-05 | grad_norm = 100.558985
  Batch 2951: loss = 4.437995 | LR = 2.257081e-05 | grad_norm = 79.444209
  Batch 2952: loss = 5.606721 | LR = 2.256476e-05 | grad_norm = 121.998907
  Batch 2953: loss = 3.944422 | LR = 2.255871e-05 | grad_norm = 113.821940
  Batch 2954: loss = 4.315891 | LR = 2.255266e-05 | grad_norm = 147.435568
  Batch 2955: loss = 3.958663 | LR = 2.254661e-05 | grad_norm = 105.475024
  Batch 2956: loss = 7.586345 | LR = 2.254055e-05 | grad_norm = 176.165386
  Batch 2957: loss = 1.763871 | LR = 2.253450e-05 | grad_norm = 100.066895
  Batch 2958: loss = 4.836287 | LR = 2.252844e-05 | grad_norm = 169.509806
  Batch 2959: loss = 4.832478 | LR = 2.252238e-05 | grad_norm = 108.003036
  Batch 2960: loss = 2.660610 | LR = 2.251633e-05 | grad_norm = 75.924999
  Batch 2961: loss = 1.531926 | LR = 2.251026e-05 | grad_norm = 113.235087
  Batch 2962: loss = 3.483377 | LR = 2.250420e-05 | grad_norm = 165.849446
  Batch 2963: loss = 3.302830 | LR = 2.249814e-05 | grad_norm = 95.821885
  Batch 2964: loss = 3.746970 | LR = 2.249208e-05 | grad_norm = 94.040232
  Batch 2965: loss = 0.000000 | LR = 2.248601e-05 | grad_norm = 0.000112
  Batch 2966: loss = 2.373730 | LR = 2.247994e-05 | grad_norm = 128.625374
  Batch 2967: loss = 9.254263 | LR = 2.247387e-05 | grad_norm = 170.591147
  Batch 2968: loss = 4.007908 | LR = 2.246781e-05 | grad_norm = 73.774562
  Batch 2969: loss = 2.915031 | LR = 2.246173e-05 | grad_norm = 128.031667
  Batch 2970: loss = 4.488163 | LR = 2.245566e-05 | grad_norm = 107.619511
  Batch 2971: loss = 2.984408 | LR = 2.244959e-05 | grad_norm = 113.796405
  Batch 2972: loss = 5.139021 | LR = 2.244351e-05 | grad_norm = 95.478046
  Batch 2973: loss = 3.990239 | LR = 2.243744e-05 | grad_norm = 99.912261
  Batch 2974: loss = 5.462357 | LR = 2.243136e-05 | grad_norm = 74.601687
  Batch 2975: loss = 6.100889 | LR = 2.242528e-05 | grad_norm = 120.185354
  Batch 2976: loss = 5.070496 | LR = 2.241920e-05 | grad_norm = 122.610899
  Batch 2977: loss = 3.883569 | LR = 2.241312e-05 | grad_norm = 116.467519
  Batch 2978: loss = 4.354261 | LR = 2.240704e-05 | grad_norm = 101.138264
  Batch 2979: loss = 4.268018 | LR = 2.240096e-05 | grad_norm = 124.157363
  Batch 2980: loss = 6.586991 | LR = 2.239487e-05 | grad_norm = 131.165936
  Batch 2981: loss = 5.593844 | LR = 2.238879e-05 | grad_norm = 80.198300
  Batch 2982: loss = 1.333731 | LR = 2.238270e-05 | grad_norm = 179.951247
  Batch 2983: loss = 0.239144 | LR = 2.237661e-05 | grad_norm = 51.476776
  Batch 2984: loss = 4.527992 | LR = 2.237052e-05 | grad_norm = 95.895643
  Batch 2985: loss = 3.592210 | LR = 2.236443e-05 | grad_norm = 65.503721
  Batch 2986: loss = 5.613502 | LR = 2.235834e-05 | grad_norm = 109.281569
  Batch 2987: loss = 4.922872 | LR = 2.235224e-05 | grad_norm = 90.521323
  Batch 2988: loss = 20.923841 | LR = 2.234615e-05 | grad_norm = 551.284343
  Batch 2989: loss = 0.000160 | LR = 2.234005e-05 | grad_norm = 0.080553
  Batch 2990: loss = 2.172132 | LR = 2.233396e-05 | grad_norm = 95.445813
  Batch 2991: loss = 5.863348 | LR = 2.232786e-05 | grad_norm = 94.120824
  Batch 2992: loss = 2.169298 | LR = 2.232176e-05 | grad_norm = 102.669523
  Batch 2993: loss = 3.098763 | LR = 2.231566e-05 | grad_norm = 96.454749
  Batch 2994: loss = 5.646608 | LR = 2.230955e-05 | grad_norm = 89.657539
  Batch 2995: loss = 4.244305 | LR = 2.230345e-05 | grad_norm = 75.707254
  Batch 2996: loss = 5.147264 | LR = 2.229735e-05 | grad_norm = 61.826470
  Batch 2997: loss = 0.001337 | LR = 2.229124e-05 | grad_norm = 0.294450
  Batch 2998: loss = 4.028175 | LR = 2.228513e-05 | grad_norm = 107.655054
  Batch 2999: loss = 2.548708 | LR = 2.227902e-05 | grad_norm = 80.634510
  Batch 3000: loss = 5.625111 | LR = 2.227291e-05 | grad_norm = 81.945667
  Batch 3001: loss = 0.384318 | LR = 2.226680e-05 | grad_norm = 53.553075
  Batch 3002: loss = 2.897449 | LR = 2.226069e-05 | grad_norm = 123.358296
  Batch 3003: loss = 2.453583 | LR = 2.225458e-05 | grad_norm = 188.725516
  Batch 3004: loss = 4.164098 | LR = 2.224846e-05 | grad_norm = 97.836648
  Batch 3005: loss = 2.540653 | LR = 2.224235e-05 | grad_norm = 129.050320
  Batch 3006: loss = 4.276162 | LR = 2.223623e-05 | grad_norm = 184.040452
  Batch 3007: loss = 0.129604 | LR = 2.223011e-05 | grad_norm = 36.097859
  Batch 3008: loss = 8.316308 | LR = 2.222399e-05 | grad_norm = 198.406912
  Batch 3009: loss = 1.729091 | LR = 2.221787e-05 | grad_norm = 90.182687
  Batch 3010: loss = 1.985574 | LR = 2.221175e-05 | grad_norm = 114.325709
  Batch 3011: loss = 4.228665 | LR = 2.220562e-05 | grad_norm = 76.465664
  Batch 3012: loss = 3.915512 | LR = 2.219950e-05 | grad_norm = 94.416042
  Batch 3013: loss = 0.001308 | LR = 2.219337e-05 | grad_norm = 0.332519
  Batch 3014: loss = 3.486424 | LR = 2.218725e-05 | grad_norm = 82.305329
  Batch 3015: loss = 5.985670 | LR = 2.218112e-05 | grad_norm = 90.488289
  Batch 3016: loss = 6.313339 | LR = 2.217499e-05 | grad_norm = 231.182376
  Batch 3017: loss = 1.735761 | LR = 2.216886e-05 | grad_norm = 96.270762
  Batch 3018: loss = 0.016235 | LR = 2.216273e-05 | grad_norm = 3.341958
  Batch 3019: loss = 7.440007 | LR = 2.215659e-05 | grad_norm = 108.605849
  Batch 3020: loss = 4.784859 | LR = 2.215046e-05 | grad_norm = 80.328890
  Batch 3021: loss = 2.704968 | LR = 2.214432e-05 | grad_norm = 147.921573
  Batch 3022: loss = 5.814713 | LR = 2.213819e-05 | grad_norm = 85.981232
  Batch 3023: loss = 8.074862 | LR = 2.213205e-05 | grad_norm = 134.325775
  Batch 3024: loss = 2.057312 | LR = 2.212591e-05 | grad_norm = 109.321081
  Batch 3025: loss = 1.872860 | LR = 2.211977e-05 | grad_norm = 95.482708
  Batch 3026: loss = 5.739640 | LR = 2.211363e-05 | grad_norm = 102.218676
  Batch 3027: loss = 4.649372 | LR = 2.210748e-05 | grad_norm = 56.478387
  Batch 3028: loss = 0.000000 | LR = 2.210134e-05 | grad_norm = 0.000000
  Batch 3029: loss = 3.160286 | LR = 2.209519e-05 | grad_norm = 165.023249
  Batch 3030: loss = 5.230713 | LR = 2.208905e-05 | grad_norm = 180.045308
  Batch 3031: loss = 1.255779 | LR = 2.208290e-05 | grad_norm = 129.245723
  Batch 3032: loss = 0.261277 | LR = 2.207675e-05 | grad_norm = 41.734679
  Batch 3033: loss = 0.000898 | LR = 2.207060e-05 | grad_norm = 0.208092
  Batch 3034: loss = 6.653059 | LR = 2.206445e-05 | grad_norm = 444.862440
  Batch 3035: loss = 5.278126 | LR = 2.205830e-05 | grad_norm = 74.894427
  Batch 3036: loss = 3.978303 | LR = 2.205214e-05 | grad_norm = 96.773871
  Batch 3037: loss = 0.000000 | LR = 2.204599e-05 | grad_norm = 0.000061
  Batch 3038: loss = 2.116444 | LR = 2.203983e-05 | grad_norm = 119.818449
  Batch 3039: loss = 8.906703 | LR = 2.203367e-05 | grad_norm = 239.479119
  Batch 3040: loss = 7.304821 | LR = 2.202752e-05 | grad_norm = 152.447418
  Batch 3041: loss = 8.869781 | LR = 2.202136e-05 | grad_norm = 224.075033
  Batch 3042: loss = 3.963822 | LR = 2.201519e-05 | grad_norm = 158.767268
  Batch 3043: loss = 2.252134 | LR = 2.200903e-05 | grad_norm = 130.860988
  Batch 3044: loss = 0.301844 | LR = 2.200287e-05 | grad_norm = 64.123672
  Batch 3045: loss = 0.000000 | LR = 2.199670e-05 | grad_norm = 0.000001
  Batch 3046: loss = 1.561893 | LR = 2.199054e-05 | grad_norm = 72.874076
  Batch 3047: loss = 5.470654 | LR = 2.198437e-05 | grad_norm = 132.484967
  Batch 3048: loss = 3.068262 | LR = 2.197820e-05 | grad_norm = 111.478235
  Batch 3049: loss = 4.569711 | LR = 2.197203e-05 | grad_norm = 58.600807
  Batch 3050: loss = 5.573454 | LR = 2.196586e-05 | grad_norm = 93.817410
  Batch 3051: loss = 0.000006 | LR = 2.195969e-05 | grad_norm = 0.002158
  Batch 3052: loss = 6.802685 | LR = 2.195352e-05 | grad_norm = 158.925361
  Batch 3053: loss = 6.126005 | LR = 2.194735e-05 | grad_norm = 97.500945
  Batch 3054: loss = 2.848264 | LR = 2.194117e-05 | grad_norm = 125.573481
  Batch 3055: loss = 4.627367 | LR = 2.193499e-05 | grad_norm = 113.571178
  Batch 3056: loss = 3.004993 | LR = 2.192882e-05 | grad_norm = 89.794499
  Batch 3057: loss = 1.212132 | LR = 2.192264e-05 | grad_norm = 91.224921
  Batch 3058: loss = 5.163210 | LR = 2.191646e-05 | grad_norm = 89.337341
  Batch 3059: loss = 5.218898 | LR = 2.191028e-05 | grad_norm = 129.204499
  Batch 3060: loss = 7.397311 | LR = 2.190409e-05 | grad_norm = 125.863344
  Batch 3061: loss = 6.066180 | LR = 2.189791e-05 | grad_norm = 98.402452
  Batch 3062: loss = 5.636293 | LR = 2.189173e-05 | grad_norm = 94.656807
  Batch 3063: loss = 7.464659 | LR = 2.188554e-05 | grad_norm = 88.576979
  Batch 3064: loss = 5.991121 | LR = 2.187935e-05 | grad_norm = 95.047426
  Batch 3065: loss = 5.324080 | LR = 2.187317e-05 | grad_norm = 86.202309
  Batch 3066: loss = 1.132880 | LR = 2.186698e-05 | grad_norm = 140.707453
  Batch 3067: loss = 4.571269 | LR = 2.186079e-05 | grad_norm = 165.615592
  Batch 3068: loss = 2.758722 | LR = 2.185459e-05 | grad_norm = 84.336220
  Batch 3069: loss = 0.006118 | LR = 2.184840e-05 | grad_norm = 1.465600
  Batch 3070: loss = 5.384844 | LR = 2.184221e-05 | grad_norm = 128.224468
  Batch 3071: loss = 0.000001 | LR = 2.183601e-05 | grad_norm = 0.000305
  Batch 3072: loss = 2.919635 | LR = 2.182982e-05 | grad_norm = 105.340943
  Batch 3073: loss = 6.534705 | LR = 2.182362e-05 | grad_norm = 134.192172
  Batch 3074: loss = 2.701657 | LR = 2.181742e-05 | grad_norm = 74.173957
  Batch 3075: loss = 3.155406 | LR = 2.181122e-05 | grad_norm = 74.197458
  Batch 3076: loss = 5.547891 | LR = 2.180502e-05 | grad_norm = 69.088150
  Batch 3077: loss = 4.304029 | LR = 2.179882e-05 | grad_norm = 99.248973
  Batch 3078: loss = 2.280529 | LR = 2.179261e-05 | grad_norm = 135.264386
  Batch 3079: loss = 4.470910 | LR = 2.178641e-05 | grad_norm = 73.998409
  Batch 3080: loss = 2.580922 | LR = 2.178020e-05 | grad_norm = 85.385145
  Batch 3081: loss = 5.770483 | LR = 2.177400e-05 | grad_norm = 100.365893
  Batch 3082: loss = 6.548059 | LR = 2.176779e-05 | grad_norm = 224.354330
  Batch 3083: loss = 7.202228 | LR = 2.176158e-05 | grad_norm = 110.916177
  Batch 3084: loss = 4.665818 | LR = 2.175537e-05 | grad_norm = 52.892676
  Batch 3085: loss = 0.059667 | LR = 2.174916e-05 | grad_norm = 10.763036
  Batch 3086: loss = 5.691916 | LR = 2.174295e-05 | grad_norm = 69.245681
  Batch 3087: loss = 4.931644 | LR = 2.173673e-05 | grad_norm = 73.002158
  Batch 3088: loss = 0.019643 | LR = 2.173052e-05 | grad_norm = 3.923409
  Batch 3089: loss = 8.454987 | LR = 2.172430e-05 | grad_norm = 110.432576
  Batch 3090: loss = 6.187844 | LR = 2.171809e-05 | grad_norm = 103.527778
  Batch 3091: loss = 5.801502 | LR = 2.171187e-05 | grad_norm = 71.744106
  Batch 3092: loss = 0.578264 | LR = 2.170565e-05 | grad_norm = 61.343548
  Batch 3093: loss = 6.612867 | LR = 2.169943e-05 | grad_norm = 87.351875
  Batch 3094: loss = 1.652669 | LR = 2.169321e-05 | grad_norm = 92.953738
  Batch 3095: loss = 0.246487 | LR = 2.168698e-05 | grad_norm = 34.544961
  Batch 3096: loss = 6.490028 | LR = 2.168076e-05 | grad_norm = 119.054976
  Batch 3097: loss = 0.000037 | LR = 2.167454e-05 | grad_norm = 0.011155
  Batch 3098: loss = 6.204544 | LR = 2.166831e-05 | grad_norm = 80.504409
  Batch 3099: loss = 6.954180 | LR = 2.166208e-05 | grad_norm = 84.296728
  Batch 3100: loss = 3.561418 | LR = 2.165585e-05 | grad_norm = 80.041732
  Batch 3101: loss = 4.196136 | LR = 2.164963e-05 | grad_norm = 86.660275
  Batch 3102: loss = 5.249111 | LR = 2.164339e-05 | grad_norm = 114.936747
  Batch 3103: loss = 0.008055 | LR = 2.163716e-05 | grad_norm = 1.513357
  Batch 3104: loss = 2.315354 | LR = 2.163093e-05 | grad_norm = 112.278920
  Batch 3105: loss = 0.000000 | LR = 2.162470e-05 | grad_norm = 0.000004
  Batch 3106: loss = 2.315107 | LR = 2.161846e-05 | grad_norm = 116.609782
  Batch 3107: loss = 2.155728 | LR = 2.161223e-05 | grad_norm = 127.062357
  Batch 3108: loss = 0.000000 | LR = 2.160599e-05 | grad_norm = 0.000006
  Batch 3109: loss = 0.000002 | LR = 2.159975e-05 | grad_norm = 0.000711
  Batch 3110: loss = 3.593420 | LR = 2.159351e-05 | grad_norm = 95.589072
  Batch 3111: loss = 6.428764 | LR = 2.158727e-05 | grad_norm = 70.486352
  Batch 3112: loss = 0.000009 | LR = 2.158103e-05 | grad_norm = 0.002924
  Batch 3113: loss = 7.183450 | LR = 2.157479e-05 | grad_norm = 189.730275
  Batch 3114: loss = 3.271497 | LR = 2.156854e-05 | grad_norm = 172.410250
  Batch 3115: loss = 4.547467 | LR = 2.156230e-05 | grad_norm = 119.646736
  Batch 3116: loss = 0.000000 | LR = 2.155605e-05 | grad_norm = 0.000004
  Batch 3117: loss = 4.595941 | LR = 2.154980e-05 | grad_norm = 64.453289
  Batch 3118: loss = 8.227464 | LR = 2.154355e-05 | grad_norm = 267.051232
  Batch 3119: loss = 4.001562 | LR = 2.153731e-05 | grad_norm = 92.552049
  Batch 3120: loss = 5.037513 | LR = 2.153105e-05 | grad_norm = 87.820575
  Batch 3121: loss = 1.915529 | LR = 2.152480e-05 | grad_norm = 140.464505
  Batch 3122: loss = 3.200385 | LR = 2.151855e-05 | grad_norm = 84.002539
  Batch 3123: loss = 1.625354 | LR = 2.151230e-05 | grad_norm = 123.838187
  Batch 3124: loss = 4.993773 | LR = 2.150604e-05 | grad_norm = 75.253708
  Batch 3125: loss = 5.155545 | LR = 2.149979e-05 | grad_norm = 104.255632
  Batch 3126: loss = 4.413136 | LR = 2.149353e-05 | grad_norm = 118.642368
  Batch 3127: loss = 4.204017 | LR = 2.148727e-05 | grad_norm = 141.950012
  Batch 3128: loss = 3.127953 | LR = 2.148101e-05 | grad_norm = 132.613453
  Batch 3129: loss = 0.451664 | LR = 2.147475e-05 | grad_norm = 73.340354
  Batch 3130: loss = 4.496817 | LR = 2.146849e-05 | grad_norm = 113.932892
  Batch 3131: loss = 1.809738 | LR = 2.146223e-05 | grad_norm = 130.400633
  Batch 3132: loss = 3.779215 | LR = 2.145596e-05 | grad_norm = 93.186623
  Batch 3133: loss = 1.798772 | LR = 2.144970e-05 | grad_norm = 92.040715
  Batch 3134: loss = 3.954139 | LR = 2.144343e-05 | grad_norm = 100.933474
  Batch 3135: loss = 1.253912 | LR = 2.143716e-05 | grad_norm = 84.622691
  Batch 3136: loss = 0.000269 | LR = 2.143090e-05 | grad_norm = 0.081103
  Batch 3137: loss = 5.003935 | LR = 2.142463e-05 | grad_norm = 101.589448
  Batch 3138: loss = 4.110173 | LR = 2.141836e-05 | grad_norm = 154.494635
  Batch 3139: loss = 6.435181 | LR = 2.141209e-05 | grad_norm = 113.843882
  Batch 3140: loss = 4.601227 | LR = 2.140581e-05 | grad_norm = 83.336972
  Batch 3141: loss = 6.064860 | LR = 2.139954e-05 | grad_norm = 173.632527
  Batch 3142: loss = 2.911689 | LR = 2.139327e-05 | grad_norm = 116.719393
  Batch 3143: loss = 1.115511 | LR = 2.138699e-05 | grad_norm = 67.476572
  Batch 3144: loss = 4.186121 | LR = 2.138071e-05 | grad_norm = 126.969325
  Batch 3145: loss = 5.742982 | LR = 2.137443e-05 | grad_norm = 122.069737
  Batch 3146: loss = 4.162724 | LR = 2.136816e-05 | grad_norm = 81.754110
  Batch 3147: loss = 3.179516 | LR = 2.136188e-05 | grad_norm = 126.871922
  Batch 3148: loss = 3.536598 | LR = 2.135560e-05 | grad_norm = 72.708365
  Batch 3149: loss = 5.168326 | LR = 2.134931e-05 | grad_norm = 65.813805
  Batch 3150: loss = 5.280416 | LR = 2.134303e-05 | grad_norm = 79.287363
  Batch 3151: loss = 5.908835 | LR = 2.133675e-05 | grad_norm = 78.457340
  Batch 3152: loss = 3.588054 | LR = 2.133046e-05 | grad_norm = 171.979269
  Batch 3153: loss = 7.917040 | LR = 2.132417e-05 | grad_norm = 112.474951
  Batch 3154: loss = 4.450843 | LR = 2.131789e-05 | grad_norm = 80.093922
  Batch 3155: loss = 4.479931 | LR = 2.131160e-05 | grad_norm = 67.343055
  Batch 3156: loss = 4.294245 | LR = 2.130531e-05 | grad_norm = 110.105109
  Batch 3157: loss = 5.599739 | LR = 2.129902e-05 | grad_norm = 70.312796
  Batch 3158: loss = 4.651629 | LR = 2.129273e-05 | grad_norm = 92.853816
  Batch 3159: loss = 3.726687 | LR = 2.128643e-05 | grad_norm = 132.411931
  Batch 3160: loss = 3.197201 | LR = 2.128014e-05 | grad_norm = 137.577075
  Batch 3161: loss = 5.053772 | LR = 2.127385e-05 | grad_norm = 73.400102
  Batch 3162: loss = 4.154674 | LR = 2.126755e-05 | grad_norm = 124.708576
  Batch 3163: loss = 3.410037 | LR = 2.126125e-05 | grad_norm = 88.468919
  Batch 3164: loss = 2.021139 | LR = 2.125495e-05 | grad_norm = 114.837887
  Batch 3165: loss = 6.607443 | LR = 2.124866e-05 | grad_norm = 163.782634
  Batch 3166: loss = 6.086886 | LR = 2.124236e-05 | grad_norm = 61.536950
  Batch 3167: loss = 2.082280 | LR = 2.123605e-05 | grad_norm = 107.511021
  Batch 3168: loss = 5.384657 | LR = 2.122975e-05 | grad_norm = 229.151629
  Batch 3169: loss = 5.253829 | LR = 2.122345e-05 | grad_norm = 96.948084
  Batch 3170: loss = 2.947478 | LR = 2.121714e-05 | grad_norm = 103.113328
  Batch 3171: loss = 5.083310 | LR = 2.121084e-05 | grad_norm = 180.090690
  Batch 3172: loss = 0.012628 | LR = 2.120453e-05 | grad_norm = 3.288940
  Batch 3173: loss = 3.777483 | LR = 2.119823e-05 | grad_norm = 98.617953
  Batch 3174: loss = 0.004767 | LR = 2.119192e-05 | grad_norm = 1.028095
  Batch 3175: loss = 4.788014 | LR = 2.118561e-05 | grad_norm = 85.752262
  Batch 3176: loss = 2.798827 | LR = 2.117930e-05 | grad_norm = 56.336720
  Batch 3177: loss = 4.252175 | LR = 2.117299e-05 | grad_norm = 62.830411
  Batch 3178: loss = 0.000012 | LR = 2.116667e-05 | grad_norm = 0.003488
  Batch 3179: loss = 0.897272 | LR = 2.116036e-05 | grad_norm = 81.759201
  Batch 3180: loss = 0.000508 | LR = 2.115404e-05 | grad_norm = 0.135390
  Batch 3181: loss = 8.665489 | LR = 2.114773e-05 | grad_norm = 197.391791
  Batch 3182: loss = 4.256245 | LR = 2.114141e-05 | grad_norm = 137.918410
  Batch 3183: loss = 4.411420 | LR = 2.113509e-05 | grad_norm = 99.570091
  Batch 3184: loss = 8.023068 | LR = 2.112878e-05 | grad_norm = 158.217569
  Batch 3185: loss = 7.102623 | LR = 2.112246e-05 | grad_norm = 123.833246
  Batch 3186: loss = 2.486593 | LR = 2.111613e-05 | grad_norm = 154.107668
  Batch 3187: loss = 5.947707 | LR = 2.110981e-05 | grad_norm = 92.002011
  Batch 3188: loss = 4.456465 | LR = 2.110349e-05 | grad_norm = 111.722746
  Batch 3189: loss = 3.005353 | LR = 2.109717e-05 | grad_norm = 108.288954
  Batch 3190: loss = 6.509690 | LR = 2.109084e-05 | grad_norm = 67.979853
  Batch 3191: loss = 1.938125 | LR = 2.108452e-05 | grad_norm = 97.012641
  Batch 3192: loss = 3.198717 | LR = 2.107819e-05 | grad_norm = 118.402585
  Batch 3193: loss = 6.204742 | LR = 2.107186e-05 | grad_norm = 131.767336
  Batch 3194: loss = 3.045713 | LR = 2.106553e-05 | grad_norm = 90.507193
  Batch 3195: loss = 1.961694 | LR = 2.105920e-05 | grad_norm = 99.539100
  Batch 3196: loss = 4.122901 | LR = 2.105287e-05 | grad_norm = 104.820753
  Batch 3197: loss = 3.982792 | LR = 2.104654e-05 | grad_norm = 93.841054
  Batch 3198: loss = 1.827204 | LR = 2.104020e-05 | grad_norm = 105.618157
  Batch 3199: loss = 0.932062 | LR = 2.103387e-05 | grad_norm = 76.397721
  Batch 3200: loss = 6.218847 | LR = 2.102754e-05 | grad_norm = 95.250622
  Batch 3201: loss = 4.786108 | LR = 2.102120e-05 | grad_norm = 76.729402
  Batch 3202: loss = 5.521279 | LR = 2.101486e-05 | grad_norm = 87.026064
  Batch 3203: loss = 2.535553 | LR = 2.100852e-05 | grad_norm = 92.100953
  Batch 3204: loss = 6.527965 | LR = 2.100219e-05 | grad_norm = 175.166795
  Batch 3205: loss = 5.917456 | LR = 2.099585e-05 | grad_norm = 90.918037
  Batch 3206: loss = 0.453679 | LR = 2.098950e-05 | grad_norm = 37.657551
  Batch 3207: loss = 5.006203 | LR = 2.098316e-05 | grad_norm = 83.077391
  Batch 3208: loss = 5.980512 | LR = 2.097682e-05 | grad_norm = 116.273207
  Batch 3209: loss = 2.584328 | LR = 2.097047e-05 | grad_norm = 97.513276
  Batch 3210: loss = 1.774376 | LR = 2.096413e-05 | grad_norm = 76.969408
  Batch 3211: loss = 4.941989 | LR = 2.095778e-05 | grad_norm = 80.631209
  Batch 3212: loss = 4.870268 | LR = 2.095144e-05 | grad_norm = 79.751782
  Batch 3213: loss = 0.411238 | LR = 2.094509e-05 | grad_norm = 45.691302
  Batch 3214: loss = 2.795613 | LR = 2.093874e-05 | grad_norm = 104.372722
  Batch 3215: loss = 0.105002 | LR = 2.093239e-05 | grad_norm = 18.536832
  Batch 3216: loss = 4.286694 | LR = 2.092604e-05 | grad_norm = 80.491938
  Batch 3217: loss = 4.551727 | LR = 2.091969e-05 | grad_norm = 138.852332
  Batch 3218: loss = 5.911999 | LR = 2.091333e-05 | grad_norm = 85.046157
  Batch 3219: loss = 7.628732 | LR = 2.090698e-05 | grad_norm = 222.332534
  Batch 3220: loss = 4.920184 | LR = 2.090062e-05 | grad_norm = 93.313608
  Batch 3221: loss = 7.265678 | LR = 2.089427e-05 | grad_norm = 143.654406
  Batch 3222: loss = 6.394583 | LR = 2.088791e-05 | grad_norm = 130.784862
  Batch 3223: loss = 2.802281 | LR = 2.088155e-05 | grad_norm = 113.609280
  Batch 3224: loss = 0.385056 | LR = 2.087519e-05 | grad_norm = 50.984450
  Batch 3225: loss = 1.885138 | LR = 2.086883e-05 | grad_norm = 179.080406
  Batch 3226: loss = 0.000098 | LR = 2.086247e-05 | grad_norm = 0.029516
  Batch 3227: loss = 2.948032 | LR = 2.085611e-05 | grad_norm = 110.754192
  Batch 3228: loss = 6.569524 | LR = 2.084975e-05 | grad_norm = 176.851401
  Batch 3229: loss = 4.882599 | LR = 2.084338e-05 | grad_norm = 113.527033
  Batch 3230: loss = 4.131754 | LR = 2.083702e-05 | grad_norm = 97.021713
  Batch 3231: loss = 0.644736 | LR = 2.083065e-05 | grad_norm = 63.695038
  Batch 3232: loss = 4.607091 | LR = 2.082429e-05 | grad_norm = 330.834964
  Batch 3233: loss = 3.781857 | LR = 2.081792e-05 | grad_norm = 98.487886
  Batch 3234: loss = 0.092274 | LR = 2.081155e-05 | grad_norm = 19.048310
  Batch 3235: loss = 3.328550 | LR = 2.080518e-05 | grad_norm = 80.377389
  Batch 3236: loss = 1.444164 | LR = 2.079881e-05 | grad_norm = 90.840822
  Batch 3237: loss = 7.011669 | LR = 2.079244e-05 | grad_norm = 110.839688
  Batch 3238: loss = 7.205076 | LR = 2.078607e-05 | grad_norm = 103.611762
  Batch 3239: loss = 4.894117 | LR = 2.077969e-05 | grad_norm = 78.796784
  Batch 3240: loss = 3.993459 | LR = 2.077332e-05 | grad_norm = 211.853955
  Batch 3241: loss = 3.933888 | LR = 2.076694e-05 | grad_norm = 96.391773
  Batch 3242: loss = 5.765089 | LR = 2.076057e-05 | grad_norm = 116.217371
  Batch 3243: loss = 1.370521 | LR = 2.075419e-05 | grad_norm = 89.509866
  Batch 3244: loss = 4.612866 | LR = 2.074781e-05 | grad_norm = 76.460517
  Batch 3245: loss = 2.905612 | LR = 2.074143e-05 | grad_norm = 114.336396
  Batch 3246: loss = 0.000000 | LR = 2.073505e-05 | grad_norm = 0.000001
  Batch 3247: loss = 0.000000 | LR = 2.072867e-05 | grad_norm = 0.000001
  Batch 3248: loss = 7.594071 | LR = 2.072229e-05 | grad_norm = 173.203145
  Batch 3249: loss = 6.712058 | LR = 2.071590e-05 | grad_norm = 111.936782
  Batch 3250: loss = 4.564188 | LR = 2.070952e-05 | grad_norm = 121.072873
  Batch 3251: loss = 8.204138 | LR = 2.070313e-05 | grad_norm = 156.117911
  Batch 3252: loss = 0.000001 | LR = 2.069675e-05 | grad_norm = 0.000638
  Batch 3253: loss = 2.925965 | LR = 2.069036e-05 | grad_norm = 117.335837
  Batch 3254: loss = 5.456907 | LR = 2.068397e-05 | grad_norm = 108.866609
  Batch 3255: loss = 3.718429 | LR = 2.067758e-05 | grad_norm = 107.965414
  Batch 3256: loss = 0.000000 | LR = 2.067120e-05 | grad_norm = 0.000044
  Batch 3257: loss = 7.192983 | LR = 2.066480e-05 | grad_norm = 88.771106
  Batch 3258: loss = 4.354744 | LR = 2.065841e-05 | grad_norm = 96.141208
  Batch 3259: loss = 1.225717 | LR = 2.065202e-05 | grad_norm = 89.209826
  Batch 3260: loss = 5.319787 | LR = 2.064563e-05 | grad_norm = 91.184395
  Batch 3261: loss = 2.349597 | LR = 2.063923e-05 | grad_norm = 107.479193
  Batch 3262: loss = 2.718539 | LR = 2.063284e-05 | grad_norm = 90.954766
  Batch 3263: loss = 1.818640 | LR = 2.062644e-05 | grad_norm = 125.650661
  Batch 3264: loss = 0.325929 | LR = 2.062004e-05 | grad_norm = 54.747492
  Batch 3265: loss = 4.326606 | LR = 2.061365e-05 | grad_norm = 66.226728
  Batch 3266: loss = 4.887328 | LR = 2.060725e-05 | grad_norm = 141.549485
  Batch 3267: loss = 0.063577 | LR = 2.060085e-05 | grad_norm = 12.031690
  Batch 3268: loss = 2.218820 | LR = 2.059444e-05 | grad_norm = 96.469718
  Batch 3269: loss = 0.001711 | LR = 2.058804e-05 | grad_norm = 0.394372
  Batch 3270: loss = 4.275810 | LR = 2.058164e-05 | grad_norm = 84.105759
  Batch 3271: loss = 4.626457 | LR = 2.057524e-05 | grad_norm = 144.351086
  Batch 3272: loss = 3.788221 | LR = 2.056883e-05 | grad_norm = 113.818385
  Batch 3273: loss = 2.679113 | LR = 2.056243e-05 | grad_norm = 132.468703
  Batch 3274: loss = 4.657786 | LR = 2.055602e-05 | grad_norm = 116.499361
  Batch 3275: loss = 4.695235 | LR = 2.054961e-05 | grad_norm = 177.808134
  Batch 3276: loss = 8.525089 | LR = 2.054320e-05 | grad_norm = 150.687652
  Batch 3277: loss = 1.263431 | LR = 2.053679e-05 | grad_norm = 113.334738
  Batch 3278: loss = 5.830828 | LR = 2.053038e-05 | grad_norm = 141.954462
  Batch 3279: loss = 0.036912 | LR = 2.052397e-05 | grad_norm = 5.085748
  Batch 3280: loss = 6.927631 | LR = 2.051756e-05 | grad_norm = 133.968004
  Batch 3281: loss = 3.209633 | LR = 2.051115e-05 | grad_norm = 235.880871
  Batch 3282: loss = 4.263141 | LR = 2.050473e-05 | grad_norm = 137.616985
  Batch 3283: loss = 2.967560 | LR = 2.049832e-05 | grad_norm = 158.728236
  Batch 3284: loss = 6.515261 | LR = 2.049190e-05 | grad_norm = 114.252393
  Batch 3285: loss = 3.778053 | LR = 2.048549e-05 | grad_norm = 125.224245
  Batch 3286: loss = 6.496001 | LR = 2.047907e-05 | grad_norm = 157.324368
  Batch 3287: loss = 4.378342 | LR = 2.047265e-05 | grad_norm = 99.660512
  Batch 3288: loss = 0.000105 | LR = 2.046623e-05 | grad_norm = 0.026145
  Batch 3289: loss = 6.642511 | LR = 2.045981e-05 | grad_norm = 162.872751
  Batch 3290: loss = 5.681211 | LR = 2.045339e-05 | grad_norm = 82.328707
  Batch 3291: loss = 4.169903 | LR = 2.044697e-05 | grad_norm = 99.414822
  Batch 3292: loss = 2.766216 | LR = 2.044055e-05 | grad_norm = 110.302826
  Batch 3293: loss = 0.060269 | LR = 2.043412e-05 | grad_norm = 9.914227
  Batch 3294: loss = 5.685631 | LR = 2.042770e-05 | grad_norm = 119.582239
  Batch 3295: loss = 4.071226 | LR = 2.042127e-05 | grad_norm = 84.074813
  Batch 3296: loss = 0.000044 | LR = 2.041484e-05 | grad_norm = 0.013590
  Batch 3297: loss = 2.040116 | LR = 2.040842e-05 | grad_norm = 98.970356
  Batch 3298: loss = 5.424458 | LR = 2.040199e-05 | grad_norm = 73.003369
  Batch 3299: loss = 4.996933 | LR = 2.039556e-05 | grad_norm = 94.238466
  Batch 3300: loss = 0.013083 | LR = 2.038913e-05 | grad_norm = 3.034487
  Batch 3301: loss = 2.794038 | LR = 2.038270e-05 | grad_norm = 105.841093
  Batch 3302: loss = 4.940682 | LR = 2.037627e-05 | grad_norm = 81.796028
  Batch 3303: loss = 3.613185 | LR = 2.036983e-05 | grad_norm = 106.464996
  Batch 3304: loss = 3.715170 | LR = 2.036340e-05 | grad_norm = 100.269891
  Batch 3305: loss = 3.043072 | LR = 2.035697e-05 | grad_norm = 85.606924
  Batch 3306: loss = 5.021644 | LR = 2.035053e-05 | grad_norm = 117.448101
  Batch 3307: loss = 5.426071 | LR = 2.034409e-05 | grad_norm = 123.921279
  Batch 3308: loss = 2.754059 | LR = 2.033766e-05 | grad_norm = 98.753242
  Batch 3309: loss = 3.832331 | LR = 2.033122e-05 | grad_norm = 117.861520
  Batch 3310: loss = 0.239084 | LR = 2.032478e-05 | grad_norm = 48.301330
  Batch 3311: loss = 5.857779 | LR = 2.031834e-05 | grad_norm = 105.284046
  Batch 3312: loss = 4.289657 | LR = 2.031190e-05 | grad_norm = 88.810628
  Batch 3313: loss = 1.409557 | LR = 2.030546e-05 | grad_norm = 120.398787
  Batch 3314: loss = 5.936038 | LR = 2.029902e-05 | grad_norm = 189.687033
  Batch 3315: loss = 0.000041 | LR = 2.029257e-05 | grad_norm = 0.020142
  Batch 3316: loss = 0.000000 | LR = 2.028613e-05 | grad_norm = 0.000000
  Batch 3317: loss = 4.675696 | LR = 2.027968e-05 | grad_norm = 132.847405
  Batch 3318: loss = 6.307347 | LR = 2.027324e-05 | grad_norm = 94.455771
  Batch 3319: loss = 5.446570 | LR = 2.026679e-05 | grad_norm = 86.771314
  Batch 3320: loss = 5.798118 | LR = 2.026034e-05 | grad_norm = 78.925174
  Batch 3321: loss = 2.465785 | LR = 2.025389e-05 | grad_norm = 146.316485
  Batch 3322: loss = 2.943124 | LR = 2.024744e-05 | grad_norm = 92.153362
  Batch 3323: loss = 2.645906 | LR = 2.024099e-05 | grad_norm = 136.720106
  Batch 3324: loss = 5.005130 | LR = 2.023454e-05 | grad_norm = 97.581295
  Batch 3325: loss = 4.369016 | LR = 2.022809e-05 | grad_norm = 77.532624
  Batch 3326: loss = 5.297523 | LR = 2.022164e-05 | grad_norm = 110.923265
  Batch 3327: loss = 3.099494 | LR = 2.021519e-05 | grad_norm = 127.593778
  Batch 3328: loss = 0.000207 | LR = 2.020873e-05 | grad_norm = 0.071197
  Batch 3329: loss = 6.575206 | LR = 2.020228e-05 | grad_norm = 130.893683
  Batch 3330: loss = 5.635647 | LR = 2.019582e-05 | grad_norm = 149.547670
  Batch 3331: loss = 3.320001 | LR = 2.018936e-05 | grad_norm = 112.225618
  Batch 3332: loss = 6.257168 | LR = 2.018290e-05 | grad_norm = 249.957151
  Batch 3333: loss = 4.237336 | LR = 2.017644e-05 | grad_norm = 112.803254
  Batch 3334: loss = 5.735020 | LR = 2.016999e-05 | grad_norm = 94.792780
  Batch 3335: loss = 1.854205 | LR = 2.016352e-05 | grad_norm = 86.544407
  Batch 3336: loss = 3.589996 | LR = 2.015706e-05 | grad_norm = 98.899162
  Batch 3337: loss = 3.321526 | LR = 2.015060e-05 | grad_norm = 109.122804
  Batch 3338: loss = 0.944397 | LR = 2.014414e-05 | grad_norm = 74.069756
  Batch 3339: loss = 2.558457 | LR = 2.013767e-05 | grad_norm = 131.132812
  Batch 3340: loss = 5.702593 | LR = 2.013121e-05 | grad_norm = 265.413566
  Batch 3341: loss = 10.259195 | LR = 2.012474e-05 | grad_norm = 255.288371
  Batch 3342: loss = 6.321929 | LR = 2.011828e-05 | grad_norm = 109.312903
  Batch 3343: loss = 4.587344 | LR = 2.011181e-05 | grad_norm = 123.359127
  Batch 3344: loss = 0.132312 | LR = 2.010534e-05 | grad_norm = 20.196937
  Batch 3345: loss = 3.691000 | LR = 2.009887e-05 | grad_norm = 124.294330
  Batch 3346: loss = 0.001740 | LR = 2.009240e-05 | grad_norm = 0.353374
  Batch 3347: loss = 4.421149 | LR = 2.008593e-05 | grad_norm = 175.254702
  Batch 3348: loss = 5.369755 | LR = 2.007946e-05 | grad_norm = 140.421753
  Batch 3349: loss = 5.825138 | LR = 2.007299e-05 | grad_norm = 122.983245
  Batch 3350: loss = 5.842949 | LR = 2.006652e-05 | grad_norm = 120.867571
  Batch 3351: loss = 2.449568 | LR = 2.006004e-05 | grad_norm = 75.049140
  Batch 3352: loss = 5.710947 | LR = 2.005357e-05 | grad_norm = 174.374234
  Batch 3353: loss = 3.885222 | LR = 2.004709e-05 | grad_norm = 96.053784
  Batch 3354: loss = 0.000411 | LR = 2.004062e-05 | grad_norm = 0.101274
  Batch 3355: loss = 4.376922 | LR = 2.003414e-05 | grad_norm = 91.368112
  Batch 3356: loss = 2.309796 | LR = 2.002766e-05 | grad_norm = 100.725701
  Batch 3357: loss = 2.724906 | LR = 2.002118e-05 | grad_norm = 189.426744
  Batch 3358: loss = 6.589818 | LR = 2.001470e-05 | grad_norm = 126.788694
  Batch 3359: loss = 6.043806 | LR = 2.000822e-05 | grad_norm = 120.476350
  Batch 3360: loss = 4.768640 | LR = 2.000174e-05 | grad_norm = 73.966116
  Batch 3361: loss = 3.988369 | LR = 1.999526e-05 | grad_norm = 86.732876
  Batch 3362: loss = 3.122188 | LR = 1.998877e-05 | grad_norm = 99.348531
  Batch 3363: loss = 4.233932 | LR = 1.998229e-05 | grad_norm = 90.998868
  Batch 3364: loss = 0.822029 | LR = 1.997581e-05 | grad_norm = 91.733266
  Batch 3365: loss = 4.984569 | LR = 1.996932e-05 | grad_norm = 124.580619
  Batch 3366: loss = 4.038919 | LR = 1.996283e-05 | grad_norm = 107.784296
  Batch 3367: loss = 4.181379 | LR = 1.995635e-05 | grad_norm = 168.759886
  Batch 3368: loss = 4.903129 | LR = 1.994986e-05 | grad_norm = 119.206374
  Batch 3369: loss = 4.583508 | LR = 1.994337e-05 | grad_norm = 60.227929
  Batch 3370: loss = 0.782180 | LR = 1.993688e-05 | grad_norm = 128.941592
  Batch 3371: loss = 5.515875 | LR = 1.993039e-05 | grad_norm = 109.827796
  Batch 3372: loss = 4.455388 | LR = 1.992390e-05 | grad_norm = 149.368924
  Batch 3373: loss = 6.306000 | LR = 1.991741e-05 | grad_norm = 133.032138
  Batch 3374: loss = 4.652560 | LR = 1.991092e-05 | grad_norm = 74.434516
  Batch 3375: loss = 2.407936 | LR = 1.990442e-05 | grad_norm = 92.976606
  Batch 3376: loss = 5.173785 | LR = 1.989793e-05 | grad_norm = 89.470589
  Batch 3377: loss = 3.231284 | LR = 1.989143e-05 | grad_norm = 70.132641
  Batch 3378: loss = 2.733079 | LR = 1.988494e-05 | grad_norm = 107.696381
  Batch 3379: loss = 5.514794 | LR = 1.987844e-05 | grad_norm = 166.578926
  Batch 3380: loss = 5.122195 | LR = 1.987194e-05 | grad_norm = 229.951801
  Batch 3381: loss = 1.035224 | LR = 1.986544e-05 | grad_norm = 69.123267
  Batch 3382: loss = 3.566740 | LR = 1.985895e-05 | grad_norm = 82.252102
  Batch 3383: loss = 6.143768 | LR = 1.985245e-05 | grad_norm = 91.051168
  Batch 3384: loss = 6.393497 | LR = 1.984595e-05 | grad_norm = 94.797417
  Batch 3385: loss = 3.375094 | LR = 1.983944e-05 | grad_norm = 99.787265
  Batch 3386: loss = 2.083471 | LR = 1.983294e-05 | grad_norm = 92.223709
  Batch 3387: loss = 5.423856 | LR = 1.982644e-05 | grad_norm = 118.358181
  Batch 3388: loss = 2.331089 | LR = 1.981993e-05 | grad_norm = 114.804810
  Batch 3389: loss = 3.600923 | LR = 1.981343e-05 | grad_norm = 92.016408
  Batch 3390: loss = 4.603501 | LR = 1.980693e-05 | grad_norm = 127.017864
  Batch 3391: loss = 1.690045 | LR = 1.980042e-05 | grad_norm = 118.689835
  Batch 3392: loss = 0.000037 | LR = 1.979391e-05 | grad_norm = 0.010456
  Batch 3393: loss = 2.175777 | LR = 1.978740e-05 | grad_norm = 129.911033
  Batch 3394: loss = 2.969495 | LR = 1.978090e-05 | grad_norm = 94.350395
  Batch 3395: loss = 0.000267 | LR = 1.977439e-05 | grad_norm = 0.080916
  Batch 3396: loss = 0.014398 | LR = 1.976788e-05 | grad_norm = 2.666809
  Batch 3397: loss = 0.214346 | LR = 1.976137e-05 | grad_norm = 45.201107
  Batch 3398: loss = 3.978697 | LR = 1.975485e-05 | grad_norm = 81.767257
  Batch 3399: loss = 3.484258 | LR = 1.974834e-05 | grad_norm = 96.928531
  Batch 3400: loss = 0.005390 | LR = 1.974183e-05 | grad_norm = 1.586289
  Batch 3401: loss = 2.318525 | LR = 1.973532e-05 | grad_norm = 113.746747
  Batch 3402: loss = 10.630479 | LR = 1.972880e-05 | grad_norm = 168.484342
  Batch 3403: loss = 7.163609 | LR = 1.972229e-05 | grad_norm = 93.115384
  Batch 3404: loss = 2.845964 | LR = 1.971577e-05 | grad_norm = 123.694426
  Batch 3405: loss = 0.000002 | LR = 1.970925e-05 | grad_norm = 0.000586
  Batch 3406: loss = 4.733922 | LR = 1.970273e-05 | grad_norm = 146.254003
  Batch 3407: loss = 8.572300 | LR = 1.969622e-05 | grad_norm = 163.434967
  Batch 3408: loss = 3.117256 | LR = 1.968970e-05 | grad_norm = 96.320407
  Batch 3409: loss = 6.995245 | LR = 1.968318e-05 | grad_norm = 88.185219
  Batch 3410: loss = 8.550680 | LR = 1.967666e-05 | grad_norm = 240.877578
  Batch 3411: loss = 4.506377 | LR = 1.967013e-05 | grad_norm = 118.875817
  Batch 3412: loss = 3.380571 | LR = 1.966361e-05 | grad_norm = 108.116111
  Batch 3413: loss = 3.651098 | LR = 1.965709e-05 | grad_norm = 127.501269
  Batch 3414: loss = 4.675519 | LR = 1.965057e-05 | grad_norm = 84.916099
  Batch 3415: loss = 0.000000 | LR = 1.964404e-05 | grad_norm = 0.000000
  Batch 3416: loss = 4.624395 | LR = 1.963752e-05 | grad_norm = 106.188233
  Batch 3417: loss = 6.691881 | LR = 1.963099e-05 | grad_norm = 133.131494
  Batch 3418: loss = 3.909708 | LR = 1.962446e-05 | grad_norm = 95.109079
  Batch 3419: loss = 2.840865 | LR = 1.961794e-05 | grad_norm = 129.441382
  Batch 3420: loss = 4.230942 | LR = 1.961141e-05 | grad_norm = 97.820129
  Batch 3421: loss = 5.767446 | LR = 1.960488e-05 | grad_norm = 99.397485
  Batch 3422: loss = 6.056638 | LR = 1.959835e-05 | grad_norm = 90.755512
  Batch 3423: loss = 0.000000 | LR = 1.959182e-05 | grad_norm = 0.000091
  Batch 3424: loss = 4.521080 | LR = 1.958529e-05 | grad_norm = 150.188260
  Batch 3425: loss = 1.395996 | LR = 1.957876e-05 | grad_norm = 157.851762
  Batch 3426: loss = 5.871360 | LR = 1.957222e-05 | grad_norm = 102.607221
  Batch 3427: loss = 4.481122 | LR = 1.956569e-05 | grad_norm = 143.042385
  Batch 3428: loss = 4.387305 | LR = 1.955915e-05 | grad_norm = 90.583848
  Batch 3429: loss = 1.598305 | LR = 1.955262e-05 | grad_norm = 122.346828
  Batch 3430: loss = 4.800469 | LR = 1.954608e-05 | grad_norm = 88.239215
  Batch 3431: loss = 1.087193 | LR = 1.953955e-05 | grad_norm = 87.727840
  Batch 3432: loss = 5.112399 | LR = 1.953301e-05 | grad_norm = 99.893853
  Batch 3433: loss = 3.558298 | LR = 1.952647e-05 | grad_norm = 157.785303
  Batch 3434: loss = 5.487600 | LR = 1.951993e-05 | grad_norm = 84.494265
  Batch 3435: loss = 4.136880 | LR = 1.951340e-05 | grad_norm = 180.023290
  Batch 3436: loss = 3.095436 | LR = 1.950686e-05 | grad_norm = 135.073709
  Batch 3437: loss = 2.788595 | LR = 1.950031e-05 | grad_norm = 87.879093
  Batch 3438: loss = 0.012355 | LR = 1.949377e-05 | grad_norm = 3.197641
  Batch 3439: loss = 4.605868 | LR = 1.948723e-05 | grad_norm = 107.657408
  Batch 3440: loss = 6.352449 | LR = 1.948069e-05 | grad_norm = 103.764787
  Batch 3441: loss = 4.404573 | LR = 1.947414e-05 | grad_norm = 93.566148
  Batch 3442: loss = 1.322099 | LR = 1.946760e-05 | grad_norm = 138.756403
  Batch 3443: loss = 4.778137 | LR = 1.946106e-05 | grad_norm = 194.208843
  Batch 3444: loss = 1.724499 | LR = 1.945451e-05 | grad_norm = 128.041707
  Batch 3445: loss = 2.827981 | LR = 1.944796e-05 | grad_norm = 119.019321
  Batch 3446: loss = 5.049259 | LR = 1.944142e-05 | grad_norm = 114.276714
  Batch 3447: loss = 3.715838 | LR = 1.943487e-05 | grad_norm = 88.511361
  Batch 3448: loss = 5.517193 | LR = 1.942832e-05 | grad_norm = 156.287603
  Batch 3449: loss = 1.688699 | LR = 1.942177e-05 | grad_norm = 87.589675
  Batch 3450: loss = 5.848535 | LR = 1.941522e-05 | grad_norm = 111.538292
  Batch 3451: loss = 4.456524 | LR = 1.940867e-05 | grad_norm = 196.274536
  Batch 3452: loss = 12.297451 | LR = 1.940212e-05 | grad_norm = 343.775203
  Batch 3453: loss = 6.729910 | LR = 1.939557e-05 | grad_norm = 96.781390
  Batch 3454: loss = 1.988564 | LR = 1.938901e-05 | grad_norm = 120.455822
  Batch 3455: loss = 6.451046 | LR = 1.938246e-05 | grad_norm = 106.711574
  Batch 3456: loss = 4.046151 | LR = 1.937590e-05 | grad_norm = 110.709191
  Batch 3457: loss = 3.290604 | LR = 1.936935e-05 | grad_norm = 99.817421
  Batch 3458: loss = 2.890843 | LR = 1.936279e-05 | grad_norm = 117.405195
  Batch 3459: loss = 2.256381 | LR = 1.935624e-05 | grad_norm = 227.541584
  Batch 3460: loss = 4.566678 | LR = 1.934968e-05 | grad_norm = 101.365599
  Batch 3461: loss = 3.335999 | LR = 1.934312e-05 | grad_norm = 86.025045
  Batch 3462: loss = 5.810355 | LR = 1.933656e-05 | grad_norm = 119.121833
  Batch 3463: loss = 3.020501 | LR = 1.933001e-05 | grad_norm = 83.658208
  Batch 3464: loss = 5.459732 | LR = 1.932345e-05 | grad_norm = 91.159337
  Batch 3465: loss = 0.000000 | LR = 1.931689e-05 | grad_norm = 0.000000
  Batch 3466: loss = 5.052983 | LR = 1.931032e-05 | grad_norm = 203.617359
  Batch 3467: loss = 3.720303 | LR = 1.930376e-05 | grad_norm = 126.454264
  Batch 3468: loss = 4.601105 | LR = 1.929720e-05 | grad_norm = 61.021741
  Batch 3469: loss = 4.441552 | LR = 1.929064e-05 | grad_norm = 88.821586
  Batch 3470: loss = 4.837745 | LR = 1.928407e-05 | grad_norm = 134.254585
  Batch 3471: loss = 6.361030 | LR = 1.927751e-05 | grad_norm = 130.667447
  Batch 3472: loss = 5.131186 | LR = 1.927094e-05 | grad_norm = 133.194467
  Batch 3473: loss = 7.961901 | LR = 1.926438e-05 | grad_norm = 128.162729
  Batch 3474: loss = 3.287644 | LR = 1.925781e-05 | grad_norm = 113.570117
  Batch 3475: loss = 5.529848 | LR = 1.925124e-05 | grad_norm = 49.664499
  Batch 3476: loss = 3.538891 | LR = 1.924467e-05 | grad_norm = 129.652386
  Batch 3477: loss = 3.403993 | LR = 1.923811e-05 | grad_norm = 64.424788
  Batch 3478: loss = 5.693955 | LR = 1.923154e-05 | grad_norm = 78.788342
  Batch 3479: loss = 3.393429 | LR = 1.922497e-05 | grad_norm = 65.731337
  Batch 3480: loss = 7.369343 | LR = 1.921840e-05 | grad_norm = 137.674135
  Batch 3481: loss = 3.008395 | LR = 1.921182e-05 | grad_norm = 103.015084
  Batch 3482: loss = 5.112911 | LR = 1.920525e-05 | grad_norm = 54.933699
  Batch 3483: loss = 5.618557 | LR = 1.919868e-05 | grad_norm = 94.240970
  Batch 3484: loss = 0.003254 | LR = 1.919211e-05 | grad_norm = 0.654064
  Batch 3485: loss = 5.238182 | LR = 1.918553e-05 | grad_norm = 77.214013
  Batch 3486: loss = 1.677816 | LR = 1.917896e-05 | grad_norm = 90.026948
  Batch 3487: loss = 3.282462 | LR = 1.917238e-05 | grad_norm = 107.249521
  Batch 3488: loss = 0.016577 | LR = 1.916581e-05 | grad_norm = 3.265413
  Batch 3489: loss = 3.970748 | LR = 1.915923e-05 | grad_norm = 111.355246
  Batch 3490: loss = 3.052468 | LR = 1.915265e-05 | grad_norm = 89.051336
  Batch 3491: loss = 4.414773 | LR = 1.914607e-05 | grad_norm = 90.856977
  Batch 3492: loss = 2.956784 | LR = 1.913949e-05 | grad_norm = 102.845769
  Batch 3493: loss = 3.410378 | LR = 1.913292e-05 | grad_norm = 129.828773
  Batch 3494: loss = 0.000002 | LR = 1.912634e-05 | grad_norm = 0.000587
  Batch 3495: loss = 3.345750 | LR = 1.911975e-05 | grad_norm = 108.931327
  Batch 3496: loss = 4.637927 | LR = 1.911317e-05 | grad_norm = 85.059755
  Batch 3497: loss = 2.789993 | LR = 1.910659e-05 | grad_norm = 124.798369
  Batch 3498: loss = 3.687155 | LR = 1.910001e-05 | grad_norm = 122.801011
  Batch 3499: loss = 8.401270 | LR = 1.909343e-05 | grad_norm = 136.404096
  Batch 3500: loss = 0.000900 | LR = 1.908684e-05 | grad_norm = 0.254354
  Batch 3501: loss = 1.307306 | LR = 1.908026e-05 | grad_norm = 75.821384
  Batch 3502: loss = 0.000198 | LR = 1.907367e-05 | grad_norm = 0.063636
  Batch 3503: loss = 4.726967 | LR = 1.906709e-05 | grad_norm = 93.030566
  Batch 3504: loss = 5.466226 | LR = 1.906050e-05 | grad_norm = 184.870037
  Batch 3505: loss = 1.762501 | LR = 1.905391e-05 | grad_norm = 75.448850
  Batch 3506: loss = 4.196907 | LR = 1.904732e-05 | grad_norm = 123.333140
  Batch 3507: loss = 3.683021 | LR = 1.904074e-05 | grad_norm = 131.058943
  Batch 3508: loss = 13.899056 | LR = 1.903415e-05 | grad_norm = 410.262168
  Batch 3509: loss = 0.598119 | LR = 1.902756e-05 | grad_norm = 89.439496
  Batch 3510: loss = 0.083176 | LR = 1.902097e-05 | grad_norm = 19.752176
  Batch 3511: loss = 4.325126 | LR = 1.901438e-05 | grad_norm = 128.530783
  Batch 3512: loss = 2.218596 | LR = 1.900778e-05 | grad_norm = 140.203891
  Batch 3513: loss = 4.223317 | LR = 1.900119e-05 | grad_norm = 156.693013
  Batch 3514: loss = 5.545988 | LR = 1.899460e-05 | grad_norm = 92.963266
  Batch 3515: loss = 2.568384 | LR = 1.898801e-05 | grad_norm = 129.294179
  Batch 3516: loss = 3.011155 | LR = 1.898141e-05 | grad_norm = 84.880374
  Batch 3517: loss = 5.048784 | LR = 1.897482e-05 | grad_norm = 125.841662
  Batch 3518: loss = 6.860808 | LR = 1.896822e-05 | grad_norm = 105.383695
  Batch 3519: loss = 1.389102 | LR = 1.896163e-05 | grad_norm = 91.301036
  Batch 3520: loss = 0.253577 | LR = 1.895503e-05 | grad_norm = 36.158860
  Batch 3521: loss = 8.600619 | LR = 1.894843e-05 | grad_norm = 216.065744
  Batch 3522: loss = 5.061847 | LR = 1.894183e-05 | grad_norm = 130.565403
  Batch 3523: loss = 3.936359 | LR = 1.893524e-05 | grad_norm = 87.048175
  Batch 3524: loss = 4.118060 | LR = 1.892864e-05 | grad_norm = 91.704799
  Batch 3525: loss = 1.037086 | LR = 1.892204e-05 | grad_norm = 133.746044
  Batch 3526: loss = 4.775154 | LR = 1.891544e-05 | grad_norm = 158.387110
  Batch 3527: loss = 0.172188 | LR = 1.890884e-05 | grad_norm = 28.206690
  Batch 3528: loss = 4.913148 | LR = 1.890223e-05 | grad_norm = 104.351921
  Batch 3529: loss = 5.313360 | LR = 1.889563e-05 | grad_norm = 76.700461
  Batch 3530: loss = 3.644832 | LR = 1.888903e-05 | grad_norm = 99.913706
  Batch 3531: loss = 3.171010 | LR = 1.888243e-05 | grad_norm = 143.230301
  Batch 3532: loss = 4.222565 | LR = 1.887582e-05 | grad_norm = 82.443760
  Batch 3533: loss = 4.615685 | LR = 1.886922e-05 | grad_norm = 99.210836
  Batch 3534: loss = 4.750130 | LR = 1.886261e-05 | grad_norm = 81.779827
  Batch 3535: loss = 9.565907 | LR = 1.885601e-05 | grad_norm = 188.027403
  Batch 3536: loss = 5.622715 | LR = 1.884940e-05 | grad_norm = 157.137007
  Batch 3537: loss = 6.849094 | LR = 1.884279e-05 | grad_norm = 221.650454
  Batch 3538: loss = 6.714396 | LR = 1.883618e-05 | grad_norm = 113.558477
  Batch 3539: loss = 3.240098 | LR = 1.882958e-05 | grad_norm = 127.098476
  Batch 3540: loss = 6.756824 | LR = 1.882297e-05 | grad_norm = 147.048958
  Batch 3541: loss = 6.003765 | LR = 1.881636e-05 | grad_norm = 98.831526
  Batch 3542: loss = 9.487428 | LR = 1.880975e-05 | grad_norm = 237.737052
  Batch 3543: loss = 2.635752 | LR = 1.880314e-05 | grad_norm = 152.085371
  Batch 3544: loss = 5.098508 | LR = 1.879653e-05 | grad_norm = 90.853804
  Batch 3545: loss = 3.929811 | LR = 1.878991e-05 | grad_norm = 130.955102
  Batch 3546: loss = 3.718853 | LR = 1.878330e-05 | grad_norm = 94.923679
  Batch 3547: loss = 3.016315 | LR = 1.877669e-05 | grad_norm = 119.318197
  Batch 3548: loss = 2.904931 | LR = 1.877008e-05 | grad_norm = 101.956004
  Batch 3549: loss = 4.806102 | LR = 1.876346e-05 | grad_norm = 100.700194
  Batch 3550: loss = 5.419140 | LR = 1.875685e-05 | grad_norm = 100.587567
  Batch 3551: loss = 3.970622 | LR = 1.875023e-05 | grad_norm = 135.110033
  Batch 3552: loss = 7.750050 | LR = 1.874362e-05 | grad_norm = 121.507995
  Batch 3553: loss = 2.391804 | LR = 1.873700e-05 | grad_norm = 104.080901
  Batch 3554: loss = 1.539953 | LR = 1.873038e-05 | grad_norm = 84.738822
  Batch 3555: loss = 2.264918 | LR = 1.872376e-05 | grad_norm = 145.935627
  Batch 3556: loss = 3.437085 | LR = 1.871715e-05 | grad_norm = 114.833646
  Batch 3557: loss = 2.982094 | LR = 1.871053e-05 | grad_norm = 113.184473
  Batch 3558: loss = 4.867260 | LR = 1.870391e-05 | grad_norm = 101.419430
  Batch 3559: loss = 4.597817 | LR = 1.869729e-05 | grad_norm = 101.461536
  Batch 3560: loss = 3.034239 | LR = 1.869067e-05 | grad_norm = 114.678388
  Batch 3561: loss = 0.000001 | LR = 1.868405e-05 | grad_norm = 0.000333
  Batch 3562: loss = 6.406529 | LR = 1.867743e-05 | grad_norm = 96.280930
  Batch 3563: loss = 0.074395 | LR = 1.867080e-05 | grad_norm = 14.466352
  Batch 3564: loss = 6.257018 | LR = 1.866418e-05 | grad_norm = 115.381276
  Batch 3565: loss = 7.673871 | LR = 1.865756e-05 | grad_norm = 157.968123
  Batch 3566: loss = 0.030752 | LR = 1.865093e-05 | grad_norm = 6.203221
  Batch 3567: loss = 1.292904 | LR = 1.864431e-05 | grad_norm = 86.279727
  Batch 3568: loss = 5.592463 | LR = 1.863768e-05 | grad_norm = 69.768009
  Batch 3569: loss = 3.610211 | LR = 1.863106e-05 | grad_norm = 216.724596
  Batch 3570: loss = 6.961031 | LR = 1.862443e-05 | grad_norm = 114.821301
  Batch 3571: loss = 5.714063 | LR = 1.861780e-05 | grad_norm = 125.779229
  Batch 3572: loss = 2.449635 | LR = 1.861118e-05 | grad_norm = 131.612062
  Batch 3573: loss = 2.811524 | LR = 1.860455e-05 | grad_norm = 103.595038
  Batch 3574: loss = 3.057410 | LR = 1.859792e-05 | grad_norm = 105.675294
  Batch 3575: loss = 8.222855 | LR = 1.859129e-05 | grad_norm = 108.984541
  Batch 3576: loss = 2.785846 | LR = 1.858466e-05 | grad_norm = 124.304930
  Batch 3577: loss = 6.498329 | LR = 1.857803e-05 | grad_norm = 144.948615
  Batch 3578: loss = 2.374188 | LR = 1.857140e-05 | grad_norm = 99.424459
  Batch 3579: loss = 5.167769 | LR = 1.856477e-05 | grad_norm = 82.016341
  Batch 3580: loss = 1.262702 | LR = 1.855814e-05 | grad_norm = 126.521225
  Batch 3581: loss = 4.974123 | LR = 1.855151e-05 | grad_norm = 130.591162
  Batch 3582: loss = 2.017709 | LR = 1.854487e-05 | grad_norm = 98.252343
  Batch 3583: loss = 4.905426 | LR = 1.853824e-05 | grad_norm = 147.156681
  Batch 3584: loss = 2.386614 | LR = 1.853161e-05 | grad_norm = 84.790906
  Batch 3585: loss = 5.204719 | LR = 1.852497e-05 | grad_norm = 121.710714
  Batch 3586: loss = 5.058405 | LR = 1.851834e-05 | grad_norm = 128.246819
  Batch 3587: loss = 2.394457 | LR = 1.851170e-05 | grad_norm = 99.282911
  Batch 3588: loss = 4.211324 | LR = 1.850507e-05 | grad_norm = 93.632203
  Batch 3589: loss = 1.270731 | LR = 1.849843e-05 | grad_norm = 99.362530
  Batch 3590: loss = 4.590009 | LR = 1.849179e-05 | grad_norm = 94.486480
  Batch 3591: loss = 5.983540 | LR = 1.848515e-05 | grad_norm = 98.144805
  Batch 3592: loss = 8.117126 | LR = 1.847852e-05 | grad_norm = 171.680917
  Batch 3593: loss = 4.736909 | LR = 1.847188e-05 | grad_norm = 86.970692
  Batch 3594: loss = 0.248089 | LR = 1.846524e-05 | grad_norm = 37.365815
  Batch 3595: loss = 4.002800 | LR = 1.845860e-05 | grad_norm = 112.263493
  Batch 3596: loss = 5.632346 | LR = 1.845196e-05 | grad_norm = 99.431980
  Batch 3597: loss = 2.229695 | LR = 1.844532e-05 | grad_norm = 128.956118
  Batch 3598: loss = 4.844368 | LR = 1.843868e-05 | grad_norm = 99.996661
  Batch 3599: loss = 0.054015 | LR = 1.843203e-05 | grad_norm = 11.417579
  Batch 3600: loss = 2.496060 | LR = 1.842539e-05 | grad_norm = 107.652433
  Batch 3601: loss = 2.889930 | LR = 1.841875e-05 | grad_norm = 96.148168
  Batch 3602: loss = 4.010159 | LR = 1.841210e-05 | grad_norm = 83.707897
  Batch 3603: loss = 0.093699 | LR = 1.840546e-05 | grad_norm = 20.842044
  Batch 3604: loss = 1.731368 | LR = 1.839882e-05 | grad_norm = 90.277509
  Batch 3605: loss = 0.029992 | LR = 1.839217e-05 | grad_norm = 4.569620
  Batch 3606: loss = 0.000002 | LR = 1.838553e-05 | grad_norm = 0.000693
  Batch 3607: loss = 4.013438 | LR = 1.837888e-05 | grad_norm = 93.650504
  Batch 3608: loss = 5.299972 | LR = 1.837223e-05 | grad_norm = 96.992660
  Batch 3609: loss = 7.428556 | LR = 1.836559e-05 | grad_norm = 166.201411
  Batch 3610: loss = 0.042054 | LR = 1.835894e-05 | grad_norm = 11.245039
  Batch 3611: loss = 5.264206 | LR = 1.835229e-05 | grad_norm = 209.333969
  Batch 3612: loss = 4.417620 | LR = 1.834564e-05 | grad_norm = 124.828007
  Batch 3613: loss = 0.792688 | LR = 1.833899e-05 | grad_norm = 107.824659
  Batch 3614: loss = 0.000000 | LR = 1.833234e-05 | grad_norm = 0.000075
  Batch 3615: loss = 5.411250 | LR = 1.832569e-05 | grad_norm = 68.551459
  Batch 3616: loss = 2.538155 | LR = 1.831904e-05 | grad_norm = 140.191107
  Batch 3617: loss = 7.117970 | LR = 1.831239e-05 | grad_norm = 145.333184
  Batch 3618: loss = 5.986827 | LR = 1.830574e-05 | grad_norm = 185.351088
  Batch 3619: loss = 0.985929 | LR = 1.829909e-05 | grad_norm = 125.155866
  Batch 3620: loss = 2.887216 | LR = 1.829243e-05 | grad_norm = 157.334930
  Batch 3621: loss = 6.571762 | LR = 1.828578e-05 | grad_norm = 128.818254
  Batch 3622: loss = 5.140469 | LR = 1.827913e-05 | grad_norm = 177.377387
  Batch 3623: loss = 6.368840 | LR = 1.827247e-05 | grad_norm = 132.386712
  Batch 3624: loss = 5.001488 | LR = 1.826582e-05 | grad_norm = 88.327913
  Batch 3625: loss = 0.164166 | LR = 1.825916e-05 | grad_norm = 38.422399
  Batch 3626: loss = 5.457135 | LR = 1.825251e-05 | grad_norm = 107.206804
  Batch 3627: loss = 0.000351 | LR = 1.824585e-05 | grad_norm = 0.108304
  Batch 3628: loss = 2.978555 | LR = 1.823919e-05 | grad_norm = 92.877170
  Batch 3629: loss = 0.002189 | LR = 1.823254e-05 | grad_norm = 0.512862
  Batch 3630: loss = 4.575678 | LR = 1.822588e-05 | grad_norm = 130.027274
  Batch 3631: loss = 3.392457 | LR = 1.821922e-05 | grad_norm = 139.660083
  Batch 3632: loss = 2.128431 | LR = 1.821256e-05 | grad_norm = 101.292268
  Batch 3633: loss = 2.539277 | LR = 1.820590e-05 | grad_norm = 122.764139
  Batch 3634: loss = 5.203670 | LR = 1.819924e-05 | grad_norm = 53.577564
  Batch 3635: loss = 1.840574 | LR = 1.819258e-05 | grad_norm = 114.736308
  Batch 3636: loss = 6.176028 | LR = 1.818592e-05 | grad_norm = 163.074168
  Batch 3637: loss = 3.709404 | LR = 1.817926e-05 | grad_norm = 83.107703
  Batch 3638: loss = 1.507555 | LR = 1.817260e-05 | grad_norm = 300.637830
  Batch 3639: loss = 2.560678 | LR = 1.816594e-05 | grad_norm = 203.478560
  Batch 3640: loss = 4.021930 | LR = 1.815928e-05 | grad_norm = 199.672653
  Batch 3641: loss = 5.290522 | LR = 1.815261e-05 | grad_norm = 122.855475
  Batch 3642: loss = 2.027127 | LR = 1.814595e-05 | grad_norm = 237.376326
  Batch 3643: loss = 0.293041 | LR = 1.813929e-05 | grad_norm = 56.997509
  Batch 3644: loss = 0.344322 | LR = 1.813262e-05 | grad_norm = 44.908733
  Batch 3645: loss = 3.080417 | LR = 1.812596e-05 | grad_norm = 106.662867
  Batch 3646: loss = 4.206412 | LR = 1.811929e-05 | grad_norm = 107.569988
  Batch 3647: loss = 5.267571 | LR = 1.811263e-05 | grad_norm = 179.854639
  Batch 3648: loss = 5.608584 | LR = 1.810596e-05 | grad_norm = 181.258314
  Batch 3649: loss = 4.190584 | LR = 1.809929e-05 | grad_norm = 127.640008
  Batch 3650: loss = 0.113424 | LR = 1.809263e-05 | grad_norm = 20.350900
  Batch 3651: loss = 7.767605 | LR = 1.808596e-05 | grad_norm = 155.164750
  Batch 3652: loss = 2.472487 | LR = 1.807929e-05 | grad_norm = 145.331936
  Batch 3653: loss = 0.525522 | LR = 1.807262e-05 | grad_norm = 62.581358
  Batch 3654: loss = 3.995147 | LR = 1.806595e-05 | grad_norm = 70.638902
  Batch 3655: loss = 3.182551 | LR = 1.805928e-05 | grad_norm = 105.617602
  Batch 3656: loss = 4.896839 | LR = 1.805261e-05 | grad_norm = 138.172691
  Batch 3657: loss = 4.724553 | LR = 1.804594e-05 | grad_norm = 100.704753
  Batch 3658: loss = 0.081954 | LR = 1.803927e-05 | grad_norm = 13.113728
  Batch 3659: loss = 3.561631 | LR = 1.803260e-05 | grad_norm = 141.679918
  Batch 3660: loss = 5.026337 | LR = 1.802593e-05 | grad_norm = 116.532602
  Batch 3661: loss = 4.481707 | LR = 1.801926e-05 | grad_norm = 159.969496
  Batch 3662: loss = 1.608556 | LR = 1.801259e-05 | grad_norm = 126.960151
  Batch 3663: loss = 3.205925 | LR = 1.800591e-05 | grad_norm = 171.061006
  Batch 3664: loss = 6.130691 | LR = 1.799924e-05 | grad_norm = 123.366478
  Batch 3665: loss = 5.249805 | LR = 1.799257e-05 | grad_norm = 116.872354
  Batch 3666: loss = 5.855327 | LR = 1.798589e-05 | grad_norm = 129.994843
  Batch 3667: loss = 4.887798 | LR = 1.797922e-05 | grad_norm = 98.733488
  Batch 3668: loss = 3.266607 | LR = 1.797254e-05 | grad_norm = 111.026898
  Batch 3669: loss = 0.000002 | LR = 1.796587e-05 | grad_norm = 0.000863
  Batch 3670: loss = 2.133798 | LR = 1.795919e-05 | grad_norm = 110.086900
  Batch 3671: loss = 7.184426 | LR = 1.795251e-05 | grad_norm = 170.726716
  Batch 3672: loss = 4.025723 | LR = 1.794584e-05 | grad_norm = 99.948510
  Batch 3673: loss = 0.000000 | LR = 1.793916e-05 | grad_norm = 0.000215
  Batch 3674: loss = 14.654849 | LR = 1.793248e-05 | grad_norm = 365.222753
  Batch 3675: loss = 1.548961 | LR = 1.792580e-05 | grad_norm = 96.636223
  Batch 3676: loss = 1.782577 | LR = 1.791912e-05 | grad_norm = 84.570539
  Batch 3677: loss = 3.456536 | LR = 1.791245e-05 | grad_norm = 257.155816
  Batch 3678: loss = 0.000000 | LR = 1.790577e-05 | grad_norm = 0.000000
  Batch 3679: loss = 4.848407 | LR = 1.789909e-05 | grad_norm = 94.265631
  Batch 3680: loss = 0.790427 | LR = 1.789241e-05 | grad_norm = 95.942594
  Batch 3681: loss = 3.658269 | LR = 1.788572e-05 | grad_norm = 114.798608
  Batch 3682: loss = 7.693475 | LR = 1.787904e-05 | grad_norm = 96.783475
  Batch 3683: loss = 5.224560 | LR = 1.787236e-05 | grad_norm = 156.561143
  Batch 3684: loss = 5.722765 | LR = 1.786568e-05 | grad_norm = 49.493032
  Batch 3685: loss = 5.809750 | LR = 1.785900e-05 | grad_norm = 160.844789
  Batch 3686: loss = 5.081975 | LR = 1.785231e-05 | grad_norm = 80.017645
  Batch 3687: loss = 4.414486 | LR = 1.784563e-05 | grad_norm = 88.292102
  Batch 3688: loss = 3.289638 | LR = 1.783895e-05 | grad_norm = 161.743528
  Batch 3689: loss = 4.153027 | LR = 1.783226e-05 | grad_norm = 129.491173
  Batch 3690: loss = 5.127089 | LR = 1.782558e-05 | grad_norm = 105.252193
  Batch 3691: loss = 5.312895 | LR = 1.781889e-05 | grad_norm = 106.752627
  Batch 3692: loss = 0.215342 | LR = 1.781221e-05 | grad_norm = 56.066842
  Batch 3693: loss = 3.766374 | LR = 1.780552e-05 | grad_norm = 116.565101
  Batch 3694: loss = 3.794214 | LR = 1.779884e-05 | grad_norm = 77.952139
  Batch 3695: loss = 2.761182 | LR = 1.779215e-05 | grad_norm = 199.991574
  Batch 3696: loss = 2.720970 | LR = 1.778546e-05 | grad_norm = 133.495387
  Batch 3697: loss = 10.462435 | LR = 1.777878e-05 | grad_norm = 167.380476
  Batch 3698: loss = 2.281302 | LR = 1.777209e-05 | grad_norm = 197.915526
  Batch 3699: loss = 5.724661 | LR = 1.776540e-05 | grad_norm = 135.765218
  Batch 3700: loss = 5.030185 | LR = 1.775871e-05 | grad_norm = 92.751725
  Batch 3701: loss = 4.208903 | LR = 1.775202e-05 | grad_norm = 133.487116
  Batch 3702: loss = 1.563702 | LR = 1.774533e-05 | grad_norm = 137.801821
  Batch 3703: loss = 1.283021 | LR = 1.773864e-05 | grad_norm = 128.573313
  Batch 3704: loss = 3.524410 | LR = 1.773195e-05 | grad_norm = 64.931994
  Batch 3705: loss = 4.614833 | LR = 1.772526e-05 | grad_norm = 106.480229
  Batch 3706: loss = 4.263538 | LR = 1.771857e-05 | grad_norm = 110.511710
  Batch 3707: loss = 1.995583 | LR = 1.771188e-05 | grad_norm = 169.664789
  Batch 3708: loss = 0.651611 | LR = 1.770519e-05 | grad_norm = 74.881343
  Batch 3709: loss = 4.002779 | LR = 1.769850e-05 | grad_norm = 96.165946
  Batch 3710: loss = 5.429191 | LR = 1.769180e-05 | grad_norm = 146.533408
  Batch 3711: loss = 4.503081 | LR = 1.768511e-05 | grad_norm = 126.320123
  Batch 3712: loss = 2.361917 | LR = 1.767842e-05 | grad_norm = 146.361249
  Batch 3713: loss = 6.314576 | LR = 1.767172e-05 | grad_norm = 112.378667
  Batch 3714: loss = 3.240544 | LR = 1.766503e-05 | grad_norm = 161.219846
  Batch 3715: loss = 1.513292 | LR = 1.765834e-05 | grad_norm = 113.970667
  Batch 3716: loss = 5.421872 | LR = 1.765164e-05 | grad_norm = 121.741059
  Batch 3717: loss = 3.999612 | LR = 1.764495e-05 | grad_norm = 77.033008
  Batch 3718: loss = 4.937437 | LR = 1.763825e-05 | grad_norm = 183.412923
  Batch 3719: loss = 1.735926 | LR = 1.763155e-05 | grad_norm = 80.217088
  Batch 3720: loss = 1.430003 | LR = 1.762486e-05 | grad_norm = 191.786794
  Batch 3721: loss = 7.118456 | LR = 1.761816e-05 | grad_norm = 229.101428
  Batch 3722: loss = 6.377884 | LR = 1.761146e-05 | grad_norm = 136.589900
  Batch 3723: loss = 1.593576 | LR = 1.760477e-05 | grad_norm = 149.516407
  Batch 3724: loss = 1.732690 | LR = 1.759807e-05 | grad_norm = 107.854695
  Batch 3725: loss = 2.702466 | LR = 1.759137e-05 | grad_norm = 117.314258
  Batch 3726: loss = 4.437528 | LR = 1.758467e-05 | grad_norm = 94.583301
  Batch 3727: loss = 4.001634 | LR = 1.757797e-05 | grad_norm = 193.652591
  Batch 3728: loss = 4.506380 | LR = 1.757127e-05 | grad_norm = 93.900176
  Batch 3729: loss = 3.000320 | LR = 1.756457e-05 | grad_norm = 123.697489
  Batch 3730: loss = 5.376039 | LR = 1.755787e-05 | grad_norm = 156.209477
  Batch 3731: loss = 3.411486 | LR = 1.755117e-05 | grad_norm = 221.631979
  Batch 3732: loss = 7.873507 | LR = 1.754447e-05 | grad_norm = 115.079952
  Batch 3733: loss = 3.737320 | LR = 1.753777e-05 | grad_norm = 149.950993
  Batch 3734: loss = 6.846829 | LR = 1.753107e-05 | grad_norm = 152.370346
  Batch 3735: loss = 4.064411 | LR = 1.752437e-05 | grad_norm = 94.897688
  Batch 3736: loss = 4.924131 | LR = 1.751767e-05 | grad_norm = 133.340875
  Batch 3737: loss = 6.920264 | LR = 1.751096e-05 | grad_norm = 135.316840
  Batch 3738: loss = 6.448055 | LR = 1.750426e-05 | grad_norm = 112.043514
  Batch 3739: loss = 4.788629 | LR = 1.749756e-05 | grad_norm = 91.759464
  Batch 3740: loss = 2.615348 | LR = 1.749085e-05 | grad_norm = 108.615888
  Batch 3741: loss = 3.972238 | LR = 1.748415e-05 | grad_norm = 117.302846
  Batch 3742: loss = 4.732702 | LR = 1.747745e-05 | grad_norm = 139.079204
  Batch 3743: loss = 3.150291 | LR = 1.747074e-05 | grad_norm = 126.115165
  Batch 3744: loss = 2.125956 | LR = 1.746404e-05 | grad_norm = 165.234815
  Batch 3745: loss = 2.123925 | LR = 1.745733e-05 | grad_norm = 182.849236
  Batch 3746: loss = 5.489908 | LR = 1.745063e-05 | grad_norm = 98.832057
  Batch 3747: loss = 0.363519 | LR = 1.744392e-05 | grad_norm = 54.963340
  Batch 3748: loss = 3.814398 | LR = 1.743721e-05 | grad_norm = 151.686690
  Batch 3749: loss = 1.824959 | LR = 1.743051e-05 | grad_norm = 94.241240
  Batch 3750: loss = 6.878623 | LR = 1.742380e-05 | grad_norm = 64.899249
  Batch 3751: loss = 3.624034 | LR = 1.741709e-05 | grad_norm = 123.677493
  Batch 3752: loss = 4.861630 | LR = 1.741038e-05 | grad_norm = 99.247929
  Batch 3753: loss = 4.773170 | LR = 1.740368e-05 | grad_norm = 86.484952
  Batch 3754: loss = 4.227272 | LR = 1.739697e-05 | grad_norm = 141.991886
  Batch 3755: loss = 6.885470 | LR = 1.739026e-05 | grad_norm = 166.523551
  Batch 3756: loss = 3.111934 | LR = 1.738355e-05 | grad_norm = 97.843829
  Batch 3757: loss = 5.953885 | LR = 1.737684e-05 | grad_norm = 115.184683
  Batch 3758: loss = 3.034295 | LR = 1.737013e-05 | grad_norm = 116.856867
  Batch 3759: loss = 2.613548 | LR = 1.736342e-05 | grad_norm = 124.774457
  Batch 3760: loss = 1.193284 | LR = 1.735671e-05 | grad_norm = 91.402486
  Batch 3761: loss = 7.754707 | LR = 1.735000e-05 | grad_norm = 120.406161
  Batch 3762: loss = 0.000042 | LR = 1.734329e-05 | grad_norm = 0.011859
  Batch 3763: loss = 1.354211 | LR = 1.733658e-05 | grad_norm = 103.624543
  Batch 3764: loss = 5.735837 | LR = 1.732987e-05 | grad_norm = 95.681635
  Batch 3765: loss = 4.075431 | LR = 1.732316e-05 | grad_norm = 91.986637
  Batch 3766: loss = 0.000000 | LR = 1.731644e-05 | grad_norm = 0.000000
  Batch 3767: loss = 0.000000 | LR = 1.730973e-05 | grad_norm = 0.000008
  Batch 3768: loss = 6.779855 | LR = 1.730302e-05 | grad_norm = 97.963390
  Batch 3769: loss = 7.986905 | LR = 1.729630e-05 | grad_norm = 115.033972
  Batch 3770: loss = 2.928525 | LR = 1.728959e-05 | grad_norm = 107.461696
  Batch 3771: loss = 1.695758 | LR = 1.728288e-05 | grad_norm = 178.993341
  Batch 3772: loss = 0.378855 | LR = 1.727616e-05 | grad_norm = 54.610142
  Batch 3773: loss = 3.624400 | LR = 1.726945e-05 | grad_norm = 80.922631
  Batch 3774: loss = 7.596127 | LR = 1.726273e-05 | grad_norm = 147.270857
  Batch 3775: loss = 6.820460 | LR = 1.725602e-05 | grad_norm = 98.093343
  Batch 3776: loss = 6.398269 | LR = 1.724930e-05 | grad_norm = 100.799912
  Batch 3777: loss = 5.998430 | LR = 1.724259e-05 | grad_norm = 70.692963
  Batch 3778: loss = 0.849294 | LR = 1.723587e-05 | grad_norm = 67.737954
  Batch 3779: loss = 1.473666 | LR = 1.722916e-05 | grad_norm = 131.034631
  Batch 3780: loss = 2.580893 | LR = 1.722244e-05 | grad_norm = 55.473478
  Batch 3781: loss = 0.000000 | LR = 1.721572e-05 | grad_norm = 0.000000
  Batch 3782: loss = 5.249969 | LR = 1.720901e-05 | grad_norm = 60.457734
  Batch 3783: loss = 3.186870 | LR = 1.720229e-05 | grad_norm = 100.734023
  Batch 3784: loss = 12.070374 | LR = 1.719557e-05 | grad_norm = 345.367721
  Batch 3785: loss = 0.000000 | LR = 1.718885e-05 | grad_norm = 0.000041
  Batch 3786: loss = 3.262465 | LR = 1.718213e-05 | grad_norm = 116.750704
  Batch 3787: loss = 7.429670 | LR = 1.717542e-05 | grad_norm = 216.667818
  Batch 3788: loss = 7.590165 | LR = 1.716870e-05 | grad_norm = 229.643546
  Batch 3789: loss = 3.027545 | LR = 1.716198e-05 | grad_norm = 92.518464
  Batch 3790: loss = 0.001325 | LR = 1.715526e-05 | grad_norm = 0.371005
  Batch 3791: loss = 2.374306 | LR = 1.714854e-05 | grad_norm = 187.896449
  Batch 3792: loss = 5.179042 | LR = 1.714182e-05 | grad_norm = 90.883902
  Batch 3793: loss = 3.460462 | LR = 1.713510e-05 | grad_norm = 79.130243
  Batch 3794: loss = 0.640831 | LR = 1.712838e-05 | grad_norm = 57.207085
  Batch 3795: loss = 1.881464 | LR = 1.712166e-05 | grad_norm = 89.718535
  Batch 3796: loss = 5.443645 | LR = 1.711494e-05 | grad_norm = 98.713260
  Batch 3797: loss = 5.103213 | LR = 1.710821e-05 | grad_norm = 69.498581
  Batch 3798: loss = 0.594418 | LR = 1.710149e-05 | grad_norm = 63.987832
  Batch 3799: loss = 1.253825 | LR = 1.709477e-05 | grad_norm = 99.069345
  Batch 3800: loss = 0.108242 | LR = 1.708805e-05 | grad_norm = 26.071749
  Batch 3801: loss = 4.872929 | LR = 1.708133e-05 | grad_norm = 136.225101
  Batch 3802: loss = 5.910042 | LR = 1.707460e-05 | grad_norm = 74.611515
  Batch 3803: loss = 5.000931 | LR = 1.706788e-05 | grad_norm = 96.948009
  Batch 3804: loss = 4.591261 | LR = 1.706116e-05 | grad_norm = 151.392074
  Batch 3805: loss = 5.057298 | LR = 1.705443e-05 | grad_norm = 106.668491
  Batch 3806: loss = 6.238945 | LR = 1.704771e-05 | grad_norm = 218.941775
  Batch 3807: loss = 1.520469 | LR = 1.704098e-05 | grad_norm = 129.455190
  Batch 3808: loss = 0.156009 | LR = 1.703426e-05 | grad_norm = 43.997434
  Batch 3809: loss = 4.170023 | LR = 1.702754e-05 | grad_norm = 94.510341
  Batch 3810: loss = 5.822376 | LR = 1.702081e-05 | grad_norm = 154.773173
  Batch 3811: loss = 4.421554 | LR = 1.701409e-05 | grad_norm = 81.703086
  Batch 3812: loss = 4.286159 | LR = 1.700736e-05 | grad_norm = 80.075095
  Batch 3813: loss = 5.435056 | LR = 1.700063e-05 | grad_norm = 107.422526
  Batch 3814: loss = 3.452779 | LR = 1.699391e-05 | grad_norm = 157.303394
  Batch 3815: loss = 3.954642 | LR = 1.698718e-05 | grad_norm = 128.078132
  Batch 3816: loss = 4.004820 | LR = 1.698046e-05 | grad_norm = 79.871514
  Batch 3817: loss = 5.669594 | LR = 1.697373e-05 | grad_norm = 145.319509
  Batch 3818: loss = 1.989464 | LR = 1.696700e-05 | grad_norm = 155.369301
  Batch 3819: loss = 4.699738 | LR = 1.696027e-05 | grad_norm = 105.537177
  Batch 3820: loss = 4.861323 | LR = 1.695355e-05 | grad_norm = 236.740957
  Batch 3821: loss = 4.703941 | LR = 1.694682e-05 | grad_norm = 130.342859
  Batch 3822: loss = 5.401086 | LR = 1.694009e-05 | grad_norm = 93.434159
  Batch 3823: loss = 2.433418 | LR = 1.693336e-05 | grad_norm = 66.553896
  Batch 3824: loss = 5.286513 | LR = 1.692663e-05 | grad_norm = 66.817535
  Batch 3825: loss = 0.126059 | LR = 1.691991e-05 | grad_norm = 18.996298
  Batch 3826: loss = 4.096281 | LR = 1.691318e-05 | grad_norm = 86.744377
Epoch 1: Average loss = 4.5543, Train Acc = 15.05%, Duration = 68.45s
Validation Acc = 37.36% (11436/30607)
  Batch 1: loss = 2.779483 | LR = 1.690645e-05 | grad_norm = 132.231799
  Batch 2: loss = 1.366593 | LR = 1.689972e-05 | grad_norm = 95.900972
  Batch 3: loss = 1.784057 | LR = 1.689299e-05 | grad_norm = 164.155862
  Batch 4: loss = 1.149272 | LR = 1.688626e-05 | grad_norm = 110.010765
  Batch 5: loss = 2.646462 | LR = 1.687953e-05 | grad_norm = 120.779468
  Batch 6: loss = 3.235246 | LR = 1.687280e-05 | grad_norm = 200.308648
  Batch 7: loss = 0.684796 | LR = 1.686607e-05 | grad_norm = 79.149835
  Batch 8: loss = 3.988940 | LR = 1.685934e-05 | grad_norm = 80.193927
  Batch 9: loss = 3.567716 | LR = 1.685261e-05 | grad_norm = 170.979146
  Batch 10: loss = 3.390404 | LR = 1.684587e-05 | grad_norm = 150.281662
  Batch 11: loss = 1.655983 | LR = 1.683914e-05 | grad_norm = 116.076683
  Batch 12: loss = 7.034046 | LR = 1.683241e-05 | grad_norm = 128.742565
  Batch 13: loss = 2.202419 | LR = 1.682568e-05 | grad_norm = 190.700186
  Batch 14: loss = 1.239801 | LR = 1.681895e-05 | grad_norm = 107.285179
  Batch 15: loss = 8.872605 | LR = 1.681222e-05 | grad_norm = 213.633468
  Batch 16: loss = 3.907086 | LR = 1.680548e-05 | grad_norm = 120.369993
  Batch 17: loss = 4.902970 | LR = 1.679875e-05 | grad_norm = 102.679702
  Batch 18: loss = 0.127472 | LR = 1.679202e-05 | grad_norm = 26.599996
  Batch 19: loss = 2.558130 | LR = 1.678528e-05 | grad_norm = 95.653970
  Batch 20: loss = 3.070104 | LR = 1.677855e-05 | grad_norm = 161.102391
  Batch 21: loss = 3.418627 | LR = 1.677182e-05 | grad_norm = 132.465085
  Batch 22: loss = 4.873100 | LR = 1.676508e-05 | grad_norm = 204.762353
  Batch 23: loss = 0.642173 | LR = 1.675835e-05 | grad_norm = 89.546230
  Batch 24: loss = 2.032093 | LR = 1.675161e-05 | grad_norm = 139.976138
  Batch 25: loss = 7.239076 | LR = 1.674488e-05 | grad_norm = 112.547605
  Batch 26: loss = 2.453145 | LR = 1.673814e-05 | grad_norm = 149.693753
  Batch 27: loss = 3.544852 | LR = 1.673141e-05 | grad_norm = 106.716988
  Batch 28: loss = 2.547655 | LR = 1.672467e-05 | grad_norm = 134.799686
  Batch 29: loss = 1.562236 | LR = 1.671794e-05 | grad_norm = 65.953422
  Batch 30: loss = 0.371181 | LR = 1.671120e-05 | grad_norm = 90.853884
  Batch 31: loss = 3.498448 | LR = 1.670447e-05 | grad_norm = 158.879572
  Batch 32: loss = 1.732808 | LR = 1.669773e-05 | grad_norm = 258.801301
  Batch 33: loss = 6.576472 | LR = 1.669099e-05 | grad_norm = 167.494254
  Batch 34: loss = 3.393126 | LR = 1.668426e-05 | grad_norm = 115.216555
  Batch 35: loss = 6.207417 | LR = 1.667752e-05 | grad_norm = 253.368425
  Batch 36: loss = 4.116594 | LR = 1.667078e-05 | grad_norm = 137.340323
  Batch 37: loss = 1.725954 | LR = 1.666405e-05 | grad_norm = 136.814802
  Batch 38: loss = 4.012250 | LR = 1.665731e-05 | grad_norm = 109.149527
  Batch 39: loss = 0.836039 | LR = 1.665057e-05 | grad_norm = 111.413087
  Batch 40: loss = 2.563637 | LR = 1.664384e-05 | grad_norm = 118.247979
  Batch 41: loss = 3.323885 | LR = 1.663710e-05 | grad_norm = 285.017789
  Batch 42: loss = 2.672710 | LR = 1.663036e-05 | grad_norm = 147.773562
  Batch 43: loss = 6.286780 | LR = 1.662362e-05 | grad_norm = 176.432569
  Batch 44: loss = 1.022059 | LR = 1.661688e-05 | grad_norm = 131.489883
  Batch 45: loss = 3.686014 | LR = 1.661015e-05 | grad_norm = 182.591539
  Batch 46: loss = 0.586520 | LR = 1.660341e-05 | grad_norm = 65.169228
  Batch 47: loss = 3.459382 | LR = 1.659667e-05 | grad_norm = 142.879166
  Batch 48: loss = 4.582158 | LR = 1.658993e-05 | grad_norm = 113.989112
  Batch 49: loss = 5.388775 | LR = 1.658319e-05 | grad_norm = 246.454788
  Batch 50: loss = 3.105097 | LR = 1.657645e-05 | grad_norm = 169.622226
  Batch 51: loss = 0.000000 | LR = 1.656971e-05 | grad_norm = 0.000048
  Batch 52: loss = 1.997650 | LR = 1.656297e-05 | grad_norm = 149.591859
  Batch 53: loss = 4.149275 | LR = 1.655623e-05 | grad_norm = 142.423014
  Batch 54: loss = 4.576721 | LR = 1.654949e-05 | grad_norm = 129.570474
  Batch 55: loss = 0.021764 | LR = 1.654275e-05 | grad_norm = 4.045048
  Batch 56: loss = 7.376150 | LR = 1.653601e-05 | grad_norm = 115.499121
  Batch 57: loss = 2.675986 | LR = 1.652927e-05 | grad_norm = 128.392857
  Batch 58: loss = 0.510624 | LR = 1.652253e-05 | grad_norm = 70.806273
  Batch 59: loss = 3.824288 | LR = 1.651579e-05 | grad_norm = 177.875196
  Batch 60: loss = 4.483904 | LR = 1.650905e-05 | grad_norm = 152.468222
  Batch 61: loss = 0.000390 | LR = 1.650230e-05 | grad_norm = 0.133453
  Batch 62: loss = 8.114462 | LR = 1.649556e-05 | grad_norm = 146.856922
  Batch 63: loss = 3.880934 | LR = 1.648882e-05 | grad_norm = 160.129132
  Batch 64: loss = 4.222490 | LR = 1.648208e-05 | grad_norm = 70.374762
  Batch 65: loss = 5.112392 | LR = 1.647534e-05 | grad_norm = 114.335138
  Batch 66: loss = 6.077628 | LR = 1.646860e-05 | grad_norm = 132.800479
  Batch 67: loss = 1.578946 | LR = 1.646185e-05 | grad_norm = 146.847271
  Batch 68: loss = 0.391091 | LR = 1.645511e-05 | grad_norm = 76.452658
  Batch 69: loss = 0.010163 | LR = 1.644837e-05 | grad_norm = 4.530562
  Batch 70: loss = 7.148838 | LR = 1.644163e-05 | grad_norm = 182.011290
  Batch 71: loss = 4.692975 | LR = 1.643488e-05 | grad_norm = 144.793704
  Batch 72: loss = 3.784133 | LR = 1.642814e-05 | grad_norm = 98.824643
  Batch 73: loss = 4.277935 | LR = 1.642140e-05 | grad_norm = 130.275226
  Batch 74: loss = 6.037594 | LR = 1.641465e-05 | grad_norm = 240.440924
  Batch 75: loss = 0.000000 | LR = 1.640791e-05 | grad_norm = 0.000010
  Batch 76: loss = 3.353705 | LR = 1.640117e-05 | grad_norm = 148.224891
  Batch 77: loss = 5.669509 | LR = 1.639442e-05 | grad_norm = 201.185515
  Batch 78: loss = 0.339279 | LR = 1.638768e-05 | grad_norm = 39.748772
  Batch 79: loss = 3.737791 | LR = 1.638093e-05 | grad_norm = 212.202781
  Batch 80: loss = 1.299123 | LR = 1.637419e-05 | grad_norm = 130.831082
  Batch 81: loss = 0.781454 | LR = 1.636745e-05 | grad_norm = 75.956909
  Batch 82: loss = 9.615410 | LR = 1.636070e-05 | grad_norm = 175.044876
  Batch 83: loss = 0.278453 | LR = 1.635396e-05 | grad_norm = 91.500534
  Batch 84: loss = 3.973745 | LR = 1.634721e-05 | grad_norm = 108.948623
  Batch 85: loss = 0.659979 | LR = 1.634047e-05 | grad_norm = 86.747390
  Batch 86: loss = 5.267448 | LR = 1.633372e-05 | grad_norm = 86.979267
  Batch 87: loss = 5.091975 | LR = 1.632698e-05 | grad_norm = 152.893697
  Batch 88: loss = 5.334472 | LR = 1.632023e-05 | grad_norm = 172.515374
  Batch 89: loss = 5.138321 | LR = 1.631349e-05 | grad_norm = 60.437339
  Batch 90: loss = 1.287367 | LR = 1.630674e-05 | grad_norm = 84.731901
  Batch 91: loss = 0.224036 | LR = 1.629999e-05 | grad_norm = 22.894530
  Batch 92: loss = 0.303558 | LR = 1.629325e-05 | grad_norm = 44.605455
  Batch 93: loss = 0.697778 | LR = 1.628650e-05 | grad_norm = 67.646504
  Batch 94: loss = 4.572320 | LR = 1.627976e-05 | grad_norm = 93.304223
  Batch 95: loss = 1.754678 | LR = 1.627301e-05 | grad_norm = 113.500326
  Batch 96: loss = 4.806931 | LR = 1.626626e-05 | grad_norm = 176.975979
  Batch 97: loss = 1.471537 | LR = 1.625952e-05 | grad_norm = 145.835429
  Batch 98: loss = 2.246922 | LR = 1.625277e-05 | grad_norm = 182.213429
  Batch 99: loss = 0.000950 | LR = 1.624602e-05 | grad_norm = 0.280956
  Batch 100: loss = 2.963552 | LR = 1.623928e-05 | grad_norm = 108.634419
  Batch 101: loss = 7.081281 | LR = 1.623253e-05 | grad_norm = 180.619055
  Batch 102: loss = 4.109157 | LR = 1.622578e-05 | grad_norm = 165.267924
  Batch 103: loss = 0.932116 | LR = 1.621904e-05 | grad_norm = 89.971899
  Batch 104: loss = 0.031753 | LR = 1.621229e-05 | grad_norm = 7.633984
  Batch 105: loss = 4.959509 | LR = 1.620554e-05 | grad_norm = 128.227285
  Batch 106: loss = 3.814792 | LR = 1.619879e-05 | grad_norm = 112.219604
  Batch 107: loss = 0.733658 | LR = 1.619205e-05 | grad_norm = 111.822146
  Batch 108: loss = 6.168390 | LR = 1.618530e-05 | grad_norm = 178.149474
  Batch 109: loss = 0.937552 | LR = 1.617855e-05 | grad_norm = 99.952284
  Batch 110: loss = 1.802886 | LR = 1.617180e-05 | grad_norm = 110.990598
  Batch 111: loss = 1.411940 | LR = 1.616506e-05 | grad_norm = 173.839534
  Batch 112: loss = 4.530098 | LR = 1.615831e-05 | grad_norm = 91.084734
  Batch 113: loss = 8.398769 | LR = 1.615156e-05 | grad_norm = 291.851638
  Batch 114: loss = 0.179685 | LR = 1.614481e-05 | grad_norm = 35.607965
  Batch 115: loss = 2.384860 | LR = 1.613806e-05 | grad_norm = 174.747386
  Batch 116: loss = 5.462054 | LR = 1.613131e-05 | grad_norm = 161.906954
  Batch 117: loss = 3.662595 | LR = 1.612457e-05 | grad_norm = 146.233835
  Batch 118: loss = 3.359590 | LR = 1.611782e-05 | grad_norm = 84.103109
  Batch 119: loss = 5.591277 | LR = 1.611107e-05 | grad_norm = 115.271756
  Batch 120: loss = 0.033726 | LR = 1.610432e-05 | grad_norm = 8.070239
  Batch 121: loss = 0.001998 | LR = 1.609757e-05 | grad_norm = 0.763314
  Batch 122: loss = 1.555329 | LR = 1.609082e-05 | grad_norm = 139.711098
  Batch 123: loss = 0.036823 | LR = 1.608407e-05 | grad_norm = 11.229579
  Batch 124: loss = 1.641039 | LR = 1.607732e-05 | grad_norm = 220.694835
  Batch 125: loss = 1.054682 | LR = 1.607057e-05 | grad_norm = 216.460952
  Batch 126: loss = 3.936381 | LR = 1.606383e-05 | grad_norm = 157.007668
  Batch 127: loss = 2.579679 | LR = 1.605708e-05 | grad_norm = 153.105691
  Batch 128: loss = 0.074281 | LR = 1.605033e-05 | grad_norm = 22.185607
  Batch 129: loss = 0.023802 | LR = 1.604358e-05 | grad_norm = 6.045806
  Batch 130: loss = 1.182204 | LR = 1.603683e-05 | grad_norm = 83.031941
  Batch 131: loss = 3.668428 | LR = 1.603008e-05 | grad_norm = 151.599310
  Batch 132: loss = 7.094398 | LR = 1.602333e-05 | grad_norm = 230.254591
  Batch 133: loss = 7.611986 | LR = 1.601658e-05 | grad_norm = 226.744402
  Batch 134: loss = 2.914361 | LR = 1.600983e-05 | grad_norm = 115.036738
  Batch 135: loss = 8.754836 | LR = 1.600308e-05 | grad_norm = 397.292027
  Batch 136: loss = 1.391592 | LR = 1.599633e-05 | grad_norm = 138.312661
  Batch 137: loss = 4.638525 | LR = 1.598958e-05 | grad_norm = 167.363255
  Batch 138: loss = 5.499089 | LR = 1.598283e-05 | grad_norm = 129.265426
  Batch 139: loss = 3.251775 | LR = 1.597608e-05 | grad_norm = 112.645542
  Batch 140: loss = 3.070074 | LR = 1.596933e-05 | grad_norm = 130.475200
  Batch 141: loss = 0.000000 | LR = 1.596258e-05 | grad_norm = 0.000015
  Batch 142: loss = 2.080073 | LR = 1.595583e-05 | grad_norm = 133.007629
  Batch 143: loss = 0.008855 | LR = 1.594908e-05 | grad_norm = 2.458423
  Batch 144: loss = 0.002297 | LR = 1.594232e-05 | grad_norm = 0.751627
  Batch 145: loss = 0.000000 | LR = 1.593557e-05 | grad_norm = 0.000001
  Batch 146: loss = 5.532625 | LR = 1.592882e-05 | grad_norm = 148.391049
  Batch 147: loss = 5.475122 | LR = 1.592207e-05 | grad_norm = 260.614237
  Batch 148: loss = 2.127709 | LR = 1.591532e-05 | grad_norm = 175.271125
  Batch 149: loss = 0.007569 | LR = 1.590857e-05 | grad_norm = 2.173941
  Batch 150: loss = 3.267237 | LR = 1.590182e-05 | grad_norm = 152.868581
  Batch 151: loss = 1.157167 | LR = 1.589507e-05 | grad_norm = 109.782817
  Batch 152: loss = 5.225526 | LR = 1.588832e-05 | grad_norm = 110.044976
  Batch 153: loss = 1.427411 | LR = 1.588157e-05 | grad_norm = 133.400709
  Batch 154: loss = 1.854836 | LR = 1.587482e-05 | grad_norm = 194.212912
  Batch 155: loss = 3.463272 | LR = 1.586806e-05 | grad_norm = 227.617442
  Batch 156: loss = 0.001733 | LR = 1.586131e-05 | grad_norm = 0.599727
  Batch 157: loss = 0.456146 | LR = 1.585456e-05 | grad_norm = 68.393700
  Batch 158: loss = 3.124525 | LR = 1.584781e-05 | grad_norm = 120.155118
  Batch 159: loss = 0.174835 | LR = 1.584106e-05 | grad_norm = 45.728440
  Batch 160: loss = 0.064255 | LR = 1.583431e-05 | grad_norm = 14.168059
  Batch 161: loss = 0.246900 | LR = 1.582756e-05 | grad_norm = 51.434352
  Batch 162: loss = 4.091578 | LR = 1.582080e-05 | grad_norm = 161.089057
  Batch 163: loss = 6.002586 | LR = 1.581405e-05 | grad_norm = 135.859493
  Batch 164: loss = 2.611663 | LR = 1.580730e-05 | grad_norm = 199.042782
  Batch 165: loss = 2.598705 | LR = 1.580055e-05 | grad_norm = 233.344318
  Batch 166: loss = 0.000000 | LR = 1.579380e-05 | grad_norm = 0.000000
  Batch 167: loss = 0.999989 | LR = 1.578705e-05 | grad_norm = 142.713922
  Batch 168: loss = 1.605417 | LR = 1.578029e-05 | grad_norm = 427.186330
  Batch 169: loss = 0.112879 | LR = 1.577354e-05 | grad_norm = 30.811715
  Batch 170: loss = 0.225927 | LR = 1.576679e-05 | grad_norm = 35.725813
  Batch 171: loss = 5.578043 | LR = 1.576004e-05 | grad_norm = 209.222601
  Batch 172: loss = 0.803294 | LR = 1.575329e-05 | grad_norm = 82.733019
  Batch 173: loss = 4.298686 | LR = 1.574654e-05 | grad_norm = 272.344341
  Batch 174: loss = 3.674466 | LR = 1.573978e-05 | grad_norm = 114.150895
  Batch 175: loss = 4.633981 | LR = 1.573303e-05 | grad_norm = 203.300859
  Batch 176: loss = 0.155514 | LR = 1.572628e-05 | grad_norm = 41.286926
  Batch 177: loss = 2.419434 | LR = 1.571953e-05 | grad_norm = 191.432138
  Batch 178: loss = 1.164809 | LR = 1.571278e-05 | grad_norm = 141.042378
  Batch 179: loss = 0.007041 | LR = 1.570602e-05 | grad_norm = 2.443373
  Batch 180: loss = 0.000006 | LR = 1.569927e-05 | grad_norm = 0.003169
  Batch 181: loss = 0.595774 | LR = 1.569252e-05 | grad_norm = 168.289057
  Batch 182: loss = 3.755369 | LR = 1.568577e-05 | grad_norm = 240.253296
  Batch 183: loss = 0.000107 | LR = 1.567902e-05 | grad_norm = 0.046191
  Batch 184: loss = 6.167860 | LR = 1.567226e-05 | grad_norm = 496.354946
  Batch 185: loss = 1.109112 | LR = 1.566551e-05 | grad_norm = 173.604126
  Batch 186: loss = 0.731927 | LR = 1.565876e-05 | grad_norm = 131.472887
  Batch 187: loss = 12.598020 | LR = 1.565201e-05 | grad_norm = 694.062134
  Batch 188: loss = 4.513242 | LR = 1.564526e-05 | grad_norm = 243.356414
  Batch 189: loss = 0.000000 | LR = 1.563850e-05 | grad_norm = 0.000000
  Batch 190: loss = 13.662982 | LR = 1.563175e-05 | grad_norm = 443.196165
  Batch 191: loss = 0.000000 | LR = 1.562500e-05 | grad_norm = 0.000000
  Batch 192: loss = 0.920196 | LR = 1.561825e-05 | grad_norm = 134.554861
  Batch 193: loss = 4.054106 | LR = 1.561150e-05 | grad_norm = 86.745563
  Batch 194: loss = 3.337255 | LR = 1.560474e-05 | grad_norm = 183.840151
  Batch 195: loss = 5.908361 | LR = 1.559799e-05 | grad_norm = 146.069098
  Batch 196: loss = 2.664874 | LR = 1.559124e-05 | grad_norm = 155.545741
  Batch 197: loss = 6.108498 | LR = 1.558449e-05 | grad_norm = 146.454264
  Batch 198: loss = 3.737436 | LR = 1.557774e-05 | grad_norm = 148.146112
  Batch 199: loss = 6.296324 | LR = 1.557098e-05 | grad_norm = 205.250018
  Batch 200: loss = 0.083946 | LR = 1.556423e-05 | grad_norm = 28.041392
  Batch 201: loss = 10.758833 | LR = 1.555748e-05 | grad_norm = 281.264993
  Batch 202: loss = 4.855864 | LR = 1.555073e-05 | grad_norm = 144.070098
  Batch 203: loss = 4.022507 | LR = 1.554398e-05 | grad_norm = 235.573231
  Batch 204: loss = 4.036894 | LR = 1.553722e-05 | grad_norm = 450.989267
  Batch 205: loss = 3.644052 | LR = 1.553047e-05 | grad_norm = 128.236233
  Batch 206: loss = 0.011498 | LR = 1.552372e-05 | grad_norm = 4.466799
  Batch 207: loss = 3.651105 | LR = 1.551697e-05 | grad_norm = 163.557134
  Batch 208: loss = 3.819797 | LR = 1.551022e-05 | grad_norm = 123.760863
  Batch 209: loss = 0.000200 | LR = 1.550346e-05 | grad_norm = 0.070098
  Batch 210: loss = 3.446549 | LR = 1.549671e-05 | grad_norm = 249.144975
  Batch 211: loss = 1.384089 | LR = 1.548996e-05 | grad_norm = 243.282171
  Batch 212: loss = 3.650454 | LR = 1.548321e-05 | grad_norm = 175.034461
  Batch 213: loss = 5.250044 | LR = 1.547646e-05 | grad_norm = 81.734621
  Batch 214: loss = 4.774530 | LR = 1.546971e-05 | grad_norm = 259.703732
  Batch 215: loss = 0.427841 | LR = 1.546295e-05 | grad_norm = 100.291341
  Batch 216: loss = 1.814723 | LR = 1.545620e-05 | grad_norm = 127.370335
  Batch 217: loss = 2.644711 | LR = 1.544945e-05 | grad_norm = 249.631598
  Batch 218: loss = 0.255956 | LR = 1.544270e-05 | grad_norm = 90.463712
  Batch 219: loss = 5.692552 | LR = 1.543595e-05 | grad_norm = 126.238874
  Batch 220: loss = 0.215946 | LR = 1.542920e-05 | grad_norm = 36.248819
  Batch 221: loss = 2.034653 | LR = 1.542244e-05 | grad_norm = 143.947377
  Batch 222: loss = 2.897674 | LR = 1.541569e-05 | grad_norm = 144.124616
  Batch 223: loss = 0.340814 | LR = 1.540894e-05 | grad_norm = 83.075477
  Batch 224: loss = 0.997268 | LR = 1.540219e-05 | grad_norm = 223.035792
  Batch 225: loss = 4.295115 | LR = 1.539544e-05 | grad_norm = 168.529709
  Batch 226: loss = 5.639585 | LR = 1.538869e-05 | grad_norm = 360.976752
  Batch 227: loss = 0.053093 | LR = 1.538194e-05 | grad_norm = 16.318434
  Batch 228: loss = 4.409294 | LR = 1.537518e-05 | grad_norm = 215.501079
  Batch 229: loss = 1.945643 | LR = 1.536843e-05 | grad_norm = 97.591870
  Batch 230: loss = 0.000006 | LR = 1.536168e-05 | grad_norm = 0.001964
  Batch 231: loss = 0.000000 | LR = 1.535493e-05 | grad_norm = 0.000000
  Batch 232: loss = 1.733293 | LR = 1.534818e-05 | grad_norm = 144.597240
  Batch 233: loss = 9.640004 | LR = 1.534143e-05 | grad_norm = 216.562452
  Batch 234: loss = 6.840947 | LR = 1.533468e-05 | grad_norm = 147.189993
  Batch 235: loss = 0.000391 | LR = 1.532793e-05 | grad_norm = 0.150914
  Batch 236: loss = 0.020384 | LR = 1.532118e-05 | grad_norm = 8.632460
  Batch 237: loss = 5.761417 | LR = 1.531443e-05 | grad_norm = 148.570780
  Batch 238: loss = 4.267251 | LR = 1.530768e-05 | grad_norm = 215.148299
  Batch 239: loss = 3.097333 | LR = 1.530092e-05 | grad_norm = 254.942632
  Batch 240: loss = 5.203325 | LR = 1.529417e-05 | grad_norm = 256.289024
  Batch 241: loss = 4.577143 | LR = 1.528742e-05 | grad_norm = 134.214928
  Batch 242: loss = 3.675909 | LR = 1.528067e-05 | grad_norm = 132.919085
  Batch 243: loss = 2.215880 | LR = 1.527392e-05 | grad_norm = 258.649397
  Batch 244: loss = 6.908635 | LR = 1.526717e-05 | grad_norm = 201.959732
  Batch 245: loss = 0.000000 | LR = 1.526042e-05 | grad_norm = 0.000001
  Batch 246: loss = 2.524344 | LR = 1.525367e-05 | grad_norm = 221.096480
  Batch 247: loss = 1.163131 | LR = 1.524692e-05 | grad_norm = 119.088242
  Batch 248: loss = 1.994150 | LR = 1.524017e-05 | grad_norm = 126.539705
  Batch 249: loss = 0.233654 | LR = 1.523342e-05 | grad_norm = 43.403763
  Batch 250: loss = 3.944421 | LR = 1.522667e-05 | grad_norm = 263.187020
  Batch 251: loss = 1.980161 | LR = 1.521992e-05 | grad_norm = 99.054912
  Batch 252: loss = 3.515081 | LR = 1.521317e-05 | grad_norm = 230.709595
  Batch 253: loss = 3.961186 | LR = 1.520642e-05 | grad_norm = 143.396878
  Batch 254: loss = 0.793484 | LR = 1.519967e-05 | grad_norm = 102.365246
  Batch 255: loss = 0.173290 | LR = 1.519292e-05 | grad_norm = 35.242143
  Batch 256: loss = 3.186632 | LR = 1.518617e-05 | grad_norm = 155.009054
  Batch 257: loss = 1.652299 | LR = 1.517943e-05 | grad_norm = 148.721214
  Batch 258: loss = 1.859747 | LR = 1.517268e-05 | grad_norm = 149.327738
  Batch 259: loss = 3.551990 | LR = 1.516593e-05 | grad_norm = 210.400573
  Batch 260: loss = 4.380216 | LR = 1.515918e-05 | grad_norm = 110.789622
  Batch 261: loss = 4.243088 | LR = 1.515243e-05 | grad_norm = 110.105770
  Batch 262: loss = 5.904054 | LR = 1.514568e-05 | grad_norm = 256.474144
  Batch 263: loss = 3.793093 | LR = 1.513893e-05 | grad_norm = 110.888598
  Batch 264: loss = 3.422923 | LR = 1.513218e-05 | grad_norm = 162.520509
  Batch 265: loss = 1.268117 | LR = 1.512543e-05 | grad_norm = 107.968161
  Batch 266: loss = 0.422278 | LR = 1.511869e-05 | grad_norm = 58.634779
  Batch 267: loss = 3.676447 | LR = 1.511194e-05 | grad_norm = 201.252720
  Batch 268: loss = 1.995978 | LR = 1.510519e-05 | grad_norm = 150.248155
  Batch 269: loss = 4.323039 | LR = 1.509844e-05 | grad_norm = 62.510571
  Batch 270: loss = 0.140556 | LR = 1.509169e-05 | grad_norm = 25.029779
  Batch 271: loss = 0.010054 | LR = 1.508494e-05 | grad_norm = 3.776057
  Batch 272: loss = 5.189870 | LR = 1.507820e-05 | grad_norm = 186.177605
  Batch 273: loss = 0.400841 | LR = 1.507145e-05 | grad_norm = 55.366094
  Batch 274: loss = 0.087613 | LR = 1.506470e-05 | grad_norm = 27.960966
  Batch 275: loss = 3.559834 | LR = 1.505795e-05 | grad_norm = 103.245291
  Batch 276: loss = 4.352895 | LR = 1.505121e-05 | grad_norm = 175.237151
  Batch 277: loss = 9.995161 | LR = 1.504446e-05 | grad_norm = 226.026982
  Batch 278: loss = 4.725535 | LR = 1.503771e-05 | grad_norm = 160.483819
  Batch 279: loss = 5.102423 | LR = 1.503096e-05 | grad_norm = 85.558226
  Batch 280: loss = 0.374562 | LR = 1.502422e-05 | grad_norm = 69.997852
  Batch 281: loss = 0.080256 | LR = 1.501747e-05 | grad_norm = 23.360210
  Batch 282: loss = 0.922981 | LR = 1.501072e-05 | grad_norm = 92.722434
  Batch 283: loss = 3.658979 | LR = 1.500398e-05 | grad_norm = 250.043542
  Batch 284: loss = 0.023816 | LR = 1.499723e-05 | grad_norm = 6.270386
  Batch 285: loss = 5.063497 | LR = 1.499048e-05 | grad_norm = 210.439622
  Batch 286: loss = 0.161891 | LR = 1.498374e-05 | grad_norm = 41.076800
  Batch 287: loss = 0.469996 | LR = 1.497699e-05 | grad_norm = 136.626633
  Batch 288: loss = 1.172039 | LR = 1.497024e-05 | grad_norm = 262.315953
  Batch 289: loss = 6.399925 | LR = 1.496350e-05 | grad_norm = 190.827863
  Batch 290: loss = 1.187534 | LR = 1.495675e-05 | grad_norm = 152.709349
  Batch 291: loss = 0.491899 | LR = 1.495001e-05 | grad_norm = 92.928301
  Batch 292: loss = 0.235472 | LR = 1.494326e-05 | grad_norm = 60.181210
  Batch 293: loss = 0.163973 | LR = 1.493651e-05 | grad_norm = 42.247708
  Batch 294: loss = 6.609844 | LR = 1.492977e-05 | grad_norm = 189.705402
  Batch 295: loss = 5.711850 | LR = 1.492302e-05 | grad_norm = 253.330500
  Batch 296: loss = 7.395210 | LR = 1.491628e-05 | grad_norm = 243.807380
  Batch 297: loss = 2.230743 | LR = 1.490953e-05 | grad_norm = 147.146449
  Batch 298: loss = 0.035268 | LR = 1.490279e-05 | grad_norm = 8.530651
  Batch 299: loss = 0.409851 | LR = 1.489604e-05 | grad_norm = 66.463786
  Batch 300: loss = 0.834140 | LR = 1.488930e-05 | grad_norm = 125.515021
  Batch 301: loss = 0.535776 | LR = 1.488255e-05 | grad_norm = 110.966620
  Batch 302: loss = 0.506652 | LR = 1.487581e-05 | grad_norm = 130.195576
  Batch 303: loss = 8.538806 | LR = 1.486907e-05 | grad_norm = 312.191855
  Batch 304: loss = 5.013033 | LR = 1.486232e-05 | grad_norm = 268.882401
  Batch 305: loss = 7.510554 | LR = 1.485558e-05 | grad_norm = 294.456196
  Batch 306: loss = 0.000000 | LR = 1.484883e-05 | grad_norm = 0.000000
  Batch 307: loss = 1.152488 | LR = 1.484209e-05 | grad_norm = 128.613070
  Batch 308: loss = 6.517829 | LR = 1.483535e-05 | grad_norm = 215.261111
  Batch 309: loss = 1.876139 | LR = 1.482860e-05 | grad_norm = 142.267031
  Batch 310: loss = 0.793460 | LR = 1.482186e-05 | grad_norm = 93.185806
  Batch 311: loss = 3.972152 | LR = 1.481512e-05 | grad_norm = 78.110063
  Batch 312: loss = 1.825585 | LR = 1.480837e-05 | grad_norm = 172.065084
  Batch 313: loss = 0.642822 | LR = 1.480163e-05 | grad_norm = 81.034236
  Batch 314: loss = 0.000001 | LR = 1.479489e-05 | grad_norm = 0.000207
  Batch 315: loss = 5.419207 | LR = 1.478815e-05 | grad_norm = 76.250352
  Batch 316: loss = 1.301256 | LR = 1.478140e-05 | grad_norm = 78.672363
  Batch 317: loss = 5.010509 | LR = 1.477466e-05 | grad_norm = 207.703496
  Batch 318: loss = 10.812754 | LR = 1.476792e-05 | grad_norm = 430.565786
  Batch 319: loss = 0.910296 | LR = 1.476118e-05 | grad_norm = 127.029202
  Batch 320: loss = 3.325070 | LR = 1.475444e-05 | grad_norm = 181.915129
  Batch 321: loss = 2.647483 | LR = 1.474770e-05 | grad_norm = 149.400554
  Batch 322: loss = 6.899893 | LR = 1.474095e-05 | grad_norm = 248.415928
  Batch 323: loss = 0.006743 | LR = 1.473421e-05 | grad_norm = 2.037107
  Batch 324: loss = 0.034511 | LR = 1.472747e-05 | grad_norm = 13.343175
  Batch 325: loss = 4.295436 | LR = 1.472073e-05 | grad_norm = 221.397049
  Batch 326: loss = 0.000100 | LR = 1.471399e-05 | grad_norm = 0.033054
  Batch 327: loss = 2.653326 | LR = 1.470725e-05 | grad_norm = 166.953338
  Batch 328: loss = 4.424284 | LR = 1.470051e-05 | grad_norm = 211.349667
  Batch 329: loss = 4.915836 | LR = 1.469377e-05 | grad_norm = 245.671083
  Batch 330: loss = 4.008082 | LR = 1.468703e-05 | grad_norm = 134.797155
  Batch 331: loss = 1.022262 | LR = 1.468029e-05 | grad_norm = 242.914610
  Batch 332: loss = 0.000000 | LR = 1.467355e-05 | grad_norm = 0.000000
  Batch 333: loss = 7.539591 | LR = 1.466681e-05 | grad_norm = 194.665767
  Batch 334: loss = 2.877675 | LR = 1.466007e-05 | grad_norm = 268.520266
  Batch 335: loss = 7.692046 | LR = 1.465333e-05 | grad_norm = 419.381040
  Batch 336: loss = 1.217874 | LR = 1.464659e-05 | grad_norm = 102.279889
  Batch 337: loss = 9.658834 | LR = 1.463985e-05 | grad_norm = 315.031506
  Batch 338: loss = 1.418862 | LR = 1.463312e-05 | grad_norm = 196.786499
  Batch 339: loss = 6.084847 | LR = 1.462638e-05 | grad_norm = 308.876564
  Batch 340: loss = 1.752511 | LR = 1.461964e-05 | grad_norm = 137.804336
  Batch 341: loss = 4.212501 | LR = 1.461290e-05 | grad_norm = 93.296400
  Batch 342: loss = 1.155358 | LR = 1.460616e-05 | grad_norm = 229.161774
  Batch 343: loss = 4.795100 | LR = 1.459943e-05 | grad_norm = 215.402801
  Batch 344: loss = 5.868470 | LR = 1.459269e-05 | grad_norm = 107.278697
  Batch 345: loss = 1.444345 | LR = 1.458595e-05 | grad_norm = 115.220116
  Batch 346: loss = 3.373932 | LR = 1.457922e-05 | grad_norm = 116.889624
  Batch 347: loss = 0.030129 | LR = 1.457248e-05 | grad_norm = 6.631025
  Batch 348: loss = 5.160827 | LR = 1.456574e-05 | grad_norm = 139.974518
  Batch 349: loss = 2.551237 | LR = 1.455901e-05 | grad_norm = 132.607170
  Batch 350: loss = 0.000439 | LR = 1.455227e-05 | grad_norm = 0.113435
  Batch 351: loss = 1.952801 | LR = 1.454553e-05 | grad_norm = 316.524355
  Batch 352: loss = 3.064892 | LR = 1.453880e-05 | grad_norm = 173.280813
  Batch 353: loss = 3.520744 | LR = 1.453206e-05 | grad_norm = 142.105805
  Batch 354: loss = 4.017595 | LR = 1.452533e-05 | grad_norm = 223.339238
  Batch 355: loss = 0.867289 | LR = 1.451859e-05 | grad_norm = 224.492670
  Batch 356: loss = 1.692654 | LR = 1.451186e-05 | grad_norm = 98.349600
  Batch 357: loss = 2.759108 | LR = 1.450512e-05 | grad_norm = 151.908572
  Batch 358: loss = 3.178561 | LR = 1.449839e-05 | grad_norm = 201.874464
  Batch 359: loss = 1.853923 | LR = 1.449165e-05 | grad_norm = 106.557166
  Batch 360: loss = 0.032429 | LR = 1.448492e-05 | grad_norm = 5.039002
  Batch 361: loss = 4.880808 | LR = 1.447818e-05 | grad_norm = 204.287331
  Batch 362: loss = 3.576421 | LR = 1.447145e-05 | grad_norm = 182.606992
  Batch 363: loss = 0.533198 | LR = 1.446472e-05 | grad_norm = 55.335731
  Batch 364: loss = 5.307611 | LR = 1.445798e-05 | grad_norm = 119.600857
  Batch 365: loss = 3.723312 | LR = 1.445125e-05 | grad_norm = 153.899701
  Batch 366: loss = 0.000003 | LR = 1.444452e-05 | grad_norm = 0.001331
  Batch 367: loss = 0.000162 | LR = 1.443778e-05 | grad_norm = 0.050313
  Batch 368: loss = 0.005890 | LR = 1.443105e-05 | grad_norm = 1.598510
  Batch 369: loss = 4.010222 | LR = 1.442432e-05 | grad_norm = 134.745156
  Batch 370: loss = 4.314508 | LR = 1.441759e-05 | grad_norm = 123.398117
  Batch 371: loss = 0.651705 | LR = 1.441086e-05 | grad_norm = 106.582243
  Batch 372: loss = 3.291731 | LR = 1.440413e-05 | grad_norm = 147.806433
  Batch 373: loss = 0.275078 | LR = 1.439739e-05 | grad_norm = 28.785868
  Batch 374: loss = 0.660322 | LR = 1.439066e-05 | grad_norm = 68.655016
  Batch 375: loss = 0.932071 | LR = 1.438393e-05 | grad_norm = 103.698861
  Batch 376: loss = 2.047464 | LR = 1.437720e-05 | grad_norm = 141.589594
  Batch 377: loss = 8.002608 | LR = 1.437047e-05 | grad_norm = 95.519300
  Batch 378: loss = 0.350461 | LR = 1.436374e-05 | grad_norm = 51.207976
  Batch 379: loss = 0.011827 | LR = 1.435701e-05 | grad_norm = 3.581732
  Batch 380: loss = 1.888341 | LR = 1.435028e-05 | grad_norm = 149.632564
  Batch 381: loss = 1.908056 | LR = 1.434355e-05 | grad_norm = 96.358867
  Batch 382: loss = 6.250398 | LR = 1.433682e-05 | grad_norm = 292.736503
  Batch 383: loss = 18.355595 | LR = 1.433009e-05 | grad_norm = 558.184234
  Batch 384: loss = 1.440367 | LR = 1.432337e-05 | grad_norm = 170.299937
  Batch 385: loss = 3.211670 | LR = 1.431664e-05 | grad_norm = 267.863233
  Batch 386: loss = 0.000001 | LR = 1.430991e-05 | grad_norm = 0.000512
  Batch 387: loss = 4.609598 | LR = 1.430318e-05 | grad_norm = 195.549139
  Batch 388: loss = 4.280961 | LR = 1.429645e-05 | grad_norm = 227.471068
  Batch 389: loss = 6.905640 | LR = 1.428973e-05 | grad_norm = 110.999067
  Batch 390: loss = 8.555812 | LR = 1.428300e-05 | grad_norm = 166.863927
  Batch 391: loss = 2.023933 | LR = 1.427627e-05 | grad_norm = 165.185472
  Batch 392: loss = 1.410431 | LR = 1.426954e-05 | grad_norm = 127.047533
  Batch 393: loss = 2.748236 | LR = 1.426282e-05 | grad_norm = 196.388364
  Batch 394: loss = 4.298443 | LR = 1.425609e-05 | grad_norm = 111.921636
  Batch 395: loss = 4.120608 | LR = 1.424937e-05 | grad_norm = 166.341080
  Batch 396: loss = 2.694350 | LR = 1.424264e-05 | grad_norm = 130.718156
  Batch 397: loss = 5.870455 | LR = 1.423591e-05 | grad_norm = 158.489796
  Batch 398: loss = 2.465032 | LR = 1.422919e-05 | grad_norm = 189.481893
  Batch 399: loss = 0.579533 | LR = 1.422246e-05 | grad_norm = 87.253151
  Batch 400: loss = 7.396412 | LR = 1.421574e-05 | grad_norm = 195.209976
  Batch 401: loss = 2.487502 | LR = 1.420902e-05 | grad_norm = 134.282942
  Batch 402: loss = 0.000000 | LR = 1.420229e-05 | grad_norm = 0.000149
  Batch 403: loss = 5.090739 | LR = 1.419557e-05 | grad_norm = 181.105418
  Batch 404: loss = 0.356715 | LR = 1.418884e-05 | grad_norm = 74.178452
  Batch 405: loss = 0.357435 | LR = 1.418212e-05 | grad_norm = 65.351471
  Batch 406: loss = 2.325128 | LR = 1.417540e-05 | grad_norm = 135.096208
  Batch 407: loss = 5.643600 | LR = 1.416867e-05 | grad_norm = 161.428686
  Batch 408: loss = 4.611329 | LR = 1.416195e-05 | grad_norm = 231.933139
  Batch 409: loss = 1.913417 | LR = 1.415523e-05 | grad_norm = 146.218250
  Batch 410: loss = 6.542466 | LR = 1.414851e-05 | grad_norm = 199.845520
  Batch 411: loss = 2.212452 | LR = 1.414179e-05 | grad_norm = 141.760344
  Batch 412: loss = 4.030864 | LR = 1.413506e-05 | grad_norm = 117.895075
  Batch 413: loss = 6.563120 | LR = 1.412834e-05 | grad_norm = 254.669988
  Batch 414: loss = 0.092288 | LR = 1.412162e-05 | grad_norm = 18.751552
  Batch 415: loss = 0.537820 | LR = 1.411490e-05 | grad_norm = 129.607921
  Batch 416: loss = 0.005154 | LR = 1.410818e-05 | grad_norm = 1.616848
  Batch 417: loss = 1.816675 | LR = 1.410146e-05 | grad_norm = 151.244361
  Batch 418: loss = 0.271794 | LR = 1.409474e-05 | grad_norm = 45.165170
  Batch 419: loss = 3.854427 | LR = 1.408802e-05 | grad_norm = 98.077154
  Batch 420: loss = 0.000000 | LR = 1.408130e-05 | grad_norm = 0.000009
  Batch 421: loss = 3.289688 | LR = 1.407458e-05 | grad_norm = 130.716958
  Batch 422: loss = 3.687105 | LR = 1.406787e-05 | grad_norm = 105.269452
  Batch 423: loss = 2.049642 | LR = 1.406115e-05 | grad_norm = 179.157516
  Batch 424: loss = 0.213510 | LR = 1.405443e-05 | grad_norm = 42.286715
  Batch 425: loss = 0.042269 | LR = 1.404771e-05 | grad_norm = 10.301960
  Batch 426: loss = 0.000000 | LR = 1.404099e-05 | grad_norm = 0.000075
  Batch 427: loss = 4.729475 | LR = 1.403428e-05 | grad_norm = 84.024397
  Batch 428: loss = 5.064945 | LR = 1.402756e-05 | grad_norm = 311.040635
  Batch 429: loss = 5.000859 | LR = 1.402084e-05 | grad_norm = 103.342617
  Batch 430: loss = 0.157583 | LR = 1.401413e-05 | grad_norm = 46.053745
  Batch 431: loss = 5.116109 | LR = 1.400741e-05 | grad_norm = 228.505985
  Batch 432: loss = 5.532897 | LR = 1.400070e-05 | grad_norm = 119.332783
  Batch 433: loss = 6.277890 | LR = 1.399398e-05 | grad_norm = 266.044231
  Batch 434: loss = 6.896642 | LR = 1.398727e-05 | grad_norm = 159.475548
  Batch 435: loss = 2.499407 | LR = 1.398055e-05 | grad_norm = 131.715446
  Batch 436: loss = 0.418654 | LR = 1.397384e-05 | grad_norm = 63.533712
  Batch 437: loss = 6.596973 | LR = 1.396712e-05 | grad_norm = 170.850961
  Batch 438: loss = 0.043153 | LR = 1.396041e-05 | grad_norm = 9.882169
  Batch 439: loss = 4.258813 | LR = 1.395370e-05 | grad_norm = 155.392329
  Batch 440: loss = 4.626390 | LR = 1.394698e-05 | grad_norm = 159.033756
  Batch 441: loss = 5.286470 | LR = 1.394027e-05 | grad_norm = 173.335115
  Batch 442: loss = 2.766340 | LR = 1.393356e-05 | grad_norm = 198.532683
  Batch 443: loss = 1.911374 | LR = 1.392684e-05 | grad_norm = 97.961165
  Batch 444: loss = 0.034091 | LR = 1.392013e-05 | grad_norm = 9.377073
  Batch 445: loss = 0.399428 | LR = 1.391342e-05 | grad_norm = 81.246282
  Batch 446: loss = 0.027755 | LR = 1.390671e-05 | grad_norm = 5.703212
  Batch 447: loss = 4.029549 | LR = 1.390000e-05 | grad_norm = 216.950522
  Batch 448: loss = 1.315092 | LR = 1.389329e-05 | grad_norm = 146.072363
  Batch 449: loss = 3.518955 | LR = 1.388658e-05 | grad_norm = 385.829576
  Batch 450: loss = 0.952260 | LR = 1.387987e-05 | grad_norm = 121.810465
  Batch 451: loss = 3.931476 | LR = 1.387316e-05 | grad_norm = 187.992391
  Batch 452: loss = 1.574287 | LR = 1.386645e-05 | grad_norm = 187.321243
  Batch 453: loss = 2.218047 | LR = 1.385974e-05 | grad_norm = 111.672210
  Batch 454: loss = 0.548657 | LR = 1.385303e-05 | grad_norm = 177.104805
  Batch 455: loss = 0.725453 | LR = 1.384632e-05 | grad_norm = 121.705607
  Batch 456: loss = 0.001045 | LR = 1.383962e-05 | grad_norm = 0.303122
  Batch 457: loss = 0.957232 | LR = 1.383291e-05 | grad_norm = 88.339778
  Batch 458: loss = 2.230307 | LR = 1.382620e-05 | grad_norm = 336.535044
  Batch 459: loss = 4.346163 | LR = 1.381949e-05 | grad_norm = 131.784981
  Batch 460: loss = 7.227360 | LR = 1.381279e-05 | grad_norm = 208.943458
  Batch 461: loss = 3.092556 | LR = 1.380608e-05 | grad_norm = 135.269850
  Batch 462: loss = 6.519951 | LR = 1.379937e-05 | grad_norm = 159.870466
  Batch 463: loss = 2.827065 | LR = 1.379267e-05 | grad_norm = 214.899308
  Batch 464: loss = 0.115146 | LR = 1.378596e-05 | grad_norm = 31.870094
  Batch 465: loss = 1.922562 | LR = 1.377926e-05 | grad_norm = 158.526594
  Batch 466: loss = 3.306088 | LR = 1.377255e-05 | grad_norm = 124.566128
  Batch 467: loss = 4.080423 | LR = 1.376585e-05 | grad_norm = 174.968713
  Batch 468: loss = 2.856178 | LR = 1.375915e-05 | grad_norm = 165.424801
  Batch 469: loss = 5.921694 | LR = 1.375244e-05 | grad_norm = 85.532556
  Batch 470: loss = 0.112267 | LR = 1.374574e-05 | grad_norm = 26.631823
  Batch 471: loss = 4.530901 | LR = 1.373904e-05 | grad_norm = 152.891954
  Batch 472: loss = 7.685801 | LR = 1.373233e-05 | grad_norm = 155.427391
  Batch 473: loss = 0.404535 | LR = 1.372563e-05 | grad_norm = 81.640041
  Batch 474: loss = 3.335065 | LR = 1.371893e-05 | grad_norm = 299.898099
  Batch 475: loss = 0.000013 | LR = 1.371223e-05 | grad_norm = 0.006095
  Batch 476: loss = 2.001320 | LR = 1.370553e-05 | grad_norm = 164.098104
  Batch 477: loss = 3.650138 | LR = 1.369883e-05 | grad_norm = 174.760178
  Batch 478: loss = 4.010821 | LR = 1.369213e-05 | grad_norm = 209.698135
  Batch 479: loss = 2.563917 | LR = 1.368543e-05 | grad_norm = 171.171122
  Batch 480: loss = 6.643280 | LR = 1.367873e-05 | grad_norm = 297.219514
  Batch 481: loss = 3.533216 | LR = 1.367203e-05 | grad_norm = 225.584146
  Batch 482: loss = 2.735670 | LR = 1.366533e-05 | grad_norm = 186.964549
  Batch 483: loss = 6.328042 | LR = 1.365863e-05 | grad_norm = 162.145087
  Batch 484: loss = 7.823274 | LR = 1.365193e-05 | grad_norm = 115.983634
  Batch 485: loss = 0.000000 | LR = 1.364523e-05 | grad_norm = 0.000000
  Batch 486: loss = 0.000000 | LR = 1.363854e-05 | grad_norm = 0.000001
  Batch 487: loss = 6.149627 | LR = 1.363184e-05 | grad_norm = 131.790177
  Batch 488: loss = 0.110895 | LR = 1.362514e-05 | grad_norm = 23.491301
  Batch 489: loss = 3.766634 | LR = 1.361845e-05 | grad_norm = 184.203277
  Batch 490: loss = 5.137780 | LR = 1.361175e-05 | grad_norm = 131.115432
  Batch 491: loss = 6.084442 | LR = 1.360505e-05 | grad_norm = 99.749759
  Batch 492: loss = 0.926416 | LR = 1.359836e-05 | grad_norm = 154.614232
  Batch 493: loss = 3.915990 | LR = 1.359166e-05 | grad_norm = 109.930087
  Batch 494: loss = 0.637252 | LR = 1.358497e-05 | grad_norm = 69.878708
  Batch 495: loss = 2.900887 | LR = 1.357828e-05 | grad_norm = 145.862587
  Batch 496: loss = 7.908135 | LR = 1.357158e-05 | grad_norm = 182.737913
  Batch 497: loss = 3.698193 | LR = 1.356489e-05 | grad_norm = 201.156566
  Batch 498: loss = 0.332845 | LR = 1.355820e-05 | grad_norm = 64.125479
  Batch 499: loss = 4.257470 | LR = 1.355150e-05 | grad_norm = 167.396451
  Batch 500: loss = 3.875767 | LR = 1.354481e-05 | grad_norm = 101.514476
  Batch 501: loss = 8.247300 | LR = 1.353812e-05 | grad_norm = 158.207670
  Batch 502: loss = 0.002115 | LR = 1.353143e-05 | grad_norm = 0.795736
  Batch 503: loss = 2.343636 | LR = 1.352474e-05 | grad_norm = 164.726912
  Batch 504: loss = 0.039992 | LR = 1.351805e-05 | grad_norm = 12.090781
  Batch 505: loss = 3.034331 | LR = 1.351136e-05 | grad_norm = 130.676566
  Batch 506: loss = 2.624835 | LR = 1.350467e-05 | grad_norm = 130.722701
  Batch 507: loss = 0.790833 | LR = 1.349798e-05 | grad_norm = 93.577591
  Batch 508: loss = 1.050466 | LR = 1.349129e-05 | grad_norm = 111.169325
  Batch 509: loss = 0.569385 | LR = 1.348460e-05 | grad_norm = 80.889378
  Batch 510: loss = 5.998409 | LR = 1.347791e-05 | grad_norm = 164.109476
  Batch 511: loss = 6.346020 | LR = 1.347122e-05 | grad_norm = 283.138194
  Batch 512: loss = 3.546368 | LR = 1.346454e-05 | grad_norm = 89.154045
  Batch 513: loss = 4.267300 | LR = 1.345785e-05 | grad_norm = 123.563797
  Batch 514: loss = 4.037291 | LR = 1.345116e-05 | grad_norm = 95.986522
  Batch 515: loss = 0.104181 | LR = 1.344448e-05 | grad_norm = 21.497146
  Batch 516: loss = 4.260393 | LR = 1.343779e-05 | grad_norm = 118.090586
  Batch 517: loss = 2.014038 | LR = 1.343111e-05 | grad_norm = 114.934928
  Batch 518: loss = 2.068259 | LR = 1.342442e-05 | grad_norm = 174.293389
  Batch 519: loss = 4.554861 | LR = 1.341774e-05 | grad_norm = 105.224071
  Batch 520: loss = 2.774425 | LR = 1.341105e-05 | grad_norm = 160.135508
  Batch 521: loss = 1.553833 | LR = 1.340437e-05 | grad_norm = 163.247369
  Batch 522: loss = 2.565247 | LR = 1.339769e-05 | grad_norm = 144.130374
  Batch 523: loss = 2.350563 | LR = 1.339100e-05 | grad_norm = 165.058485
  Batch 524: loss = 3.596294 | LR = 1.338432e-05 | grad_norm = 103.992975
  Batch 525: loss = 5.350749 | LR = 1.337764e-05 | grad_norm = 221.482308
  Batch 526: loss = 0.690747 | LR = 1.337096e-05 | grad_norm = 77.935298
  Batch 527: loss = 0.000000 | LR = 1.336428e-05 | grad_norm = 0.000000
  Batch 528: loss = 5.583777 | LR = 1.335759e-05 | grad_norm = 85.193459
  Batch 529: loss = 0.247108 | LR = 1.335091e-05 | grad_norm = 40.157935
  Batch 530: loss = 3.564124 | LR = 1.334423e-05 | grad_norm = 180.884763
  Batch 531: loss = 2.298616 | LR = 1.333755e-05 | grad_norm = 195.736949
  Batch 532: loss = 3.632076 | LR = 1.333088e-05 | grad_norm = 170.568198
  Batch 533: loss = 2.112556 | LR = 1.332420e-05 | grad_norm = 128.984802
  Batch 534: loss = 0.709823 | LR = 1.331752e-05 | grad_norm = 99.049236
  Batch 535: loss = 4.641622 | LR = 1.331084e-05 | grad_norm = 111.256533
  Batch 536: loss = 8.804873 | LR = 1.330416e-05 | grad_norm = 367.397968
  Batch 537: loss = 3.372183 | LR = 1.329749e-05 | grad_norm = 197.225989
  Batch 538: loss = 4.883011 | LR = 1.329081e-05 | grad_norm = 156.249857
  Batch 539: loss = 1.544696 | LR = 1.328413e-05 | grad_norm = 127.307186
  Batch 540: loss = 7.781148 | LR = 1.327746e-05 | grad_norm = 322.557686
  Batch 541: loss = 2.725631 | LR = 1.327078e-05 | grad_norm = 133.052142
  Batch 542: loss = 5.754964 | LR = 1.326411e-05 | grad_norm = 180.993992
  Batch 543: loss = 1.778169 | LR = 1.325743e-05 | grad_norm = 169.422153
  Batch 544: loss = 3.594287 | LR = 1.325076e-05 | grad_norm = 155.285612
  Batch 545: loss = 5.618849 | LR = 1.324409e-05 | grad_norm = 247.258995
  Batch 546: loss = 3.197013 | LR = 1.323741e-05 | grad_norm = 180.723857
  Batch 547: loss = 7.824709 | LR = 1.323074e-05 | grad_norm = 158.936460
  Batch 548: loss = 3.454813 | LR = 1.322407e-05 | grad_norm = 293.245598
  Batch 549: loss = 0.000000 | LR = 1.321740e-05 | grad_norm = 0.000000
  Batch 550: loss = 2.993161 | LR = 1.321073e-05 | grad_norm = 156.204390
  Batch 551: loss = 1.120150 | LR = 1.320406e-05 | grad_norm = 103.361827
  Batch 552: loss = 3.445452 | LR = 1.319739e-05 | grad_norm = 129.895554
  Batch 553: loss = 4.362165 | LR = 1.319072e-05 | grad_norm = 103.700254
  Batch 554: loss = 6.396867 | LR = 1.318405e-05 | grad_norm = 142.683402
  Batch 555: loss = 6.749719 | LR = 1.317738e-05 | grad_norm = 262.450972
  Batch 556: loss = 3.678357 | LR = 1.317071e-05 | grad_norm = 156.967580
  Batch 557: loss = 5.982973 | LR = 1.316404e-05 | grad_norm = 154.105747
  Batch 558: loss = 2.410669 | LR = 1.315737e-05 | grad_norm = 270.482024
  Batch 559: loss = 0.000004 | LR = 1.315071e-05 | grad_norm = 0.001837
  Batch 560: loss = 1.517008 | LR = 1.314404e-05 | grad_norm = 147.854916
  Batch 561: loss = 4.234948 | LR = 1.313737e-05 | grad_norm = 83.958959
  Batch 562: loss = 3.991375 | LR = 1.313071e-05 | grad_norm = 166.119462
  Batch 563: loss = 0.000000 | LR = 1.312404e-05 | grad_norm = 0.000000
  Batch 564: loss = 3.626693 | LR = 1.311738e-05 | grad_norm = 138.453862
  Batch 565: loss = 3.693539 | LR = 1.311071e-05 | grad_norm = 138.768000
  Batch 566: loss = 4.576883 | LR = 1.310405e-05 | grad_norm = 81.725357
  Batch 567: loss = 0.037734 | LR = 1.309739e-05 | grad_norm = 10.862567
  Batch 568: loss = 0.437200 | LR = 1.309072e-05 | grad_norm = 60.997364
  Batch 569: loss = 0.457002 | LR = 1.308406e-05 | grad_norm = 64.903606
  Batch 570: loss = 4.747888 | LR = 1.307740e-05 | grad_norm = 252.693080
  Batch 571: loss = 6.273544 | LR = 1.307074e-05 | grad_norm = 247.193054
  Batch 572: loss = 5.699373 | LR = 1.306408e-05 | grad_norm = 149.617563
  Batch 573: loss = 0.001767 | LR = 1.305742e-05 | grad_norm = 0.528600
  Batch 574: loss = 0.477290 | LR = 1.305076e-05 | grad_norm = 62.374864
  Batch 575: loss = 1.340591 | LR = 1.304410e-05 | grad_norm = 97.701152
  Batch 576: loss = 0.031377 | LR = 1.303744e-05 | grad_norm = 6.854008
  Batch 577: loss = 0.000342 | LR = 1.303078e-05 | grad_norm = 0.096993
  Batch 578: loss = 5.784709 | LR = 1.302412e-05 | grad_norm = 219.649542
  Batch 579: loss = 1.089985 | LR = 1.301746e-05 | grad_norm = 80.414383
  Batch 580: loss = 4.997800 | LR = 1.301081e-05 | grad_norm = 155.221392
  Batch 581: loss = 0.000002 | LR = 1.300415e-05 | grad_norm = 0.000801
  Batch 582: loss = 2.789608 | LR = 1.299749e-05 | grad_norm = 180.906023
  Batch 583: loss = 3.991509 | LR = 1.299084e-05 | grad_norm = 122.863368
  Batch 584: loss = 4.428244 | LR = 1.298418e-05 | grad_norm = 266.110059
  Batch 585: loss = 4.913783 | LR = 1.297753e-05 | grad_norm = 132.115470
  Batch 586: loss = 5.842656 | LR = 1.297087e-05 | grad_norm = 106.145448
  Batch 587: loss = 5.617002 | LR = 1.296422e-05 | grad_norm = 184.564892
  Batch 588: loss = 4.765490 | LR = 1.295757e-05 | grad_norm = 142.321087
  Batch 589: loss = 3.256649 | LR = 1.295091e-05 | grad_norm = 176.655524
  Batch 590: loss = 4.486559 | LR = 1.294426e-05 | grad_norm = 118.443492
  Batch 591: loss = 0.000000 | LR = 1.293761e-05 | grad_norm = 0.000005
  Batch 592: loss = 0.153268 | LR = 1.293096e-05 | grad_norm = 27.725112
  Batch 593: loss = 1.939306 | LR = 1.292431e-05 | grad_norm = 149.755307
  Batch 594: loss = 5.605690 | LR = 1.291766e-05 | grad_norm = 137.550819
  Batch 595: loss = 3.483983 | LR = 1.291101e-05 | grad_norm = 155.214978
  Batch 596: loss = 1.770713 | LR = 1.290436e-05 | grad_norm = 183.854049
  Batch 597: loss = 4.924204 | LR = 1.289771e-05 | grad_norm = 88.169030
  Batch 598: loss = 7.669822 | LR = 1.289106e-05 | grad_norm = 136.437201
  Batch 599: loss = 4.219393 | LR = 1.288441e-05 | grad_norm = 127.878963
  Batch 600: loss = 0.000000 | LR = 1.287777e-05 | grad_norm = 0.000001
  Batch 601: loss = 5.804615 | LR = 1.287112e-05 | grad_norm = 123.780095
  Batch 602: loss = 3.473208 | LR = 1.286447e-05 | grad_norm = 98.914803
  Batch 603: loss = 4.481244 | LR = 1.285783e-05 | grad_norm = 86.510639
  Batch 604: loss = 0.732859 | LR = 1.285118e-05 | grad_norm = 74.174271
  Batch 605: loss = 6.101227 | LR = 1.284454e-05 | grad_norm = 119.019661
  Batch 606: loss = 2.230916 | LR = 1.283790e-05 | grad_norm = 144.577033
  Batch 607: loss = 3.608008 | LR = 1.283125e-05 | grad_norm = 168.798555
  Batch 608: loss = 1.000600 | LR = 1.282461e-05 | grad_norm = 78.343602
  Batch 609: loss = 0.962868 | LR = 1.281797e-05 | grad_norm = 92.895551
  Batch 610: loss = 1.267614 | LR = 1.281132e-05 | grad_norm = 107.817523
  Batch 611: loss = 1.243629 | LR = 1.280468e-05 | grad_norm = 124.063058
  Batch 612: loss = 1.256377 | LR = 1.279804e-05 | grad_norm = 112.203502
  Batch 613: loss = 1.602256 | LR = 1.279140e-05 | grad_norm = 119.212967
  Batch 614: loss = 3.506711 | LR = 1.278476e-05 | grad_norm = 116.650492
  Batch 615: loss = 0.000989 | LR = 1.277812e-05 | grad_norm = 0.381378
  Batch 616: loss = 0.025373 | LR = 1.277148e-05 | grad_norm = 5.727479
  Batch 617: loss = 0.088843 | LR = 1.276485e-05 | grad_norm = 13.680081
  Batch 618: loss = 0.857803 | LR = 1.275821e-05 | grad_norm = 90.449630
  Batch 619: loss = 6.792901 | LR = 1.275157e-05 | grad_norm = 262.278867
  Batch 620: loss = 0.677296 | LR = 1.274493e-05 | grad_norm = 101.685074
  Batch 621: loss = 0.120256 | LR = 1.273830e-05 | grad_norm = 19.182262
  Batch 622: loss = 1.073236 | LR = 1.273166e-05 | grad_norm = 172.566831
  Batch 623: loss = 0.095279 | LR = 1.272503e-05 | grad_norm = 22.767656
  Batch 624: loss = 1.822227 | LR = 1.271839e-05 | grad_norm = 140.851382
  Batch 625: loss = 0.000000 | LR = 1.271176e-05 | grad_norm = 0.000145
  Batch 626: loss = 3.065236 | LR = 1.270513e-05 | grad_norm = 175.773753
  Batch 627: loss = 0.000000 | LR = 1.269849e-05 | grad_norm = 0.000001
  Batch 628: loss = 0.034424 | LR = 1.269186e-05 | grad_norm = 8.833277
  Batch 629: loss = 3.389952 | LR = 1.268523e-05 | grad_norm = 121.602636
  Batch 630: loss = 5.067116 | LR = 1.267860e-05 | grad_norm = 245.948708
  Batch 631: loss = 0.000241 | LR = 1.267197e-05 | grad_norm = 0.072749
  Batch 632: loss = 2.788526 | LR = 1.266534e-05 | grad_norm = 98.390866
  Batch 633: loss = 4.179290 | LR = 1.265871e-05 | grad_norm = 191.186357
  Batch 634: loss = 0.000000 | LR = 1.265208e-05 | grad_norm = 0.000000
  Batch 635: loss = 1.964866 | LR = 1.264545e-05 | grad_norm = 81.112510
  Batch 636: loss = 4.345147 | LR = 1.263882e-05 | grad_norm = 161.697064
  Batch 637: loss = 0.042475 | LR = 1.263220e-05 | grad_norm = 20.105985
  Batch 638: loss = 0.496398 | LR = 1.262557e-05 | grad_norm = 89.211790
  Batch 639: loss = 0.618950 | LR = 1.261894e-05 | grad_norm = 94.856052
  Batch 640: loss = 4.122947 | LR = 1.261232e-05 | grad_norm = 101.106787
  Batch 641: loss = 0.036560 | LR = 1.260569e-05 | grad_norm = 10.771945
  Batch 642: loss = 7.127519 | LR = 1.259907e-05 | grad_norm = 160.506219
  Batch 643: loss = 1.478455 | LR = 1.259244e-05 | grad_norm = 143.412080
  Batch 644: loss = 2.512622 | LR = 1.258582e-05 | grad_norm = 124.817478
  Batch 645: loss = 6.491646 | LR = 1.257920e-05 | grad_norm = 420.307190
  Batch 646: loss = 5.015877 | LR = 1.257257e-05 | grad_norm = 152.630202
  Batch 647: loss = 5.404205 | LR = 1.256595e-05 | grad_norm = 254.372296
  Batch 648: loss = 8.099086 | LR = 1.255933e-05 | grad_norm = 306.958508
  Batch 649: loss = 4.011703 | LR = 1.255271e-05 | grad_norm = 384.732411
  Batch 650: loss = 3.822161 | LR = 1.254609e-05 | grad_norm = 137.281839
  Batch 651: loss = 0.007080 | LR = 1.253947e-05 | grad_norm = 1.000770
  Batch 652: loss = 1.387635 | LR = 1.253285e-05 | grad_norm = 115.072195
  Batch 653: loss = 4.717612 | LR = 1.252624e-05 | grad_norm = 121.292086
  Batch 654: loss = 1.656481 | LR = 1.251962e-05 | grad_norm = 155.844761
  Batch 655: loss = 7.721973 | LR = 1.251300e-05 | grad_norm = 203.545180
  Batch 656: loss = 1.057199 | LR = 1.250638e-05 | grad_norm = 111.438595
  Batch 657: loss = 8.665955 | LR = 1.249977e-05 | grad_norm = 184.675876
  Batch 658: loss = 0.475578 | LR = 1.249315e-05 | grad_norm = 125.749658
  Batch 659: loss = 8.767865 | LR = 1.248654e-05 | grad_norm = 344.032579
  Batch 660: loss = 5.324856 | LR = 1.247992e-05 | grad_norm = 183.385238
  Batch 661: loss = 6.199474 | LR = 1.247331e-05 | grad_norm = 155.273787
  Batch 662: loss = 0.000000 | LR = 1.246670e-05 | grad_norm = 0.000000
  Batch 663: loss = 3.999399 | LR = 1.246009e-05 | grad_norm = 108.297850
  Batch 664: loss = 2.740394 | LR = 1.245347e-05 | grad_norm = 129.814541
  Batch 665: loss = 4.978459 | LR = 1.244686e-05 | grad_norm = 173.577699
  Batch 666: loss = 3.229324 | LR = 1.244025e-05 | grad_norm = 152.412976
  Batch 667: loss = 0.033904 | LR = 1.243364e-05 | grad_norm = 8.330466
  Batch 668: loss = 5.974616 | LR = 1.242703e-05 | grad_norm = 187.973009
  Batch 669: loss = 0.845248 | LR = 1.242042e-05 | grad_norm = 138.521538
  Batch 670: loss = 4.472955 | LR = 1.241382e-05 | grad_norm = 137.332475
  Batch 671: loss = 2.527751 | LR = 1.240721e-05 | grad_norm = 177.597744
  Batch 672: loss = 1.451151 | LR = 1.240060e-05 | grad_norm = 135.331091
  Batch 673: loss = 1.779457 | LR = 1.239399e-05 | grad_norm = 194.659781
  Batch 674: loss = 2.953479 | LR = 1.238739e-05 | grad_norm = 142.293984
  Batch 675: loss = 1.932140 | LR = 1.238078e-05 | grad_norm = 131.740712
  Batch 676: loss = 0.248581 | LR = 1.237418e-05 | grad_norm = 38.149030
  Batch 677: loss = 0.000000 | LR = 1.236757e-05 | grad_norm = 0.000000
  Batch 678: loss = 3.743316 | LR = 1.236097e-05 | grad_norm = 234.388165
  Batch 679: loss = 12.675145 | LR = 1.235437e-05 | grad_norm = 287.377550
  Batch 680: loss = 3.481321 | LR = 1.234777e-05 | grad_norm = 123.541164
  Batch 681: loss = 5.401144 | LR = 1.234116e-05 | grad_norm = 175.907694
  Batch 682: loss = 1.822378 | LR = 1.233456e-05 | grad_norm = 98.658987
  Batch 683: loss = 3.342403 | LR = 1.232796e-05 | grad_norm = 139.212229
  Batch 684: loss = 0.392100 | LR = 1.232136e-05 | grad_norm = 76.732979
  Batch 685: loss = 1.026982 | LR = 1.231476e-05 | grad_norm = 118.351689
  Batch 686: loss = 2.758324 | LR = 1.230817e-05 | grad_norm = 157.565925
  Batch 687: loss = 3.610898 | LR = 1.230157e-05 | grad_norm = 153.600424
  Batch 688: loss = 1.107093 | LR = 1.229497e-05 | grad_norm = 102.881512
  Batch 689: loss = 0.003820 | LR = 1.228837e-05 | grad_norm = 1.299578
  Batch 690: loss = 3.862546 | LR = 1.228178e-05 | grad_norm = 313.438489
  Batch 691: loss = 6.214576 | LR = 1.227518e-05 | grad_norm = 203.205253
  Batch 692: loss = 0.168519 | LR = 1.226859e-05 | grad_norm = 28.215817
  Batch 693: loss = 1.462295 | LR = 1.226199e-05 | grad_norm = 118.946156
  Batch 694: loss = 0.000000 | LR = 1.225540e-05 | grad_norm = 0.000000
  Batch 695: loss = 3.233877 | LR = 1.224881e-05 | grad_norm = 139.116627
  Batch 696: loss = 2.218804 | LR = 1.224222e-05 | grad_norm = 122.694688
  Batch 697: loss = 4.615806 | LR = 1.223562e-05 | grad_norm = 131.895082
  Batch 698: loss = 5.789457 | LR = 1.222903e-05 | grad_norm = 227.756485
  Batch 699: loss = 4.275745 | LR = 1.222244e-05 | grad_norm = 163.893331
  Batch 700: loss = 3.619953 | LR = 1.221585e-05 | grad_norm = 96.892200
  Batch 701: loss = 8.734266 | LR = 1.220926e-05 | grad_norm = 172.824207
  Batch 702: loss = 2.461969 | LR = 1.220268e-05 | grad_norm = 180.434228
  Batch 703: loss = 1.399900 | LR = 1.219609e-05 | grad_norm = 204.228021
  Batch 704: loss = 0.145402 | LR = 1.218950e-05 | grad_norm = 38.010608
  Batch 705: loss = 3.142127 | LR = 1.218291e-05 | grad_norm = 122.625144
  Batch 706: loss = 11.201965 | LR = 1.217633e-05 | grad_norm = 250.293720
  Batch 707: loss = 7.769578 | LR = 1.216974e-05 | grad_norm = 232.154855
  Batch 708: loss = 8.329242 | LR = 1.216316e-05 | grad_norm = 278.507646
  Batch 709: loss = 4.916360 | LR = 1.215657e-05 | grad_norm = 200.065187
  Batch 710: loss = 1.125679 | LR = 1.214999e-05 | grad_norm = 141.863816
  Batch 711: loss = 1.165418 | LR = 1.214341e-05 | grad_norm = 104.249349
  Batch 712: loss = 0.000000 | LR = 1.213683e-05 | grad_norm = 0.000002
  Batch 713: loss = 2.702216 | LR = 1.213025e-05 | grad_norm = 236.826570
  Batch 714: loss = 2.463886 | LR = 1.212366e-05 | grad_norm = 138.934755
  Batch 715: loss = 2.818084 | LR = 1.211708e-05 | grad_norm = 130.505756
  Batch 716: loss = 2.910372 | LR = 1.211051e-05 | grad_norm = 128.987913
  Batch 717: loss = 0.072221 | LR = 1.210393e-05 | grad_norm = 22.001845
  Batch 718: loss = 0.363660 | LR = 1.209735e-05 | grad_norm = 48.571240
  Batch 719: loss = 0.017626 | LR = 1.209077e-05 | grad_norm = 7.052302
  Batch 720: loss = 3.989959 | LR = 1.208419e-05 | grad_norm = 115.853901
  Batch 721: loss = 5.100380 | LR = 1.207762e-05 | grad_norm = 136.454429
  Batch 722: loss = 0.003260 | LR = 1.207104e-05 | grad_norm = 0.933447
  Batch 723: loss = 4.041655 | LR = 1.206447e-05 | grad_norm = 237.030400
  Batch 724: loss = 0.249752 | LR = 1.205789e-05 | grad_norm = 81.911948
  Batch 725: loss = 6.826199 | LR = 1.205132e-05 | grad_norm = 281.016683
  Batch 726: loss = 0.398062 | LR = 1.204475e-05 | grad_norm = 78.336489
  Batch 727: loss = 0.950045 | LR = 1.203818e-05 | grad_norm = 109.672698
  Batch 728: loss = 9.020110 | LR = 1.203160e-05 | grad_norm = 209.723577
  Batch 729: loss = 2.269765 | LR = 1.202503e-05 | grad_norm = 138.807883
  Batch 730: loss = 5.071879 | LR = 1.201846e-05 | grad_norm = 204.581538
  Batch 731: loss = 3.311049 | LR = 1.201189e-05 | grad_norm = 115.390590
  Batch 732: loss = 2.677111 | LR = 1.200533e-05 | grad_norm = 237.931406
  Batch 733: loss = 5.097308 | LR = 1.199876e-05 | grad_norm = 99.473027
  Batch 734: loss = 16.355635 | LR = 1.199219e-05 | grad_norm = 350.922502
  Batch 735: loss = 2.963436 | LR = 1.198562e-05 | grad_norm = 103.090693
  Batch 736: loss = 3.802074 | LR = 1.197906e-05 | grad_norm = 212.504815
  Batch 737: loss = 0.564998 | LR = 1.197249e-05 | grad_norm = 131.424154
  Batch 738: loss = 10.502634 | LR = 1.196593e-05 | grad_norm = 346.634228
  Batch 739: loss = 4.403476 | LR = 1.195936e-05 | grad_norm = 104.972985
  Batch 740: loss = 0.767760 | LR = 1.195280e-05 | grad_norm = 102.985518
  Batch 741: loss = 13.061972 | LR = 1.194624e-05 | grad_norm = 380.566519
  Batch 742: loss = 0.000000 | LR = 1.193968e-05 | grad_norm = 0.000001
  Batch 743: loss = 0.002276 | LR = 1.193311e-05 | grad_norm = 1.062315
  Batch 744: loss = 0.858242 | LR = 1.192655e-05 | grad_norm = 81.563799
  Batch 745: loss = 3.761922 | LR = 1.191999e-05 | grad_norm = 138.802757
  Batch 746: loss = 3.195287 | LR = 1.191344e-05 | grad_norm = 206.319447
  Batch 747: loss = 4.055869 | LR = 1.190688e-05 | grad_norm = 114.924661
  Batch 748: loss = 4.768376 | LR = 1.190032e-05 | grad_norm = 113.097829
  Batch 749: loss = 1.288435 | LR = 1.189376e-05 | grad_norm = 130.109803
  Batch 750: loss = 1.562595 | LR = 1.188721e-05 | grad_norm = 134.992373
  Batch 751: loss = 0.540395 | LR = 1.188065e-05 | grad_norm = 116.244432
  Batch 752: loss = 4.090464 | LR = 1.187410e-05 | grad_norm = 109.452565
  Batch 753: loss = 3.608175 | LR = 1.186754e-05 | grad_norm = 256.133834
  Batch 754: loss = 4.260170 | LR = 1.186099e-05 | grad_norm = 262.863320
  Batch 755: loss = 2.482108 | LR = 1.185443e-05 | grad_norm = 137.828314
  Batch 756: loss = 1.431362 | LR = 1.184788e-05 | grad_norm = 91.520833
  Batch 757: loss = 3.219054 | LR = 1.184133e-05 | grad_norm = 172.932207
  Batch 758: loss = 0.040793 | LR = 1.183478e-05 | grad_norm = 7.172387
  Batch 759: loss = 4.848587 | LR = 1.182823e-05 | grad_norm = 124.325925
  Batch 760: loss = 4.670680 | LR = 1.182168e-05 | grad_norm = 204.911524
  Batch 761: loss = 4.465303 | LR = 1.181513e-05 | grad_norm = 218.328341
  Batch 762: loss = 0.007887 | LR = 1.180858e-05 | grad_norm = 2.798976
  Batch 763: loss = 2.885710 | LR = 1.180204e-05 | grad_norm = 147.660316
  Batch 764: loss = 0.107819 | LR = 1.179549e-05 | grad_norm = 22.768007
  Batch 765: loss = 2.895190 | LR = 1.178894e-05 | grad_norm = 100.536604
  Batch 766: loss = 1.837503 | LR = 1.178240e-05 | grad_norm = 150.787005
  Batch 767: loss = 5.369659 | LR = 1.177586e-05 | grad_norm = 140.379535
  Batch 768: loss = 14.959998 | LR = 1.176931e-05 | grad_norm = 469.103884
  Batch 769: loss = 2.088471 | LR = 1.176277e-05 | grad_norm = 206.637335
  Batch 770: loss = 2.684948 | LR = 1.175623e-05 | grad_norm = 94.760372
  Batch 771: loss = 3.527600 | LR = 1.174969e-05 | grad_norm = 115.370369
  Batch 772: loss = 2.768809 | LR = 1.174314e-05 | grad_norm = 80.731151
  Batch 773: loss = 6.383055 | LR = 1.173660e-05 | grad_norm = 235.805237
  Batch 774: loss = 2.536145 | LR = 1.173007e-05 | grad_norm = 201.956824
  Batch 775: loss = 1.719274 | LR = 1.172353e-05 | grad_norm = 128.009522
  Batch 776: loss = 3.153030 | LR = 1.171699e-05 | grad_norm = 217.087105
  Batch 777: loss = 4.863753 | LR = 1.171045e-05 | grad_norm = 92.497039
  Batch 778: loss = 3.856478 | LR = 1.170392e-05 | grad_norm = 134.395209
  Batch 779: loss = 1.378590 | LR = 1.169738e-05 | grad_norm = 153.877475
  Batch 780: loss = 5.971186 | LR = 1.169085e-05 | grad_norm = 174.831196
  Batch 781: loss = 5.630676 | LR = 1.168431e-05 | grad_norm = 247.722242
  Batch 782: loss = 0.000000 | LR = 1.167778e-05 | grad_norm = 0.000000
  Batch 783: loss = 0.047573 | LR = 1.167124e-05 | grad_norm = 9.176999
  Batch 784: loss = 0.178442 | LR = 1.166471e-05 | grad_norm = 38.348652
  Batch 785: loss = 3.633780 | LR = 1.165818e-05 | grad_norm = 271.420264
  Batch 786: loss = 4.222945 | LR = 1.165165e-05 | grad_norm = 105.983385
  Batch 787: loss = 3.641154 | LR = 1.164512e-05 | grad_norm = 206.239543
  Batch 788: loss = 0.343212 | LR = 1.163859e-05 | grad_norm = 92.241111
  Batch 789: loss = 2.965192 | LR = 1.163206e-05 | grad_norm = 144.191139
  Batch 790: loss = 1.787161 | LR = 1.162554e-05 | grad_norm = 108.466550
  Batch 791: loss = 0.698184 | LR = 1.161901e-05 | grad_norm = 105.843641
  Batch 792: loss = 2.846246 | LR = 1.161248e-05 | grad_norm = 146.073503
  Batch 793: loss = 3.205810 | LR = 1.160596e-05 | grad_norm = 297.345104
  Batch 794: loss = 3.811827 | LR = 1.159943e-05 | grad_norm = 168.843510
  Batch 795: loss = 0.028287 | LR = 1.159291e-05 | grad_norm = 8.118401
  Batch 796: loss = 3.662119 | LR = 1.158639e-05 | grad_norm = 241.583859
  Batch 797: loss = 4.575542 | LR = 1.157987e-05 | grad_norm = 146.437512
  Batch 798: loss = 2.824255 | LR = 1.157334e-05 | grad_norm = 210.205161
  Batch 799: loss = 1.668899 | LR = 1.156682e-05 | grad_norm = 124.955526
  Batch 800: loss = 2.407702 | LR = 1.156030e-05 | grad_norm = 197.480000
  Batch 801: loss = 0.000000 | LR = 1.155378e-05 | grad_norm = 0.000052
  Batch 802: loss = 4.636242 | LR = 1.154727e-05 | grad_norm = 135.609050
  Batch 803: loss = 4.069141 | LR = 1.154075e-05 | grad_norm = 149.304782
  Batch 804: loss = 5.588079 | LR = 1.153423e-05 | grad_norm = 217.467553
  Batch 805: loss = 0.500370 | LR = 1.152771e-05 | grad_norm = 51.379548
  Batch 806: loss = 0.000000 | LR = 1.152120e-05 | grad_norm = 0.000000
  Batch 807: loss = 4.970226 | LR = 1.151468e-05 | grad_norm = 109.236336
  Batch 808: loss = 6.338956 | LR = 1.150817e-05 | grad_norm = 254.822013
  Batch 809: loss = 0.523915 | LR = 1.150166e-05 | grad_norm = 117.431929
  Batch 810: loss = 6.625144 | LR = 1.149515e-05 | grad_norm = 140.513515
  Batch 811: loss = 7.356144 | LR = 1.148863e-05 | grad_norm = 223.009343
  Batch 812: loss = 5.537535 | LR = 1.148212e-05 | grad_norm = 257.185273
  Batch 813: loss = 0.004411 | LR = 1.147561e-05 | grad_norm = 1.131560
  Batch 814: loss = 3.487098 | LR = 1.146910e-05 | grad_norm = 172.855456
  Batch 815: loss = 0.251811 | LR = 1.146260e-05 | grad_norm = 49.422151
  Batch 816: loss = 3.964041 | LR = 1.145609e-05 | grad_norm = 208.577515
  Batch 817: loss = 5.106252 | LR = 1.144958e-05 | grad_norm = 153.967364
  Batch 818: loss = 3.967845 | LR = 1.144307e-05 | grad_norm = 233.858329
  Batch 819: loss = 0.015655 | LR = 1.143657e-05 | grad_norm = 4.900442
  Batch 820: loss = 0.806109 | LR = 1.143007e-05 | grad_norm = 78.565340
  Batch 821: loss = 0.031405 | LR = 1.142356e-05 | grad_norm = 6.587970
  Batch 822: loss = 1.936278 | LR = 1.141706e-05 | grad_norm = 165.541300
  Batch 823: loss = 0.008654 | LR = 1.141056e-05 | grad_norm = 2.176853
  Batch 824: loss = 2.926724 | LR = 1.140405e-05 | grad_norm = 203.030254
  Batch 825: loss = 0.000000 | LR = 1.139755e-05 | grad_norm = 0.000000
  Batch 826: loss = 0.639232 | LR = 1.139105e-05 | grad_norm = 70.248148
  Batch 827: loss = 0.600983 | LR = 1.138456e-05 | grad_norm = 92.405868
  Batch 828: loss = 8.089770 | LR = 1.137806e-05 | grad_norm = 206.764295
  Batch 829: loss = 6.455288 | LR = 1.137156e-05 | grad_norm = 140.427387
  Batch 830: loss = 0.000000 | LR = 1.136506e-05 | grad_norm = 0.000011
  Batch 831: loss = 6.730095 | LR = 1.135857e-05 | grad_norm = 138.684290
  Batch 832: loss = 0.000100 | LR = 1.135207e-05 | grad_norm = 0.034189
  Batch 833: loss = 7.809025 | LR = 1.134558e-05 | grad_norm = 202.045895
  Batch 834: loss = 0.000000 | LR = 1.133908e-05 | grad_norm = 0.000002
  Batch 835: loss = 3.856271 | LR = 1.133259e-05 | grad_norm = 179.951986
  Batch 836: loss = 5.908484 | LR = 1.132610e-05 | grad_norm = 200.767966
  Batch 837: loss = 5.445247 | LR = 1.131961e-05 | grad_norm = 239.755694
  Batch 838: loss = 1.478389 | LR = 1.131312e-05 | grad_norm = 204.402786
  Batch 839: loss = 1.905111 | LR = 1.130663e-05 | grad_norm = 103.386583
  Batch 840: loss = 0.453727 | LR = 1.130014e-05 | grad_norm = 68.147424
  Batch 841: loss = 0.000000 | LR = 1.129365e-05 | grad_norm = 0.000000
  Batch 842: loss = 5.390058 | LR = 1.128717e-05 | grad_norm = 257.833759
  Batch 843: loss = 2.016527 | LR = 1.128068e-05 | grad_norm = 121.739743
  Batch 844: loss = 2.828091 | LR = 1.127419e-05 | grad_norm = 188.792907
  Batch 845: loss = 0.657213 | LR = 1.126771e-05 | grad_norm = 75.611604
  Batch 846: loss = 4.595175 | LR = 1.126123e-05 | grad_norm = 87.251615
  Batch 847: loss = 4.730145 | LR = 1.125474e-05 | grad_norm = 149.919416
  Batch 848: loss = 2.982043 | LR = 1.124826e-05 | grad_norm = 157.060790
  Batch 849: loss = 0.000000 | LR = 1.124178e-05 | grad_norm = 0.000002
  Batch 850: loss = 3.497838 | LR = 1.123530e-05 | grad_norm = 105.615888
  Batch 851: loss = 2.635600 | LR = 1.122882e-05 | grad_norm = 164.374478
  Batch 852: loss = 1.398497 | LR = 1.122234e-05 | grad_norm = 154.021499
  Batch 853: loss = 1.106404 | LR = 1.121586e-05 | grad_norm = 282.063622
  Batch 854: loss = 6.737582 | LR = 1.120938e-05 | grad_norm = 115.329191
  Batch 855: loss = 1.863137 | LR = 1.120291e-05 | grad_norm = 150.657060
  Batch 856: loss = 0.015116 | LR = 1.119643e-05 | grad_norm = 3.871866
  Batch 857: loss = 1.796417 | LR = 1.118996e-05 | grad_norm = 235.087800
  Batch 858: loss = 3.941641 | LR = 1.118348e-05 | grad_norm = 137.054586
  Batch 859: loss = 3.538623 | LR = 1.117701e-05 | grad_norm = 85.152528
  Batch 860: loss = 2.426496 | LR = 1.117054e-05 | grad_norm = 132.192932
  Batch 861: loss = 6.715697 | LR = 1.116407e-05 | grad_norm = 128.153150
  Batch 862: loss = 2.605511 | LR = 1.115760e-05 | grad_norm = 111.959176
  Batch 863: loss = 0.013402 | LR = 1.115113e-05 | grad_norm = 3.993095
  Batch 864: loss = 1.565258 | LR = 1.114466e-05 | grad_norm = 147.187481
  Batch 865: loss = 2.660666 | LR = 1.113819e-05 | grad_norm = 168.379745
  Batch 866: loss = 6.236773 | LR = 1.113172e-05 | grad_norm = 159.860962
  Batch 867: loss = 2.724220 | LR = 1.112526e-05 | grad_norm = 165.642016
  Batch 868: loss = 0.233137 | LR = 1.111879e-05 | grad_norm = 49.490860
  Batch 869: loss = 0.447676 | LR = 1.111233e-05 | grad_norm = 41.169744
  Batch 870: loss = 2.000661 | LR = 1.110586e-05 | grad_norm = 305.687344
  Batch 871: loss = 0.002131 | LR = 1.109940e-05 | grad_norm = 0.603227
  Batch 872: loss = 1.181164 | LR = 1.109294e-05 | grad_norm = 110.674866
  Batch 873: loss = 1.236228 | LR = 1.108648e-05 | grad_norm = 131.513074
  Batch 874: loss = 3.027486 | LR = 1.108001e-05 | grad_norm = 172.960357
  Batch 875: loss = 0.196845 | LR = 1.107356e-05 | grad_norm = 51.381037
  Batch 876: loss = 5.121771 | LR = 1.106710e-05 | grad_norm = 179.421732
  Batch 877: loss = 0.937996 | LR = 1.106064e-05 | grad_norm = 88.311104
  Batch 878: loss = 3.137106 | LR = 1.105418e-05 | grad_norm = 168.310217
  Batch 879: loss = 5.062414 | LR = 1.104772e-05 | grad_norm = 189.033944
  Batch 880: loss = 1.343176 | LR = 1.104127e-05 | grad_norm = 129.896350
  Batch 881: loss = 3.805058 | LR = 1.103481e-05 | grad_norm = 164.632975
  Batch 882: loss = 1.996869 | LR = 1.102836e-05 | grad_norm = 111.581242
  Batch 883: loss = 0.000006 | LR = 1.102191e-05 | grad_norm = 0.001670
  Batch 884: loss = 1.591347 | LR = 1.101546e-05 | grad_norm = 140.158142
  Batch 885: loss = 4.352727 | LR = 1.100901e-05 | grad_norm = 239.123587
  Batch 886: loss = 4.794825 | LR = 1.100256e-05 | grad_norm = 208.685111
  Batch 887: loss = 4.067881 | LR = 1.099611e-05 | grad_norm = 106.958130
  Batch 888: loss = 9.438980 | LR = 1.098966e-05 | grad_norm = 247.308893
  Batch 889: loss = 1.027984 | LR = 1.098321e-05 | grad_norm = 143.242372
  Batch 890: loss = 3.440981 | LR = 1.097676e-05 | grad_norm = 183.285391
  Batch 891: loss = 10.204412 | LR = 1.097032e-05 | grad_norm = 368.574754
  Batch 892: loss = 4.038655 | LR = 1.096387e-05 | grad_norm = 164.848676
  Batch 893: loss = 4.333617 | LR = 1.095743e-05 | grad_norm = 121.889762
  Batch 894: loss = 3.165053 | LR = 1.095098e-05 | grad_norm = 88.881395
  Batch 895: loss = 0.000218 | LR = 1.094454e-05 | grad_norm = 0.087210
  Batch 896: loss = 6.648497 | LR = 1.093810e-05 | grad_norm = 273.860795
  Batch 897: loss = 4.364069 | LR = 1.093166e-05 | grad_norm = 109.749105
  Batch 898: loss = 0.035939 | LR = 1.092522e-05 | grad_norm = 10.744948
  Batch 899: loss = 1.565309 | LR = 1.091878e-05 | grad_norm = 108.157853
  Batch 900: loss = 3.986727 | LR = 1.091234e-05 | grad_norm = 160.633692
  Batch 901: loss = 2.789395 | LR = 1.090591e-05 | grad_norm = 181.699680
  Batch 902: loss = 4.278685 | LR = 1.089947e-05 | grad_norm = 200.669396
  Batch 903: loss = 1.479661 | LR = 1.089303e-05 | grad_norm = 154.264785
  Batch 904: loss = 4.928390 | LR = 1.088660e-05 | grad_norm = 231.634734
  Batch 905: loss = 0.004733 | LR = 1.088017e-05 | grad_norm = 1.202736
  Batch 906: loss = 3.215414 | LR = 1.087373e-05 | grad_norm = 218.203995
  Batch 907: loss = 6.106533 | LR = 1.086730e-05 | grad_norm = 148.846619
  Batch 908: loss = 5.191146 | LR = 1.086087e-05 | grad_norm = 282.337710
  Batch 909: loss = 1.481571 | LR = 1.085444e-05 | grad_norm = 123.704670
  Batch 910: loss = 0.000535 | LR = 1.084801e-05 | grad_norm = 0.279424
  Batch 911: loss = 2.137344 | LR = 1.084158e-05 | grad_norm = 92.074907
  Batch 912: loss = 2.697701 | LR = 1.083516e-05 | grad_norm = 87.335350
  Batch 913: loss = 0.200945 | LR = 1.082873e-05 | grad_norm = 36.081438
  Batch 914: loss = 1.075990 | LR = 1.082230e-05 | grad_norm = 155.673439
  Batch 915: loss = 2.177155 | LR = 1.081588e-05 | grad_norm = 174.192097
  Batch 916: loss = 4.134084 | LR = 1.080945e-05 | grad_norm = 147.197097
  Batch 917: loss = 1.745445 | LR = 1.080303e-05 | grad_norm = 135.319868
  Batch 918: loss = 2.796883 | LR = 1.079661e-05 | grad_norm = 117.153602
  Batch 919: loss = 0.000058 | LR = 1.079019e-05 | grad_norm = 0.018076
  Batch 920: loss = 3.102098 | LR = 1.078377e-05 | grad_norm = 118.667396
  Batch 921: loss = 0.670605 | LR = 1.077735e-05 | grad_norm = 145.085257
  Batch 922: loss = 5.551070 | LR = 1.077093e-05 | grad_norm = 99.763506
  Batch 923: loss = 1.175033 | LR = 1.076451e-05 | grad_norm = 229.212989
  Batch 924: loss = 0.000012 | LR = 1.075810e-05 | grad_norm = 0.004025
  Batch 925: loss = 0.011631 | LR = 1.075168e-05 | grad_norm = 2.712979
  Batch 926: loss = 0.000809 | LR = 1.074527e-05 | grad_norm = 0.273859
  Batch 927: loss = 1.420301 | LR = 1.073885e-05 | grad_norm = 177.087612
  Batch 928: loss = 3.473347 | LR = 1.073244e-05 | grad_norm = 450.411446
  Batch 929: loss = 5.292445 | LR = 1.072603e-05 | grad_norm = 144.345487
  Batch 930: loss = 2.848279 | LR = 1.071962e-05 | grad_norm = 101.375525
  Batch 931: loss = 0.041988 | LR = 1.071321e-05 | grad_norm = 11.318913
  Batch 932: loss = 2.936551 | LR = 1.070680e-05 | grad_norm = 164.774408
  Batch 933: loss = 5.866983 | LR = 1.070039e-05 | grad_norm = 140.572976
  Batch 934: loss = 0.000000 | LR = 1.069398e-05 | grad_norm = 0.000004
  Batch 935: loss = 0.471099 | LR = 1.068757e-05 | grad_norm = 64.840377
  Batch 936: loss = 2.323747 | LR = 1.068117e-05 | grad_norm = 198.750678
  Batch 937: loss = 8.378275 | LR = 1.067476e-05 | grad_norm = 207.828868
  Batch 938: loss = 2.971768 | LR = 1.066836e-05 | grad_norm = 189.568401
  Batch 939: loss = 2.970581 | LR = 1.066196e-05 | grad_norm = 157.190585
  Batch 940: loss = 3.924219 | LR = 1.065556e-05 | grad_norm = 191.964449
  Batch 941: loss = 6.474573 | LR = 1.064915e-05 | grad_norm = 191.315407
  Batch 942: loss = 7.016440 | LR = 1.064275e-05 | grad_norm = 232.840295
  Batch 943: loss = 2.319998 | LR = 1.063635e-05 | grad_norm = 133.096970
  Batch 944: loss = 3.922475 | LR = 1.062996e-05 | grad_norm = 196.791165
  Batch 945: loss = 4.445090 | LR = 1.062356e-05 | grad_norm = 127.576872
  Batch 946: loss = 5.689255 | LR = 1.061716e-05 | grad_norm = 166.344489
  Batch 947: loss = 3.369263 | LR = 1.061077e-05 | grad_norm = 173.729394
  Batch 948: loss = 2.065228 | LR = 1.060437e-05 | grad_norm = 96.538351
  Batch 949: loss = 2.434207 | LR = 1.059798e-05 | grad_norm = 165.168012
  Batch 950: loss = 0.043695 | LR = 1.059159e-05 | grad_norm = 9.297626
  Batch 951: loss = 1.495946 | LR = 1.058520e-05 | grad_norm = 144.487381
  Batch 952: loss = 2.761199 | LR = 1.057880e-05 | grad_norm = 253.805573
  Batch 953: loss = 3.395741 | LR = 1.057242e-05 | grad_norm = 116.862009
  Batch 954: loss = 1.152515 | LR = 1.056603e-05 | grad_norm = 141.929747
  Batch 955: loss = 4.824940 | LR = 1.055964e-05 | grad_norm = 129.482331
  Batch 956: loss = 4.229908 | LR = 1.055325e-05 | grad_norm = 148.582532
  Batch 957: loss = 4.981316 | LR = 1.054687e-05 | grad_norm = 186.142745
  Batch 958: loss = 1.408710 | LR = 1.054048e-05 | grad_norm = 114.828587
  Batch 959: loss = 0.006947 | LR = 1.053410e-05 | grad_norm = 2.163416
  Batch 960: loss = 2.467127 | LR = 1.052771e-05 | grad_norm = 167.506611
  Batch 961: loss = 4.242133 | LR = 1.052133e-05 | grad_norm = 175.024225
  Batch 962: loss = 3.007839 | LR = 1.051495e-05 | grad_norm = 123.670761
  Batch 963: loss = 4.001947 | LR = 1.050857e-05 | grad_norm = 287.277342
  Batch 964: loss = 1.922837 | LR = 1.050219e-05 | grad_norm = 138.429605
  Batch 965: loss = 0.430995 | LR = 1.049581e-05 | grad_norm = 66.654748
  Batch 966: loss = 1.865810 | LR = 1.048943e-05 | grad_norm = 132.547692
  Batch 967: loss = 0.073714 | LR = 1.048306e-05 | grad_norm = 14.050105
  Batch 968: loss = 3.530891 | LR = 1.047668e-05 | grad_norm = 362.192275
  Batch 969: loss = 3.412666 | LR = 1.047031e-05 | grad_norm = 186.345660
  Batch 970: loss = 1.082424 | LR = 1.046393e-05 | grad_norm = 146.625422
  Batch 971: loss = 0.004441 | LR = 1.045756e-05 | grad_norm = 1.439071
  Batch 972: loss = 3.634489 | LR = 1.045119e-05 | grad_norm = 161.445989
  Batch 973: loss = 2.553057 | LR = 1.044482e-05 | grad_norm = 237.840954
  Batch 974: loss = 0.062533 | LR = 1.043845e-05 | grad_norm = 17.072835
  Batch 975: loss = 8.878680 | LR = 1.043208e-05 | grad_norm = 226.684136
  Batch 976: loss = 2.226002 | LR = 1.042571e-05 | grad_norm = 176.716756
  Batch 977: loss = 5.693805 | LR = 1.041935e-05 | grad_norm = 217.588847
  Batch 978: loss = 0.000000 | LR = 1.041298e-05 | grad_norm = 0.000000
  Batch 979: loss = 1.097308 | LR = 1.040662e-05 | grad_norm = 132.931050
  Batch 980: loss = 5.802925 | LR = 1.040025e-05 | grad_norm = 141.350199
  Batch 981: loss = 5.594466 | LR = 1.039389e-05 | grad_norm = 137.981525
  Batch 982: loss = 0.000000 | LR = 1.038753e-05 | grad_norm = 0.000000
  Batch 983: loss = 4.116474 | LR = 1.038117e-05 | grad_norm = 149.572740
  Batch 984: loss = 1.244187 | LR = 1.037481e-05 | grad_norm = 144.883001
  Batch 985: loss = 5.627567 | LR = 1.036845e-05 | grad_norm = 179.260568
  Batch 986: loss = 5.693145 | LR = 1.036209e-05 | grad_norm = 246.218854
  Batch 987: loss = 0.030842 | LR = 1.035573e-05 | grad_norm = 12.131349
  Batch 988: loss = 0.719134 | LR = 1.034938e-05 | grad_norm = 85.977833
  Batch 989: loss = 4.332084 | LR = 1.034302e-05 | grad_norm = 159.807419
  Batch 990: loss = 4.659792 | LR = 1.033667e-05 | grad_norm = 115.363644
  Batch 991: loss = 0.040675 | LR = 1.033031e-05 | grad_norm = 10.037239
  Batch 992: loss = 3.264542 | LR = 1.032396e-05 | grad_norm = 125.687068
  Batch 993: loss = 2.407061 | LR = 1.031761e-05 | grad_norm = 183.830084
  Batch 994: loss = 0.098396 | LR = 1.031126e-05 | grad_norm = 20.242137
  Batch 995: loss = 1.742378 | LR = 1.030491e-05 | grad_norm = 123.216369
  Batch 996: loss = 2.791359 | LR = 1.029856e-05 | grad_norm = 299.678593
  Batch 997: loss = 2.259063 | LR = 1.029222e-05 | grad_norm = 119.235673
  Batch 998: loss = 0.019001 | LR = 1.028587e-05 | grad_norm = 5.655516
  Batch 999: loss = 3.028245 | LR = 1.027953e-05 | grad_norm = 168.838215
  Batch 1000: loss = 2.070653 | LR = 1.027318e-05 | grad_norm = 165.214063
  Batch 1001: loss = 0.008951 | LR = 1.026684e-05 | grad_norm = 3.225765
  Batch 1002: loss = 5.176247 | LR = 1.026050e-05 | grad_norm = 192.151759
  Batch 1003: loss = 1.792950 | LR = 1.025415e-05 | grad_norm = 229.053770
  Batch 1004: loss = 0.016268 | LR = 1.024781e-05 | grad_norm = 6.220168
  Batch 1005: loss = 2.454678 | LR = 1.024148e-05 | grad_norm = 184.917954
  Batch 1006: loss = 0.056288 | LR = 1.023514e-05 | grad_norm = 11.959524
  Batch 1007: loss = 3.256107 | LR = 1.022880e-05 | grad_norm = 306.720340
  Batch 1008: loss = 4.781049 | LR = 1.022246e-05 | grad_norm = 158.917633
  Batch 1009: loss = 1.026531 | LR = 1.021613e-05 | grad_norm = 150.054194
  Batch 1010: loss = 0.662252 | LR = 1.020980e-05 | grad_norm = 83.858451
  Batch 1011: loss = 3.289907 | LR = 1.020346e-05 | grad_norm = 217.009604
  Batch 1012: loss = 0.680028 | LR = 1.019713e-05 | grad_norm = 96.266340
  Batch 1013: loss = 6.029508 | LR = 1.019080e-05 | grad_norm = 160.427566
  Batch 1014: loss = 1.560547 | LR = 1.018447e-05 | grad_norm = 181.168209
  Batch 1015: loss = 4.412126 | LR = 1.017814e-05 | grad_norm = 251.503290
  Batch 1016: loss = 0.006942 | LR = 1.017181e-05 | grad_norm = 2.542038
  Batch 1017: loss = 4.237960 | LR = 1.016548e-05 | grad_norm = 226.612819
  Batch 1018: loss = 0.083465 | LR = 1.015916e-05 | grad_norm = 17.230139
  Batch 1019: loss = 1.277536 | LR = 1.015283e-05 | grad_norm = 114.726713
  Batch 1020: loss = 5.855015 | LR = 1.014651e-05 | grad_norm = 284.628812
  Batch 1021: loss = 0.365862 | LR = 1.014019e-05 | grad_norm = 107.327681
  Batch 1022: loss = 0.000000 | LR = 1.013387e-05 | grad_norm = 0.000013
  Batch 1023: loss = 0.243202 | LR = 1.012754e-05 | grad_norm = 50.110304
  Batch 1024: loss = 5.344279 | LR = 1.012122e-05 | grad_norm = 145.894334
  Batch 1025: loss = 0.541514 | LR = 1.011491e-05 | grad_norm = 107.307861
  Batch 1026: loss = 0.451739 | LR = 1.010859e-05 | grad_norm = 123.185825
  Batch 1027: loss = 0.014949 | LR = 1.010227e-05 | grad_norm = 3.906268
  Batch 1028: loss = 0.000211 | LR = 1.009596e-05 | grad_norm = 0.120443
  Batch 1029: loss = 9.233247 | LR = 1.008964e-05 | grad_norm = 418.451086
  Batch 1030: loss = 4.670755 | LR = 1.008333e-05 | grad_norm = 116.286340
  Batch 1031: loss = 0.879413 | LR = 1.007701e-05 | grad_norm = 87.778437
  Batch 1032: loss = 3.380821 | LR = 1.007070e-05 | grad_norm = 130.111474
  Batch 1033: loss = 3.125314 | LR = 1.006439e-05 | grad_norm = 99.752292
  Batch 1034: loss = 5.355536 | LR = 1.005808e-05 | grad_norm = 483.874513
  Batch 1035: loss = 0.000000 | LR = 1.005177e-05 | grad_norm = 0.000000
  Batch 1036: loss = 3.071140 | LR = 1.004547e-05 | grad_norm = 186.783605
  Batch 1037: loss = 2.184007 | LR = 1.003916e-05 | grad_norm = 201.187052
  Batch 1038: loss = 0.276602 | LR = 1.003286e-05 | grad_norm = 64.642038
  Batch 1039: loss = 4.217550 | LR = 1.002655e-05 | grad_norm = 157.616124
  Batch 1040: loss = 0.000000 | LR = 1.002025e-05 | grad_norm = 0.000004
  Batch 1041: loss = 3.115222 | LR = 1.001395e-05 | grad_norm = 194.529281
  Batch 1042: loss = 1.216210 | LR = 1.000764e-05 | grad_norm = 123.004387
  Batch 1043: loss = 3.411808 | LR = 1.000134e-05 | grad_norm = 266.714562
  Batch 1044: loss = 3.800759 | LR = 9.995046e-06 | grad_norm = 200.000711
  Batch 1045: loss = 4.097581 | LR = 9.988748e-06 | grad_norm = 217.352621
  Batch 1046: loss = 0.000000 | LR = 9.982451e-06 | grad_norm = 0.000000
  Batch 1047: loss = 4.890544 | LR = 9.976155e-06 | grad_norm = 153.184421
  Batch 1048: loss = 10.241966 | LR = 9.969860e-06 | grad_norm = 256.861044
  Batch 1049: loss = 4.012316 | LR = 9.963566e-06 | grad_norm = 136.327098
  Batch 1050: loss = 8.575621 | LR = 9.957274e-06 | grad_norm = 257.801118
  Batch 1051: loss = 0.002080 | LR = 9.950982e-06 | grad_norm = 0.791804
  Batch 1052: loss = 0.318657 | LR = 9.944691e-06 | grad_norm = 69.868752
  Batch 1053: loss = 6.224435 | LR = 9.938402e-06 | grad_norm = 279.736625
  Batch 1054: loss = 2.975675 | LR = 9.932113e-06 | grad_norm = 120.026495
  Batch 1055: loss = 6.481989 | LR = 9.925826e-06 | grad_norm = 186.280660
  Batch 1056: loss = 7.269896 | LR = 9.919540e-06 | grad_norm = 164.872569
  Batch 1057: loss = 0.000000 | LR = 9.913254e-06 | grad_norm = 0.000002
  Batch 1058: loss = 0.082243 | LR = 9.906970e-06 | grad_norm = 16.900355
  Batch 1059: loss = 2.256975 | LR = 9.900687e-06 | grad_norm = 231.401876
  Batch 1060: loss = 0.000093 | LR = 9.894405e-06 | grad_norm = 0.050285
  Batch 1061: loss = 6.093269 | LR = 9.888124e-06 | grad_norm = 282.674138
  Batch 1062: loss = 5.560005 | LR = 9.881844e-06 | grad_norm = 327.503912
  Batch 1063: loss = 0.252506 | LR = 9.875565e-06 | grad_norm = 37.731838
  Batch 1064: loss = 5.515565 | LR = 9.869287e-06 | grad_norm = 167.303672
  Batch 1065: loss = 1.330930 | LR = 9.863011e-06 | grad_norm = 195.330370
  Batch 1066: loss = 7.670479 | LR = 9.856735e-06 | grad_norm = 302.022113
  Batch 1067: loss = 7.600023 | LR = 9.850460e-06 | grad_norm = 239.924098
  Batch 1068: loss = 10.283419 | LR = 9.844187e-06 | grad_norm = 212.503579
  Batch 1069: loss = 0.000000 | LR = 9.837915e-06 | grad_norm = 0.000059
  Batch 1070: loss = 1.189774 | LR = 9.831643e-06 | grad_norm = 169.464301
  Batch 1071: loss = 0.584519 | LR = 9.825373e-06 | grad_norm = 171.463320
  Batch 1072: loss = 0.367370 | LR = 9.819104e-06 | grad_norm = 58.510008
  Batch 1073: loss = 2.588999 | LR = 9.812836e-06 | grad_norm = 153.897539
  Batch 1074: loss = 0.091743 | LR = 9.806569e-06 | grad_norm = 30.717630
  Batch 1075: loss = 1.523798 | LR = 9.800303e-06 | grad_norm = 157.869127
  Batch 1076: loss = 0.001141 | LR = 9.794038e-06 | grad_norm = 0.263423
  Batch 1077: loss = 5.219501 | LR = 9.787774e-06 | grad_norm = 118.662928
  Batch 1078: loss = 0.032231 | LR = 9.781512e-06 | grad_norm = 7.695010
  Batch 1079: loss = 5.547891 | LR = 9.775250e-06 | grad_norm = 268.316618
  Batch 1080: loss = 4.388840 | LR = 9.768990e-06 | grad_norm = 119.117721
  Batch 1081: loss = 7.014118 | LR = 9.762730e-06 | grad_norm = 184.651383
  Batch 1082: loss = 1.256283 | LR = 9.756472e-06 | grad_norm = 160.273783
  Batch 1083: loss = 1.477144 | LR = 9.750215e-06 | grad_norm = 251.679470
  Batch 1084: loss = 7.246225 | LR = 9.743959e-06 | grad_norm = 175.848874
  Batch 1085: loss = 0.148906 | LR = 9.737704e-06 | grad_norm = 34.378962
  Batch 1086: loss = 0.000000 | LR = 9.731450e-06 | grad_norm = 0.000000
  Batch 1087: loss = 0.034322 | LR = 9.725197e-06 | grad_norm = 14.062155
  Batch 1088: loss = 2.015119 | LR = 9.718946e-06 | grad_norm = 301.202184
  Batch 1089: loss = 1.138728 | LR = 9.712695e-06 | grad_norm = 108.577565
  Batch 1090: loss = 1.733331 | LR = 9.706446e-06 | grad_norm = 224.843694
  Batch 1091: loss = 2.725157 | LR = 9.700197e-06 | grad_norm = 109.816824
  Batch 1092: loss = 2.897693 | LR = 9.693950e-06 | grad_norm = 173.715118
  Batch 1093: loss = 6.058340 | LR = 9.687704e-06 | grad_norm = 221.352986
  Batch 1094: loss = 6.848797 | LR = 9.681459e-06 | grad_norm = 161.552954
  Batch 1095: loss = 3.250343 | LR = 9.675215e-06 | grad_norm = 158.263134
  Batch 1096: loss = 2.264370 | LR = 9.668972e-06 | grad_norm = 148.052073
  Batch 1097: loss = 0.041130 | LR = 9.662730e-06 | grad_norm = 8.566048
  Batch 1098: loss = 3.227156 | LR = 9.656490e-06 | grad_norm = 132.907206
  Batch 1099: loss = 4.362607 | LR = 9.650250e-06 | grad_norm = 101.964678
  Batch 1100: loss = 6.278621 | LR = 9.644012e-06 | grad_norm = 161.003969
  Batch 1101: loss = 1.058646 | LR = 9.637775e-06 | grad_norm = 206.450795
  Batch 1102: loss = 5.227756 | LR = 9.631539e-06 | grad_norm = 149.480378
  Batch 1103: loss = 2.260145 | LR = 9.625304e-06 | grad_norm = 187.312423
  Batch 1104: loss = 8.018147 | LR = 9.619070e-06 | grad_norm = 237.760975
  Batch 1105: loss = 2.776114 | LR = 9.612837e-06 | grad_norm = 112.790020
  Batch 1106: loss = 1.893399 | LR = 9.606605e-06 | grad_norm = 197.851290
  Batch 1107: loss = 2.343586 | LR = 9.600375e-06 | grad_norm = 164.206782
  Batch 1108: loss = 0.590935 | LR = 9.594145e-06 | grad_norm = 145.815584
  Batch 1109: loss = 7.162797 | LR = 9.587917e-06 | grad_norm = 177.461278
  Batch 1110: loss = 3.047975 | LR = 9.581690e-06 | grad_norm = 110.822004
  Batch 1111: loss = 0.384443 | LR = 9.575464e-06 | grad_norm = 42.835300
  Batch 1112: loss = 0.145626 | LR = 9.569239e-06 | grad_norm = 28.177134
  Batch 1113: loss = 8.093518 | LR = 9.563015e-06 | grad_norm = 316.836709
  Batch 1114: loss = 1.388743 | LR = 9.556793e-06 | grad_norm = 120.098480
  Batch 1115: loss = 3.929422 | LR = 9.550571e-06 | grad_norm = 231.864558
  Batch 1116: loss = 0.259848 | LR = 9.544351e-06 | grad_norm = 50.277925
  Batch 1117: loss = 2.289470 | LR = 9.538132e-06 | grad_norm = 198.461775
  Batch 1118: loss = 6.289783 | LR = 9.531914e-06 | grad_norm = 138.798446
  Batch 1119: loss = 2.643930 | LR = 9.525697e-06 | grad_norm = 264.795088
  Batch 1120: loss = 1.420730 | LR = 9.519481e-06 | grad_norm = 297.182030
  Batch 1121: loss = 4.539569 | LR = 9.513266e-06 | grad_norm = 156.061578
  Batch 1122: loss = 6.969593 | LR = 9.507053e-06 | grad_norm = 415.982799
  Batch 1123: loss = 0.087925 | LR = 9.500840e-06 | grad_norm = 18.216574
  Batch 1124: loss = 1.234876 | LR = 9.494629e-06 | grad_norm = 67.174731
  Batch 1125: loss = 0.416192 | LR = 9.488419e-06 | grad_norm = 149.409997
  Batch 1126: loss = 6.840981 | LR = 9.482210e-06 | grad_norm = 239.897001
  Batch 1127: loss = 0.850410 | LR = 9.476002e-06 | grad_norm = 97.073606
  Batch 1128: loss = 1.955563 | LR = 9.469796e-06 | grad_norm = 219.590290
  Batch 1129: loss = 3.293315 | LR = 9.463590e-06 | grad_norm = 155.384804
  Batch 1130: loss = 5.197289 | LR = 9.457386e-06 | grad_norm = 183.702630
  Batch 1131: loss = 3.794593 | LR = 9.451183e-06 | grad_norm = 216.506754
  Batch 1132: loss = 2.195423 | LR = 9.444980e-06 | grad_norm = 148.763679
  Batch 1133: loss = 3.398258 | LR = 9.438780e-06 | grad_norm = 146.585714
  Batch 1134: loss = 0.671038 | LR = 9.432580e-06 | grad_norm = 140.667659
  Batch 1135: loss = 3.445618 | LR = 9.426381e-06 | grad_norm = 180.252842
  Batch 1136: loss = 0.014866 | LR = 9.420184e-06 | grad_norm = 4.069780
  Batch 1137: loss = 5.034567 | LR = 9.413988e-06 | grad_norm = 278.835999
  Batch 1138: loss = 2.553157 | LR = 9.407793e-06 | grad_norm = 133.584117
  Batch 1139: loss = 0.002859 | LR = 9.401599e-06 | grad_norm = 0.896044
  Batch 1140: loss = 2.538279 | LR = 9.395406e-06 | grad_norm = 246.435973
  Batch 1141: loss = 0.000495 | LR = 9.389214e-06 | grad_norm = 0.150205
  Batch 1142: loss = 4.849339 | LR = 9.383024e-06 | grad_norm = 228.892066
  Batch 1143: loss = 1.199790 | LR = 9.376834e-06 | grad_norm = 130.535101
  Batch 1144: loss = 3.475170 | LR = 9.370646e-06 | grad_norm = 121.525633
  Batch 1145: loss = 5.567578 | LR = 9.364459e-06 | grad_norm = 198.893541
  Batch 1146: loss = 2.078533 | LR = 9.358274e-06 | grad_norm = 181.684751
  Batch 1147: loss = 3.983402 | LR = 9.352089e-06 | grad_norm = 154.198438
  Batch 1148: loss = 0.772874 | LR = 9.345906e-06 | grad_norm = 100.249313
  Batch 1149: loss = 4.500161 | LR = 9.339723e-06 | grad_norm = 173.953634
  Batch 1150: loss = 0.000000 | LR = 9.333542e-06 | grad_norm = 0.000000
  Batch 1151: loss = 3.643576 | LR = 9.327362e-06 | grad_norm = 140.024226
  Batch 1152: loss = 4.128635 | LR = 9.321184e-06 | grad_norm = 155.724681
  Batch 1153: loss = 3.819773 | LR = 9.315006e-06 | grad_norm = 182.742252
  Batch 1154: loss = 0.003438 | LR = 9.308830e-06 | grad_norm = 0.980901
  Batch 1155: loss = 0.103124 | LR = 9.302654e-06 | grad_norm = 21.709455
  Batch 1156: loss = 2.949118 | LR = 9.296480e-06 | grad_norm = 250.292003
  Batch 1157: loss = 3.364874 | LR = 9.290308e-06 | grad_norm = 240.247785
  Batch 1158: loss = 5.809929 | LR = 9.284136e-06 | grad_norm = 233.000149
  Batch 1159: loss = 0.721100 | LR = 9.277965e-06 | grad_norm = 54.967353
  Batch 1160: loss = 3.533673 | LR = 9.271796e-06 | grad_norm = 200.023140
  Batch 1161: loss = 5.213944 | LR = 9.265628e-06 | grad_norm = 142.699304
  Batch 1162: loss = 0.989731 | LR = 9.259461e-06 | grad_norm = 122.910125
  Batch 1163: loss = 5.500391 | LR = 9.253295e-06 | grad_norm = 123.954274
  Batch 1164: loss = 4.998329 | LR = 9.247131e-06 | grad_norm = 274.439889
  Batch 1165: loss = 3.492881 | LR = 9.240967e-06 | grad_norm = 108.881436
  Batch 1166: loss = 3.862273 | LR = 9.234805e-06 | grad_norm = 631.892812
  Batch 1167: loss = 0.027472 | LR = 9.228644e-06 | grad_norm = 5.706425
  Batch 1168: loss = 9.053909 | LR = 9.222485e-06 | grad_norm = 178.834114
  Batch 1169: loss = 3.426594 | LR = 9.216326e-06 | grad_norm = 132.253629
  Batch 1170: loss = 15.682034 | LR = 9.210169e-06 | grad_norm = 681.966101
  Batch 1171: loss = 2.735662 | LR = 9.204012e-06 | grad_norm = 250.508687
  Batch 1172: loss = 0.225815 | LR = 9.197857e-06 | grad_norm = 50.589131
  Batch 1173: loss = 5.424892 | LR = 9.191704e-06 | grad_norm = 158.833124
  Batch 1174: loss = 0.000042 | LR = 9.185551e-06 | grad_norm = 0.012726
  Batch 1175: loss = 0.203765 | LR = 9.179400e-06 | grad_norm = 31.080588
  Batch 1176: loss = 6.674677 | LR = 9.173250e-06 | grad_norm = 248.779354
  Batch 1177: loss = 4.308398 | LR = 9.167101e-06 | grad_norm = 334.746868
  Batch 1178: loss = 6.974850 | LR = 9.160953e-06 | grad_norm = 149.712664
  Batch 1179: loss = 0.650845 | LR = 9.154806e-06 | grad_norm = 101.371239
  Batch 1180: loss = 6.294716 | LR = 9.148661e-06 | grad_norm = 232.338910
  Batch 1181: loss = 0.109223 | LR = 9.142517e-06 | grad_norm = 28.888934
  Batch 1182: loss = 0.348873 | LR = 9.136374e-06 | grad_norm = 97.878127
  Batch 1183: loss = 3.596666 | LR = 9.130232e-06 | grad_norm = 102.255821
  Batch 1184: loss = 0.385047 | LR = 9.124092e-06 | grad_norm = 58.186867
  Batch 1185: loss = 5.757325 | LR = 9.117952e-06 | grad_norm = 332.514978
  Batch 1186: loss = 4.241014 | LR = 9.111814e-06 | grad_norm = 182.642552
  Batch 1187: loss = 2.688287 | LR = 9.105677e-06 | grad_norm = 174.739907
  Batch 1188: loss = 6.519822 | LR = 9.099542e-06 | grad_norm = 159.672558
  Batch 1189: loss = 5.609476 | LR = 9.093407e-06 | grad_norm = 114.167395
  Batch 1190: loss = 2.052730 | LR = 9.087274e-06 | grad_norm = 203.052731
  Batch 1191: loss = 1.121823 | LR = 9.081142e-06 | grad_norm = 94.139032
  Batch 1192: loss = 0.432891 | LR = 9.075011e-06 | grad_norm = 52.379903
  Batch 1193: loss = 4.530782 | LR = 9.068882e-06 | grad_norm = 175.437526
  Batch 1194: loss = 0.321844 | LR = 9.062754e-06 | grad_norm = 54.758562
  Batch 1195: loss = 2.514925 | LR = 9.056627e-06 | grad_norm = 188.079293
  Batch 1196: loss = 1.279387 | LR = 9.050501e-06 | grad_norm = 134.763597
  Batch 1197: loss = 0.259010 | LR = 9.044376e-06 | grad_norm = 43.932622
  Batch 1198: loss = 0.937736 | LR = 9.038253e-06 | grad_norm = 118.480620
  Batch 1199: loss = 3.044561 | LR = 9.032131e-06 | grad_norm = 156.081966
  Batch 1200: loss = 2.060987 | LR = 9.026010e-06 | grad_norm = 281.542273
  Batch 1201: loss = 2.143186 | LR = 9.019890e-06 | grad_norm = 117.097037
  Batch 1202: loss = 4.364600 | LR = 9.013771e-06 | grad_norm = 183.966132
  Batch 1203: loss = 0.061092 | LR = 9.007654e-06 | grad_norm = 14.253614
  Batch 1204: loss = 4.491446 | LR = 9.001538e-06 | grad_norm = 106.952832
  Batch 1205: loss = 1.687284 | LR = 8.995423e-06 | grad_norm = 122.877670
  Batch 1206: loss = 2.985816 | LR = 8.989310e-06 | grad_norm = 322.707920
  Batch 1207: loss = 2.510293 | LR = 8.983198e-06 | grad_norm = 208.963308
  Batch 1208: loss = 5.434350 | LR = 8.977087e-06 | grad_norm = 159.147398
  Batch 1209: loss = 0.725032 | LR = 8.970977e-06 | grad_norm = 97.567167
  Batch 1210: loss = 4.787370 | LR = 8.964868e-06 | grad_norm = 202.137099
  Batch 1211: loss = 6.786787 | LR = 8.958761e-06 | grad_norm = 255.141506
  Batch 1212: loss = 0.000000 | LR = 8.952655e-06 | grad_norm = 0.000004
  Batch 1213: loss = 0.290839 | LR = 8.946550e-06 | grad_norm = 49.850248
  Batch 1214: loss = 1.451066 | LR = 8.940446e-06 | grad_norm = 128.712743
  Batch 1215: loss = 4.991794 | LR = 8.934344e-06 | grad_norm = 193.831864
  Batch 1216: loss = 0.504372 | LR = 8.928243e-06 | grad_norm = 71.570875
  Batch 1217: loss = 2.885907 | LR = 8.922143e-06 | grad_norm = 118.775384
  Batch 1218: loss = 1.565787 | LR = 8.916044e-06 | grad_norm = 199.701591
  Batch 1219: loss = 0.000000 | LR = 8.909947e-06 | grad_norm = 0.000000
  Batch 1220: loss = 5.980476 | LR = 8.903851e-06 | grad_norm = 233.074864
  Batch 1221: loss = 3.328816 | LR = 8.897756e-06 | grad_norm = 130.270564
  Batch 1222: loss = 1.083344 | LR = 8.891663e-06 | grad_norm = 171.344929
  Batch 1223: loss = 7.347087 | LR = 8.885570e-06 | grad_norm = 424.477069
  Batch 1224: loss = 5.465353 | LR = 8.879479e-06 | grad_norm = 159.282794
  Batch 1225: loss = 7.378644 | LR = 8.873390e-06 | grad_norm = 425.695980
  Batch 1226: loss = 5.220550 | LR = 8.867301e-06 | grad_norm = 176.529412
  Batch 1227: loss = 4.221495 | LR = 8.861214e-06 | grad_norm = 123.611701
  Batch 1228: loss = 0.000276 | LR = 8.855128e-06 | grad_norm = 0.157204
  Batch 1229: loss = 7.829211 | LR = 8.849043e-06 | grad_norm = 146.595310
  Batch 1230: loss = 5.071649 | LR = 8.842960e-06 | grad_norm = 207.313371
  Batch 1231: loss = 0.676252 | LR = 8.836877e-06 | grad_norm = 110.389093
  Batch 1232: loss = 0.531585 | LR = 8.830796e-06 | grad_norm = 118.444458
  Batch 1233: loss = 7.890552 | LR = 8.824717e-06 | grad_norm = 452.416222
  Batch 1234: loss = 1.546708 | LR = 8.818638e-06 | grad_norm = 118.104815
  Batch 1235: loss = 11.144157 | LR = 8.812561e-06 | grad_norm = 410.098994
  Batch 1236: loss = 0.005341 | LR = 8.806485e-06 | grad_norm = 1.424923
  Batch 1237: loss = 0.260754 | LR = 8.800411e-06 | grad_norm = 45.143983
  Batch 1238: loss = 0.450865 | LR = 8.794337e-06 | grad_norm = 57.160413
  Batch 1239: loss = 0.370151 | LR = 8.788265e-06 | grad_norm = 80.382620
  Batch 1240: loss = 2.214028 | LR = 8.782195e-06 | grad_norm = 170.824887
  Batch 1241: loss = 2.657466 | LR = 8.776125e-06 | grad_norm = 303.820506
  Batch 1242: loss = 1.693822 | LR = 8.770057e-06 | grad_norm = 164.607015
  Batch 1243: loss = 0.029043 | LR = 8.763990e-06 | grad_norm = 8.348123
  Batch 1244: loss = 3.503052 | LR = 8.757924e-06 | grad_norm = 240.815324
  Batch 1245: loss = 4.246508 | LR = 8.751860e-06 | grad_norm = 285.751019
  Batch 1246: loss = 2.940230 | LR = 8.745797e-06 | grad_norm = 179.861545
  Batch 1247: loss = 7.959907 | LR = 8.739735e-06 | grad_norm = 212.666206
  Batch 1248: loss = 3.576177 | LR = 8.733675e-06 | grad_norm = 238.600360
  Batch 1249: loss = 0.000000 | LR = 8.727615e-06 | grad_norm = 0.000000
  Batch 1250: loss = 0.000040 | LR = 8.721557e-06 | grad_norm = 0.014409
  Batch 1251: loss = 1.917079 | LR = 8.715501e-06 | grad_norm = 172.354714
  Batch 1252: loss = 0.386925 | LR = 8.709446e-06 | grad_norm = 65.863828
  Batch 1253: loss = 0.000660 | LR = 8.703391e-06 | grad_norm = 0.124564
  Batch 1254: loss = 3.509783 | LR = 8.697339e-06 | grad_norm = 166.498628
  Batch 1255: loss = 6.420042 | LR = 8.691287e-06 | grad_norm = 114.855576
  Batch 1256: loss = 2.536222 | LR = 8.685237e-06 | grad_norm = 153.572866
  Batch 1257: loss = 0.980723 | LR = 8.679188e-06 | grad_norm = 97.930146
  Batch 1258: loss = 0.000001 | LR = 8.673141e-06 | grad_norm = 0.000313
  Batch 1259: loss = 0.219629 | LR = 8.667094e-06 | grad_norm = 48.832608
  Batch 1260: loss = 3.185705 | LR = 8.661049e-06 | grad_norm = 188.137528
  Batch 1261: loss = 1.736485 | LR = 8.655006e-06 | grad_norm = 175.875869
  Batch 1262: loss = 0.197169 | LR = 8.648963e-06 | grad_norm = 85.207619
  Batch 1263: loss = 3.160230 | LR = 8.642922e-06 | grad_norm = 194.104223
  Batch 1264: loss = 3.959156 | LR = 8.636882e-06 | grad_norm = 173.734776
  Batch 1265: loss = 2.685423 | LR = 8.630844e-06 | grad_norm = 206.646174
  Batch 1266: loss = 3.325970 | LR = 8.624807e-06 | grad_norm = 122.222258
  Batch 1267: loss = 4.585365 | LR = 8.618771e-06 | grad_norm = 233.890785
  Batch 1268: loss = 0.323508 | LR = 8.612736e-06 | grad_norm = 42.028511
  Batch 1269: loss = 4.807207 | LR = 8.606703e-06 | grad_norm = 173.110155
  Batch 1270: loss = 0.671582 | LR = 8.600671e-06 | grad_norm = 79.539031
  Batch 1271: loss = 2.769636 | LR = 8.594640e-06 | grad_norm = 295.789499
  Batch 1272: loss = 9.425373 | LR = 8.588611e-06 | grad_norm = 266.744251
  Batch 1273: loss = 2.987281 | LR = 8.582583e-06 | grad_norm = 268.467201
  Batch 1274: loss = 4.586178 | LR = 8.576557e-06 | grad_norm = 164.829836
  Batch 1275: loss = 0.000009 | LR = 8.570531e-06 | grad_norm = 0.004990
  Batch 1276: loss = 1.561316 | LR = 8.564507e-06 | grad_norm = 157.954982
  Batch 1277: loss = 0.258487 | LR = 8.558484e-06 | grad_norm = 74.955218
  Batch 1278: loss = 1.460057 | LR = 8.552463e-06 | grad_norm = 196.264138
  Batch 1279: loss = 2.678293 | LR = 8.546443e-06 | grad_norm = 134.960032
  Batch 1280: loss = 0.193507 | LR = 8.540424e-06 | grad_norm = 30.768082
  Batch 1281: loss = 0.223024 | LR = 8.534407e-06 | grad_norm = 37.043050
  Batch 1282: loss = 3.107457 | LR = 8.528391e-06 | grad_norm = 127.415468
  Batch 1283: loss = 0.006468 | LR = 8.522376e-06 | grad_norm = 2.095710
  Batch 1284: loss = 0.000000 | LR = 8.516362e-06 | grad_norm = 0.000000
  Batch 1285: loss = 1.652827 | LR = 8.510350e-06 | grad_norm = 154.316138
  Batch 1286: loss = 7.056623 | LR = 8.504339e-06 | grad_norm = 254.939543
  Batch 1287: loss = 2.415385 | LR = 8.498330e-06 | grad_norm = 157.136010
  Batch 1288: loss = 5.556843 | LR = 8.492322e-06 | grad_norm = 256.691204
  Batch 1289: loss = 5.572326 | LR = 8.486315e-06 | grad_norm = 135.139132
  Batch 1290: loss = 0.855385 | LR = 8.480309e-06 | grad_norm = 99.431590
  Batch 1291: loss = 0.242530 | LR = 8.474305e-06 | grad_norm = 51.891294
  Batch 1292: loss = 1.962377 | LR = 8.468302e-06 | grad_norm = 144.179464
  Batch 1293: loss = 0.128472 | LR = 8.462301e-06 | grad_norm = 34.284827
  Batch 1294: loss = 4.171306 | LR = 8.456301e-06 | grad_norm = 114.658226
  Batch 1295: loss = 4.762438 | LR = 8.450302e-06 | grad_norm = 183.620474
  Batch 1296: loss = 1.025907 | LR = 8.444305e-06 | grad_norm = 121.863002
  Batch 1297: loss = 5.678547 | LR = 8.438308e-06 | grad_norm = 133.104134
  Batch 1298: loss = 1.692647 | LR = 8.432314e-06 | grad_norm = 228.640665
  Batch 1299: loss = 3.550153 | LR = 8.426320e-06 | grad_norm = 189.582781
  Batch 1300: loss = 1.476682 | LR = 8.420328e-06 | grad_norm = 122.716327
  Batch 1301: loss = 3.686335 | LR = 8.414337e-06 | grad_norm = 164.080571
  Batch 1302: loss = 8.059543 | LR = 8.408348e-06 | grad_norm = 161.373640
  Batch 1303: loss = 0.760851 | LR = 8.402360e-06 | grad_norm = 103.381483
  Batch 1304: loss = 3.965160 | LR = 8.396373e-06 | grad_norm = 114.043309
  Batch 1305: loss = 3.430842 | LR = 8.390388e-06 | grad_norm = 187.370157
  Batch 1306: loss = 0.000000 | LR = 8.384404e-06 | grad_norm = 0.000011
  Batch 1307: loss = 7.165350 | LR = 8.378421e-06 | grad_norm = 254.237299
  Batch 1308: loss = 4.889220 | LR = 8.372440e-06 | grad_norm = 187.959611
  Batch 1309: loss = 7.502291 | LR = 8.366460e-06 | grad_norm = 120.771978
  Batch 1310: loss = 0.415738 | LR = 8.360481e-06 | grad_norm = 59.225845
  Batch 1311: loss = 0.142399 | LR = 8.354504e-06 | grad_norm = 68.278907
  Batch 1312: loss = 2.257019 | LR = 8.348528e-06 | grad_norm = 151.326702
  Batch 1313: loss = 10.006945 | LR = 8.342554e-06 | grad_norm = 341.309940
  Batch 1314: loss = 2.960519 | LR = 8.336581e-06 | grad_norm = 164.582948
  Batch 1315: loss = 4.983402 | LR = 8.330609e-06 | grad_norm = 283.886461
  Batch 1316: loss = 0.392557 | LR = 8.324638e-06 | grad_norm = 165.843424
  Batch 1317: loss = 0.000022 | LR = 8.318669e-06 | grad_norm = 0.007695
  Batch 1318: loss = 0.000000 | LR = 8.312702e-06 | grad_norm = 0.000076
  Batch 1319: loss = 7.267465 | LR = 8.306735e-06 | grad_norm = 214.226709
  Batch 1320: loss = 2.427111 | LR = 8.300770e-06 | grad_norm = 178.422134
  Batch 1321: loss = 8.295053 | LR = 8.294807e-06 | grad_norm = 208.454476
  Batch 1322: loss = 0.783211 | LR = 8.288844e-06 | grad_norm = 90.342429
  Batch 1323: loss = 0.114591 | LR = 8.282884e-06 | grad_norm = 19.150921
  Batch 1324: loss = 2.529244 | LR = 8.276924e-06 | grad_norm = 153.662931
  Batch 1325: loss = 0.096567 | LR = 8.270966e-06 | grad_norm = 43.918365
  Batch 1326: loss = 1.475660 | LR = 8.265009e-06 | grad_norm = 173.877460
  Batch 1327: loss = 1.944215 | LR = 8.259054e-06 | grad_norm = 141.113708
  Batch 1328: loss = 2.806610 | LR = 8.253100e-06 | grad_norm = 203.692758
  Batch 1329: loss = 0.000750 | LR = 8.247147e-06 | grad_norm = 0.258594
  Batch 1330: loss = 0.003888 | LR = 8.241196e-06 | grad_norm = 1.077749
  Batch 1331: loss = 5.106153 | LR = 8.235246e-06 | grad_norm = 117.517162
  Batch 1332: loss = 2.854325 | LR = 8.229298e-06 | grad_norm = 141.733818
  Batch 1333: loss = 3.749585 | LR = 8.223350e-06 | grad_norm = 171.074350
  Batch 1334: loss = 1.337078 | LR = 8.217405e-06 | grad_norm = 200.927166
  Batch 1335: loss = 5.302245 | LR = 8.211460e-06 | grad_norm = 101.386135
  Batch 1336: loss = 6.366301 | LR = 8.205517e-06 | grad_norm = 186.091003
  Batch 1337: loss = 3.974077 | LR = 8.199576e-06 | grad_norm = 175.503002
  Batch 1338: loss = 5.694292 | LR = 8.193636e-06 | grad_norm = 255.218456
  Batch 1339: loss = 0.036097 | LR = 8.187697e-06 | grad_norm = 11.967169
  Batch 1340: loss = 3.464241 | LR = 8.181760e-06 | grad_norm = 253.237984
  Batch 1341: loss = 6.560119 | LR = 8.175823e-06 | grad_norm = 136.187306
  Batch 1342: loss = 3.500075 | LR = 8.169889e-06 | grad_norm = 122.528332
  Batch 1343: loss = 9.422178 | LR = 8.163956e-06 | grad_norm = 200.030622
  Batch 1344: loss = 4.052487 | LR = 8.158024e-06 | grad_norm = 131.364172
  Batch 1345: loss = 3.567891 | LR = 8.152093e-06 | grad_norm = 175.709900
  Batch 1346: loss = 4.199250 | LR = 8.146164e-06 | grad_norm = 170.397284
  Batch 1347: loss = 1.578890 | LR = 8.140237e-06 | grad_norm = 242.148737
  Batch 1348: loss = 4.844008 | LR = 8.134310e-06 | grad_norm = 113.383834
  Batch 1349: loss = 0.000001 | LR = 8.128386e-06 | grad_norm = 0.000351
  Batch 1350: loss = 4.576263 | LR = 8.122462e-06 | grad_norm = 243.277479
  Batch 1351: loss = 0.734625 | LR = 8.116540e-06 | grad_norm = 92.547814
  Batch 1352: loss = 0.059122 | LR = 8.110619e-06 | grad_norm = 10.029414
  Batch 1353: loss = 1.533319 | LR = 8.104700e-06 | grad_norm = 147.276222
  Batch 1354: loss = 5.650492 | LR = 8.098782e-06 | grad_norm = 217.760312
  Batch 1355: loss = 9.439095 | LR = 8.092866e-06 | grad_norm = 179.435653
  Batch 1356: loss = 1.942032 | LR = 8.086951e-06 | grad_norm = 123.403764
  Batch 1357: loss = 2.244138 | LR = 8.081037e-06 | grad_norm = 454.474324
  Batch 1358: loss = 1.493781 | LR = 8.075125e-06 | grad_norm = 216.362961
  Batch 1359: loss = 1.399029 | LR = 8.069214e-06 | grad_norm = 101.196522
  Batch 1360: loss = 0.782210 | LR = 8.063305e-06 | grad_norm = 121.395088
  Batch 1361: loss = 3.174031 | LR = 8.057397e-06 | grad_norm = 138.469964
  Batch 1362: loss = 1.437390 | LR = 8.051490e-06 | grad_norm = 110.307436
  Batch 1363: loss = 0.000000 | LR = 8.045585e-06 | grad_norm = 0.000048
  Batch 1364: loss = 0.316752 | LR = 8.039681e-06 | grad_norm = 42.633388
  Batch 1365: loss = 0.016435 | LR = 8.033779e-06 | grad_norm = 4.414544
  Batch 1366: loss = 6.632009 | LR = 8.027878e-06 | grad_norm = 383.501265
  Batch 1367: loss = 3.866668 | LR = 8.021979e-06 | grad_norm = 96.917847
  Batch 1368: loss = 3.302977 | LR = 8.016080e-06 | grad_norm = 131.950082
  Batch 1369: loss = 0.052955 | LR = 8.010184e-06 | grad_norm = 18.818707
  Batch 1370: loss = 3.039648 | LR = 8.004289e-06 | grad_norm = 137.231697
  Batch 1371: loss = 0.706761 | LR = 7.998395e-06 | grad_norm = 129.408574
  Batch 1372: loss = 0.600075 | LR = 7.992502e-06 | grad_norm = 75.561306
  Batch 1373: loss = 10.327112 | LR = 7.986611e-06 | grad_norm = 195.944455
  Batch 1374: loss = 7.095487 | LR = 7.980722e-06 | grad_norm = 333.920872
  Batch 1375: loss = 2.297825 | LR = 7.974834e-06 | grad_norm = 160.777008
  Batch 1376: loss = 1.803004 | LR = 7.968947e-06 | grad_norm = 240.720496
  Batch 1377: loss = 2.511077 | LR = 7.963062e-06 | grad_norm = 363.511156
  Batch 1378: loss = 3.265258 | LR = 7.957178e-06 | grad_norm = 140.554080
  Batch 1379: loss = 0.393981 | LR = 7.951296e-06 | grad_norm = 61.359298
  Batch 1380: loss = 8.517123 | LR = 7.945415e-06 | grad_norm = 176.241821
  Batch 1381: loss = 2.947005 | LR = 7.939535e-06 | grad_norm = 225.211693
  Batch 1382: loss = 0.057592 | LR = 7.933657e-06 | grad_norm = 17.080821
  Batch 1383: loss = 2.071102 | LR = 7.927780e-06 | grad_norm = 117.401515
  Batch 1384: loss = 0.113586 | LR = 7.921905e-06 | grad_norm = 22.830429
  Batch 1385: loss = 1.048268 | LR = 7.916032e-06 | grad_norm = 182.986828
  Batch 1386: loss = 1.013770 | LR = 7.910159e-06 | grad_norm = 174.192906
  Batch 1387: loss = 2.994158 | LR = 7.904288e-06 | grad_norm = 173.994847
  Batch 1388: loss = 6.915133 | LR = 7.898419e-06 | grad_norm = 112.440191
  Batch 1389: loss = 0.939880 | LR = 7.892551e-06 | grad_norm = 158.385229
  Batch 1390: loss = 0.000000 | LR = 7.886684e-06 | grad_norm = 0.000000
  Batch 1391: loss = 4.784713 | LR = 7.880819e-06 | grad_norm = 160.498962
  Batch 1392: loss = 0.000013 | LR = 7.874956e-06 | grad_norm = 0.004994
  Batch 1393: loss = 2.024251 | LR = 7.869093e-06 | grad_norm = 221.425683
  Batch 1394: loss = 1.297713 | LR = 7.863233e-06 | grad_norm = 104.628934
  Batch 1395: loss = 3.297604 | LR = 7.857373e-06 | grad_norm = 112.601453
  Batch 1396: loss = 1.008065 | LR = 7.851515e-06 | grad_norm = 99.526167
  Batch 1397: loss = 1.150614 | LR = 7.845659e-06 | grad_norm = 213.599164
  Batch 1398: loss = 0.005171 | LR = 7.839804e-06 | grad_norm = 1.878794
  Batch 1399: loss = 4.198677 | LR = 7.833950e-06 | grad_norm = 158.846002
  Batch 1400: loss = 2.945399 | LR = 7.828098e-06 | grad_norm = 152.309852
  Batch 1401: loss = 0.912786 | LR = 7.822248e-06 | grad_norm = 164.090369
  Batch 1402: loss = 1.392535 | LR = 7.816399e-06 | grad_norm = 92.511328
  Batch 1403: loss = 0.447170 | LR = 7.810551e-06 | grad_norm = 100.741750
  Batch 1404: loss = 1.093111 | LR = 7.804705e-06 | grad_norm = 115.510185
  Batch 1405: loss = 0.514495 | LR = 7.798860e-06 | grad_norm = 84.832775
  Batch 1406: loss = 3.207978 | LR = 7.793017e-06 | grad_norm = 120.193521
  Batch 1407: loss = 2.409541 | LR = 7.787175e-06 | grad_norm = 160.609634
  Batch 1408: loss = 9.517988 | LR = 7.781334e-06 | grad_norm = 282.945137
  Batch 1409: loss = 2.756804 | LR = 7.775495e-06 | grad_norm = 229.986806
  Batch 1410: loss = 0.000505 | LR = 7.769658e-06 | grad_norm = 0.133376
  Batch 1411: loss = 0.010375 | LR = 7.763822e-06 | grad_norm = 3.595634
  Batch 1412: loss = 0.000000 | LR = 7.757988e-06 | grad_norm = 0.000000
  Batch 1413: loss = 1.895590 | LR = 7.752154e-06 | grad_norm = 126.992821
  Batch 1414: loss = 2.431095 | LR = 7.746323e-06 | grad_norm = 135.597822
  Batch 1415: loss = 1.862632 | LR = 7.740493e-06 | grad_norm = 262.508859
  Batch 1416: loss = 3.326791 | LR = 7.734664e-06 | grad_norm = 257.357276
  Batch 1417: loss = 6.259515 | LR = 7.728837e-06 | grad_norm = 240.128308
  Batch 1418: loss = 4.246182 | LR = 7.723011e-06 | grad_norm = 141.830301
  Batch 1419: loss = 3.247017 | LR = 7.717187e-06 | grad_norm = 124.244348
  Batch 1420: loss = 0.000000 | LR = 7.711364e-06 | grad_norm = 0.000051
  Batch 1421: loss = 1.993547 | LR = 7.705543e-06 | grad_norm = 343.439170
  Batch 1422: loss = 0.000000 | LR = 7.699723e-06 | grad_norm = 0.000001
  Batch 1423: loss = 1.439018 | LR = 7.693905e-06 | grad_norm = 172.955808
  Batch 1424: loss = 1.362375 | LR = 7.688088e-06 | grad_norm = 140.326502
  Batch 1425: loss = 6.601276 | LR = 7.682273e-06 | grad_norm = 198.896368
  Batch 1426: loss = 6.614653 | LR = 7.676459e-06 | grad_norm = 175.748316
  Batch 1427: loss = 2.380794 | LR = 7.670647e-06 | grad_norm = 233.521903
  Batch 1428: loss = 2.791677 | LR = 7.664836e-06 | grad_norm = 331.011841
  Batch 1429: loss = 7.568365 | LR = 7.659026e-06 | grad_norm = 229.632634
  Batch 1430: loss = 3.172100 | LR = 7.653219e-06 | grad_norm = 118.192781
  Batch 1431: loss = 6.507644 | LR = 7.647412e-06 | grad_norm = 127.686013
  Batch 1432: loss = 0.000007 | LR = 7.641607e-06 | grad_norm = 0.002590
  Batch 1433: loss = 4.273136 | LR = 7.635804e-06 | grad_norm = 222.141087
  Batch 1434: loss = 5.275603 | LR = 7.630002e-06 | grad_norm = 138.762428
  Batch 1435: loss = 2.117878 | LR = 7.624201e-06 | grad_norm = 329.653523
  Batch 1436: loss = 4.768650 | LR = 7.618402e-06 | grad_norm = 217.501063
  Batch 1437: loss = 3.673349 | LR = 7.612605e-06 | grad_norm = 146.817302
  Batch 1438: loss = 3.228183 | LR = 7.606809e-06 | grad_norm = 136.719471
  Batch 1439: loss = 2.723614 | LR = 7.601014e-06 | grad_norm = 179.518509
  Batch 1440: loss = 0.864328 | LR = 7.595222e-06 | grad_norm = 80.412054
  Batch 1441: loss = 2.948495 | LR = 7.589430e-06 | grad_norm = 190.630349
  Batch 1442: loss = 4.289687 | LR = 7.583640e-06 | grad_norm = 266.016794
  Batch 1443: loss = 7.171996 | LR = 7.577852e-06 | grad_norm = 135.544032
  Batch 1444: loss = 1.209711 | LR = 7.572065e-06 | grad_norm = 159.847742
  Batch 1445: loss = 2.091023 | LR = 7.566279e-06 | grad_norm = 205.375659
  Batch 1446: loss = 5.080977 | LR = 7.560495e-06 | grad_norm = 197.809105
  Batch 1447: loss = 0.075271 | LR = 7.554713e-06 | grad_norm = 15.286306
  Batch 1448: loss = 3.882799 | LR = 7.548932e-06 | grad_norm = 125.279564
  Batch 1449: loss = 3.561317 | LR = 7.543152e-06 | grad_norm = 130.086263
  Batch 1450: loss = 5.445910 | LR = 7.537374e-06 | grad_norm = 223.744066
  Batch 1451: loss = 1.219594 | LR = 7.531598e-06 | grad_norm = 150.225694
  Batch 1452: loss = 3.315575 | LR = 7.525823e-06 | grad_norm = 379.281082
  Batch 1453: loss = 0.000416 | LR = 7.520050e-06 | grad_norm = 0.123078
  Batch 1454: loss = 7.411932 | LR = 7.514278e-06 | grad_norm = 199.069735
  Batch 1455: loss = 3.954830 | LR = 7.508508e-06 | grad_norm = 153.554305
  Batch 1456: loss = 9.112026 | LR = 7.502739e-06 | grad_norm = 350.620260
  Batch 1457: loss = 7.385825 | LR = 7.496971e-06 | grad_norm = 219.411487
  Batch 1458: loss = 2.122293 | LR = 7.491206e-06 | grad_norm = 139.538321
  Batch 1459: loss = 0.977579 | LR = 7.485441e-06 | grad_norm = 101.153965
  Batch 1460: loss = 7.220085 | LR = 7.479678e-06 | grad_norm = 173.053666
  Batch 1461: loss = 3.608263 | LR = 7.473917e-06 | grad_norm = 141.288808
  Batch 1462: loss = 0.150926 | LR = 7.468157e-06 | grad_norm = 26.795628
  Batch 1463: loss = 2.523595 | LR = 7.462399e-06 | grad_norm = 350.793136
  Batch 1464: loss = 0.046898 | LR = 7.456643e-06 | grad_norm = 20.336774
  Batch 1465: loss = 4.456060 | LR = 7.450887e-06 | grad_norm = 280.431633
  Batch 1466: loss = 0.730713 | LR = 7.445134e-06 | grad_norm = 125.890581
  Batch 1467: loss = 0.042987 | LR = 7.439382e-06 | grad_norm = 20.328370
  Batch 1468: loss = 0.021814 | LR = 7.433631e-06 | grad_norm = 8.004208
  Batch 1469: loss = 0.000056 | LR = 7.427882e-06 | grad_norm = 0.018720
  Batch 1470: loss = 2.047368 | LR = 7.422135e-06 | grad_norm = 135.524313
  Batch 1471: loss = 0.000075 | LR = 7.416389e-06 | grad_norm = 0.031632
  Batch 1472: loss = 4.079012 | LR = 7.410644e-06 | grad_norm = 160.617677
  Batch 1473: loss = 8.066717 | LR = 7.404901e-06 | grad_norm = 244.120025
  Batch 1474: loss = 1.244506 | LR = 7.399160e-06 | grad_norm = 87.994374
  Batch 1475: loss = 0.671120 | LR = 7.393420e-06 | grad_norm = 91.770169
  Batch 1476: loss = 0.114879 | LR = 7.387682e-06 | grad_norm = 32.087031
  Batch 1477: loss = 0.632435 | LR = 7.381945e-06 | grad_norm = 94.040725
  Batch 1478: loss = 4.676470 | LR = 7.376210e-06 | grad_norm = 166.777066
  Batch 1479: loss = 7.890377 | LR = 7.370476e-06 | grad_norm = 156.860128
  Batch 1480: loss = 4.301330 | LR = 7.364744e-06 | grad_norm = 133.838606
  Batch 1481: loss = 1.701896 | LR = 7.359013e-06 | grad_norm = 163.311539
  Batch 1482: loss = 1.052370 | LR = 7.353284e-06 | grad_norm = 118.525401
  Batch 1483: loss = 4.037102 | LR = 7.347557e-06 | grad_norm = 144.360304
  Batch 1484: loss = 8.050399 | LR = 7.341831e-06 | grad_norm = 158.309795
  Batch 1485: loss = 6.362050 | LR = 7.336106e-06 | grad_norm = 114.886384
  Batch 1486: loss = 3.462848 | LR = 7.330383e-06 | grad_norm = 127.506085
  Batch 1487: loss = 3.839886 | LR = 7.324662e-06 | grad_norm = 198.841025
  Batch 1488: loss = 5.066724 | LR = 7.318942e-06 | grad_norm = 138.052424
  Batch 1489: loss = 1.761891 | LR = 7.313224e-06 | grad_norm = 187.595182
  Batch 1490: loss = 7.961404 | LR = 7.307507e-06 | grad_norm = 152.043115
  Batch 1491: loss = 4.362726 | LR = 7.301792e-06 | grad_norm = 97.030028
  Batch 1492: loss = 3.895371 | LR = 7.296079e-06 | grad_norm = 140.348854
  Batch 1493: loss = 2.690877 | LR = 7.290367e-06 | grad_norm = 228.978217
  Batch 1494: loss = 2.687235 | LR = 7.284656e-06 | grad_norm = 176.124038
  Batch 1495: loss = 3.291583 | LR = 7.278947e-06 | grad_norm = 156.567444
  Batch 1496: loss = 0.148161 | LR = 7.273240e-06 | grad_norm = 39.817215
  Batch 1497: loss = 2.855067 | LR = 7.267534e-06 | grad_norm = 134.737324
  Batch 1498: loss = 7.132879 | LR = 7.261830e-06 | grad_norm = 198.338774
  Batch 1499: loss = 0.265238 | LR = 7.256127e-06 | grad_norm = 88.315865
  Batch 1500: loss = 1.023861 | LR = 7.250426e-06 | grad_norm = 87.977151
  Batch 1501: loss = 5.373633 | LR = 7.244727e-06 | grad_norm = 133.099138
  Batch 1502: loss = 0.308276 | LR = 7.239029e-06 | grad_norm = 55.043281
  Batch 1503: loss = 0.000000 | LR = 7.233332e-06 | grad_norm = 0.000000
  Batch 1504: loss = 5.766325 | LR = 7.227637e-06 | grad_norm = 410.845123
  Batch 1505: loss = 4.834481 | LR = 7.221944e-06 | grad_norm = 165.986960
  Batch 1506: loss = 4.986890 | LR = 7.216252e-06 | grad_norm = 90.918337
  Batch 1507: loss = 0.000000 | LR = 7.210562e-06 | grad_norm = 0.000011
  Batch 1508: loss = 4.374439 | LR = 7.204874e-06 | grad_norm = 173.975103
  Batch 1509: loss = 2.540534 | LR = 7.199187e-06 | grad_norm = 137.512142
  Batch 1510: loss = 4.057643 | LR = 7.193501e-06 | grad_norm = 173.400822
  Batch 1511: loss = 0.529401 | LR = 7.187817e-06 | grad_norm = 95.831644
  Batch 1512: loss = 0.676615 | LR = 7.182135e-06 | grad_norm = 95.211362
  Batch 1513: loss = 7.738140 | LR = 7.176454e-06 | grad_norm = 140.690602
  Batch 1514: loss = 0.000000 | LR = 7.170775e-06 | grad_norm = 0.000000
  Batch 1515: loss = 8.187299 | LR = 7.165098e-06 | grad_norm = 275.603369
  Batch 1516: loss = 4.568160 | LR = 7.159422e-06 | grad_norm = 114.028215
  Batch 1517: loss = 8.808520 | LR = 7.153748e-06 | grad_norm = 192.920250
  Batch 1518: loss = 2.550771 | LR = 7.148075e-06 | grad_norm = 139.857718
  Batch 1519: loss = 0.001138 | LR = 7.142404e-06 | grad_norm = 0.404679
  Batch 1520: loss = 0.052370 | LR = 7.136734e-06 | grad_norm = 12.443347
  Batch 1521: loss = 5.359927 | LR = 7.131066e-06 | grad_norm = 164.171716
  Batch 1522: loss = 0.283460 | LR = 7.125399e-06 | grad_norm = 43.889358
  Batch 1523: loss = 1.719911 | LR = 7.119735e-06 | grad_norm = 270.145539
  Batch 1524: loss = 0.000014 | LR = 7.114071e-06 | grad_norm = 0.004508
  Batch 1525: loss = 0.447159 | LR = 7.108410e-06 | grad_norm = 77.545418
  Batch 1526: loss = 2.497061 | LR = 7.102750e-06 | grad_norm = 128.901334
  Batch 1527: loss = 0.000091 | LR = 7.097091e-06 | grad_norm = 0.043051
  Batch 1528: loss = 5.901485 | LR = 7.091434e-06 | grad_norm = 116.280161
  Batch 1529: loss = 1.582235 | LR = 7.085779e-06 | grad_norm = 257.396149
  Batch 1530: loss = 0.785103 | LR = 7.080125e-06 | grad_norm = 228.917578
  Batch 1531: loss = 0.754288 | LR = 7.074473e-06 | grad_norm = 124.033262
  Batch 1532: loss = 3.406870 | LR = 7.068822e-06 | grad_norm = 158.335459
  Batch 1533: loss = 0.099185 | LR = 7.063173e-06 | grad_norm = 23.134925
  Batch 1534: loss = 2.701107 | LR = 7.057526e-06 | grad_norm = 183.817763
  Batch 1535: loss = 0.662417 | LR = 7.051880e-06 | grad_norm = 114.983817
  Batch 1536: loss = 3.679324 | LR = 7.046236e-06 | grad_norm = 203.218974
  Batch 1537: loss = 2.667452 | LR = 7.040594e-06 | grad_norm = 213.268179
  Batch 1538: loss = 3.240893 | LR = 7.034953e-06 | grad_norm = 116.254540
  Batch 1539: loss = 0.000000 | LR = 7.029314e-06 | grad_norm = 0.000000
  Batch 1540: loss = 0.094129 | LR = 7.023676e-06 | grad_norm = 23.117811
  Batch 1541: loss = 3.790802 | LR = 7.018040e-06 | grad_norm = 155.240849
  Batch 1542: loss = 1.769324 | LR = 7.012405e-06 | grad_norm = 137.325243
  Batch 1543: loss = 3.959441 | LR = 7.006772e-06 | grad_norm = 173.756874
  Batch 1544: loss = 0.000042 | LR = 7.001141e-06 | grad_norm = 0.016135
  Batch 1545: loss = 4.905165 | LR = 6.995511e-06 | grad_norm = 110.118167
  Batch 1546: loss = 5.316811 | LR = 6.989883e-06 | grad_norm = 105.673654
  Batch 1547: loss = 1.556648 | LR = 6.984257e-06 | grad_norm = 80.363764
  Batch 1548: loss = 0.198795 | LR = 6.978632e-06 | grad_norm = 37.585825
  Batch 1549: loss = 2.886605 | LR = 6.973009e-06 | grad_norm = 189.227627
  Batch 1550: loss = 0.183450 | LR = 6.967387e-06 | grad_norm = 33.027376
  Batch 1551: loss = 0.000000 | LR = 6.961767e-06 | grad_norm = 0.000002
  Batch 1552: loss = 6.746261 | LR = 6.956149e-06 | grad_norm = 154.018562
  Batch 1553: loss = 0.000913 | LR = 6.950532e-06 | grad_norm = 0.337190
  Batch 1554: loss = 7.275273 | LR = 6.944917e-06 | grad_norm = 203.244540
  Batch 1555: loss = 2.678007 | LR = 6.939303e-06 | grad_norm = 207.743281
  Batch 1556: loss = 0.436925 | LR = 6.933691e-06 | grad_norm = 74.900851
  Batch 1557: loss = 0.013533 | LR = 6.928081e-06 | grad_norm = 3.432016
  Batch 1558: loss = 0.796623 | LR = 6.922473e-06 | grad_norm = 120.157651
  Batch 1559: loss = 0.014467 | LR = 6.916866e-06 | grad_norm = 3.104537
  Batch 1560: loss = 3.232752 | LR = 6.911260e-06 | grad_norm = 153.350122
  Batch 1561: loss = 1.974730 | LR = 6.905656e-06 | grad_norm = 235.119018
  Batch 1562: loss = 7.948215 | LR = 6.900054e-06 | grad_norm = 156.951102
  Batch 1563: loss = 2.653727 | LR = 6.894454e-06 | grad_norm = 153.622191
  Batch 1564: loss = 14.673610 | LR = 6.888855e-06 | grad_norm = 366.532430
  Batch 1565: loss = 0.000000 | LR = 6.883258e-06 | grad_norm = 0.000065
  Batch 1566: loss = 6.163345 | LR = 6.877662e-06 | grad_norm = 140.557421
  Batch 1567: loss = 2.576182 | LR = 6.872068e-06 | grad_norm = 144.243647
  Batch 1568: loss = 2.515807 | LR = 6.866476e-06 | grad_norm = 127.029729
  Batch 1569: loss = 3.567921 | LR = 6.860885e-06 | grad_norm = 155.820029
  Batch 1570: loss = 3.565812 | LR = 6.855296e-06 | grad_norm = 228.241115
  Batch 1571: loss = 8.512564 | LR = 6.849708e-06 | grad_norm = 165.584986
  Batch 1572: loss = 5.035995 | LR = 6.844123e-06 | grad_norm = 128.546196
  Batch 1573: loss = 0.024688 | LR = 6.838538e-06 | grad_norm = 11.424682
  Batch 1574: loss = 7.205574 | LR = 6.832956e-06 | grad_norm = 150.936327
  Batch 1575: loss = 0.000000 | LR = 6.827375e-06 | grad_norm = 0.000000
  Batch 1576: loss = 3.841081 | LR = 6.821796e-06 | grad_norm = 131.743236
  Batch 1577: loss = 1.835308 | LR = 6.816218e-06 | grad_norm = 181.884184
  Batch 1578: loss = 4.741997 | LR = 6.810642e-06 | grad_norm = 126.379918
  Batch 1579: loss = 3.376779 | LR = 6.805068e-06 | grad_norm = 180.149412
  Batch 1580: loss = 6.136550 | LR = 6.799495e-06 | grad_norm = 188.049284
  Batch 1581: loss = 2.615602 | LR = 6.793924e-06 | grad_norm = 148.948491
  Batch 1582: loss = 7.614146 | LR = 6.788355e-06 | grad_norm = 130.651639
  Batch 1583: loss = 0.004885 | LR = 6.782787e-06 | grad_norm = 1.796092
  Batch 1584: loss = 7.550687 | LR = 6.777221e-06 | grad_norm = 304.867717
  Batch 1585: loss = 3.944421 | LR = 6.771657e-06 | grad_norm = 185.648518
  Batch 1586: loss = 5.030399 | LR = 6.766094e-06 | grad_norm = 161.690827
  Batch 1587: loss = 3.200592 | LR = 6.760533e-06 | grad_norm = 112.667092
  Batch 1588: loss = 2.125537 | LR = 6.754974e-06 | grad_norm = 102.300061
  Batch 1589: loss = 0.651270 | LR = 6.749416e-06 | grad_norm = 96.377662
  Batch 1590: loss = 2.387819 | LR = 6.743860e-06 | grad_norm = 121.593864
  Batch 1591: loss = 2.156143 | LR = 6.738305e-06 | grad_norm = 120.117883
  Batch 1592: loss = 0.000000 | LR = 6.732752e-06 | grad_norm = 0.000000
  Batch 1593: loss = 0.770212 | LR = 6.727201e-06 | grad_norm = 86.386611
  Batch 1594: loss = 3.366659 | LR = 6.721652e-06 | grad_norm = 188.130514
  Batch 1595: loss = 8.025131 | LR = 6.716104e-06 | grad_norm = 288.907371
  Batch 1596: loss = 0.250279 | LR = 6.710558e-06 | grad_norm = 50.307195
  Batch 1597: loss = 3.146090 | LR = 6.705013e-06 | grad_norm = 133.815198
  Batch 1598: loss = 4.352484 | LR = 6.699470e-06 | grad_norm = 135.066647
  Batch 1599: loss = 0.575465 | LR = 6.693929e-06 | grad_norm = 63.585905
  Batch 1600: loss = 0.521222 | LR = 6.688390e-06 | grad_norm = 67.892092
  Batch 1601: loss = 5.149322 | LR = 6.682852e-06 | grad_norm = 148.445477
  Batch 1602: loss = 5.589695 | LR = 6.677316e-06 | grad_norm = 156.518622
  Batch 1603: loss = 3.148434 | LR = 6.671781e-06 | grad_norm = 159.452068
  Batch 1604: loss = 3.274894 | LR = 6.666249e-06 | grad_norm = 167.776724
  Batch 1605: loss = 4.656430 | LR = 6.660717e-06 | grad_norm = 189.289596
  Batch 1606: loss = 5.341665 | LR = 6.655188e-06 | grad_norm = 138.956980
  Batch 1607: loss = 1.377582 | LR = 6.649660e-06 | grad_norm = 173.718413
  Batch 1608: loss = 1.129427 | LR = 6.644134e-06 | grad_norm = 136.383908
  Batch 1609: loss = 1.343699 | LR = 6.638610e-06 | grad_norm = 169.401198
  Batch 1610: loss = 3.136235 | LR = 6.633087e-06 | grad_norm = 72.357342
  Batch 1611: loss = 4.480044 | LR = 6.627566e-06 | grad_norm = 144.803838
  Batch 1612: loss = 0.000063 | LR = 6.622046e-06 | grad_norm = 0.020827
  Batch 1613: loss = 3.996269 | LR = 6.616529e-06 | grad_norm = 246.725565
  Batch 1614: loss = 7.474571 | LR = 6.611013e-06 | grad_norm = 201.877093
  Batch 1615: loss = 0.868608 | LR = 6.605498e-06 | grad_norm = 119.504386
  Batch 1616: loss = 0.010753 | LR = 6.599986e-06 | grad_norm = 2.673253
  Batch 1617: loss = 4.629533 | LR = 6.594475e-06 | grad_norm = 137.861157
  Batch 1618: loss = 0.000027 | LR = 6.588965e-06 | grad_norm = 0.005723
  Batch 1619: loss = 2.518735 | LR = 6.583458e-06 | grad_norm = 171.276307
  Batch 1620: loss = 3.074498 | LR = 6.577952e-06 | grad_norm = 263.904090
  Batch 1621: loss = 0.969708 | LR = 6.572448e-06 | grad_norm = 95.848151
  Batch 1622: loss = 4.305587 | LR = 6.566945e-06 | grad_norm = 134.266292
  Batch 1623: loss = 3.559372 | LR = 6.561444e-06 | grad_norm = 158.490516
  Batch 1624: loss = 0.006082 | LR = 6.555945e-06 | grad_norm = 1.914487
  Batch 1625: loss = 5.765742 | LR = 6.550447e-06 | grad_norm = 211.315999
  Batch 1626: loss = 3.008693 | LR = 6.544952e-06 | grad_norm = 174.174435
  Batch 1627: loss = 2.442578 | LR = 6.539458e-06 | grad_norm = 126.312841
  Batch 1628: loss = 3.876625 | LR = 6.533965e-06 | grad_norm = 130.494521
  Batch 1629: loss = 7.018455 | LR = 6.528475e-06 | grad_norm = 250.881897
  Batch 1630: loss = 5.702876 | LR = 6.522986e-06 | grad_norm = 87.046957
  Batch 1631: loss = 4.953472 | LR = 6.517498e-06 | grad_norm = 107.944552
  Batch 1632: loss = 3.378214 | LR = 6.512013e-06 | grad_norm = 153.467094
  Batch 1633: loss = 2.494427 | LR = 6.506529e-06 | grad_norm = 119.995929
  Batch 1634: loss = 5.388057 | LR = 6.501047e-06 | grad_norm = 177.268267
  Batch 1635: loss = 1.529230 | LR = 6.495566e-06 | grad_norm = 112.378503
  Batch 1636: loss = 4.773988 | LR = 6.490087e-06 | grad_norm = 161.641393
  Batch 1637: loss = 0.790167 | LR = 6.484610e-06 | grad_norm = 75.367631
  Batch 1638: loss = 3.355533 | LR = 6.479135e-06 | grad_norm = 124.523172
  Batch 1639: loss = 2.008915 | LR = 6.473661e-06 | grad_norm = 236.622985
  Batch 1640: loss = 7.074217 | LR = 6.468189e-06 | grad_norm = 172.818298
  Batch 1641: loss = 0.023244 | LR = 6.462719e-06 | grad_norm = 6.631315
  Batch 1642: loss = 5.219209 | LR = 6.457251e-06 | grad_norm = 266.767783
  Batch 1643: loss = 3.334579 | LR = 6.451784e-06 | grad_norm = 109.585530
  Batch 1644: loss = 1.396731 | LR = 6.446319e-06 | grad_norm = 98.283258
  Batch 1645: loss = 4.133673 | LR = 6.440855e-06 | grad_norm = 173.493782
  Batch 1646: loss = 0.168508 | LR = 6.435394e-06 | grad_norm = 30.341892
  Batch 1647: loss = 4.525892 | LR = 6.429934e-06 | grad_norm = 117.214845
  Batch 1648: loss = 3.224879 | LR = 6.424476e-06 | grad_norm = 64.210754
  Batch 1649: loss = 0.246822 | LR = 6.419019e-06 | grad_norm = 64.177036
  Batch 1650: loss = 0.148931 | LR = 6.413564e-06 | grad_norm = 30.179929
  Batch 1651: loss = 1.547670 | LR = 6.408111e-06 | grad_norm = 119.503701
  Batch 1652: loss = 0.067489 | LR = 6.402660e-06 | grad_norm = 21.859529
  Batch 1653: loss = 7.352489 | LR = 6.397210e-06 | grad_norm = 216.085005
  Batch 1654: loss = 4.129102 | LR = 6.391762e-06 | grad_norm = 96.614200
  Batch 1655: loss = 0.512133 | LR = 6.386316e-06 | grad_norm = 99.919392
  Batch 1656: loss = 4.684333 | LR = 6.380872e-06 | grad_norm = 115.458528
  Batch 1657: loss = 9.093956 | LR = 6.375429e-06 | grad_norm = 216.717483
  Batch 1658: loss = 2.263094 | LR = 6.369988e-06 | grad_norm = 247.974370
  Batch 1659: loss = 7.914964 | LR = 6.364549e-06 | grad_norm = 376.881674
  Batch 1660: loss = 0.296069 | LR = 6.359111e-06 | grad_norm = 40.624247
  Batch 1661: loss = 0.498124 | LR = 6.353675e-06 | grad_norm = 95.466611
  Batch 1662: loss = 2.693889 | LR = 6.348241e-06 | grad_norm = 166.911634
  Batch 1663: loss = 1.616840 | LR = 6.342809e-06 | grad_norm = 149.608171
  Batch 1664: loss = 3.348441 | LR = 6.337378e-06 | grad_norm = 124.024640
  Batch 1665: loss = 1.000943 | LR = 6.331949e-06 | grad_norm = 76.003031
  Batch 1666: loss = 2.889916 | LR = 6.326522e-06 | grad_norm = 285.204780
  Batch 1667: loss = 5.177492 | LR = 6.321097e-06 | grad_norm = 152.798281
  Batch 1668: loss = 1.679481 | LR = 6.315673e-06 | grad_norm = 170.141433
  Batch 1669: loss = 1.115088 | LR = 6.310251e-06 | grad_norm = 324.802024
  Batch 1670: loss = 3.975262 | LR = 6.304831e-06 | grad_norm = 170.261446
  Batch 1671: loss = 7.270195 | LR = 6.299413e-06 | grad_norm = 208.597827
  Batch 1672: loss = 0.817974 | LR = 6.293996e-06 | grad_norm = 88.640669
  Batch 1673: loss = 0.036841 | LR = 6.288581e-06 | grad_norm = 13.720236
  Batch 1674: loss = 1.888535 | LR = 6.283168e-06 | grad_norm = 142.557415
  Batch 1675: loss = 5.220758 | LR = 6.277756e-06 | grad_norm = 153.454809
  Batch 1676: loss = 8.545166 | LR = 6.272346e-06 | grad_norm = 301.373313
  Batch 1677: loss = 2.529535 | LR = 6.266938e-06 | grad_norm = 269.570837
  Batch 1678: loss = 3.493884 | LR = 6.261532e-06 | grad_norm = 262.586598
  Batch 1679: loss = 3.009423 | LR = 6.256128e-06 | grad_norm = 230.094677
  Batch 1680: loss = 1.186965 | LR = 6.250725e-06 | grad_norm = 191.505950
  Batch 1681: loss = 6.379774 | LR = 6.245324e-06 | grad_norm = 115.537509
  Batch 1682: loss = 7.238150 | LR = 6.239925e-06 | grad_norm = 257.098958
  Batch 1683: loss = 0.225948 | LR = 6.234527e-06 | grad_norm = 49.030129
  Batch 1684: loss = 0.732400 | LR = 6.229131e-06 | grad_norm = 61.562941
  Batch 1685: loss = 1.699985 | LR = 6.223737e-06 | grad_norm = 185.134161
  Batch 1686: loss = 0.308010 | LR = 6.218345e-06 | grad_norm = 71.070688
  Batch 1687: loss = 4.931535 | LR = 6.212955e-06 | grad_norm = 179.993305
  Batch 1688: loss = 1.186058 | LR = 6.207566e-06 | grad_norm = 100.282806
  Batch 1689: loss = 2.909960 | LR = 6.202179e-06 | grad_norm = 216.976837
  Batch 1690: loss = 0.352633 | LR = 6.196794e-06 | grad_norm = 45.531768
  Batch 1691: loss = 6.687004 | LR = 6.191410e-06 | grad_norm = 193.096889
  Batch 1692: loss = 0.649843 | LR = 6.186029e-06 | grad_norm = 99.375859
  Batch 1693: loss = 0.081133 | LR = 6.180649e-06 | grad_norm = 20.475960
  Batch 1694: loss = 8.078572 | LR = 6.175271e-06 | grad_norm = 343.330011
  Batch 1695: loss = 0.166316 | LR = 6.169894e-06 | grad_norm = 36.106158
  Batch 1696: loss = 3.553493 | LR = 6.164520e-06 | grad_norm = 227.629925
  Batch 1697: loss = 2.906544 | LR = 6.159147e-06 | grad_norm = 229.908897
  Batch 1698: loss = 3.291754 | LR = 6.153776e-06 | grad_norm = 175.947340
  Batch 1699: loss = 0.691451 | LR = 6.148406e-06 | grad_norm = 83.603799
  Batch 1700: loss = 5.095599 | LR = 6.143039e-06 | grad_norm = 163.818491
  Batch 1701: loss = 0.104713 | LR = 6.137673e-06 | grad_norm = 27.591521
  Batch 1702: loss = 7.085449 | LR = 6.132309e-06 | grad_norm = 166.931780
  Batch 1703: loss = 0.080135 | LR = 6.126947e-06 | grad_norm = 13.813550
  Batch 1704: loss = 4.873069 | LR = 6.121586e-06 | grad_norm = 170.332293
  Batch 1705: loss = 1.601187 | LR = 6.116228e-06 | grad_norm = 274.294279
  Batch 1706: loss = 3.053189 | LR = 6.110871e-06 | grad_norm = 109.861058
  Batch 1707: loss = 0.394331 | LR = 6.105516e-06 | grad_norm = 69.428182
  Batch 1708: loss = 8.958781 | LR = 6.100162e-06 | grad_norm = 164.051286
  Batch 1709: loss = 0.000000 | LR = 6.094811e-06 | grad_norm = 0.000002
  Batch 1710: loss = 0.073968 | LR = 6.089461e-06 | grad_norm = 17.857529
  Batch 1711: loss = 1.049050 | LR = 6.084113e-06 | grad_norm = 185.413966
  Batch 1712: loss = 0.443208 | LR = 6.078767e-06 | grad_norm = 77.074936
  Batch 1713: loss = 1.915684 | LR = 6.073422e-06 | grad_norm = 237.570981
  Batch 1714: loss = 4.569755 | LR = 6.068080e-06 | grad_norm = 206.581056
  Batch 1715: loss = 0.202641 | LR = 6.062739e-06 | grad_norm = 87.194447
  Batch 1716: loss = 1.187323 | LR = 6.057400e-06 | grad_norm = 144.732804
  Batch 1717: loss = 2.433911 | LR = 6.052062e-06 | grad_norm = 183.264253
  Batch 1718: loss = 0.962103 | LR = 6.046727e-06 | grad_norm = 140.488864
  Batch 1719: loss = 4.850080 | LR = 6.041393e-06 | grad_norm = 202.016519
  Batch 1720: loss = 2.832241 | LR = 6.036061e-06 | grad_norm = 244.242403
  Batch 1721: loss = 2.539298 | LR = 6.030731e-06 | grad_norm = 228.191792
  Batch 1722: loss = 3.297100 | LR = 6.025403e-06 | grad_norm = 166.613245
  Batch 1723: loss = 0.443017 | LR = 6.020076e-06 | grad_norm = 67.908552
  Batch 1724: loss = 6.127279 | LR = 6.014751e-06 | grad_norm = 131.625936
  Batch 1725: loss = 5.409766 | LR = 6.009428e-06 | grad_norm = 213.382747
  Batch 1726: loss = 0.102749 | LR = 6.004107e-06 | grad_norm = 23.679810
  Batch 1727: loss = 1.357916 | LR = 5.998788e-06 | grad_norm = 108.100356
  Batch 1728: loss = 3.693476 | LR = 5.993470e-06 | grad_norm = 102.819721
  Batch 1729: loss = 5.338757 | LR = 5.988154e-06 | grad_norm = 187.599492
  Batch 1730: loss = 0.000000 | LR = 5.982840e-06 | grad_norm = 0.000001
  Batch 1731: loss = 0.373111 | LR = 5.977528e-06 | grad_norm = 65.330015
  Batch 1732: loss = 0.279461 | LR = 5.972218e-06 | grad_norm = 80.392785
  Batch 1733: loss = 4.009757 | LR = 5.966909e-06 | grad_norm = 164.483379
  Batch 1734: loss = 7.407319 | LR = 5.961602e-06 | grad_norm = 240.506922
  Batch 1735: loss = 1.180367 | LR = 5.956297e-06 | grad_norm = 177.518736
  Batch 1736: loss = 2.477122 | LR = 5.950994e-06 | grad_norm = 216.291596
  Batch 1737: loss = 4.375795 | LR = 5.945693e-06 | grad_norm = 247.183887
  Batch 1738: loss = 6.401686 | LR = 5.940393e-06 | grad_norm = 305.939269
  Batch 1739: loss = 10.676579 | LR = 5.935096e-06 | grad_norm = 294.700410
  Batch 1740: loss = 3.068906 | LR = 5.929800e-06 | grad_norm = 142.949337
  Batch 1741: loss = 6.781294 | LR = 5.924505e-06 | grad_norm = 149.052808
  Batch 1742: loss = 3.077926 | LR = 5.919213e-06 | grad_norm = 147.203670
  Batch 1743: loss = 3.648518 | LR = 5.913923e-06 | grad_norm = 216.710060
  Batch 1744: loss = 0.014264 | LR = 5.908634e-06 | grad_norm = 3.727978
  Batch 1745: loss = 0.365805 | LR = 5.903347e-06 | grad_norm = 98.437565
  Batch 1746: loss = 0.909725 | LR = 5.898062e-06 | grad_norm = 146.976229
  Batch 1747: loss = 0.992138 | LR = 5.892779e-06 | grad_norm = 109.069688
  Batch 1748: loss = 0.791598 | LR = 5.887497e-06 | grad_norm = 123.513926
  Batch 1749: loss = 0.918653 | LR = 5.882218e-06 | grad_norm = 152.469725
  Batch 1750: loss = 0.000012 | LR = 5.876940e-06 | grad_norm = 0.006228
  Batch 1751: loss = 0.060749 | LR = 5.871664e-06 | grad_norm = 15.067403
  Batch 1752: loss = 5.221606 | LR = 5.866390e-06 | grad_norm = 233.337222
  Batch 1753: loss = 2.846189 | LR = 5.861117e-06 | grad_norm = 138.293026
  Batch 1754: loss = 5.997317 | LR = 5.855847e-06 | grad_norm = 140.222445
  Batch 1755: loss = 1.305888 | LR = 5.850578e-06 | grad_norm = 132.580272
  Batch 1756: loss = 0.000000 | LR = 5.845311e-06 | grad_norm = 0.000000
  Batch 1757: loss = 3.732783 | LR = 5.840046e-06 | grad_norm = 189.711013
  Batch 1758: loss = 6.245081 | LR = 5.834783e-06 | grad_norm = 152.273661
  Batch 1759: loss = 2.167276 | LR = 5.829522e-06 | grad_norm = 136.368278
  Batch 1760: loss = 9.976610 | LR = 5.824262e-06 | grad_norm = 266.219973
  Batch 1761: loss = 1.868447 | LR = 5.819005e-06 | grad_norm = 141.938435
  Batch 1762: loss = 0.000328 | LR = 5.813749e-06 | grad_norm = 0.092650
  Batch 1763: loss = 5.232824 | LR = 5.808495e-06 | grad_norm = 210.473345
  Batch 1764: loss = 0.070285 | LR = 5.803242e-06 | grad_norm = 19.771202
  Batch 1765: loss = 0.299327 | LR = 5.797992e-06 | grad_norm = 90.978776
  Batch 1766: loss = 2.836540 | LR = 5.792743e-06 | grad_norm = 292.585030
  Batch 1767: loss = 2.430023 | LR = 5.787497e-06 | grad_norm = 283.475559
  Batch 1768: loss = 0.330674 | LR = 5.782252e-06 | grad_norm = 68.160875
  Batch 1769: loss = 0.823804 | LR = 5.777009e-06 | grad_norm = 186.174915
  Batch 1770: loss = 2.876914 | LR = 5.771768e-06 | grad_norm = 182.174676
  Batch 1771: loss = 1.901936 | LR = 5.766528e-06 | grad_norm = 206.933882
  Batch 1772: loss = 0.000063 | LR = 5.761291e-06 | grad_norm = 0.021388
  Batch 1773: loss = 6.430735 | LR = 5.756055e-06 | grad_norm = 109.236305
  Batch 1774: loss = 2.884205 | LR = 5.750821e-06 | grad_norm = 125.181008
  Batch 1775: loss = 2.180199 | LR = 5.745589e-06 | grad_norm = 324.283783
  Batch 1776: loss = 0.004115 | LR = 5.740359e-06 | grad_norm = 2.019488
  Batch 1777: loss = 3.524529 | LR = 5.735131e-06 | grad_norm = 131.454956
  Batch 1778: loss = 1.586633 | LR = 5.729904e-06 | grad_norm = 121.653365
  Batch 1779: loss = 2.946437 | LR = 5.724680e-06 | grad_norm = 214.775878
  Batch 1780: loss = 0.426688 | LR = 5.719457e-06 | grad_norm = 94.844223
  Batch 1781: loss = 6.168958 | LR = 5.714236e-06 | grad_norm = 151.055079
  Batch 1782: loss = 4.875298 | LR = 5.709017e-06 | grad_norm = 217.757127
  Batch 1783: loss = 5.047150 | LR = 5.703800e-06 | grad_norm = 241.897741
  Batch 1784: loss = 4.200387 | LR = 5.698584e-06 | grad_norm = 264.155625
  Batch 1785: loss = 0.616533 | LR = 5.693371e-06 | grad_norm = 74.969374
  Batch 1786: loss = 3.166925 | LR = 5.688159e-06 | grad_norm = 128.760490
  Batch 1787: loss = 0.471885 | LR = 5.682950e-06 | grad_norm = 48.024860
  Batch 1788: loss = 3.352875 | LR = 5.677742e-06 | grad_norm = 241.204496
  Batch 1789: loss = 2.029377 | LR = 5.672536e-06 | grad_norm = 152.420797
  Batch 1790: loss = 4.349267 | LR = 5.667331e-06 | grad_norm = 102.574398
  Batch 1791: loss = 0.468807 | LR = 5.662129e-06 | grad_norm = 88.523717
  Batch 1792: loss = 4.008728 | LR = 5.656928e-06 | grad_norm = 137.642368
  Batch 1793: loss = 0.000021 | LR = 5.651730e-06 | grad_norm = 0.008231
  Batch 1794: loss = 8.094260 | LR = 5.646533e-06 | grad_norm = 260.846556
  Batch 1795: loss = 3.023339 | LR = 5.641338e-06 | grad_norm = 123.337052
  Batch 1796: loss = 0.000000 | LR = 5.636145e-06 | grad_norm = 0.000003
  Batch 1797: loss = 0.000000 | LR = 5.630954e-06 | grad_norm = 0.000000
  Batch 1798: loss = 0.062879 | LR = 5.625765e-06 | grad_norm = 19.568290
  Batch 1799: loss = 3.372673 | LR = 5.620577e-06 | grad_norm = 115.532019
  Batch 1800: loss = 4.766884 | LR = 5.615392e-06 | grad_norm = 246.014058
  Batch 1801: loss = 0.401855 | LR = 5.610208e-06 | grad_norm = 58.829597
  Batch 1802: loss = 9.177700 | LR = 5.605026e-06 | grad_norm = 131.810574
  Batch 1803: loss = 0.003379 | LR = 5.599846e-06 | grad_norm = 1.224488
  Batch 1804: loss = 3.369626 | LR = 5.594668e-06 | grad_norm = 128.118457
  Batch 1805: loss = 0.091201 | LR = 5.589492e-06 | grad_norm = 25.700024
  Batch 1806: loss = 5.228831 | LR = 5.584317e-06 | grad_norm = 185.977081
  Batch 1807: loss = 3.366643 | LR = 5.579145e-06 | grad_norm = 178.936719
  Batch 1808: loss = 8.557243 | LR = 5.573974e-06 | grad_norm = 142.675299
  Batch 1809: loss = 1.933022 | LR = 5.568806e-06 | grad_norm = 185.368350
  Batch 1810: loss = 6.098854 | LR = 5.563639e-06 | grad_norm = 197.681569
  Batch 1811: loss = 0.004374 | LR = 5.558474e-06 | grad_norm = 1.140781
  Batch 1812: loss = 2.218716 | LR = 5.553311e-06 | grad_norm = 157.122691
  Batch 1813: loss = 1.817505 | LR = 5.548150e-06 | grad_norm = 104.998064
  Batch 1814: loss = 0.286462 | LR = 5.542990e-06 | grad_norm = 55.902176
  Batch 1815: loss = 3.463891 | LR = 5.537833e-06 | grad_norm = 102.354197
  Batch 1816: loss = 3.480820 | LR = 5.532677e-06 | grad_norm = 169.639428
  Batch 1817: loss = 1.199442 | LR = 5.527524e-06 | grad_norm = 120.441335
  Batch 1818: loss = 8.210518 | LR = 5.522372e-06 | grad_norm = 473.084686
  Batch 1819: loss = 1.637950 | LR = 5.517222e-06 | grad_norm = 363.225482
  Batch 1820: loss = 7.374620 | LR = 5.512074e-06 | grad_norm = 123.887412
  Batch 1821: loss = 3.541166 | LR = 5.506928e-06 | grad_norm = 194.818146
  Batch 1822: loss = 2.873322 | LR = 5.501784e-06 | grad_norm = 180.933607
  Batch 1823: loss = 0.000000 | LR = 5.496641e-06 | grad_norm = 0.000000
  Batch 1824: loss = 0.000526 | LR = 5.491501e-06 | grad_norm = 0.175814
  Batch 1825: loss = 3.548793 | LR = 5.486362e-06 | grad_norm = 176.505692
  Batch 1826: loss = 2.765925 | LR = 5.481226e-06 | grad_norm = 220.839378
  Batch 1827: loss = 1.569253 | LR = 5.476091e-06 | grad_norm = 144.928431
  Batch 1828: loss = 0.207734 | LR = 5.470958e-06 | grad_norm = 41.074732
  Batch 1829: loss = 3.173517 | LR = 5.465827e-06 | grad_norm = 94.390542
  Batch 1830: loss = 6.494220 | LR = 5.460698e-06 | grad_norm = 282.093399
  Batch 1831: loss = 0.278405 | LR = 5.455571e-06 | grad_norm = 109.861215
  Batch 1832: loss = 0.061095 | LR = 5.450445e-06 | grad_norm = 24.061489
  Batch 1833: loss = 6.707434 | LR = 5.445322e-06 | grad_norm = 283.473579
  Batch 1834: loss = 8.131020 | LR = 5.440200e-06 | grad_norm = 462.994714
  Batch 1835: loss = 5.664097 | LR = 5.435081e-06 | grad_norm = 380.871938
  Batch 1836: loss = 0.015588 | LR = 5.429963e-06 | grad_norm = 3.174435
  Batch 1837: loss = 2.473878 | LR = 5.424847e-06 | grad_norm = 226.440542
  Batch 1838: loss = 2.738950 | LR = 5.419734e-06 | grad_norm = 195.824764
  Batch 1839: loss = 2.331887 | LR = 5.414622e-06 | grad_norm = 214.881379
  Batch 1840: loss = 2.126767 | LR = 5.409512e-06 | grad_norm = 154.419420
  Batch 1841: loss = 0.213950 | LR = 5.404403e-06 | grad_norm = 36.896175
  Batch 1842: loss = 0.673523 | LR = 5.399297e-06 | grad_norm = 98.224583
  Batch 1843: loss = 1.293381 | LR = 5.394193e-06 | grad_norm = 152.714709
  Batch 1844: loss = 1.689056 | LR = 5.389090e-06 | grad_norm = 153.343729
  Batch 1845: loss = 2.675454 | LR = 5.383990e-06 | grad_norm = 261.147444
  Batch 1846: loss = 2.620190 | LR = 5.378891e-06 | grad_norm = 202.243945
  Batch 1847: loss = 2.636572 | LR = 5.373795e-06 | grad_norm = 184.182806
  Batch 1848: loss = 1.867445 | LR = 5.368700e-06 | grad_norm = 120.193447
  Batch 1849: loss = 0.000000 | LR = 5.363607e-06 | grad_norm = 0.000000
  Batch 1850: loss = 0.307270 | LR = 5.358516e-06 | grad_norm = 82.346617
  Batch 1851: loss = 4.460733 | LR = 5.353427e-06 | grad_norm = 150.608993
  Batch 1852: loss = 1.996929 | LR = 5.348340e-06 | grad_norm = 186.741246
  Batch 1853: loss = 4.421638 | LR = 5.343255e-06 | grad_norm = 145.664914
  Batch 1854: loss = 1.197466 | LR = 5.338171e-06 | grad_norm = 138.721523
  Batch 1855: loss = 1.139349 | LR = 5.333090e-06 | grad_norm = 161.836024
  Batch 1856: loss = 0.044595 | LR = 5.328011e-06 | grad_norm = 23.891569
  Batch 1857: loss = 0.000121 | LR = 5.322933e-06 | grad_norm = 0.039847
  Batch 1858: loss = 0.006444 | LR = 5.317858e-06 | grad_norm = 1.939145
  Batch 1859: loss = 2.316494 | LR = 5.312784e-06 | grad_norm = 159.807712
  Batch 1860: loss = 2.269802 | LR = 5.307712e-06 | grad_norm = 158.921948
  Batch 1861: loss = 6.153653 | LR = 5.302642e-06 | grad_norm = 493.651250
  Batch 1862: loss = 0.047455 | LR = 5.297575e-06 | grad_norm = 12.634934
  Batch 1863: loss = 0.520362 | LR = 5.292509e-06 | grad_norm = 73.995406
  Batch 1864: loss = 3.161731 | LR = 5.287445e-06 | grad_norm = 111.576267
  Batch 1865: loss = 4.325675 | LR = 5.282382e-06 | grad_norm = 149.025771
  Batch 1866: loss = 6.268253 | LR = 5.277322e-06 | grad_norm = 336.345147
  Batch 1867: loss = 1.628479 | LR = 5.272264e-06 | grad_norm = 161.842962
  Batch 1868: loss = 3.278340 | LR = 5.267208e-06 | grad_norm = 149.460633
  Batch 1869: loss = 9.330753 | LR = 5.262153e-06 | grad_norm = 403.029585
  Batch 1870: loss = 3.864515 | LR = 5.257101e-06 | grad_norm = 163.394461
  Batch 1871: loss = 11.107346 | LR = 5.252051e-06 | grad_norm = 325.579889
  Batch 1872: loss = 2.775640 | LR = 5.247002e-06 | grad_norm = 145.693701
  Batch 1873: loss = 1.284036 | LR = 5.241955e-06 | grad_norm = 196.965153
  Batch 1874: loss = 4.166470 | LR = 5.236911e-06 | grad_norm = 219.106606
  Batch 1875: loss = 3.276276 | LR = 5.231868e-06 | grad_norm = 171.720315
  Batch 1876: loss = 0.059146 | LR = 5.226827e-06 | grad_norm = 14.651121
  Batch 1877: loss = 4.182187 | LR = 5.221788e-06 | grad_norm = 183.065665
  Batch 1878: loss = 1.721575 | LR = 5.216752e-06 | grad_norm = 150.137884
  Batch 1879: loss = 7.211533 | LR = 5.211717e-06 | grad_norm = 293.831581
  Batch 1880: loss = 2.564853 | LR = 5.206684e-06 | grad_norm = 138.323476
  Batch 1881: loss = 6.822523 | LR = 5.201652e-06 | grad_norm = 162.349404
  Batch 1882: loss = 2.566807 | LR = 5.196623e-06 | grad_norm = 223.332594
  Batch 1883: loss = 2.598480 | LR = 5.191596e-06 | grad_norm = 129.726396
  Batch 1884: loss = 2.307460 | LR = 5.186571e-06 | grad_norm = 174.617602
  Batch 1885: loss = 1.822353 | LR = 5.181548e-06 | grad_norm = 198.687544
  Batch 1886: loss = 5.237421 | LR = 5.176526e-06 | grad_norm = 255.757244
  Batch 1887: loss = 0.009010 | LR = 5.171507e-06 | grad_norm = 2.607541
  Batch 1888: loss = 0.000001 | LR = 5.166490e-06 | grad_norm = 0.000272
  Batch 1889: loss = 0.000011 | LR = 5.161474e-06 | grad_norm = 0.004519
  Batch 1890: loss = 3.290227 | LR = 5.156461e-06 | grad_norm = 189.537078
  Batch 1891: loss = 2.747097 | LR = 5.151449e-06 | grad_norm = 192.770387
  Batch 1892: loss = 0.048628 | LR = 5.146439e-06 | grad_norm = 17.919902
  Batch 1893: loss = 1.001496 | LR = 5.141432e-06 | grad_norm = 88.776532
  Batch 1894: loss = 2.634927 | LR = 5.136426e-06 | grad_norm = 248.172190
  Batch 1895: loss = 5.208150 | LR = 5.131422e-06 | grad_norm = 206.329939
  Batch 1896: loss = 1.174865 | LR = 5.126421e-06 | grad_norm = 115.828332
  Batch 1897: loss = 0.002182 | LR = 5.121421e-06 | grad_norm = 0.569263
  Batch 1898: loss = 0.324530 | LR = 5.116423e-06 | grad_norm = 64.480283
  Batch 1899: loss = 3.612307 | LR = 5.111427e-06 | grad_norm = 196.085925
  Batch 1900: loss = 2.460176 | LR = 5.106433e-06 | grad_norm = 118.591534
  Batch 1901: loss = 2.056713 | LR = 5.101441e-06 | grad_norm = 214.243256
  Batch 1902: loss = 9.387435 | LR = 5.096451e-06 | grad_norm = 257.469408
  Batch 1903: loss = 4.118229 | LR = 5.091463e-06 | grad_norm = 180.953889
  Batch 1904: loss = 4.234183 | LR = 5.086477e-06 | grad_norm = 280.001733
  Batch 1905: loss = 1.578305 | LR = 5.081493e-06 | grad_norm = 135.786655
  Batch 1906: loss = 0.620749 | LR = 5.076511e-06 | grad_norm = 121.877100
  Batch 1907: loss = 3.168231 | LR = 5.071531e-06 | grad_norm = 198.089225
  Batch 1908: loss = 2.364102 | LR = 5.066552e-06 | grad_norm = 128.897841
  Batch 1909: loss = 0.004604 | LR = 5.061576e-06 | grad_norm = 1.311291
  Batch 1910: loss = 5.737057 | LR = 5.056602e-06 | grad_norm = 106.283843
  Batch 1911: loss = 7.117267 | LR = 5.051630e-06 | grad_norm = 153.648539
  Batch 1912: loss = 0.505737 | LR = 5.046659e-06 | grad_norm = 101.696805
  Batch 1913: loss = 0.827820 | LR = 5.041691e-06 | grad_norm = 120.736704
  Batch 1914: loss = 1.748189 | LR = 5.036725e-06 | grad_norm = 115.925687
  Batch 1915: loss = 4.528724 | LR = 5.031760e-06 | grad_norm = 175.886284
  Batch 1916: loss = 2.832111 | LR = 5.026798e-06 | grad_norm = 168.348059
  Batch 1917: loss = 6.403327 | LR = 5.021838e-06 | grad_norm = 242.217453
  Batch 1918: loss = 1.539437 | LR = 5.016879e-06 | grad_norm = 97.238399
  Batch 1919: loss = 5.466362 | LR = 5.011923e-06 | grad_norm = 193.429692
  Batch 1920: loss = 7.661008 | LR = 5.006968e-06 | grad_norm = 379.962418
  Batch 1921: loss = 0.666085 | LR = 5.002016e-06 | grad_norm = 140.750106
  Batch 1922: loss = 3.552999 | LR = 4.997065e-06 | grad_norm = 121.559041
  Batch 1923: loss = 1.694425 | LR = 4.992117e-06 | grad_norm = 107.452853
  Batch 1924: loss = 0.439323 | LR = 4.987170e-06 | grad_norm = 67.422380
  Batch 1925: loss = 0.000385 | LR = 4.982226e-06 | grad_norm = 0.130024
  Batch 1926: loss = 1.730938 | LR = 4.977283e-06 | grad_norm = 104.679039
  Batch 1927: loss = 3.415440 | LR = 4.972343e-06 | grad_norm = 167.684299
  Batch 1928: loss = 4.129030 | LR = 4.967404e-06 | grad_norm = 191.388395
  Batch 1929: loss = 4.321874 | LR = 4.962467e-06 | grad_norm = 127.124827
  Batch 1930: loss = 3.881030 | LR = 4.957533e-06 | grad_norm = 272.612527
  Batch 1931: loss = 0.910221 | LR = 4.952600e-06 | grad_norm = 120.475900
  Batch 1932: loss = 0.011413 | LR = 4.947670e-06 | grad_norm = 3.114406
  Batch 1933: loss = 0.038835 | LR = 4.942741e-06 | grad_norm = 9.662551
  Batch 1934: loss = 2.601744 | LR = 4.937814e-06 | grad_norm = 162.949932
  Batch 1935: loss = 0.000000 | LR = 4.932890e-06 | grad_norm = 0.000114
  Batch 1936: loss = 0.006481 | LR = 4.927967e-06 | grad_norm = 1.536824
  Batch 1937: loss = 0.694632 | LR = 4.923046e-06 | grad_norm = 159.646541
  Batch 1938: loss = 0.000468 | LR = 4.918128e-06 | grad_norm = 0.188906
  Batch 1939: loss = 0.987551 | LR = 4.913211e-06 | grad_norm = 151.870269
  Batch 1940: loss = 3.246458 | LR = 4.908297e-06 | grad_norm = 158.166195
  Batch 1941: loss = 2.664977 | LR = 4.903384e-06 | grad_norm = 238.900350
  Batch 1942: loss = 0.000000 | LR = 4.898473e-06 | grad_norm = 0.000000
  Batch 1943: loss = 2.746195 | LR = 4.893565e-06 | grad_norm = 336.753797
  Batch 1944: loss = 2.011796 | LR = 4.888658e-06 | grad_norm = 151.442624
  Batch 1945: loss = 4.772586 | LR = 4.883753e-06 | grad_norm = 259.174415
  Batch 1946: loss = 3.878109 | LR = 4.878851e-06 | grad_norm = 126.443028
  Batch 1947: loss = 0.000032 | LR = 4.873950e-06 | grad_norm = 0.016094
  Batch 1948: loss = 2.286558 | LR = 4.869052e-06 | grad_norm = 147.933853
  Batch 1949: loss = 4.870960 | LR = 4.864155e-06 | grad_norm = 142.576572
  Batch 1950: loss = 5.126361 | LR = 4.859260e-06 | grad_norm = 179.109574
  Batch 1951: loss = 6.062530 | LR = 4.854368e-06 | grad_norm = 119.305707
  Batch 1952: loss = 0.000000 | LR = 4.849477e-06 | grad_norm = 0.000006
  Batch 1953: loss = 4.519509 | LR = 4.844589e-06 | grad_norm = 261.264297
  Batch 1954: loss = 9.389438 | LR = 4.839702e-06 | grad_norm = 164.482009
  Batch 1955: loss = 1.880689 | LR = 4.834818e-06 | grad_norm = 102.554469
  Batch 1956: loss = 0.161405 | LR = 4.829935e-06 | grad_norm = 67.054205
  Batch 1957: loss = 1.356822 | LR = 4.825055e-06 | grad_norm = 221.691653
  Batch 1958: loss = 3.342524 | LR = 4.820176e-06 | grad_norm = 246.140552
  Batch 1959: loss = 4.516866 | LR = 4.815300e-06 | grad_norm = 157.646383
  Batch 1960: loss = 0.338971 | LR = 4.810425e-06 | grad_norm = 130.924233
  Batch 1961: loss = 1.318790 | LR = 4.805553e-06 | grad_norm = 159.328624
  Batch 1962: loss = 0.555117 | LR = 4.800683e-06 | grad_norm = 87.435388
  Batch 1963: loss = 1.465923 | LR = 4.795814e-06 | grad_norm = 166.378156
  Batch 1964: loss = 5.272539 | LR = 4.790948e-06 | grad_norm = 177.434578
  Batch 1965: loss = 0.304479 | LR = 4.786083e-06 | grad_norm = 48.100360
  Batch 1966: loss = 3.901173 | LR = 4.781221e-06 | grad_norm = 157.871146
  Batch 1967: loss = 0.000006 | LR = 4.776361e-06 | grad_norm = 0.002291
  Batch 1968: loss = 0.009427 | LR = 4.771503e-06 | grad_norm = 2.923268
  Batch 1969: loss = 0.001406 | LR = 4.766646e-06 | grad_norm = 0.567582
  Batch 1970: loss = 0.002918 | LR = 4.761792e-06 | grad_norm = 1.165710
  Batch 1971: loss = 1.363001 | LR = 4.756940e-06 | grad_norm = 140.027860
  Batch 1972: loss = 6.400809 | LR = 4.752090e-06 | grad_norm = 222.393997
  Batch 1973: loss = 5.138380 | LR = 4.747242e-06 | grad_norm = 174.709094
  Batch 1974: loss = 1.954172 | LR = 4.742396e-06 | grad_norm = 170.939159
  Batch 1975: loss = 2.259484 | LR = 4.737552e-06 | grad_norm = 158.432482
  Batch 1976: loss = 3.458313 | LR = 4.732710e-06 | grad_norm = 162.802367
  Batch 1977: loss = 0.031061 | LR = 4.727870e-06 | grad_norm = 8.566687
  Batch 1978: loss = 1.185332 | LR = 4.723032e-06 | grad_norm = 111.784363
  Batch 1979: loss = 9.935966 | LR = 4.718196e-06 | grad_norm = 363.857031
  Batch 1980: loss = 0.000003 | LR = 4.713362e-06 | grad_norm = 0.001226
  Batch 1981: loss = 0.985970 | LR = 4.708530e-06 | grad_norm = 132.477218
  Batch 1982: loss = 3.183657 | LR = 4.703700e-06 | grad_norm = 471.891828
  Batch 1983: loss = 6.687350 | LR = 4.698873e-06 | grad_norm = 387.977339
  Batch 1984: loss = 0.000002 | LR = 4.694047e-06 | grad_norm = 0.001205
  Batch 1985: loss = 0.761756 | LR = 4.689223e-06 | grad_norm = 136.713180
  Batch 1986: loss = 3.941073 | LR = 4.684402e-06 | grad_norm = 239.062772
  Batch 1987: loss = 8.506954 | LR = 4.679582e-06 | grad_norm = 232.265707
  Batch 1988: loss = 9.325283 | LR = 4.674764e-06 | grad_norm = 242.783164
  Batch 1989: loss = 1.301303 | LR = 4.669949e-06 | grad_norm = 119.669538
  Batch 1990: loss = 4.661480 | LR = 4.665135e-06 | grad_norm = 155.016248
  Batch 1991: loss = 8.713238 | LR = 4.660324e-06 | grad_norm = 416.748005
  Batch 1992: loss = 1.871125 | LR = 4.655515e-06 | grad_norm = 147.560004
  Batch 1993: loss = 0.223836 | LR = 4.650707e-06 | grad_norm = 64.430967
  Batch 1994: loss = 3.272746 | LR = 4.645902e-06 | grad_norm = 298.821220
  Batch 1995: loss = 1.246098 | LR = 4.641099e-06 | grad_norm = 171.765876
  Batch 1996: loss = 0.049962 | LR = 4.636298e-06 | grad_norm = 12.861331
  Batch 1997: loss = 0.965348 | LR = 4.631499e-06 | grad_norm = 217.358820
  Batch 1998: loss = 1.577039 | LR = 4.626701e-06 | grad_norm = 179.138704
  Batch 1999: loss = 0.471971 | LR = 4.621906e-06 | grad_norm = 81.465820
  Batch 2000: loss = 0.675587 | LR = 4.617114e-06 | grad_norm = 117.341050
  Batch 2001: loss = 5.344993 | LR = 4.612323e-06 | grad_norm = 239.103463
  Batch 2002: loss = 4.408681 | LR = 4.607534e-06 | grad_norm = 146.335522
  Batch 2003: loss = 3.604321 | LR = 4.602747e-06 | grad_norm = 172.785146
  Batch 2004: loss = 3.773989 | LR = 4.597962e-06 | grad_norm = 243.297335
  Batch 2005: loss = 5.823627 | LR = 4.593180e-06 | grad_norm = 169.679214
  Batch 2006: loss = 0.000048 | LR = 4.588399e-06 | grad_norm = 0.019495
  Batch 2007: loss = 0.239164 | LR = 4.583620e-06 | grad_norm = 92.146861
  Batch 2008: loss = 0.000067 | LR = 4.578844e-06 | grad_norm = 0.024232
  Batch 2009: loss = 0.200460 | LR = 4.574070e-06 | grad_norm = 39.343604
  Batch 2010: loss = 5.572000 | LR = 4.569297e-06 | grad_norm = 132.320215
  Batch 2011: loss = 4.754580 | LR = 4.564527e-06 | grad_norm = 178.010433
  Batch 2012: loss = 0.292277 | LR = 4.559759e-06 | grad_norm = 71.375257
  Batch 2013: loss = 0.309089 | LR = 4.554993e-06 | grad_norm = 54.516278
  Batch 2014: loss = 5.881801 | LR = 4.550228e-06 | grad_norm = 234.169434
  Batch 2015: loss = 0.406234 | LR = 4.545466e-06 | grad_norm = 87.009911
  Batch 2016: loss = 1.884297 | LR = 4.540706e-06 | grad_norm = 210.407612
  Batch 2017: loss = 0.000401 | LR = 4.535949e-06 | grad_norm = 0.117260
  Batch 2018: loss = 3.465001 | LR = 4.531193e-06 | grad_norm = 147.202984
  Batch 2019: loss = 2.400439 | LR = 4.526439e-06 | grad_norm = 230.038434
  Batch 2020: loss = 3.437057 | LR = 4.521687e-06 | grad_norm = 137.097155
  Batch 2021: loss = 0.000005 | LR = 4.516938e-06 | grad_norm = 0.002463
  Batch 2022: loss = 2.929222 | LR = 4.512190e-06 | grad_norm = 152.201427
  Batch 2023: loss = 1.962258 | LR = 4.507445e-06 | grad_norm = 86.109306
  Batch 2024: loss = 5.498149 | LR = 4.502701e-06 | grad_norm = 139.605644
  Batch 2025: loss = 0.335583 | LR = 4.497960e-06 | grad_norm = 76.634454
  Batch 2026: loss = 0.317663 | LR = 4.493221e-06 | grad_norm = 71.304275
  Batch 2027: loss = 0.016854 | LR = 4.488484e-06 | grad_norm = 3.699204
  Batch 2028: loss = 3.817210 | LR = 4.483749e-06 | grad_norm = 168.830270
  Batch 2029: loss = 0.538831 | LR = 4.479016e-06 | grad_norm = 96.238871
  Batch 2030: loss = 8.043404 | LR = 4.474285e-06 | grad_norm = 281.030795
  Batch 2031: loss = 3.931180 | LR = 4.469556e-06 | grad_norm = 156.885347
  Batch 2032: loss = 3.233136 | LR = 4.464829e-06 | grad_norm = 303.846959
  Batch 2033: loss = 2.666270 | LR = 4.460105e-06 | grad_norm = 174.367404
  Batch 2034: loss = 1.765815 | LR = 4.455382e-06 | grad_norm = 149.715970
  Batch 2035: loss = 0.001203 | LR = 4.450662e-06 | grad_norm = 0.589074
  Batch 2036: loss = 0.000230 | LR = 4.445943e-06 | grad_norm = 0.117407
  Batch 2037: loss = 1.964596 | LR = 4.441227e-06 | grad_norm = 186.874562
  Batch 2038: loss = 0.000064 | LR = 4.436513e-06 | grad_norm = 0.028150
  Batch 2039: loss = 0.365375 | LR = 4.431801e-06 | grad_norm = 68.895625
  Batch 2040: loss = 4.142839 | LR = 4.427091e-06 | grad_norm = 158.118559
  Batch 2041: loss = 0.456158 | LR = 4.422383e-06 | grad_norm = 153.343711
  Batch 2042: loss = 0.069239 | LR = 4.417677e-06 | grad_norm = 14.681560
  Batch 2043: loss = 4.987425 | LR = 4.412973e-06 | grad_norm = 253.023496
  Batch 2044: loss = 2.648389 | LR = 4.408271e-06 | grad_norm = 231.138152
  Batch 2045: loss = 4.201900 | LR = 4.403572e-06 | grad_norm = 187.277818
  Batch 2046: loss = 0.000004 | LR = 4.398874e-06 | grad_norm = 0.002185
  Batch 2047: loss = 3.913442 | LR = 4.394179e-06 | grad_norm = 286.992547
  Batch 2048: loss = 6.633354 | LR = 4.389486e-06 | grad_norm = 220.975797
  Batch 2049: loss = 2.653699 | LR = 4.384794e-06 | grad_norm = 142.645981
  Batch 2050: loss = 1.338360 | LR = 4.380105e-06 | grad_norm = 125.337244
  Batch 2051: loss = 2.378759 | LR = 4.375418e-06 | grad_norm = 159.331667
  Batch 2052: loss = 0.000108 | LR = 4.370734e-06 | grad_norm = 0.029146
  Batch 2053: loss = 6.616180 | LR = 4.366051e-06 | grad_norm = 179.647656
  Batch 2054: loss = 4.985351 | LR = 4.361370e-06 | grad_norm = 132.014513
  Batch 2055: loss = 0.000959 | LR = 4.356691e-06 | grad_norm = 0.409328
  Batch 2056: loss = 2.033356 | LR = 4.352015e-06 | grad_norm = 141.172988
  Batch 2057: loss = 2.051187 | LR = 4.347341e-06 | grad_norm = 179.097964
  Batch 2058: loss = 2.523244 | LR = 4.342668e-06 | grad_norm = 227.413262
  Batch 2059: loss = 7.540911 | LR = 4.337998e-06 | grad_norm = 270.632091
  Batch 2060: loss = 5.003260 | LR = 4.333330e-06 | grad_norm = 112.942437
  Batch 2061: loss = 1.521271 | LR = 4.328664e-06 | grad_norm = 112.427241
  Batch 2062: loss = 6.051023 | LR = 4.324000e-06 | grad_norm = 118.641253
  Batch 2063: loss = 2.703404 | LR = 4.319339e-06 | grad_norm = 141.682110
  Batch 2064: loss = 4.872708 | LR = 4.314679e-06 | grad_norm = 164.876707
  Batch 2065: loss = 0.821595 | LR = 4.310022e-06 | grad_norm = 102.606633
  Batch 2066: loss = 7.086476 | LR = 4.305366e-06 | grad_norm = 203.503138
  Batch 2067: loss = 3.861050 | LR = 4.300713e-06 | grad_norm = 221.773869
  Batch 2068: loss = 2.105312 | LR = 4.296062e-06 | grad_norm = 93.049869
  Batch 2069: loss = 0.000000 | LR = 4.291413e-06 | grad_norm = 0.000000
  Batch 2070: loss = 0.494120 | LR = 4.286766e-06 | grad_norm = 78.925592
  Batch 2071: loss = 0.001896 | LR = 4.282121e-06 | grad_norm = 0.573530
  Batch 2072: loss = 1.732113 | LR = 4.277478e-06 | grad_norm = 242.087363
  Batch 2073: loss = 2.290458 | LR = 4.272838e-06 | grad_norm = 197.996038
  Batch 2074: loss = 5.138236 | LR = 4.268199e-06 | grad_norm = 206.236657
  Batch 2075: loss = 5.329659 | LR = 4.263563e-06 | grad_norm = 224.657892
  Batch 2076: loss = 0.031168 | LR = 4.258929e-06 | grad_norm = 6.168410
  Batch 2077: loss = 2.272976 | LR = 4.254297e-06 | grad_norm = 199.221892
  Batch 2078: loss = 0.005851 | LR = 4.249667e-06 | grad_norm = 1.097059
  Batch 2079: loss = 1.565631 | LR = 4.245039e-06 | grad_norm = 226.379845
  Batch 2080: loss = 0.696902 | LR = 4.240413e-06 | grad_norm = 108.637364
  Batch 2081: loss = 0.671111 | LR = 4.235790e-06 | grad_norm = 89.774165
  Batch 2082: loss = 0.025215 | LR = 4.231168e-06 | grad_norm = 5.462328
  Batch 2083: loss = 2.280254 | LR = 4.226549e-06 | grad_norm = 172.876704
  Batch 2084: loss = 0.224367 | LR = 4.221932e-06 | grad_norm = 47.599494
  Batch 2085: loss = 7.223696 | LR = 4.217317e-06 | grad_norm = 302.112092
  Batch 2086: loss = 3.447580 | LR = 4.212704e-06 | grad_norm = 163.660312
  Batch 2087: loss = 5.418509 | LR = 4.208093e-06 | grad_norm = 133.684589
  Batch 2088: loss = 2.198944 | LR = 4.203484e-06 | grad_norm = 292.822964
  Batch 2089: loss = 1.115245 | LR = 4.198878e-06 | grad_norm = 143.182235
  Batch 2090: loss = 5.663900 | LR = 4.194273e-06 | grad_norm = 149.979642
  Batch 2091: loss = 0.169411 | LR = 4.189671e-06 | grad_norm = 32.858197
  Batch 2092: loss = 2.208228 | LR = 4.185071e-06 | grad_norm = 153.746577
  Batch 2093: loss = 0.002499 | LR = 4.180473e-06 | grad_norm = 0.833946
  Batch 2094: loss = 2.774584 | LR = 4.175877e-06 | grad_norm = 206.758980
  Batch 2095: loss = 1.694430 | LR = 4.171283e-06 | grad_norm = 189.480382
  Batch 2096: loss = 1.525462 | LR = 4.166692e-06 | grad_norm = 173.224564
  Batch 2097: loss = 5.802041 | LR = 4.162102e-06 | grad_norm = 124.396511
  Batch 2098: loss = 0.000000 | LR = 4.157515e-06 | grad_norm = 0.000025
  Batch 2099: loss = 2.219939 | LR = 4.152930e-06 | grad_norm = 204.771519
  Batch 2100: loss = 1.812056 | LR = 4.148347e-06 | grad_norm = 221.600099
  Batch 2101: loss = 2.442256 | LR = 4.143766e-06 | grad_norm = 190.548620
  Batch 2102: loss = 0.000000 | LR = 4.139187e-06 | grad_norm = 0.000000
  Batch 2103: loss = 0.511944 | LR = 4.134610e-06 | grad_norm = 86.569016
  Batch 2104: loss = 0.094570 | LR = 4.130036e-06 | grad_norm = 23.995483
  Batch 2105: loss = 0.861046 | LR = 4.125464e-06 | grad_norm = 122.527513
  Batch 2106: loss = 5.385632 | LR = 4.120894e-06 | grad_norm = 135.822561
  Batch 2107: loss = 2.472154 | LR = 4.116326e-06 | grad_norm = 145.774513
  Batch 2108: loss = 0.768122 | LR = 4.111760e-06 | grad_norm = 131.466987
  Batch 2109: loss = 5.433806 | LR = 4.107196e-06 | grad_norm = 204.228713
  Batch 2110: loss = 1.594154 | LR = 4.102634e-06 | grad_norm = 142.896312
  Batch 2111: loss = 0.000000 | LR = 4.098075e-06 | grad_norm = 0.000188
  Batch 2112: loss = 5.843708 | LR = 4.093518e-06 | grad_norm = 118.866968
  Batch 2113: loss = 4.401339 | LR = 4.088963e-06 | grad_norm = 308.111237
  Batch 2114: loss = 2.928993 | LR = 4.084410e-06 | grad_norm = 122.301654
  Batch 2115: loss = 0.189354 | LR = 4.079859e-06 | grad_norm = 46.372831
  Batch 2116: loss = 0.585642 | LR = 4.075310e-06 | grad_norm = 140.990327
  Batch 2117: loss = 0.307837 | LR = 4.070764e-06 | grad_norm = 61.358024
  Batch 2118: loss = 3.268452 | LR = 4.066219e-06 | grad_norm = 149.429125
  Batch 2119: loss = 0.000318 | LR = 4.061677e-06 | grad_norm = 0.106353
  Batch 2120: loss = 0.513290 | LR = 4.057137e-06 | grad_norm = 95.009822
  Batch 2121: loss = 0.000003 | LR = 4.052599e-06 | grad_norm = 0.001504
  Batch 2122: loss = 5.116234 | LR = 4.048064e-06 | grad_norm = 203.620352
  Batch 2123: loss = 2.391535 | LR = 4.043530e-06 | grad_norm = 262.451663
  Batch 2124: loss = 5.597617 | LR = 4.038999e-06 | grad_norm = 134.951810
  Batch 2125: loss = 0.001278 | LR = 4.034470e-06 | grad_norm = 0.466006
  Batch 2126: loss = 0.002095 | LR = 4.029943e-06 | grad_norm = 0.948515
  Batch 2127: loss = 0.000000 | LR = 4.025418e-06 | grad_norm = 0.000000
  Batch 2128: loss = 3.307189 | LR = 4.020895e-06 | grad_norm = 165.489829
  Batch 2129: loss = 2.529860 | LR = 4.016375e-06 | grad_norm = 177.314695
  Batch 2130: loss = 3.446388 | LR = 4.011856e-06 | grad_norm = 97.647195
  Batch 2131: loss = 0.190245 | LR = 4.007340e-06 | grad_norm = 44.382620
  Batch 2132: loss = 1.708830 | LR = 4.002826e-06 | grad_norm = 173.491942
  Batch 2133: loss = 0.000000 | LR = 3.998314e-06 | grad_norm = 0.000064
  Batch 2134: loss = 6.260108 | LR = 3.993804e-06 | grad_norm = 221.566876
  Batch 2135: loss = 7.067876 | LR = 3.989297e-06 | grad_norm = 173.088548
  Batch 2136: loss = 3.747206 | LR = 3.984792e-06 | grad_norm = 112.632997
  Batch 2137: loss = 0.050400 | LR = 3.980288e-06 | grad_norm = 18.038726
  Batch 2138: loss = 4.412603 | LR = 3.975787e-06 | grad_norm = 367.647396
  Batch 2139: loss = 4.121571 | LR = 3.971289e-06 | grad_norm = 244.568424
  Batch 2140: loss = 2.472824 | LR = 3.966792e-06 | grad_norm = 106.569139
  Batch 2141: loss = 1.323165 | LR = 3.962298e-06 | grad_norm = 149.418414
  Batch 2142: loss = 4.663102 | LR = 3.957805e-06 | grad_norm = 236.466684
  Batch 2143: loss = 1.839143 | LR = 3.953315e-06 | grad_norm = 257.102515
  Batch 2144: loss = 4.213695 | LR = 3.948827e-06 | grad_norm = 162.268378
  Batch 2145: loss = 0.119857 | LR = 3.944341e-06 | grad_norm = 35.451309
  Batch 2146: loss = 0.158173 | LR = 3.939858e-06 | grad_norm = 28.545901
  Batch 2147: loss = 2.067796 | LR = 3.935377e-06 | grad_norm = 117.037750
  Batch 2148: loss = 0.000303 | LR = 3.930897e-06 | grad_norm = 0.100230
  Batch 2149: loss = 2.801774 | LR = 3.926420e-06 | grad_norm = 154.852286
  Batch 2150: loss = 6.238988 | LR = 3.921945e-06 | grad_norm = 157.971720
  Batch 2151: loss = 2.974219 | LR = 3.917473e-06 | grad_norm = 209.429765
  Batch 2152: loss = 0.432191 | LR = 3.913002e-06 | grad_norm = 77.767324
  Batch 2153: loss = 0.719764 | LR = 3.908534e-06 | grad_norm = 153.351568
  Batch 2154: loss = 4.097084 | LR = 3.904068e-06 | grad_norm = 229.189898
  Batch 2155: loss = 1.534779 | LR = 3.899604e-06 | grad_norm = 171.130280
  Batch 2156: loss = 0.000124 | LR = 3.895142e-06 | grad_norm = 0.037120
  Batch 2157: loss = 0.000010 | LR = 3.890683e-06 | grad_norm = 0.003532
  Batch 2158: loss = 0.000000 | LR = 3.886226e-06 | grad_norm = 0.000236
  Batch 2159: loss = 0.000507 | LR = 3.881770e-06 | grad_norm = 0.207680
  Batch 2160: loss = 1.960182 | LR = 3.877318e-06 | grad_norm = 244.850529
  Batch 2161: loss = 0.000000 | LR = 3.872867e-06 | grad_norm = 0.000000
  Batch 2162: loss = 2.333663 | LR = 3.868418e-06 | grad_norm = 175.926294
  Batch 2163: loss = 3.037460 | LR = 3.863972e-06 | grad_norm = 139.228271
  Batch 2164: loss = 2.439297 | LR = 3.859528e-06 | grad_norm = 193.374505
  Batch 2165: loss = 4.588849 | LR = 3.855086e-06 | grad_norm = 112.396581
  Batch 2166: loss = 6.767044 | LR = 3.850646e-06 | grad_norm = 222.147653
  Batch 2167: loss = 1.675838 | LR = 3.846208e-06 | grad_norm = 112.363667
  Batch 2168: loss = 4.309577 | LR = 3.841773e-06 | grad_norm = 185.185885
  Batch 2169: loss = 11.827962 | LR = 3.837340e-06 | grad_norm = 396.414245
  Batch 2170: loss = 4.558191 | LR = 3.832909e-06 | grad_norm = 185.416245
  Batch 2171: loss = 4.473710 | LR = 3.828480e-06 | grad_norm = 250.629845
  Batch 2172: loss = 8.758971 | LR = 3.824054e-06 | grad_norm = 220.027155
  Batch 2173: loss = 4.272556 | LR = 3.819629e-06 | grad_norm = 161.136728
  Batch 2174: loss = 0.006903 | LR = 3.815207e-06 | grad_norm = 1.409259
  Batch 2175: loss = 0.952897 | LR = 3.810787e-06 | grad_norm = 108.177198
  Batch 2176: loss = 2.357947 | LR = 3.806369e-06 | grad_norm = 137.281900
  Batch 2177: loss = 0.039523 | LR = 3.801954e-06 | grad_norm = 12.867422
  Batch 2178: loss = 0.000000 | LR = 3.797541e-06 | grad_norm = 0.000003
  Batch 2179: loss = 1.914126 | LR = 3.793129e-06 | grad_norm = 275.617031
  Batch 2180: loss = 0.378854 | LR = 3.788721e-06 | grad_norm = 79.277698
  Batch 2181: loss = 3.765415 | LR = 3.784314e-06 | grad_norm = 195.596945
  Batch 2182: loss = 0.838701 | LR = 3.779909e-06 | grad_norm = 160.073641
  Batch 2183: loss = 0.070317 | LR = 3.775507e-06 | grad_norm = 20.581052
  Batch 2184: loss = 0.167611 | LR = 3.771107e-06 | grad_norm = 40.164800
  Batch 2185: loss = 2.081930 | LR = 3.766709e-06 | grad_norm = 253.867720
  Batch 2186: loss = 2.558325 | LR = 3.762314e-06 | grad_norm = 151.708898
  Batch 2187: loss = 4.843621 | LR = 3.757920e-06 | grad_norm = 212.898712
  Batch 2188: loss = 3.688769 | LR = 3.753529e-06 | grad_norm = 147.360933
  Batch 2189: loss = 0.505669 | LR = 3.749140e-06 | grad_norm = 102.384686
  Batch 2190: loss = 0.035146 | LR = 3.744753e-06 | grad_norm = 10.057715
  Batch 2191: loss = 9.263589 | LR = 3.740369e-06 | grad_norm = 230.237907
  Batch 2192: loss = 0.890733 | LR = 3.735986e-06 | grad_norm = 102.591669
  Batch 2193: loss = 6.772824 | LR = 3.731606e-06 | grad_norm = 196.371445
  Batch 2194: loss = 2.639463 | LR = 3.727228e-06 | grad_norm = 141.696919
  Batch 2195: loss = 1.641744 | LR = 3.722853e-06 | grad_norm = 179.354543
  Batch 2196: loss = 0.000000 | LR = 3.718479e-06 | grad_norm = 0.000026
  Batch 2197: loss = 0.963717 | LR = 3.714108e-06 | grad_norm = 115.519941
  Batch 2198: loss = 9.384286 | LR = 3.709739e-06 | grad_norm = 215.814654
  Batch 2199: loss = 8.358641 | LR = 3.705372e-06 | grad_norm = 204.232357
  Batch 2200: loss = 3.015634 | LR = 3.701008e-06 | grad_norm = 306.602999
  Batch 2201: loss = 0.000116 | LR = 3.696645e-06 | grad_norm = 0.047921
  Batch 2202: loss = 0.134786 | LR = 3.692285e-06 | grad_norm = 25.363182
  Batch 2203: loss = 0.528877 | LR = 3.687927e-06 | grad_norm = 92.913926
  Batch 2204: loss = 0.411399 | LR = 3.683572e-06 | grad_norm = 122.803045
  Batch 2205: loss = 1.537986 | LR = 3.679218e-06 | grad_norm = 162.279586
  Batch 2206: loss = 4.558401 | LR = 3.674867e-06 | grad_norm = 148.854403
  Batch 2207: loss = 2.039073 | LR = 3.670518e-06 | grad_norm = 280.792414
  Batch 2208: loss = 1.386260 | LR = 3.666171e-06 | grad_norm = 198.238489
  Batch 2209: loss = 6.592132 | LR = 3.661827e-06 | grad_norm = 166.668127
  Batch 2210: loss = 0.000057 | LR = 3.657485e-06 | grad_norm = 0.012474
  Batch 2211: loss = 0.329003 | LR = 3.653145e-06 | grad_norm = 52.427565
  Batch 2212: loss = 2.336036 | LR = 3.648807e-06 | grad_norm = 228.668565
  Batch 2213: loss = 0.013575 | LR = 3.644471e-06 | grad_norm = 3.942275
  Batch 2214: loss = 0.367201 | LR = 3.640138e-06 | grad_norm = 80.675952
  Batch 2215: loss = 0.700952 | LR = 3.635807e-06 | grad_norm = 70.864025
  Batch 2216: loss = 1.377189 | LR = 3.631478e-06 | grad_norm = 194.108709
  Batch 2217: loss = 0.297806 | LR = 3.627152e-06 | grad_norm = 55.175953
  Batch 2218: loss = 2.156918 | LR = 3.622827e-06 | grad_norm = 201.822685
  Batch 2219: loss = 0.000889 | LR = 3.618505e-06 | grad_norm = 0.419225
  Batch 2220: loss = 0.000000 | LR = 3.614185e-06 | grad_norm = 0.000000
  Batch 2221: loss = 6.518675 | LR = 3.609868e-06 | grad_norm = 150.852459
  Batch 2222: loss = 7.501394 | LR = 3.605552e-06 | grad_norm = 435.358604
  Batch 2223: loss = 3.150903 | LR = 3.601239e-06 | grad_norm = 136.884617
  Batch 2224: loss = 2.121181 | LR = 3.596928e-06 | grad_norm = 116.003841
  Batch 2225: loss = 1.855857 | LR = 3.592620e-06 | grad_norm = 150.647323
  Batch 2226: loss = 5.356194 | LR = 3.588313e-06 | grad_norm = 199.123887
  Batch 2227: loss = 7.347512 | LR = 3.584009e-06 | grad_norm = 125.998662
  Batch 2228: loss = 5.563636 | LR = 3.579707e-06 | grad_norm = 164.473953
  Batch 2229: loss = 0.010400 | LR = 3.575408e-06 | grad_norm = 3.653328
  Batch 2230: loss = 0.030720 | LR = 3.571110e-06 | grad_norm = 7.012933
  Batch 2231: loss = 6.286583 | LR = 3.566815e-06 | grad_norm = 206.222159
  Batch 2232: loss = 2.189332 | LR = 3.562522e-06 | grad_norm = 150.209620
  Batch 2233: loss = 6.071631 | LR = 3.558232e-06 | grad_norm = 164.112759
  Batch 2234: loss = 12.690934 | LR = 3.553943e-06 | grad_norm = 336.245605
  Batch 2235: loss = 0.000001 | LR = 3.549657e-06 | grad_norm = 0.000394
  Batch 2236: loss = 0.360981 | LR = 3.545373e-06 | grad_norm = 97.225964
  Batch 2237: loss = 1.976618 | LR = 3.541092e-06 | grad_norm = 134.778301
  Batch 2238: loss = 2.212625 | LR = 3.536812e-06 | grad_norm = 203.958903
  Batch 2239: loss = 4.598100 | LR = 3.532535e-06 | grad_norm = 134.394341
  Batch 2240: loss = 7.611650 | LR = 3.528260e-06 | grad_norm = 160.353223
  Batch 2241: loss = 0.192170 | LR = 3.523988e-06 | grad_norm = 35.987611
  Batch 2242: loss = 2.281746 | LR = 3.519717e-06 | grad_norm = 283.139478
  Batch 2243: loss = 3.818986 | LR = 3.515449e-06 | grad_norm = 144.287183
  Batch 2244: loss = 5.873573 | LR = 3.511183e-06 | grad_norm = 194.759533
  Batch 2245: loss = 3.932735 | LR = 3.506920e-06 | grad_norm = 151.569453
  Batch 2246: loss = 0.068872 | LR = 3.502659e-06 | grad_norm = 13.300752
  Batch 2247: loss = 0.277098 | LR = 3.498400e-06 | grad_norm = 52.694688
  Batch 2248: loss = 0.988400 | LR = 3.494143e-06 | grad_norm = 80.213196
  Batch 2249: loss = 0.000000 | LR = 3.489888e-06 | grad_norm = 0.000000
  Batch 2250: loss = 9.364765 | LR = 3.485636e-06 | grad_norm = 316.138006
  Batch 2251: loss = 0.072374 | LR = 3.481386e-06 | grad_norm = 31.851196
  Batch 2252: loss = 0.205570 | LR = 3.477138e-06 | grad_norm = 92.295333
  Batch 2253: loss = 6.157629 | LR = 3.472893e-06 | grad_norm = 248.461009
  Batch 2254: loss = 0.179091 | LR = 3.468650e-06 | grad_norm = 32.925134
  Batch 2255: loss = 3.061986 | LR = 3.464409e-06 | grad_norm = 133.235886
  Batch 2256: loss = 2.649309 | LR = 3.460170e-06 | grad_norm = 194.503188
  Batch 2257: loss = 0.014707 | LR = 3.455934e-06 | grad_norm = 4.286880
  Batch 2258: loss = 1.739050 | LR = 3.451700e-06 | grad_norm = 184.777999
  Batch 2259: loss = 7.479242 | LR = 3.447468e-06 | grad_norm = 164.675733
  Batch 2260: loss = 5.733020 | LR = 3.443239e-06 | grad_norm = 108.999000
  Batch 2261: loss = 0.164421 | LR = 3.439011e-06 | grad_norm = 56.582907
  Batch 2262: loss = 2.551180 | LR = 3.434786e-06 | grad_norm = 225.148205
  Batch 2263: loss = 3.966185 | LR = 3.430564e-06 | grad_norm = 194.684668
  Batch 2264: loss = 0.122485 | LR = 3.426343e-06 | grad_norm = 26.042580
  Batch 2265: loss = 2.415531 | LR = 3.422125e-06 | grad_norm = 120.085707
  Batch 2266: loss = 0.283470 | LR = 3.417909e-06 | grad_norm = 62.617090
  Batch 2267: loss = 0.038895 | LR = 3.413696e-06 | grad_norm = 5.942614
  Batch 2268: loss = 0.442711 | LR = 3.409485e-06 | grad_norm = 132.072221
  Batch 2269: loss = 1.234984 | LR = 3.405275e-06 | grad_norm = 175.275612
  Batch 2270: loss = 0.984503 | LR = 3.401069e-06 | grad_norm = 143.996932
  Batch 2271: loss = 1.473848 | LR = 3.396864e-06 | grad_norm = 109.724886
  Batch 2272: loss = 0.000000 | LR = 3.392662e-06 | grad_norm = 0.000000
  Batch 2273: loss = 0.000004 | LR = 3.388462e-06 | grad_norm = 0.002006
  Batch 2274: loss = 5.658997 | LR = 3.384265e-06 | grad_norm = 159.673813
  Batch 2275: loss = 0.006420 | LR = 3.380069e-06 | grad_norm = 1.796044
  Batch 2276: loss = 2.338988 | LR = 3.375876e-06 | grad_norm = 212.739786
  Batch 2277: loss = 1.877386 | LR = 3.371686e-06 | grad_norm = 163.559860
  Batch 2278: loss = 0.090790 | LR = 3.367497e-06 | grad_norm = 15.364014
  Batch 2279: loss = 8.060205 | LR = 3.363311e-06 | grad_norm = 196.484427
  Batch 2280: loss = 6.239015 | LR = 3.359127e-06 | grad_norm = 154.567084
  Batch 2281: loss = 3.980719 | LR = 3.354945e-06 | grad_norm = 181.361425
  Batch 2282: loss = 2.633862 | LR = 3.350766e-06 | grad_norm = 149.154134
  Batch 2283: loss = 5.273941 | LR = 3.346589e-06 | grad_norm = 196.474677
  Batch 2284: loss = 4.148021 | LR = 3.342414e-06 | grad_norm = 124.085576
  Batch 2285: loss = 0.020268 | LR = 3.338242e-06 | grad_norm = 5.682497
  Batch 2286: loss = 5.543314 | LR = 3.334072e-06 | grad_norm = 174.767865
  Batch 2287: loss = 0.486934 | LR = 3.329904e-06 | grad_norm = 152.691554
  Batch 2288: loss = 0.580770 | LR = 3.325739e-06 | grad_norm = 151.214560
  Batch 2289: loss = 2.579207 | LR = 3.321575e-06 | grad_norm = 357.740676
  Batch 2290: loss = 8.024633 | LR = 3.317414e-06 | grad_norm = 147.935286
  Batch 2291: loss = 0.093370 | LR = 3.313256e-06 | grad_norm = 29.751876
  Batch 2292: loss = 1.042044 | LR = 3.309099e-06 | grad_norm = 221.856604
  Batch 2293: loss = 9.840164 | LR = 3.304945e-06 | grad_norm = 379.767559
  Batch 2294: loss = 5.746660 | LR = 3.300794e-06 | grad_norm = 228.231384
  Batch 2295: loss = 0.123558 | LR = 3.296644e-06 | grad_norm = 29.060869
  Batch 2296: loss = 2.845907 | LR = 3.292497e-06 | grad_norm = 168.559522
  Batch 2297: loss = 4.387384 | LR = 3.288352e-06 | grad_norm = 230.101515
  Batch 2298: loss = 0.049886 | LR = 3.284210e-06 | grad_norm = 14.691090
  Batch 2299: loss = 7.177813 | LR = 3.280070e-06 | grad_norm = 165.447451
  Batch 2300: loss = 0.234417 | LR = 3.275932e-06 | grad_norm = 40.749856
  Batch 2301: loss = 4.194025 | LR = 3.271796e-06 | grad_norm = 219.116082
  Batch 2302: loss = 1.675105 | LR = 3.267663e-06 | grad_norm = 153.395875
  Batch 2303: loss = 3.637016 | LR = 3.263532e-06 | grad_norm = 143.558200
  Batch 2304: loss = 0.501522 | LR = 3.259403e-06 | grad_norm = 91.586765
  Batch 2305: loss = 5.324275 | LR = 3.255277e-06 | grad_norm = 205.621143
  Batch 2306: loss = 7.806831 | LR = 3.251153e-06 | grad_norm = 190.893800
  Batch 2307: loss = 0.008086 | LR = 3.247031e-06 | grad_norm = 1.979679
  Batch 2308: loss = 2.133765 | LR = 3.242911e-06 | grad_norm = 150.388491
  Batch 2309: loss = 4.024532 | LR = 3.238794e-06 | grad_norm = 207.813783
  Batch 2310: loss = 5.677859 | LR = 3.234679e-06 | grad_norm = 166.304984
  Batch 2311: loss = 0.010335 | LR = 3.230567e-06 | grad_norm = 3.593789
  Batch 2312: loss = 0.013362 | LR = 3.226457e-06 | grad_norm = 4.700925
  Batch 2313: loss = 5.371252 | LR = 3.222349e-06 | grad_norm = 194.986266
  Batch 2314: loss = 3.040463 | LR = 3.218243e-06 | grad_norm = 243.022477
  Batch 2315: loss = 6.191611 | LR = 3.214140e-06 | grad_norm = 252.062547
  Batch 2316: loss = 0.638187 | LR = 3.210039e-06 | grad_norm = 107.797128
  Batch 2317: loss = 3.476810 | LR = 3.205941e-06 | grad_norm = 204.718961
  Batch 2318: loss = 0.109541 | LR = 3.201844e-06 | grad_norm = 47.591013
  Batch 2319: loss = 3.622352 | LR = 3.197750e-06 | grad_norm = 184.612077
  Batch 2320: loss = 8.377149 | LR = 3.193659e-06 | grad_norm = 180.440471
  Batch 2321: loss = 3.054821 | LR = 3.189569e-06 | grad_norm = 158.357196
  Batch 2322: loss = 2.537166 | LR = 3.185482e-06 | grad_norm = 154.230989
  Batch 2323: loss = 6.781327 | LR = 3.181398e-06 | grad_norm = 244.794320
  Batch 2324: loss = 4.262395 | LR = 3.177315e-06 | grad_norm = 214.790116
  Batch 2325: loss = 1.300866 | LR = 3.173235e-06 | grad_norm = 127.511739
  Batch 2326: loss = 0.004653 | LR = 3.169157e-06 | grad_norm = 1.491750
  Batch 2327: loss = 1.772952 | LR = 3.165082e-06 | grad_norm = 168.566118
  Batch 2328: loss = 0.635370 | LR = 3.161009e-06 | grad_norm = 110.691985
  Batch 2329: loss = 3.382809 | LR = 3.156938e-06 | grad_norm = 116.547014
  Batch 2330: loss = 6.713743 | LR = 3.152870e-06 | grad_norm = 252.129083
  Batch 2331: loss = 0.060968 | LR = 3.148804e-06 | grad_norm = 15.814798
  Batch 2332: loss = 6.206333 | LR = 3.144740e-06 | grad_norm = 400.994345
  Batch 2333: loss = 0.199947 | LR = 3.140679e-06 | grad_norm = 47.371030
  Batch 2334: loss = 2.764752 | LR = 3.136620e-06 | grad_norm = 136.249272
  Batch 2335: loss = 0.194952 | LR = 3.132563e-06 | grad_norm = 42.541713
  Batch 2336: loss = 0.163939 | LR = 3.128508e-06 | grad_norm = 66.688025
  Batch 2337: loss = 0.317659 | LR = 3.124456e-06 | grad_norm = 47.441841
  Batch 2338: loss = 2.252952 | LR = 3.120407e-06 | grad_norm = 270.480750
  Batch 2339: loss = 0.403337 | LR = 3.116359e-06 | grad_norm = 44.949830
  Batch 2340: loss = 4.363899 | LR = 3.112314e-06 | grad_norm = 315.129990
  Batch 2341: loss = 1.068508 | LR = 3.108271e-06 | grad_norm = 205.373965
  Batch 2342: loss = 1.752324 | LR = 3.104231e-06 | grad_norm = 115.769822
  Batch 2343: loss = 3.225119 | LR = 3.100193e-06 | grad_norm = 302.489476
  Batch 2344: loss = 1.405734 | LR = 3.096157e-06 | grad_norm = 124.565957
  Batch 2345: loss = 0.121881 | LR = 3.092124e-06 | grad_norm = 34.318917
  Batch 2346: loss = 0.000001 | LR = 3.088093e-06 | grad_norm = 0.000446
  Batch 2347: loss = 6.983615 | LR = 3.084064e-06 | grad_norm = 237.243872
  Batch 2348: loss = 5.961480 | LR = 3.080038e-06 | grad_norm = 123.708249
  Batch 2349: loss = 0.000000 | LR = 3.076014e-06 | grad_norm = 0.000004
  Batch 2350: loss = 2.833185 | LR = 3.071992e-06 | grad_norm = 169.927534
  Batch 2351: loss = 0.000000 | LR = 3.067973e-06 | grad_norm = 0.000000
  Batch 2352: loss = 0.000000 | LR = 3.063956e-06 | grad_norm = 0.000000
  Batch 2353: loss = 4.625391 | LR = 3.059941e-06 | grad_norm = 231.125758
  Batch 2354: loss = 2.489383 | LR = 3.055929e-06 | grad_norm = 274.901872
  Batch 2355: loss = 3.226395 | LR = 3.051919e-06 | grad_norm = 189.271384
  Batch 2356: loss = 0.020884 | LR = 3.047911e-06 | grad_norm = 5.153831
  Batch 2357: loss = 7.655074 | LR = 3.043906e-06 | grad_norm = 257.819074
  Batch 2358: loss = 6.646894 | LR = 3.039903e-06 | grad_norm = 166.046068
  Batch 2359: loss = 0.000479 | LR = 3.035902e-06 | grad_norm = 0.135120
  Batch 2360: loss = 0.685887 | LR = 3.031904e-06 | grad_norm = 121.684311
  Batch 2361: loss = 0.000067 | LR = 3.027908e-06 | grad_norm = 0.025540
  Batch 2362: loss = 4.093599 | LR = 3.023915e-06 | grad_norm = 131.296701
  Batch 2363: loss = 2.037502 | LR = 3.019924e-06 | grad_norm = 119.538936
  Batch 2364: loss = 0.265640 | LR = 3.015935e-06 | grad_norm = 34.125293
  Batch 2365: loss = 2.615044 | LR = 3.011949e-06 | grad_norm = 148.354262
  Batch 2366: loss = 0.455950 | LR = 3.007964e-06 | grad_norm = 55.759575
  Batch 2367: loss = 1.590903 | LR = 3.003983e-06 | grad_norm = 195.608278
  Batch 2368: loss = 2.036369 | LR = 3.000003e-06 | grad_norm = 136.372885
  Batch 2369: loss = 4.199648 | LR = 2.996026e-06 | grad_norm = 170.492034
  Batch 2370: loss = 3.936612 | LR = 2.992052e-06 | grad_norm = 191.391589
  Batch 2371: loss = 5.450557 | LR = 2.988079e-06 | grad_norm = 308.696046
  Batch 2372: loss = 2.215531 | LR = 2.984109e-06 | grad_norm = 155.468793
  Batch 2373: loss = 4.243456 | LR = 2.980142e-06 | grad_norm = 374.481668
  Batch 2374: loss = 0.000891 | LR = 2.976177e-06 | grad_norm = 0.316911
  Batch 2375: loss = 5.091328 | LR = 2.972214e-06 | grad_norm = 130.217452
  Batch 2376: loss = 2.425289 | LR = 2.968253e-06 | grad_norm = 288.509096
  Batch 2377: loss = 0.288048 | LR = 2.964295e-06 | grad_norm = 57.191098
  Batch 2378: loss = 5.677359 | LR = 2.960339e-06 | grad_norm = 205.157122
  Batch 2379: loss = 0.000000 | LR = 2.956386e-06 | grad_norm = 0.000000
  Batch 2380: loss = 3.263343 | LR = 2.952435e-06 | grad_norm = 221.252413
  Batch 2381: loss = 4.183060 | LR = 2.948486e-06 | grad_norm = 253.394355
  Batch 2382: loss = 0.120186 | LR = 2.944540e-06 | grad_norm = 33.226712
  Batch 2383: loss = 3.776323 | LR = 2.940596e-06 | grad_norm = 157.318279
  Batch 2384: loss = 0.022490 | LR = 2.936655e-06 | grad_norm = 3.411756
  Batch 2385: loss = 1.000194 | LR = 2.932715e-06 | grad_norm = 105.104078
  Batch 2386: loss = 3.427815 | LR = 2.928779e-06 | grad_norm = 153.790294
  Batch 2387: loss = 2.536984 | LR = 2.924844e-06 | grad_norm = 234.027816
  Batch 2388: loss = 2.556186 | LR = 2.920912e-06 | grad_norm = 155.589759
  Batch 2389: loss = 0.225061 | LR = 2.916982e-06 | grad_norm = 73.006478
  Batch 2390: loss = 0.878549 | LR = 2.913055e-06 | grad_norm = 173.715603
  Batch 2391: loss = 5.162708 | LR = 2.909130e-06 | grad_norm = 167.440373
  Batch 2392: loss = 0.053895 | LR = 2.905207e-06 | grad_norm = 13.653778
  Batch 2393: loss = 0.023828 | LR = 2.901287e-06 | grad_norm = 6.183525
  Batch 2394: loss = 5.527759 | LR = 2.897369e-06 | grad_norm = 236.192803
  Batch 2395: loss = 0.541216 | LR = 2.893454e-06 | grad_norm = 164.968743
  Batch 2396: loss = 1.261040 | LR = 2.889541e-06 | grad_norm = 182.502691
  Batch 2397: loss = 2.415502 | LR = 2.885630e-06 | grad_norm = 208.171791
  Batch 2398: loss = 2.877854 | LR = 2.881722e-06 | grad_norm = 229.089471
  Batch 2399: loss = 3.201061 | LR = 2.877816e-06 | grad_norm = 78.915938
  Batch 2400: loss = 0.000000 | LR = 2.873912e-06 | grad_norm = 0.000000
  Batch 2401: loss = 6.983142 | LR = 2.870011e-06 | grad_norm = 241.326718
  Batch 2402: loss = 3.883906 | LR = 2.866112e-06 | grad_norm = 141.703198
  Batch 2403: loss = 0.000009 | LR = 2.862216e-06 | grad_norm = 0.003154
  Batch 2404: loss = 3.332954 | LR = 2.858322e-06 | grad_norm = 171.195524
  Batch 2405: loss = 0.696218 | LR = 2.854430e-06 | grad_norm = 136.500007
  Batch 2406: loss = 1.604302 | LR = 2.850541e-06 | grad_norm = 189.951262
  Batch 2407: loss = 2.548470 | LR = 2.846654e-06 | grad_norm = 155.877061
  Batch 2408: loss = 5.978086 | LR = 2.842770e-06 | grad_norm = 269.233319
  Batch 2409: loss = 0.380033 | LR = 2.838888e-06 | grad_norm = 63.820414
  Batch 2410: loss = 2.823396 | LR = 2.835008e-06 | grad_norm = 134.272967
  Batch 2411: loss = 5.132653 | LR = 2.831131e-06 | grad_norm = 184.334752
  Batch 2412: loss = 1.150535 | LR = 2.827256e-06 | grad_norm = 148.986545
  Batch 2413: loss = 0.805607 | LR = 2.823383e-06 | grad_norm = 128.035691
  Batch 2414: loss = 3.810061 | LR = 2.819513e-06 | grad_norm = 181.099768
  Batch 2415: loss = 0.003429 | LR = 2.815645e-06 | grad_norm = 1.139317
  Batch 2416: loss = 1.674005 | LR = 2.811780e-06 | grad_norm = 153.268334
  Batch 2417: loss = 2.007526 | LR = 2.807917e-06 | grad_norm = 141.389647
  Batch 2418: loss = 3.712619 | LR = 2.804056e-06 | grad_norm = 152.704531
  Batch 2419: loss = 0.650168 | LR = 2.800198e-06 | grad_norm = 107.857399
  Batch 2420: loss = 0.000002 | LR = 2.796342e-06 | grad_norm = 0.001160
  Batch 2421: loss = 9.947391 | LR = 2.792489e-06 | grad_norm = 221.029653
  Batch 2422: loss = 0.000237 | LR = 2.788638e-06 | grad_norm = 0.139929
  Batch 2423: loss = 6.437376 | LR = 2.784789e-06 | grad_norm = 181.929476
  Batch 2424: loss = 0.107388 | LR = 2.780943e-06 | grad_norm = 32.782300
  Batch 2425: loss = 3.934363 | LR = 2.777099e-06 | grad_norm = 189.515170
  Batch 2426: loss = 3.396981 | LR = 2.773258e-06 | grad_norm = 211.769968
  Batch 2427: loss = 0.000003 | LR = 2.769419e-06 | grad_norm = 0.001534
  Batch 2428: loss = 0.000001 | LR = 2.765582e-06 | grad_norm = 0.000386
  Batch 2429: loss = 5.559785 | LR = 2.761748e-06 | grad_norm = 156.057035
  Batch 2430: loss = 0.000000 | LR = 2.757916e-06 | grad_norm = 0.000000
  Batch 2431: loss = 1.109431 | LR = 2.754087e-06 | grad_norm = 266.464890
  Batch 2432: loss = 0.176671 | LR = 2.750260e-06 | grad_norm = 39.378842
  Batch 2433: loss = 5.078775 | LR = 2.746435e-06 | grad_norm = 163.072435
  Batch 2434: loss = 0.000000 | LR = 2.742613e-06 | grad_norm = 0.000109
  Batch 2435: loss = 0.000123 | LR = 2.738793e-06 | grad_norm = 0.049694
  Batch 2436: loss = 0.529492 | LR = 2.734976e-06 | grad_norm = 120.737844
  Batch 2437: loss = 6.654185 | LR = 2.731161e-06 | grad_norm = 146.488690
  Batch 2438: loss = 0.000009 | LR = 2.727348e-06 | grad_norm = 0.007327
  Batch 2439: loss = 0.000000 | LR = 2.723538e-06 | grad_norm = 0.000000
  Batch 2440: loss = 5.268828 | LR = 2.719730e-06 | grad_norm = 166.716073
  Batch 2441: loss = 0.484244 | LR = 2.715925e-06 | grad_norm = 57.635643
  Batch 2442: loss = 0.000138 | LR = 2.712122e-06 | grad_norm = 0.034971
  Batch 2443: loss = 0.000000 | LR = 2.708321e-06 | grad_norm = 0.000000
  Batch 2444: loss = 0.004885 | LR = 2.704523e-06 | grad_norm = 3.486962
  Batch 2445: loss = 4.134862 | LR = 2.700728e-06 | grad_norm = 220.783310
  Batch 2446: loss = 0.851202 | LR = 2.696934e-06 | grad_norm = 136.129309
  Batch 2447: loss = 0.023169 | LR = 2.693143e-06 | grad_norm = 7.693078
  Batch 2448: loss = 3.466971 | LR = 2.689355e-06 | grad_norm = 167.871519
  Batch 2449: loss = 0.000006 | LR = 2.685569e-06 | grad_norm = 0.002261
  Batch 2450: loss = 0.002327 | LR = 2.681785e-06 | grad_norm = 0.763336
  Batch 2451: loss = 0.001449 | LR = 2.678004e-06 | grad_norm = 0.482893
  Batch 2452: loss = 0.924068 | LR = 2.674225e-06 | grad_norm = 197.727636
  Batch 2453: loss = 4.212782 | LR = 2.670449e-06 | grad_norm = 187.342730
  Batch 2454: loss = 0.003939 | LR = 2.666675e-06 | grad_norm = 1.090321
  Batch 2455: loss = 2.313734 | LR = 2.662903e-06 | grad_norm = 179.773417
  Batch 2456: loss = 8.371774 | LR = 2.659134e-06 | grad_norm = 268.116961
  Batch 2457: loss = 5.380985 | LR = 2.655368e-06 | grad_norm = 174.481163
  Batch 2458: loss = 0.528420 | LR = 2.651603e-06 | grad_norm = 119.745613
  Batch 2459: loss = 1.322430 | LR = 2.647842e-06 | grad_norm = 196.895302
  Batch 2460: loss = 1.238671 | LR = 2.644082e-06 | grad_norm = 127.619027
  Batch 2461: loss = 0.236344 | LR = 2.640325e-06 | grad_norm = 63.084423
  Batch 2462: loss = 0.053796 | LR = 2.636571e-06 | grad_norm = 10.609317
  Batch 2463: loss = 4.817080 | LR = 2.632818e-06 | grad_norm = 244.698756
  Batch 2464: loss = 7.563748 | LR = 2.629069e-06 | grad_norm = 199.179401
  Batch 2465: loss = 0.000000 | LR = 2.625321e-06 | grad_norm = 0.000064
  Batch 2466: loss = 3.484221 | LR = 2.621577e-06 | grad_norm = 108.853682
  Batch 2467: loss = 0.080793 | LR = 2.617834e-06 | grad_norm = 23.023624
  Batch 2468: loss = 1.904210 | LR = 2.614094e-06 | grad_norm = 161.504618
  Batch 2469: loss = 6.565600 | LR = 2.610357e-06 | grad_norm = 188.129894
  Batch 2470: loss = 5.555789 | LR = 2.606621e-06 | grad_norm = 319.471998
  Batch 2471: loss = 13.886286 | LR = 2.602889e-06 | grad_norm = 324.923235
  Batch 2472: loss = 3.344853 | LR = 2.599158e-06 | grad_norm = 100.581972
  Batch 2473: loss = 2.974903 | LR = 2.595431e-06 | grad_norm = 201.598857
  Batch 2474: loss = 1.006042 | LR = 2.591705e-06 | grad_norm = 136.553594
  Batch 2475: loss = 0.000021 | LR = 2.587982e-06 | grad_norm = 0.016810
  Batch 2476: loss = 5.744556 | LR = 2.584262e-06 | grad_norm = 134.692719
  Batch 2477: loss = 0.534273 | LR = 2.580543e-06 | grad_norm = 163.429637
  Batch 2478: loss = 0.025788 | LR = 2.576828e-06 | grad_norm = 11.270996
  Batch 2479: loss = 0.539923 | LR = 2.573115e-06 | grad_norm = 127.802688
  Batch 2480: loss = 4.712129 | LR = 2.569404e-06 | grad_norm = 167.639712
  Batch 2481: loss = 2.013221 | LR = 2.565695e-06 | grad_norm = 347.923227
  Batch 2482: loss = 3.273496 | LR = 2.561989e-06 | grad_norm = 527.142624
  Batch 2483: loss = 0.000061 | LR = 2.558286e-06 | grad_norm = 0.019974
  Batch 2484: loss = 8.040299 | LR = 2.554585e-06 | grad_norm = 204.767491
  Batch 2485: loss = 0.000006 | LR = 2.550886e-06 | grad_norm = 0.002815
  Batch 2486: loss = 3.015350 | LR = 2.547190e-06 | grad_norm = 124.311222
  Batch 2487: loss = 5.970232 | LR = 2.543496e-06 | grad_norm = 156.434816
  Batch 2488: loss = 2.294096 | LR = 2.539805e-06 | grad_norm = 176.776085
  Batch 2489: loss = 0.005342 | LR = 2.536116e-06 | grad_norm = 2.216226
  Batch 2490: loss = 7.227223 | LR = 2.532430e-06 | grad_norm = 134.816992
  Batch 2491: loss = 0.000000 | LR = 2.528746e-06 | grad_norm = 0.000001
  Batch 2492: loss = 3.962324 | LR = 2.525064e-06 | grad_norm = 378.039542
  Batch 2493: loss = 0.001540 | LR = 2.521385e-06 | grad_norm = 0.473068
  Batch 2494: loss = 8.786769 | LR = 2.517709e-06 | grad_norm = 313.044346
  Batch 2495: loss = 0.052636 | LR = 2.514035e-06 | grad_norm = 13.663007
  Batch 2496: loss = 10.233924 | LR = 2.510363e-06 | grad_norm = 281.288261
  Batch 2497: loss = 0.000000 | LR = 2.506694e-06 | grad_norm = 0.000008
  Batch 2498: loss = 6.095930 | LR = 2.503027e-06 | grad_norm = 189.876713
  Batch 2499: loss = 3.092035 | LR = 2.499362e-06 | grad_norm = 136.545339
  Batch 2500: loss = 5.762000 | LR = 2.495700e-06 | grad_norm = 192.028137
  Batch 2501: loss = 5.396830 | LR = 2.492041e-06 | grad_norm = 132.216043
  Batch 2502: loss = 0.091265 | LR = 2.488384e-06 | grad_norm = 21.086698
  Batch 2503: loss = 3.136780 | LR = 2.484729e-06 | grad_norm = 266.401318
  Batch 2504: loss = 0.394077 | LR = 2.481077e-06 | grad_norm = 65.281934
  Batch 2505: loss = 0.196434 | LR = 2.477428e-06 | grad_norm = 35.535990
  Batch 2506: loss = 7.409072 | LR = 2.473780e-06 | grad_norm = 233.008343
  Batch 2507: loss = 1.091819 | LR = 2.470136e-06 | grad_norm = 159.598190
  Batch 2508: loss = 1.901935 | LR = 2.466493e-06 | grad_norm = 304.647643
  Batch 2509: loss = 1.026157 | LR = 2.462854e-06 | grad_norm = 125.917460
  Batch 2510: loss = 3.158696 | LR = 2.459216e-06 | grad_norm = 244.179783
  Batch 2511: loss = 4.830505 | LR = 2.455581e-06 | grad_norm = 255.126907
  Batch 2512: loss = 2.235415 | LR = 2.451949e-06 | grad_norm = 198.143608
  Batch 2513: loss = 0.074872 | LR = 2.448319e-06 | grad_norm = 18.112238
  Batch 2514: loss = 0.737384 | LR = 2.444691e-06 | grad_norm = 115.622707
  Batch 2515: loss = 0.000000 | LR = 2.441066e-06 | grad_norm = 0.000000
  Batch 2516: loss = 1.380757 | LR = 2.437444e-06 | grad_norm = 179.459851
  Batch 2517: loss = 0.458561 | LR = 2.433824e-06 | grad_norm = 91.761768
  Batch 2518: loss = 0.094312 | LR = 2.430206e-06 | grad_norm = 17.074423
  Batch 2519: loss = 1.537690 | LR = 2.426591e-06 | grad_norm = 190.178224
  Batch 2520: loss = 0.000000 | LR = 2.422978e-06 | grad_norm = 0.000000
  Batch 2521: loss = 0.779471 | LR = 2.419368e-06 | grad_norm = 96.359524
  Batch 2522: loss = 0.846500 | LR = 2.415760e-06 | grad_norm = 91.159375
  Batch 2523: loss = 5.141556 | LR = 2.412154e-06 | grad_norm = 125.471121
  Batch 2524: loss = 0.114341 | LR = 2.408552e-06 | grad_norm = 26.029349
  Batch 2525: loss = 4.117794 | LR = 2.404951e-06 | grad_norm = 227.133741
  Batch 2526: loss = 2.086690 | LR = 2.401353e-06 | grad_norm = 172.922850
  Batch 2527: loss = 5.785192 | LR = 2.397758e-06 | grad_norm = 143.664215
  Batch 2528: loss = 0.549627 | LR = 2.394165e-06 | grad_norm = 127.112605
  Batch 2529: loss = 0.005102 | LR = 2.390574e-06 | grad_norm = 2.201454
  Batch 2530: loss = 0.000005 | LR = 2.386986e-06 | grad_norm = 0.002008
  Batch 2531: loss = 4.344566 | LR = 2.383400e-06 | grad_norm = 142.443623
  Batch 2532: loss = 7.209662 | LR = 2.379817e-06 | grad_norm = 251.009698
  Batch 2533: loss = 1.604569 | LR = 2.376237e-06 | grad_norm = 151.597643
  Batch 2534: loss = 2.916329 | LR = 2.372659e-06 | grad_norm = 197.273195
  Batch 2535: loss = 4.358015 | LR = 2.369083e-06 | grad_norm = 271.385248
  Batch 2536: loss = 2.545252 | LR = 2.365510e-06 | grad_norm = 248.685698
  Batch 2537: loss = 4.766958 | LR = 2.361939e-06 | grad_norm = 141.097632
  Batch 2538: loss = 0.000516 | LR = 2.358371e-06 | grad_norm = 0.216124
  Batch 2539: loss = 0.000032 | LR = 2.354805e-06 | grad_norm = 0.014361
  Batch 2540: loss = 0.520035 | LR = 2.351241e-06 | grad_norm = 78.796278
  Batch 2541: loss = 4.008597 | LR = 2.347681e-06 | grad_norm = 197.564976
  Batch 2542: loss = 0.149716 | LR = 2.344122e-06 | grad_norm = 37.222765
  Batch 2543: loss = 0.000000 | LR = 2.340566e-06 | grad_norm = 0.000000
  Batch 2544: loss = 0.030212 | LR = 2.337013e-06 | grad_norm = 9.835099
  Batch 2545: loss = 2.576493 | LR = 2.333462e-06 | grad_norm = 136.716847
  Batch 2546: loss = 2.139553 | LR = 2.329914e-06 | grad_norm = 106.254691
  Batch 2547: loss = 3.937281 | LR = 2.326368e-06 | grad_norm = 177.698345
  Batch 2548: loss = 0.008386 | LR = 2.322824e-06 | grad_norm = 2.657829
  Batch 2549: loss = 3.311648 | LR = 2.319283e-06 | grad_norm = 196.703033
  Batch 2550: loss = 1.602325 | LR = 2.315745e-06 | grad_norm = 121.643003
  Batch 2551: loss = 8.742743 | LR = 2.312209e-06 | grad_norm = 253.734632
  Batch 2552: loss = 5.324553 | LR = 2.308675e-06 | grad_norm = 179.756831
  Batch 2553: loss = 5.073742 | LR = 2.305144e-06 | grad_norm = 158.280958
  Batch 2554: loss = 1.840124 | LR = 2.301616e-06 | grad_norm = 194.458079
  Batch 2555: loss = 1.881979 | LR = 2.298089e-06 | grad_norm = 169.952837
  Batch 2556: loss = 4.241654 | LR = 2.294566e-06 | grad_norm = 213.139116
  Batch 2557: loss = 0.000000 | LR = 2.291045e-06 | grad_norm = 0.000099
  Batch 2558: loss = 3.432072 | LR = 2.287526e-06 | grad_norm = 237.858490
  Batch 2559: loss = 2.336661 | LR = 2.284010e-06 | grad_norm = 181.160688
  Batch 2560: loss = 6.359738 | LR = 2.280496e-06 | grad_norm = 238.038535
  Batch 2561: loss = 0.016406 | LR = 2.276985e-06 | grad_norm = 3.871587
  Batch 2562: loss = 3.183979 | LR = 2.273477e-06 | grad_norm = 329.529757
  Batch 2563: loss = 4.700716 | LR = 2.269971e-06 | grad_norm = 106.761149
  Batch 2564: loss = 0.000000 | LR = 2.266467e-06 | grad_norm = 0.000000
  Batch 2565: loss = 0.252731 | LR = 2.262966e-06 | grad_norm = 47.707820
  Batch 2566: loss = 3.473377 | LR = 2.259467e-06 | grad_norm = 290.422433
  Batch 2567: loss = 0.040154 | LR = 2.255971e-06 | grad_norm = 22.407477
  Batch 2568: loss = 0.489519 | LR = 2.252477e-06 | grad_norm = 94.330844
  Batch 2569: loss = 9.346924 | LR = 2.248986e-06 | grad_norm = 324.222031
  Batch 2570: loss = 0.559623 | LR = 2.245497e-06 | grad_norm = 86.752246
  Batch 2571: loss = 4.666011 | LR = 2.242011e-06 | grad_norm = 244.626691
  Batch 2572: loss = 0.047155 | LR = 2.238528e-06 | grad_norm = 16.504638
  Batch 2573: loss = 4.096400 | LR = 2.235046e-06 | grad_norm = 238.741522
  Batch 2574: loss = 5.383284 | LR = 2.231568e-06 | grad_norm = 283.910711
  Batch 2575: loss = 1.684822 | LR = 2.228092e-06 | grad_norm = 135.348332
  Batch 2576: loss = 3.669421 | LR = 2.224618e-06 | grad_norm = 129.352328
  Batch 2577: loss = 9.964147 | LR = 2.221147e-06 | grad_norm = 308.890899
  Batch 2578: loss = 2.239233 | LR = 2.217678e-06 | grad_norm = 210.840980
  Batch 2579: loss = 0.000233 | LR = 2.214212e-06 | grad_norm = 0.081171
  Batch 2580: loss = 2.062866 | LR = 2.210748e-06 | grad_norm = 229.041456
  Batch 2581: loss = 1.143032 | LR = 2.207287e-06 | grad_norm = 91.499413
  Batch 2582: loss = 5.499839 | LR = 2.203828e-06 | grad_norm = 313.585463
  Batch 2583: loss = 3.480142 | LR = 2.200372e-06 | grad_norm = 177.600246
  Batch 2584: loss = 0.829401 | LR = 2.196919e-06 | grad_norm = 121.084380
  Batch 2585: loss = 2.090087 | LR = 2.193468e-06 | grad_norm = 313.078708
  Batch 2586: loss = 4.448301 | LR = 2.190019e-06 | grad_norm = 198.360332
  Batch 2587: loss = 5.330662 | LR = 2.186573e-06 | grad_norm = 141.253011
  Batch 2588: loss = 3.156603 | LR = 2.183129e-06 | grad_norm = 242.470483
  Batch 2589: loss = 10.753671 | LR = 2.179688e-06 | grad_norm = 402.707813
  Batch 2590: loss = 1.991338 | LR = 2.176250e-06 | grad_norm = 210.737426
  Batch 2591: loss = 5.680707 | LR = 2.172813e-06 | grad_norm = 380.492841
  Batch 2592: loss = 5.188528 | LR = 2.169380e-06 | grad_norm = 272.638695
  Batch 2593: loss = 0.088721 | LR = 2.165949e-06 | grad_norm = 44.638723
  Batch 2594: loss = 3.510020 | LR = 2.162520e-06 | grad_norm = 116.837806
  Batch 2595: loss = 2.293218 | LR = 2.159094e-06 | grad_norm = 130.754338
  Batch 2596: loss = 5.997612 | LR = 2.155671e-06 | grad_norm = 136.178157
  Batch 2597: loss = 6.917673 | LR = 2.152250e-06 | grad_norm = 115.496016
  Batch 2598: loss = 3.980606 | LR = 2.148831e-06 | grad_norm = 229.745156
  Batch 2599: loss = 0.000244 | LR = 2.145415e-06 | grad_norm = 0.108126
  Batch 2600: loss = 6.568285 | LR = 2.142002e-06 | grad_norm = 138.959596
  Batch 2601: loss = 1.096355 | LR = 2.138591e-06 | grad_norm = 129.091092
  Batch 2602: loss = 1.831749 | LR = 2.135183e-06 | grad_norm = 118.162563
  Batch 2603: loss = 2.873637 | LR = 2.131777e-06 | grad_norm = 261.125317
  Batch 2604: loss = 4.887160 | LR = 2.128373e-06 | grad_norm = 121.900699
  Batch 2605: loss = 4.575292 | LR = 2.124973e-06 | grad_norm = 207.767015
  Batch 2606: loss = 0.517358 | LR = 2.121574e-06 | grad_norm = 76.426303
  Batch 2607: loss = 0.023323 | LR = 2.118178e-06 | grad_norm = 8.639791
  Batch 2608: loss = 2.932726 | LR = 2.114785e-06 | grad_norm = 151.170983
  Batch 2609: loss = 1.603009 | LR = 2.111394e-06 | grad_norm = 139.755677
  Batch 2610: loss = 10.200518 | LR = 2.108006e-06 | grad_norm = 387.591762
  Batch 2611: loss = 1.787343 | LR = 2.104621e-06 | grad_norm = 205.753502
  Batch 2612: loss = 4.842316 | LR = 2.101237e-06 | grad_norm = 153.878707
  Batch 2613: loss = 0.782701 | LR = 2.097857e-06 | grad_norm = 91.322269
  Batch 2614: loss = 5.611505 | LR = 2.094479e-06 | grad_norm = 199.770859
  Batch 2615: loss = 5.654875 | LR = 2.091103e-06 | grad_norm = 192.364938
  Batch 2616: loss = 0.575215 | LR = 2.087730e-06 | grad_norm = 58.764828
  Batch 2617: loss = 3.854490 | LR = 2.084359e-06 | grad_norm = 204.729954
  Batch 2618: loss = 0.240230 | LR = 2.080991e-06 | grad_norm = 46.608042
  Batch 2619: loss = 0.050062 | LR = 2.077626e-06 | grad_norm = 10.769597
  Batch 2620: loss = 0.664417 | LR = 2.074263e-06 | grad_norm = 102.077618
  Batch 2621: loss = 5.224272 | LR = 2.070902e-06 | grad_norm = 164.413260
  Batch 2622: loss = 3.656261 | LR = 2.067545e-06 | grad_norm = 190.693162
  Batch 2623: loss = 0.212347 | LR = 2.064189e-06 | grad_norm = 42.836961
  Batch 2624: loss = 0.021189 | LR = 2.060836e-06 | grad_norm = 5.267772
  Batch 2625: loss = 8.389901 | LR = 2.057486e-06 | grad_norm = 442.631211
  Batch 2626: loss = 6.882122 | LR = 2.054138e-06 | grad_norm = 155.274004
  Batch 2627: loss = 13.015067 | LR = 2.050793e-06 | grad_norm = 377.319818
  Batch 2628: loss = 0.002417 | LR = 2.047450e-06 | grad_norm = 1.139438
  Batch 2629: loss = 1.505124 | LR = 2.044110e-06 | grad_norm = 106.655538
  Batch 2630: loss = 0.428963 | LR = 2.040773e-06 | grad_norm = 78.753162
  Batch 2631: loss = 4.684875 | LR = 2.037437e-06 | grad_norm = 201.292143
  Batch 2632: loss = 4.694263 | LR = 2.034105e-06 | grad_norm = 189.648667
  Batch 2633: loss = 5.219518 | LR = 2.030775e-06 | grad_norm = 265.373780
  Batch 2634: loss = 1.248547 | LR = 2.027447e-06 | grad_norm = 214.114443
  Batch 2635: loss = 0.009840 | LR = 2.024122e-06 | grad_norm = 2.741679
  Batch 2636: loss = 5.024790 | LR = 2.020800e-06 | grad_norm = 158.390528
  Batch 2637: loss = 0.047139 | LR = 2.017480e-06 | grad_norm = 10.989439
  Batch 2638: loss = 2.424794 | LR = 2.014163e-06 | grad_norm = 234.725250
  Batch 2639: loss = 0.134624 | LR = 2.010848e-06 | grad_norm = 36.570699
  Batch 2640: loss = 0.960741 | LR = 2.007536e-06 | grad_norm = 133.572595
  Batch 2641: loss = 8.163713 | LR = 2.004226e-06 | grad_norm = 161.775922
  Batch 2642: loss = 6.474982 | LR = 2.000919e-06 | grad_norm = 149.701538
  Batch 2643: loss = 6.306050 | LR = 1.997614e-06 | grad_norm = 214.927860
  Batch 2644: loss = 6.869305 | LR = 1.994312e-06 | grad_norm = 239.285311
  Batch 2645: loss = 0.004523 | LR = 1.991013e-06 | grad_norm = 2.278247
  Batch 2646: loss = 0.825940 | LR = 1.987716e-06 | grad_norm = 156.603171
  Batch 2647: loss = 0.000368 | LR = 1.984421e-06 | grad_norm = 0.110232
  Batch 2648: loss = 5.454369 | LR = 1.981130e-06 | grad_norm = 120.219568
  Batch 2649: loss = 0.748237 | LR = 1.977840e-06 | grad_norm = 118.726465
  Batch 2650: loss = 0.101958 | LR = 1.974554e-06 | grad_norm = 34.735939
  Batch 2651: loss = 2.487501 | LR = 1.971269e-06 | grad_norm = 225.654872
  Batch 2652: loss = 0.000000 | LR = 1.967988e-06 | grad_norm = 0.000000
  Batch 2653: loss = 0.027702 | LR = 1.964708e-06 | grad_norm = 7.660215
  Batch 2654: loss = 6.297366 | LR = 1.961432e-06 | grad_norm = 146.702574
  Batch 2655: loss = 6.433803 | LR = 1.958158e-06 | grad_norm = 290.749594
  Batch 2656: loss = 5.004851 | LR = 1.954886e-06 | grad_norm = 271.007802
  Batch 2657: loss = 3.594559 | LR = 1.951617e-06 | grad_norm = 128.282419
  Batch 2658: loss = 3.453260 | LR = 1.948351e-06 | grad_norm = 157.461060
  Batch 2659: loss = 4.873733 | LR = 1.945087e-06 | grad_norm = 165.867554
  Batch 2660: loss = 0.045027 | LR = 1.941826e-06 | grad_norm = 10.300055
  Batch 2661: loss = 1.243666 | LR = 1.938567e-06 | grad_norm = 171.242006
  Batch 2662: loss = 5.996179 | LR = 1.935311e-06 | grad_norm = 185.433471
  Batch 2663: loss = 4.059953 | LR = 1.932058e-06 | grad_norm = 168.964171
  Batch 2664: loss = 2.815030 | LR = 1.928807e-06 | grad_norm = 171.472001
  Batch 2665: loss = 3.977885 | LR = 1.925558e-06 | grad_norm = 112.689225
  Batch 2666: loss = 5.732169 | LR = 1.922312e-06 | grad_norm = 141.452220
  Batch 2667: loss = 7.429393 | LR = 1.919069e-06 | grad_norm = 161.153303
  Batch 2668: loss = 3.075949 | LR = 1.915828e-06 | grad_norm = 266.956369
  Batch 2669: loss = 0.000021 | LR = 1.912590e-06 | grad_norm = 0.009233
  Batch 2670: loss = 2.946184 | LR = 1.909354e-06 | grad_norm = 169.889460
  Batch 2671: loss = 0.862493 | LR = 1.906121e-06 | grad_norm = 126.041286
  Batch 2672: loss = 0.373284 | LR = 1.902890e-06 | grad_norm = 53.408252
  Batch 2673: loss = 1.023334 | LR = 1.899662e-06 | grad_norm = 155.609145
  Batch 2674: loss = 2.420055 | LR = 1.896437e-06 | grad_norm = 249.588163
  Batch 2675: loss = 0.000000 | LR = 1.893214e-06 | grad_norm = 0.000000
  Batch 2676: loss = 0.268942 | LR = 1.889994e-06 | grad_norm = 64.794842
  Batch 2677: loss = 5.281371 | LR = 1.886776e-06 | grad_norm = 191.985932
  Batch 2678: loss = 0.495406 | LR = 1.883561e-06 | grad_norm = 76.187245
  Batch 2679: loss = 0.000000 | LR = 1.880348e-06 | grad_norm = 0.000000
  Batch 2680: loss = 3.076998 | LR = 1.877138e-06 | grad_norm = 291.298722
  Batch 2681: loss = 0.311556 | LR = 1.873931e-06 | grad_norm = 62.759842
  Batch 2682: loss = 3.352051 | LR = 1.870726e-06 | grad_norm = 203.570330
  Batch 2683: loss = 4.557375 | LR = 1.867524e-06 | grad_norm = 480.596280
  Batch 2684: loss = 2.572456 | LR = 1.864324e-06 | grad_norm = 315.351682
  Batch 2685: loss = 0.054284 | LR = 1.861127e-06 | grad_norm = 16.420467
  Batch 2686: loss = 1.183266 | LR = 1.857932e-06 | grad_norm = 230.121666
  Batch 2687: loss = 7.142863 | LR = 1.854740e-06 | grad_norm = 146.347752
  Batch 2688: loss = 1.311503 | LR = 1.851550e-06 | grad_norm = 361.359889
  Batch 2689: loss = 1.754446 | LR = 1.848364e-06 | grad_norm = 207.524910
  Batch 2690: loss = 2.878392 | LR = 1.845179e-06 | grad_norm = 106.655563
  Batch 2691: loss = 6.052709 | LR = 1.841997e-06 | grad_norm = 285.645770
  Batch 2692: loss = 3.798294 | LR = 1.838818e-06 | grad_norm = 129.117568
  Batch 2693: loss = 0.000000 | LR = 1.835642e-06 | grad_norm = 0.000000
  Batch 2694: loss = 2.864887 | LR = 1.832468e-06 | grad_norm = 115.836222
  Batch 2695: loss = 1.823904 | LR = 1.829296e-06 | grad_norm = 178.418033
  Batch 2696: loss = 11.388243 | LR = 1.826127e-06 | grad_norm = 490.973352
  Batch 2697: loss = 4.547510 | LR = 1.822961e-06 | grad_norm = 184.309432
  Batch 2698: loss = 4.759073 | LR = 1.819797e-06 | grad_norm = 200.412539
  Batch 2699: loss = 2.439867 | LR = 1.816636e-06 | grad_norm = 131.768707
  Batch 2700: loss = 2.788067 | LR = 1.813477e-06 | grad_norm = 136.637514
  Batch 2701: loss = 0.065786 | LR = 1.810321e-06 | grad_norm = 16.322166
  Batch 2702: loss = 0.436843 | LR = 1.807168e-06 | grad_norm = 109.516274
  Batch 2703: loss = 0.214726 | LR = 1.804017e-06 | grad_norm = 48.858406
  Batch 2704: loss = 0.184861 | LR = 1.800869e-06 | grad_norm = 49.471358
  Batch 2705: loss = 6.117496 | LR = 1.797723e-06 | grad_norm = 198.062396
  Batch 2706: loss = 0.005000 | LR = 1.794580e-06 | grad_norm = 1.421589
  Batch 2707: loss = 0.796170 | LR = 1.791440e-06 | grad_norm = 154.808401
  Batch 2708: loss = 5.106735 | LR = 1.788302e-06 | grad_norm = 117.172247
  Batch 2709: loss = 5.321130 | LR = 1.785166e-06 | grad_norm = 249.924795
  Batch 2710: loss = 4.820895 | LR = 1.782034e-06 | grad_norm = 325.693196
  Batch 2711: loss = 3.439857 | LR = 1.778903e-06 | grad_norm = 155.171484
  Batch 2712: loss = 9.043637 | LR = 1.775776e-06 | grad_norm = 406.230012
  Batch 2713: loss = 0.944084 | LR = 1.772651e-06 | grad_norm = 143.203148
  Batch 2714: loss = 2.315470 | LR = 1.769528e-06 | grad_norm = 194.664941
  Batch 2715: loss = 0.030026 | LR = 1.766408e-06 | grad_norm = 9.968130
  Batch 2716: loss = 2.953557 | LR = 1.763291e-06 | grad_norm = 140.813729
  Batch 2717: loss = 2.002350 | LR = 1.760177e-06 | grad_norm = 182.232390
  Batch 2718: loss = 0.042153 | LR = 1.757065e-06 | grad_norm = 12.030892
  Batch 2719: loss = 0.548413 | LR = 1.753955e-06 | grad_norm = 71.709854
  Batch 2720: loss = 0.001286 | LR = 1.750848e-06 | grad_norm = 0.476338
  Batch 2721: loss = 0.000002 | LR = 1.747744e-06 | grad_norm = 0.000805
  Batch 2722: loss = 7.539528 | LR = 1.744642e-06 | grad_norm = 182.608600
  Batch 2723: loss = 1.057647 | LR = 1.741543e-06 | grad_norm = 126.771473
  Batch 2724: loss = 0.000484 | LR = 1.738447e-06 | grad_norm = 0.170000
  Batch 2725: loss = 5.754541 | LR = 1.735353e-06 | grad_norm = 131.796192
  Batch 2726: loss = 0.229050 | LR = 1.732261e-06 | grad_norm = 59.116234
  Batch 2727: loss = 1.818675 | LR = 1.729173e-06 | grad_norm = 129.350808
  Batch 2728: loss = 0.100864 | LR = 1.726086e-06 | grad_norm = 33.566778
  Batch 2729: loss = 6.871273 | LR = 1.723003e-06 | grad_norm = 120.821595
  Batch 2730: loss = 0.021441 | LR = 1.719922e-06 | grad_norm = 7.896971
  Batch 2731: loss = 11.230367 | LR = 1.716844e-06 | grad_norm = 333.765692
  Batch 2732: loss = 4.735538 | LR = 1.713768e-06 | grad_norm = 178.273784
  Batch 2733: loss = 5.731802 | LR = 1.710695e-06 | grad_norm = 198.477951
  Batch 2734: loss = 5.584157 | LR = 1.707624e-06 | grad_norm = 237.271737
  Batch 2735: loss = 0.768533 | LR = 1.704556e-06 | grad_norm = 122.535612
  Batch 2736: loss = 0.000011 | LR = 1.701491e-06 | grad_norm = 0.004319
  Batch 2737: loss = 2.027326 | LR = 1.698428e-06 | grad_norm = 199.265242
  Batch 2738: loss = 0.023150 | LR = 1.695368e-06 | grad_norm = 6.381103
  Batch 2739: loss = 0.018512 | LR = 1.692310e-06 | grad_norm = 7.017062
  Batch 2740: loss = 0.653436 | LR = 1.689255e-06 | grad_norm = 106.741750
  Batch 2741: loss = 0.394536 | LR = 1.686203e-06 | grad_norm = 90.240058
  Batch 2742: loss = 0.000000 | LR = 1.683153e-06 | grad_norm = 0.000010
  Batch 2743: loss = 4.382009 | LR = 1.680106e-06 | grad_norm = 121.843316
  Batch 2744: loss = 6.157152 | LR = 1.677061e-06 | grad_norm = 265.203379
  Batch 2745: loss = 0.000000 | LR = 1.674019e-06 | grad_norm = 0.000000
  Batch 2746: loss = 5.811471 | LR = 1.670980e-06 | grad_norm = 157.291544
  Batch 2747: loss = 2.720035 | LR = 1.667943e-06 | grad_norm = 238.140086
  Batch 2748: loss = 0.226481 | LR = 1.664909e-06 | grad_norm = 41.885548
  Batch 2749: loss = 8.879773 | LR = 1.661878e-06 | grad_norm = 185.829829
  Batch 2750: loss = 0.006737 | LR = 1.658849e-06 | grad_norm = 1.719248
  Batch 2751: loss = 4.237974 | LR = 1.655823e-06 | grad_norm = 294.504456
  Batch 2752: loss = 0.000000 | LR = 1.652799e-06 | grad_norm = 0.000002
  Batch 2753: loss = 0.000453 | LR = 1.649778e-06 | grad_norm = 0.141500
  Batch 2754: loss = 0.000007 | LR = 1.646759e-06 | grad_norm = 0.003318
  Batch 2755: loss = 0.935263 | LR = 1.643743e-06 | grad_norm = 106.157977
  Batch 2756: loss = 1.942533 | LR = 1.640730e-06 | grad_norm = 112.255483
  Batch 2757: loss = 0.421752 | LR = 1.637720e-06 | grad_norm = 66.806713
  Batch 2758: loss = 0.123955 | LR = 1.634711e-06 | grad_norm = 71.039961
  Batch 2759: loss = 0.513291 | LR = 1.631706e-06 | grad_norm = 83.857929
  Batch 2760: loss = 1.085891 | LR = 1.628703e-06 | grad_norm = 158.878416
  Batch 2761: loss = 0.635306 | LR = 1.625703e-06 | grad_norm = 140.918546
  Batch 2762: loss = 4.656672 | LR = 1.622705e-06 | grad_norm = 205.275032
  Batch 2763: loss = 0.063927 | LR = 1.619711e-06 | grad_norm = 20.326018
  Batch 2764: loss = 2.135750 | LR = 1.616718e-06 | grad_norm = 140.327084
  Batch 2765: loss = 0.063740 | LR = 1.613728e-06 | grad_norm = 12.130145
  Batch 2766: loss = 0.923758 | LR = 1.610741e-06 | grad_norm = 116.047317
  Batch 2767: loss = 0.000000 | LR = 1.607757e-06 | grad_norm = 0.000000
  Batch 2768: loss = 6.183433 | LR = 1.604775e-06 | grad_norm = 276.253676
  Batch 2769: loss = 0.000743 | LR = 1.601796e-06 | grad_norm = 0.361512
  Batch 2770: loss = 0.102950 | LR = 1.598819e-06 | grad_norm = 27.183751
  Batch 2771: loss = 4.328275 | LR = 1.595845e-06 | grad_norm = 289.070110
  Batch 2772: loss = 0.041370 | LR = 1.592874e-06 | grad_norm = 13.127307
  Batch 2773: loss = 0.002737 | LR = 1.589905e-06 | grad_norm = 0.997840
  Batch 2774: loss = 0.000000 | LR = 1.586939e-06 | grad_norm = 0.000000
  Batch 2775: loss = 0.654569 | LR = 1.583975e-06 | grad_norm = 99.147086
  Batch 2776: loss = 1.062513 | LR = 1.581014e-06 | grad_norm = 187.488140
  Batch 2777: loss = 6.223520 | LR = 1.578056e-06 | grad_norm = 220.703191
  Batch 2778: loss = 7.485680 | LR = 1.575100e-06 | grad_norm = 194.710294
  Batch 2779: loss = 6.020516 | LR = 1.572147e-06 | grad_norm = 181.066516
  Batch 2780: loss = 8.052028 | LR = 1.569197e-06 | grad_norm = 163.900177
  Batch 2781: loss = 0.411702 | LR = 1.566249e-06 | grad_norm = 67.755503
  Batch 2782: loss = 5.373312 | LR = 1.563304e-06 | grad_norm = 199.394500
  Batch 2783: loss = 2.078306 | LR = 1.560361e-06 | grad_norm = 138.951899
  Batch 2784: loss = 7.466562 | LR = 1.557421e-06 | grad_norm = 264.472815
  Batch 2785: loss = 6.066220 | LR = 1.554484e-06 | grad_norm = 284.639421
  Batch 2786: loss = 0.019658 | LR = 1.551549e-06 | grad_norm = 4.487140
  Batch 2787: loss = 4.494750 | LR = 1.548617e-06 | grad_norm = 124.041121
  Batch 2788: loss = 2.138798 | LR = 1.545688e-06 | grad_norm = 155.054633
  Batch 2789: loss = 3.243941 | LR = 1.542761e-06 | grad_norm = 140.875053
  Batch 2790: loss = 2.995739 | LR = 1.539837e-06 | grad_norm = 421.421106
  Batch 2791: loss = 3.306184 | LR = 1.536915e-06 | grad_norm = 119.779479
  Batch 2792: loss = 1.642943 | LR = 1.533996e-06 | grad_norm = 175.567073
  Batch 2793: loss = 0.012704 | LR = 1.531080e-06 | grad_norm = 2.060231
  Batch 2794: loss = 2.252806 | LR = 1.528167e-06 | grad_norm = 119.605496
  Batch 2795: loss = 1.770701 | LR = 1.525256e-06 | grad_norm = 143.375856
  Batch 2796: loss = 11.224456 | LR = 1.522347e-06 | grad_norm = 324.274252
  Batch 2797: loss = 0.644317 | LR = 1.519441e-06 | grad_norm = 136.526971
  Batch 2798: loss = 3.931120 | LR = 1.516538e-06 | grad_norm = 231.381279
  Batch 2799: loss = 2.449453 | LR = 1.513638e-06 | grad_norm = 219.020854
  Batch 2800: loss = 4.738758 | LR = 1.510740e-06 | grad_norm = 129.935363
  Batch 2801: loss = 9.241629 | LR = 1.507845e-06 | grad_norm = 261.583503
  Batch 2802: loss = 5.265926 | LR = 1.504952e-06 | grad_norm = 380.173865
  Batch 2803: loss = 0.158046 | LR = 1.502062e-06 | grad_norm = 42.719060
  Batch 2804: loss = 6.132096 | LR = 1.499175e-06 | grad_norm = 192.340688
  Batch 2805: loss = 6.785898 | LR = 1.496290e-06 | grad_norm = 155.990459
  Batch 2806: loss = 7.448867 | LR = 1.493408e-06 | grad_norm = 201.497696
  Batch 2807: loss = 0.569240 | LR = 1.490529e-06 | grad_norm = 59.932973
  Batch 2808: loss = 6.079262 | LR = 1.487652e-06 | grad_norm = 202.574102
  Batch 2809: loss = 8.569350 | LR = 1.484778e-06 | grad_norm = 488.984246
  Batch 2810: loss = 2.450290 | LR = 1.481907e-06 | grad_norm = 253.812504
  Batch 2811: loss = 1.623986 | LR = 1.479038e-06 | grad_norm = 182.069521
  Batch 2812: loss = 1.995868 | LR = 1.476172e-06 | grad_norm = 127.612305
  Batch 2813: loss = 0.098503 | LR = 1.473308e-06 | grad_norm = 14.963642
  Batch 2814: loss = 0.047338 | LR = 1.470447e-06 | grad_norm = 7.160641
  Batch 2815: loss = 0.005651 | LR = 1.467589e-06 | grad_norm = 2.055714
  Batch 2816: loss = 0.080275 | LR = 1.464734e-06 | grad_norm = 16.701033
  Batch 2817: loss = 0.086970 | LR = 1.461881e-06 | grad_norm = 21.947370
  Batch 2818: loss = 4.017623 | LR = 1.459030e-06 | grad_norm = 261.150492
  Batch 2819: loss = 6.271306 | LR = 1.456183e-06 | grad_norm = 159.353167
  Batch 2820: loss = 0.000022 | LR = 1.453338e-06 | grad_norm = 0.009974
  Batch 2821: loss = 5.049050 | LR = 1.450495e-06 | grad_norm = 163.290080
  Batch 2822: loss = 9.317767 | LR = 1.447656e-06 | grad_norm = 228.812110
  Batch 2823: loss = 0.000138 | LR = 1.444818e-06 | grad_norm = 0.059357
  Batch 2824: loss = 5.901355 | LR = 1.441984e-06 | grad_norm = 169.556233
  Batch 2825: loss = 1.721292 | LR = 1.439152e-06 | grad_norm = 225.719749
  Batch 2826: loss = 6.750686 | LR = 1.436323e-06 | grad_norm = 163.770880
  Batch 2827: loss = 1.596352 | LR = 1.433497e-06 | grad_norm = 157.576986
  Batch 2828: loss = 2.921199 | LR = 1.430673e-06 | grad_norm = 300.343169
  Batch 2829: loss = 0.847358 | LR = 1.427852e-06 | grad_norm = 98.684206
  Batch 2830: loss = 0.299323 | LR = 1.425033e-06 | grad_norm = 63.996734
  Batch 2831: loss = 0.000000 | LR = 1.422217e-06 | grad_norm = 0.000020
  Batch 2832: loss = 0.032644 | LR = 1.419404e-06 | grad_norm = 9.627815
  Batch 2833: loss = 3.633345 | LR = 1.416593e-06 | grad_norm = 116.195831
  Batch 2834: loss = 2.766071 | LR = 1.413786e-06 | grad_norm = 146.111834
  Batch 2835: loss = 0.155096 | LR = 1.410980e-06 | grad_norm = 33.899898
  Batch 2836: loss = 2.252515 | LR = 1.408178e-06 | grad_norm = 151.145712
  Batch 2837: loss = 2.119064 | LR = 1.405378e-06 | grad_norm = 273.348486
  Batch 2838: loss = 7.379151 | LR = 1.402580e-06 | grad_norm = 319.243864
  Batch 2839: loss = 7.608678 | LR = 1.399786e-06 | grad_norm = 243.331700
  Batch 2840: loss = 4.329210 | LR = 1.396994e-06 | grad_norm = 202.503049
  Batch 2841: loss = 2.263787 | LR = 1.394204e-06 | grad_norm = 358.407131
  Batch 2842: loss = 3.459360 | LR = 1.391418e-06 | grad_norm = 250.809096
  Batch 2843: loss = 0.062200 | LR = 1.388634e-06 | grad_norm = 11.235965
  Batch 2844: loss = 0.323191 | LR = 1.385852e-06 | grad_norm = 53.184799
  Batch 2845: loss = 0.002318 | LR = 1.383074e-06 | grad_norm = 0.912723
  Batch 2846: loss = 1.845275 | LR = 1.380298e-06 | grad_norm = 151.333307
  Batch 2847: loss = 8.130032 | LR = 1.377524e-06 | grad_norm = 489.929243
  Batch 2848: loss = 0.000003 | LR = 1.374754e-06 | grad_norm = 0.001564
  Batch 2849: loss = 4.782406 | LR = 1.371986e-06 | grad_norm = 233.290334
  Batch 2850: loss = 0.257739 | LR = 1.369220e-06 | grad_norm = 100.397628
  Batch 2851: loss = 4.483819 | LR = 1.366457e-06 | grad_norm = 254.476109
  Batch 2852: loss = 5.204649 | LR = 1.363697e-06 | grad_norm = 159.865696
  Batch 2853: loss = 5.503508 | LR = 1.360940e-06 | grad_norm = 321.347739
  Batch 2854: loss = 3.563240 | LR = 1.358185e-06 | grad_norm = 156.756955
  Batch 2855: loss = 0.000580 | LR = 1.355433e-06 | grad_norm = 0.200515
  Batch 2856: loss = 1.560774 | LR = 1.352684e-06 | grad_norm = 199.629793
  Batch 2857: loss = 0.907785 | LR = 1.349937e-06 | grad_norm = 196.933548
  Batch 2858: loss = 6.848270 | LR = 1.347193e-06 | grad_norm = 150.636619
  Batch 2859: loss = 2.017085 | LR = 1.344451e-06 | grad_norm = 210.149378
  Batch 2860: loss = 0.000000 | LR = 1.341713e-06 | grad_norm = 0.000000
  Batch 2861: loss = 1.969049 | LR = 1.338977e-06 | grad_norm = 208.983223
  Batch 2862: loss = 0.279908 | LR = 1.336243e-06 | grad_norm = 74.105964
  Batch 2863: loss = 0.448184 | LR = 1.333512e-06 | grad_norm = 105.115290
  Batch 2864: loss = 3.347645 | LR = 1.330784e-06 | grad_norm = 121.120649
  Batch 2865: loss = 3.171522 | LR = 1.328059e-06 | grad_norm = 290.832173
  Batch 2866: loss = 0.720936 | LR = 1.325336e-06 | grad_norm = 62.817106
  Batch 2867: loss = 3.625947 | LR = 1.322616e-06 | grad_norm = 144.642519
  Batch 2868: loss = 7.306798 | LR = 1.319899e-06 | grad_norm = 170.381121
  Batch 2869: loss = 0.000064 | LR = 1.317184e-06 | grad_norm = 0.024766
  Batch 2870: loss = 6.366487 | LR = 1.314472e-06 | grad_norm = 153.229477
  Batch 2871: loss = 6.265157 | LR = 1.311763e-06 | grad_norm = 178.220045
  Batch 2872: loss = 9.102695 | LR = 1.309056e-06 | grad_norm = 141.122880
  Batch 2873: loss = 0.261723 | LR = 1.306352e-06 | grad_norm = 50.238545
  Batch 2874: loss = 0.041085 | LR = 1.303650e-06 | grad_norm = 9.519289
  Batch 2875: loss = 6.489584 | LR = 1.300952e-06 | grad_norm = 159.720059
  Batch 2876: loss = 0.199479 | LR = 1.298256e-06 | grad_norm = 45.826442
  Batch 2877: loss = 0.480435 | LR = 1.295562e-06 | grad_norm = 65.322368
  Batch 2878: loss = 0.070485 | LR = 1.292872e-06 | grad_norm = 19.195973
  Batch 2879: loss = 0.123771 | LR = 1.290184e-06 | grad_norm = 30.536955
  Batch 2880: loss = 1.869012 | LR = 1.287498e-06 | grad_norm = 150.528177
  Batch 2881: loss = 0.155888 | LR = 1.284816e-06 | grad_norm = 40.903053
  Batch 2882: loss = 5.277861 | LR = 1.282136e-06 | grad_norm = 166.657151
  Batch 2883: loss = 7.053188 | LR = 1.279459e-06 | grad_norm = 176.785531
  Batch 2884: loss = 0.073257 | LR = 1.276784e-06 | grad_norm = 15.423872
  Batch 2885: loss = 5.386166 | LR = 1.274112e-06 | grad_norm = 193.791604
  Batch 2886: loss = 5.487352 | LR = 1.271443e-06 | grad_norm = 103.507538
  Batch 2887: loss = 7.130970 | LR = 1.268776e-06 | grad_norm = 131.928278
  Batch 2888: loss = 10.707369 | LR = 1.266112e-06 | grad_norm = 429.848745
  Batch 2889: loss = 3.051972 | LR = 1.263451e-06 | grad_norm = 158.379249
  Batch 2890: loss = 0.000239 | LR = 1.260793e-06 | grad_norm = 0.083707
  Batch 2891: loss = 0.293571 | LR = 1.258137e-06 | grad_norm = 73.735191
  Batch 2892: loss = 1.437053 | LR = 1.255484e-06 | grad_norm = 160.958145
  Batch 2893: loss = 0.683222 | LR = 1.252833e-06 | grad_norm = 97.632237
  Batch 2894: loss = 3.412000 | LR = 1.250185e-06 | grad_norm = 177.304232
  Batch 2895: loss = 3.977080 | LR = 1.247540e-06 | grad_norm = 236.929830
  Batch 2896: loss = 6.467074 | LR = 1.244898e-06 | grad_norm = 110.258486
  Batch 2897: loss = 0.798185 | LR = 1.242258e-06 | grad_norm = 137.085528
  Batch 2898: loss = 9.250987 | LR = 1.239621e-06 | grad_norm = 476.641605
  Batch 2899: loss = 0.100074 | LR = 1.236987e-06 | grad_norm = 20.722115
  Batch 2900: loss = 0.099737 | LR = 1.234355e-06 | grad_norm = 18.470621
  Batch 2901: loss = 0.000000 | LR = 1.231726e-06 | grad_norm = 0.000000
  Batch 2902: loss = 6.117194 | LR = 1.229100e-06 | grad_norm = 159.399862
  Batch 2903: loss = 0.000195 | LR = 1.226476e-06 | grad_norm = 0.125671
  Batch 2904: loss = 5.009526 | LR = 1.223855e-06 | grad_norm = 257.222822
  Batch 2905: loss = 4.450560 | LR = 1.221237e-06 | grad_norm = 232.220263
  Batch 2906: loss = 0.071347 | LR = 1.218622e-06 | grad_norm = 14.871116
  Batch 2907: loss = 0.837373 | LR = 1.216009e-06 | grad_norm = 93.004754
  Batch 2908: loss = 0.776728 | LR = 1.213399e-06 | grad_norm = 87.207882
  Batch 2909: loss = 0.000166 | LR = 1.210791e-06 | grad_norm = 0.049701
  Batch 2910: loss = 0.185273 | LR = 1.208186e-06 | grad_norm = 55.997869
  Batch 2911: loss = 0.318953 | LR = 1.205584e-06 | grad_norm = 93.995822
  Batch 2912: loss = 5.640850 | LR = 1.202985e-06 | grad_norm = 146.893221
  Batch 2913: loss = 0.000000 | LR = 1.200388e-06 | grad_norm = 0.000126
  Batch 2914: loss = 0.491146 | LR = 1.197794e-06 | grad_norm = 117.554972
  Batch 2915: loss = 0.197257 | LR = 1.195203e-06 | grad_norm = 44.188598
  Batch 2916: loss = 0.008508 | LR = 1.192614e-06 | grad_norm = 4.013056
  Batch 2917: loss = 0.034890 | LR = 1.190028e-06 | grad_norm = 9.876831
  Batch 2918: loss = 7.121175 | LR = 1.187445e-06 | grad_norm = 315.817590
  Batch 2919: loss = 4.592046 | LR = 1.184865e-06 | grad_norm = 152.586879
  Batch 2920: loss = 9.503883 | LR = 1.182287e-06 | grad_norm = 255.217258
  Batch 2921: loss = 0.000027 | LR = 1.179712e-06 | grad_norm = 0.010617
  Batch 2922: loss = 2.480826 | LR = 1.177139e-06 | grad_norm = 188.597810
  Batch 2923: loss = 5.120745 | LR = 1.174569e-06 | grad_norm = 175.482664
  Batch 2924: loss = 1.592195 | LR = 1.172002e-06 | grad_norm = 229.263576
  Batch 2925: loss = 0.000151 | LR = 1.169438e-06 | grad_norm = 0.072760
  Batch 2926: loss = 0.131519 | LR = 1.166876e-06 | grad_norm = 19.080063
  Batch 2927: loss = 2.547786 | LR = 1.164318e-06 | grad_norm = 203.466272
  Batch 2928: loss = 4.332014 | LR = 1.161761e-06 | grad_norm = 251.759332
  Batch 2929: loss = 2.330137 | LR = 1.159208e-06 | grad_norm = 238.023952
  Batch 2930: loss = 2.033477 | LR = 1.156657e-06 | grad_norm = 179.570975
  Batch 2931: loss = 0.009401 | LR = 1.154109e-06 | grad_norm = 3.996639
  Batch 2932: loss = 5.555286 | LR = 1.151563e-06 | grad_norm = 247.500060
  Batch 2933: loss = 1.891826 | LR = 1.149021e-06 | grad_norm = 122.201942
  Batch 2934: loss = 0.195282 | LR = 1.146481e-06 | grad_norm = 38.322888
  Batch 2935: loss = 3.404510 | LR = 1.143943e-06 | grad_norm = 123.715630
  Batch 2936: loss = 0.321183 | LR = 1.141409e-06 | grad_norm = 53.687038
  Batch 2937: loss = 0.133839 | LR = 1.138877e-06 | grad_norm = 20.165697
  Batch 2938: loss = 2.388441 | LR = 1.136347e-06 | grad_norm = 451.756515
  Batch 2939: loss = 0.636006 | LR = 1.133821e-06 | grad_norm = 87.806187
  Batch 2940: loss = 0.000208 | LR = 1.131297e-06 | grad_norm = 0.066773
  Batch 2941: loss = 1.897156 | LR = 1.128776e-06 | grad_norm = 155.111004
  Batch 2942: loss = 4.259735 | LR = 1.126258e-06 | grad_norm = 127.770643
  Batch 2943: loss = 3.673430 | LR = 1.123742e-06 | grad_norm = 370.436556
  Batch 2944: loss = 1.093340 | LR = 1.121229e-06 | grad_norm = 242.236667
  Batch 2945: loss = 0.000000 | LR = 1.118719e-06 | grad_norm = 0.000000
  Batch 2946: loss = 0.611733 | LR = 1.116211e-06 | grad_norm = 96.575506
  Batch 2947: loss = 6.393940 | LR = 1.113706e-06 | grad_norm = 143.097148
  Batch 2948: loss = 0.003277 | LR = 1.111204e-06 | grad_norm = 1.215540
  Batch 2949: loss = 0.000003 | LR = 1.108705e-06 | grad_norm = 0.001460
  Batch 2950: loss = 0.154224 | LR = 1.106208e-06 | grad_norm = 36.260737
  Batch 2951: loss = 3.347042 | LR = 1.103714e-06 | grad_norm = 149.819399
  Batch 2952: loss = 0.919464 | LR = 1.101223e-06 | grad_norm = 116.658721
  Batch 2953: loss = 2.312813 | LR = 1.098734e-06 | grad_norm = 187.854646
  Batch 2954: loss = 2.846117 | LR = 1.096248e-06 | grad_norm = 162.692530
  Batch 2955: loss = 4.704050 | LR = 1.093765e-06 | grad_norm = 211.550969
  Batch 2956: loss = 3.424212 | LR = 1.091285e-06 | grad_norm = 315.302130
  Batch 2957: loss = 1.094130 | LR = 1.088807e-06 | grad_norm = 197.597337
  Batch 2958: loss = 0.061868 | LR = 1.086332e-06 | grad_norm = 26.270417
  Batch 2959: loss = 3.582895 | LR = 1.083860e-06 | grad_norm = 347.335074
  Batch 2960: loss = 0.140787 | LR = 1.081390e-06 | grad_norm = 23.109945
  Batch 2961: loss = 0.000066 | LR = 1.078923e-06 | grad_norm = 0.028785
  Batch 2962: loss = 0.188526 | LR = 1.076459e-06 | grad_norm = 38.950841
  Batch 2963: loss = 0.284686 | LR = 1.073998e-06 | grad_norm = 59.315235
  Batch 2964: loss = 0.451783 | LR = 1.071539e-06 | grad_norm = 104.042304
  Batch 2965: loss = 0.000000 | LR = 1.069083e-06 | grad_norm = 0.000175
  Batch 2966: loss = 0.025644 | LR = 1.066630e-06 | grad_norm = 7.898734
  Batch 2967: loss = 4.942095 | LR = 1.064179e-06 | grad_norm = 210.218178
  Batch 2968: loss = 4.453674 | LR = 1.061731e-06 | grad_norm = 399.998447
  Batch 2969: loss = 7.753525 | LR = 1.059286e-06 | grad_norm = 157.217344
  Batch 2970: loss = 7.046469 | LR = 1.056844e-06 | grad_norm = 298.050268
  Batch 2971: loss = 0.004843 | LR = 1.054404e-06 | grad_norm = 1.960447
  Batch 2972: loss = 5.431887 | LR = 1.051967e-06 | grad_norm = 226.967868
  Batch 2973: loss = 3.790586 | LR = 1.049533e-06 | grad_norm = 153.407769
  Batch 2974: loss = 3.993903 | LR = 1.047101e-06 | grad_norm = 166.284157
  Batch 2975: loss = 3.477628 | LR = 1.044673e-06 | grad_norm = 165.520861
  Batch 2976: loss = 0.000288 | LR = 1.042247e-06 | grad_norm = 0.129155
  Batch 2977: loss = 0.430970 | LR = 1.039823e-06 | grad_norm = 121.809404
  Batch 2978: loss = 2.370465 | LR = 1.037403e-06 | grad_norm = 181.035172
  Batch 2979: loss = 4.687696 | LR = 1.034985e-06 | grad_norm = 313.137622
  Batch 2980: loss = 3.258767 | LR = 1.032570e-06 | grad_norm = 240.054920
  Batch 2981: loss = 4.893421 | LR = 1.030157e-06 | grad_norm = 133.398350
  Batch 2982: loss = 3.729131 | LR = 1.027747e-06 | grad_norm = 353.821615
  Batch 2983: loss = 0.000002 | LR = 1.025340e-06 | grad_norm = 0.001108
  Batch 2984: loss = 3.422141 | LR = 1.022936e-06 | grad_norm = 156.913213
  Batch 2985: loss = 0.218534 | LR = 1.020535e-06 | grad_norm = 33.662625
  Batch 2986: loss = 3.963675 | LR = 1.018136e-06 | grad_norm = 124.440528
  Batch 2987: loss = 2.738184 | LR = 1.015740e-06 | grad_norm = 110.646922
  Batch 2988: loss = 6.704232 | LR = 1.013346e-06 | grad_norm = 285.789662
  Batch 2989: loss = 0.000000 | LR = 1.010956e-06 | grad_norm = 0.000154
  Batch 2990: loss = 0.098630 | LR = 1.008568e-06 | grad_norm = 55.903801
  Batch 2991: loss = 2.708724 | LR = 1.006183e-06 | grad_norm = 211.074990
  Batch 2992: loss = 0.147708 | LR = 1.003800e-06 | grad_norm = 30.144763
  Batch 2993: loss = 0.916261 | LR = 1.001420e-06 | grad_norm = 115.892484
  Batch 2994: loss = 0.010493 | LR = 9.990434e-07 | grad_norm = 2.913334
  Batch 2995: loss = 0.426627 | LR = 9.966691e-07 | grad_norm = 92.352012
  Batch 2996: loss = 1.598596 | LR = 9.942976e-07 | grad_norm = 201.419806
  Batch 2997: loss = 0.000000 | LR = 9.919288e-07 | grad_norm = 0.000000
  Batch 2998: loss = 0.000321 | LR = 9.895627e-07 | grad_norm = 0.118015
  Batch 2999: loss = 0.854913 | LR = 9.871994e-07 | grad_norm = 195.109427
  Batch 3000: loss = 1.211122 | LR = 9.848388e-07 | grad_norm = 127.761095
  Batch 3001: loss = 0.000011 | LR = 9.824809e-07 | grad_norm = 0.005147
  Batch 3002: loss = 0.186372 | LR = 9.801258e-07 | grad_norm = 32.364264
  Batch 3003: loss = 2.935092 | LR = 9.777734e-07 | grad_norm = 142.605061
  Batch 3004: loss = 4.292780 | LR = 9.754238e-07 | grad_norm = 192.861346
  Batch 3005: loss = 1.412402 | LR = 9.730769e-07 | grad_norm = 157.352885
  Batch 3006: loss = 0.001328 | LR = 9.707327e-07 | grad_norm = 0.609591
  Batch 3007: loss = 0.680757 | LR = 9.683912e-07 | grad_norm = 93.753308
  Batch 3008: loss = 7.676672 | LR = 9.660525e-07 | grad_norm = 158.140350
  Batch 3009: loss = 3.824129 | LR = 9.637166e-07 | grad_norm = 208.568736
  Batch 3010: loss = 1.551287 | LR = 9.613833e-07 | grad_norm = 269.725612
  Batch 3011: loss = 1.865027 | LR = 9.590528e-07 | grad_norm = 161.055588
  Batch 3012: loss = 3.889886 | LR = 9.567251e-07 | grad_norm = 217.052454
  Batch 3013: loss = 0.000000 | LR = 9.544000e-07 | grad_norm = 0.000000
  Batch 3014: loss = 6.630937 | LR = 9.520778e-07 | grad_norm = 97.335301
  Batch 3015: loss = 1.563842 | LR = 9.497582e-07 | grad_norm = 204.337376
  Batch 3016: loss = 6.273834 | LR = 9.474414e-07 | grad_norm = 313.459365
  Batch 3017: loss = 0.006217 | LR = 9.451274e-07 | grad_norm = 2.060143
  Batch 3018: loss = 0.000098 | LR = 9.428161e-07 | grad_norm = 0.040850
  Batch 3019: loss = 6.201317 | LR = 9.405075e-07 | grad_norm = 183.817814
  Batch 3020: loss = 2.917561 | LR = 9.382016e-07 | grad_norm = 189.065822
  Batch 3021: loss = 0.098155 | LR = 9.358986e-07 | grad_norm = 34.953631
  Batch 3022: loss = 2.577296 | LR = 9.335982e-07 | grad_norm = 170.698235
  Batch 3023: loss = 3.745630 | LR = 9.313006e-07 | grad_norm = 177.024954
  Batch 3024: loss = 0.006138 | LR = 9.290057e-07 | grad_norm = 1.888684
  Batch 3025: loss = 0.073384 | LR = 9.267136e-07 | grad_norm = 16.570911
  Batch 3026: loss = 4.849510 | LR = 9.244243e-07 | grad_norm = 182.377745
  Batch 3027: loss = 1.658599 | LR = 9.221376e-07 | grad_norm = 158.198048
  Batch 3028: loss = 0.000051 | LR = 9.198538e-07 | grad_norm = 0.016382
  Batch 3029: loss = 0.069856 | LR = 9.175726e-07 | grad_norm = 26.527529
  Batch 3030: loss = 0.310731 | LR = 9.152942e-07 | grad_norm = 78.848036
  Batch 3031: loss = 0.001511 | LR = 9.130186e-07 | grad_norm = 0.551270
  Batch 3032: loss = 0.000019 | LR = 9.107457e-07 | grad_norm = 0.008457
  Batch 3033: loss = 0.001686 | LR = 9.084756e-07 | grad_norm = 0.440178
  Batch 3034: loss = 4.526121 | LR = 9.062082e-07 | grad_norm = 162.034934
  Batch 3035: loss = 0.955732 | LR = 9.039435e-07 | grad_norm = 289.541988
  Batch 3036: loss = 2.370756 | LR = 9.016816e-07 | grad_norm = 187.883076
  Batch 3037: loss = 2.409847 | LR = 8.994225e-07 | grad_norm = 132.619183
  Batch 3038: loss = 1.324195 | LR = 8.971661e-07 | grad_norm = 98.110897
  Batch 3039: loss = 4.552355 | LR = 8.949124e-07 | grad_norm = 164.988476
  Batch 3040: loss = 6.010312 | LR = 8.926615e-07 | grad_norm = 118.689026
  Batch 3041: loss = 7.552452 | LR = 8.904134e-07 | grad_norm = 233.199103
  Batch 3042: loss = 2.535375 | LR = 8.881680e-07 | grad_norm = 296.549533
  Batch 3043: loss = 0.194127 | LR = 8.859253e-07 | grad_norm = 59.829289
  Batch 3044: loss = 0.020499 | LR = 8.836854e-07 | grad_norm = 7.875568
  Batch 3045: loss = 0.001018 | LR = 8.814483e-07 | grad_norm = 0.317376
  Batch 3046: loss = 0.000545 | LR = 8.792139e-07 | grad_norm = 0.139899
  Batch 3047: loss = 4.212581 | LR = 8.769823e-07 | grad_norm = 177.828789
  Batch 3048: loss = 0.000149 | LR = 8.747534e-07 | grad_norm = 0.071048
  Batch 3049: loss = 4.380017 | LR = 8.725273e-07 | grad_norm = 165.734190
  Batch 3050: loss = 5.516830 | LR = 8.703039e-07 | grad_norm = 153.800372
  Batch 3051: loss = 0.000000 | LR = 8.680833e-07 | grad_norm = 0.000000
  Batch 3052: loss = 1.597955 | LR = 8.658654e-07 | grad_norm = 151.349733
  Batch 3053: loss = 7.838292 | LR = 8.636503e-07 | grad_norm = 263.612855
  Batch 3054: loss = 0.756044 | LR = 8.614380e-07 | grad_norm = 116.109531
  Batch 3055: loss = 4.985270 | LR = 8.592284e-07 | grad_norm = 161.475774
  Batch 3056: loss = 0.625680 | LR = 8.570215e-07 | grad_norm = 97.953246
  Batch 3057: loss = 0.014568 | LR = 8.548175e-07 | grad_norm = 2.681269
  Batch 3058: loss = 4.427908 | LR = 8.526161e-07 | grad_norm = 142.825240
  Batch 3059: loss = 5.122469 | LR = 8.504176e-07 | grad_norm = 150.509677
  Batch 3060: loss = 4.848187 | LR = 8.482218e-07 | grad_norm = 174.083480
  Batch 3061: loss = 4.279198 | LR = 8.460288e-07 | grad_norm = 143.734688
  Batch 3062: loss = 4.134087 | LR = 8.438385e-07 | grad_norm = 132.283737
  Batch 3063: loss = 4.261941 | LR = 8.416510e-07 | grad_norm = 183.987662
  Batch 3064: loss = 6.621801 | LR = 8.394662e-07 | grad_norm = 106.883750
  Batch 3065: loss = 2.486789 | LR = 8.372842e-07 | grad_norm = 170.622397
  Batch 3066: loss = 3.748605 | LR = 8.351050e-07 | grad_norm = 233.855548
  Batch 3067: loss = 3.178406 | LR = 8.329285e-07 | grad_norm = 246.671401
  Batch 3068: loss = 3.214569 | LR = 8.307548e-07 | grad_norm = 136.703707
  Batch 3069: loss = 0.000000 | LR = 8.285838e-07 | grad_norm = 0.000000
  Batch 3070: loss = 1.609930 | LR = 8.264156e-07 | grad_norm = 251.911608
  Batch 3071: loss = 0.000000 | LR = 8.242502e-07 | grad_norm = 0.000000
  Batch 3072: loss = 0.005294 | LR = 8.220875e-07 | grad_norm = 1.713048
  Batch 3073: loss = 6.293336 | LR = 8.199277e-07 | grad_norm = 250.716926
  Batch 3074: loss = 1.817098 | LR = 8.177705e-07 | grad_norm = 141.756706
  Batch 3075: loss = 0.071413 | LR = 8.156162e-07 | grad_norm = 17.250393
  Batch 3076: loss = 4.330810 | LR = 8.134646e-07 | grad_norm = 274.412502
  Batch 3077: loss = 0.024933 | LR = 8.113157e-07 | grad_norm = 7.141924
  Batch 3078: loss = 6.238117 | LR = 8.091697e-07 | grad_norm = 281.905673
  Batch 3079: loss = 2.008150 | LR = 8.070264e-07 | grad_norm = 188.806185
  Batch 3080: loss = 3.054007 | LR = 8.048858e-07 | grad_norm = 173.433435
  Batch 3081: loss = 0.845959 | LR = 8.027480e-07 | grad_norm = 142.692050
  Batch 3082: loss = 6.002462 | LR = 8.006131e-07 | grad_norm = 186.894575
  Batch 3083: loss = 17.031376 | LR = 7.984808e-07 | grad_norm = 429.946387
  Batch 3084: loss = 0.525362 | LR = 7.963514e-07 | grad_norm = 64.775634
  Batch 3085: loss = 0.000000 | LR = 7.942247e-07 | grad_norm = 0.000001
  Batch 3086: loss = 0.755624 | LR = 7.921007e-07 | grad_norm = 96.093802
  Batch 3087: loss = 3.525188 | LR = 7.899796e-07 | grad_norm = 162.202681
  Batch 3088: loss = 0.000000 | LR = 7.878612e-07 | grad_norm = 0.000000
  Batch 3089: loss = 8.458890 | LR = 7.857456e-07 | grad_norm = 141.304058
  Batch 3090: loss = 2.460921 | LR = 7.836327e-07 | grad_norm = 152.113627
  Batch 3091: loss = 3.515627 | LR = 7.815227e-07 | grad_norm = 142.360738
  Batch 3092: loss = 0.000018 | LR = 7.794154e-07 | grad_norm = 0.005241
  Batch 3093: loss = 4.307931 | LR = 7.773109e-07 | grad_norm = 138.536367
  Batch 3094: loss = 0.344754 | LR = 7.752091e-07 | grad_norm = 104.245872
  Batch 3095: loss = 0.000109 | LR = 7.731101e-07 | grad_norm = 0.047936
  Batch 3096: loss = 3.285284 | LR = 7.710139e-07 | grad_norm = 245.865632
  Batch 3097: loss = 0.000000 | LR = 7.689205e-07 | grad_norm = 0.000000
  Batch 3098: loss = 3.530598 | LR = 7.668298e-07 | grad_norm = 235.131917
  Batch 3099: loss = 5.893102 | LR = 7.647419e-07 | grad_norm = 352.947661
  Batch 3100: loss = 0.844247 | LR = 7.626568e-07 | grad_norm = 104.808795
  Batch 3101: loss = 7.145802 | LR = 7.605745e-07 | grad_norm = 163.832171
  Batch 3102: loss = 6.662854 | LR = 7.584949e-07 | grad_norm = 381.704955
  Batch 3103: loss = 0.000170 | LR = 7.564181e-07 | grad_norm = 0.061802
  Batch 3104: loss = 5.828764 | LR = 7.543441e-07 | grad_norm = 173.024015
  Batch 3105: loss = 0.008851 | LR = 7.522729e-07 | grad_norm = 2.361031
  Batch 3106: loss = 0.000497 | LR = 7.502045e-07 | grad_norm = 0.163666
  Batch 3107: loss = 0.006672 | LR = 7.481388e-07 | grad_norm = 1.871136
  Batch 3108: loss = 0.000000 | LR = 7.460759e-07 | grad_norm = 0.000000
  Batch 3109: loss = 0.000000 | LR = 7.440158e-07 | grad_norm = 0.000001
  Batch 3110: loss = 1.039315 | LR = 7.419584e-07 | grad_norm = 117.411480
  Batch 3111: loss = 3.982605 | LR = 7.399039e-07 | grad_norm = 125.755182
  Batch 3112: loss = 0.002514 | LR = 7.378521e-07 | grad_norm = 1.264813
  Batch 3113: loss = 8.646784 | LR = 7.358031e-07 | grad_norm = 356.819406
  Batch 3114: loss = 0.677724 | LR = 7.337569e-07 | grad_norm = 209.854516
  Batch 3115: loss = 0.218061 | LR = 7.317134e-07 | grad_norm = 41.625548
  Batch 3116: loss = 0.000001 | LR = 7.296728e-07 | grad_norm = 0.000268
  Batch 3117: loss = 6.238273 | LR = 7.276349e-07 | grad_norm = 322.242679
  Batch 3118: loss = 4.597482 | LR = 7.255998e-07 | grad_norm = 188.200099
  Batch 3119: loss = 5.654511 | LR = 7.235675e-07 | grad_norm = 189.912670
  Batch 3120: loss = 5.249262 | LR = 7.215380e-07 | grad_norm = 294.666014
  Batch 3121: loss = 0.003606 | LR = 7.195112e-07 | grad_norm = 1.144506
  Batch 3122: loss = 1.323977 | LR = 7.174873e-07 | grad_norm = 219.767788
  Batch 3123: loss = 0.027835 | LR = 7.154661e-07 | grad_norm = 9.998016
  Batch 3124: loss = 6.147687 | LR = 7.134477e-07 | grad_norm = 271.129045
  Batch 3125: loss = 4.312182 | LR = 7.114321e-07 | grad_norm = 250.599692
  Batch 3126: loss = 1.285836 | LR = 7.094192e-07 | grad_norm = 158.416517
  Batch 3127: loss = 1.501414 | LR = 7.074092e-07 | grad_norm = 163.607855
  Batch 3128: loss = 0.383545 | LR = 7.054019e-07 | grad_norm = 68.786383
  Batch 3129: loss = 0.183970 | LR = 7.033975e-07 | grad_norm = 44.960439
  Batch 3130: loss = 2.928630 | LR = 7.013958e-07 | grad_norm = 146.485894
  Batch 3131: loss = 5.868752 | LR = 6.993969e-07 | grad_norm = 233.481346
  Batch 3132: loss = 6.110429 | LR = 6.974008e-07 | grad_norm = 303.712982
  Batch 3133: loss = 0.167887 | LR = 6.954075e-07 | grad_norm = 36.224602
  Batch 3134: loss = 0.000732 | LR = 6.934169e-07 | grad_norm = 0.296698
  Batch 3135: loss = 1.996208 | LR = 6.914292e-07 | grad_norm = 114.829059
  Batch 3136: loss = 0.000345 | LR = 6.894442e-07 | grad_norm = 0.116861
  Batch 3137: loss = 3.241593 | LR = 6.874621e-07 | grad_norm = 165.937989
  Batch 3138: loss = 0.944973 | LR = 6.854827e-07 | grad_norm = 136.214064
  Batch 3139: loss = 6.378545 | LR = 6.835061e-07 | grad_norm = 187.026937
  Batch 3140: loss = 4.393896 | LR = 6.815323e-07 | grad_norm = 209.910441
  Batch 3141: loss = 1.930147 | LR = 6.795613e-07 | grad_norm = 168.981537
  Batch 3142: loss = 0.076973 | LR = 6.775931e-07 | grad_norm = 20.760486
  Batch 3143: loss = 2.400272 | LR = 6.756277e-07 | grad_norm = 311.392926
  Batch 3144: loss = 1.706300 | LR = 6.736650e-07 | grad_norm = 182.948693
  Batch 3145: loss = 4.902271 | LR = 6.717052e-07 | grad_norm = 326.866328
  Batch 3146: loss = 5.458213 | LR = 6.697481e-07 | grad_norm = 171.923410
  Batch 3147: loss = 6.912634 | LR = 6.677939e-07 | grad_norm = 236.363147
  Batch 3148: loss = 2.834055 | LR = 6.658424e-07 | grad_norm = 164.963554
  Batch 3149: loss = 1.233740 | LR = 6.638937e-07 | grad_norm = 135.178388
  Batch 3150: loss = 1.752857 | LR = 6.619479e-07 | grad_norm = 116.899485
  Batch 3151: loss = 2.019818 | LR = 6.600048e-07 | grad_norm = 151.279220
  Batch 3152: loss = 6.381978 | LR = 6.580645e-07 | grad_norm = 460.925598
  Batch 3153: loss = 2.778183 | LR = 6.561270e-07 | grad_norm = 168.752338
  Batch 3154: loss = 0.000140 | LR = 6.541923e-07 | grad_norm = 0.070899
  Batch 3155: loss = 2.105275 | LR = 6.522604e-07 | grad_norm = 183.736282
  Batch 3156: loss = 4.665443 | LR = 6.503313e-07 | grad_norm = 232.386378
  Batch 3157: loss = 2.045611 | LR = 6.484050e-07 | grad_norm = 118.492584
  Batch 3158: loss = 5.403413 | LR = 6.464815e-07 | grad_norm = 150.633275
  Batch 3159: loss = 1.886770 | LR = 6.445608e-07 | grad_norm = 130.575253
  Batch 3160: loss = 2.144595 | LR = 6.426429e-07 | grad_norm = 141.300790
  Batch 3161: loss = 5.139654 | LR = 6.407277e-07 | grad_norm = 181.789802
  Batch 3162: loss = 6.407853 | LR = 6.388154e-07 | grad_norm = 313.041934
  Batch 3163: loss = 4.779016 | LR = 6.369059e-07 | grad_norm = 212.849889
  Batch 3164: loss = 0.419820 | LR = 6.349992e-07 | grad_norm = 128.288811
  Batch 3165: loss = 6.474487 | LR = 6.330952e-07 | grad_norm = 412.328715
  Batch 3166: loss = 4.049962 | LR = 6.311941e-07 | grad_norm = 142.564878
  Batch 3167: loss = 0.375766 | LR = 6.292958e-07 | grad_norm = 110.313626
  Batch 3168: loss = 0.017661 | LR = 6.274003e-07 | grad_norm = 7.636270
  Batch 3169: loss = 6.003363 | LR = 6.255075e-07 | grad_norm = 386.353015
  Batch 3170: loss = 0.022719 | LR = 6.236176e-07 | grad_norm = 7.525399
  Batch 3171: loss = 5.635254 | LR = 6.217305e-07 | grad_norm = 302.032853
  Batch 3172: loss = 0.000000 | LR = 6.198462e-07 | grad_norm = 0.000000
  Batch 3173: loss = 3.359885 | LR = 6.179646e-07 | grad_norm = 228.856603
  Batch 3174: loss = 0.000002 | LR = 6.160859e-07 | grad_norm = 0.000755
  Batch 3175: loss = 3.595365 | LR = 6.142100e-07 | grad_norm = 307.424630
  Batch 3176: loss = 3.879108 | LR = 6.123369e-07 | grad_norm = 65.900685
  Batch 3177: loss = 1.168998 | LR = 6.104666e-07 | grad_norm = 105.187940
  Batch 3178: loss = 2.938485 | LR = 6.085991e-07 | grad_norm = 203.781626
  Batch 3179: loss = 0.006799 | LR = 6.067344e-07 | grad_norm = 2.293498
  Batch 3180: loss = 0.000003 | LR = 6.048725e-07 | grad_norm = 0.001435
  Batch 3181: loss = 5.396800 | LR = 6.030134e-07 | grad_norm = 161.873570
  Batch 3182: loss = 3.536613 | LR = 6.011571e-07 | grad_norm = 201.323001
  Batch 3183: loss = 2.038186 | LR = 5.993036e-07 | grad_norm = 195.823083
  Batch 3184: loss = 1.529031 | LR = 5.974530e-07 | grad_norm = 200.423315
  Batch 3185: loss = 3.988719 | LR = 5.956051e-07 | grad_norm = 138.009550
  Batch 3186: loss = 0.041649 | LR = 5.937600e-07 | grad_norm = 20.149811
  Batch 3187: loss = 7.334816 | LR = 5.919178e-07 | grad_norm = 235.624801
  Batch 3188: loss = 8.919076 | LR = 5.900783e-07 | grad_norm = 284.518008
  Batch 3189: loss = 0.269072 | LR = 5.882417e-07 | grad_norm = 48.831133
  Batch 3190: loss = 5.245505 | LR = 5.864079e-07 | grad_norm = 107.194385
  Batch 3191: loss = 0.002828 | LR = 5.845768e-07 | grad_norm = 1.052337
  Batch 3192: loss = 2.285853 | LR = 5.827486e-07 | grad_norm = 191.468723
  Batch 3193: loss = 9.133718 | LR = 5.809232e-07 | grad_norm = 232.369825
  Batch 3194: loss = 0.032898 | LR = 5.791006e-07 | grad_norm = 7.310514
  Batch 3195: loss = 0.129063 | LR = 5.772808e-07 | grad_norm = 24.011488
  Batch 3196: loss = 3.999159 | LR = 5.754638e-07 | grad_norm = 207.324240
  Batch 3197: loss = 6.607249 | LR = 5.736497e-07 | grad_norm = 340.540509
  Batch 3198: loss = 0.123441 | LR = 5.718383e-07 | grad_norm = 25.675454
  Batch 3199: loss = 0.012074 | LR = 5.700298e-07 | grad_norm = 2.584697
  Batch 3200: loss = 9.900995 | LR = 5.682240e-07 | grad_norm = 217.542706
  Batch 3201: loss = 0.054568 | LR = 5.664211e-07 | grad_norm = 12.727889
  Batch 3202: loss = 2.461623 | LR = 5.646210e-07 | grad_norm = 143.597564
  Batch 3203: loss = 6.211595 | LR = 5.628237e-07 | grad_norm = 221.936191
  Batch 3204: loss = 9.057569 | LR = 5.610292e-07 | grad_norm = 369.165529
  Batch 3205: loss = 3.311520 | LR = 5.592376e-07 | grad_norm = 128.053562
  Batch 3206: loss = 5.114306 | LR = 5.574487e-07 | grad_norm = 247.651215
  Batch 3207: loss = 2.666835 | LR = 5.556627e-07 | grad_norm = 234.752311
  Batch 3208: loss = 4.146463 | LR = 5.538794e-07 | grad_norm = 202.684112
  Batch 3209: loss = 4.933748 | LR = 5.520990e-07 | grad_norm = 91.890572
  Batch 3210: loss = 0.016797 | LR = 5.503214e-07 | grad_norm = 5.390215
  Batch 3211: loss = 1.344628 | LR = 5.485466e-07 | grad_norm = 131.960997
  Batch 3212: loss = 6.194232 | LR = 5.467746e-07 | grad_norm = 242.472535
  Batch 3213: loss = 1.734056 | LR = 5.450055e-07 | grad_norm = 107.392044
  Batch 3214: loss = 0.980942 | LR = 5.432391e-07 | grad_norm = 120.180455
  Batch 3215: loss = 0.007778 | LR = 5.414756e-07 | grad_norm = 4.006256
  Batch 3216: loss = 0.743616 | LR = 5.397149e-07 | grad_norm = 123.459573
  Batch 3217: loss = 1.580527 | LR = 5.379570e-07 | grad_norm = 145.237917
  Batch 3218: loss = 3.146516 | LR = 5.362020e-07 | grad_norm = 176.338908
  Batch 3219: loss = 2.826437 | LR = 5.344497e-07 | grad_norm = 279.046284
  Batch 3220: loss = 4.456560 | LR = 5.327003e-07 | grad_norm = 178.795573
  Batch 3221: loss = 2.060182 | LR = 5.309536e-07 | grad_norm = 213.175285
  Batch 3222: loss = 6.729202 | LR = 5.292098e-07 | grad_norm = 219.446990
  Batch 3223: loss = 4.101047 | LR = 5.274689e-07 | grad_norm = 159.452802
  Batch 3224: loss = 1.607754 | LR = 5.257307e-07 | grad_norm = 196.729293
  Batch 3225: loss = 0.195708 | LR = 5.239954e-07 | grad_norm = 42.196060
  Batch 3226: loss = 0.000000 | LR = 5.222628e-07 | grad_norm = 0.000031
  Batch 3227: loss = 8.881686 | LR = 5.205331e-07 | grad_norm = 139.899865
  Batch 3228: loss = 9.644855 | LR = 5.188063e-07 | grad_norm = 427.209825
  Batch 3229: loss = 5.762983 | LR = 5.170822e-07 | grad_norm = 175.830543
  Batch 3230: loss = 5.479662 | LR = 5.153609e-07 | grad_norm = 195.600885
  Batch 3231: loss = 0.133540 | LR = 5.136425e-07 | grad_norm = 19.336773
  Batch 3232: loss = 1.102565 | LR = 5.119269e-07 | grad_norm = 124.675623
  Batch 3233: loss = 1.419220 | LR = 5.102142e-07 | grad_norm = 136.517923
  Batch 3234: loss = 0.000000 | LR = 5.085042e-07 | grad_norm = 0.000000
  Batch 3235: loss = 2.561893 | LR = 5.067971e-07 | grad_norm = 144.223942
  Batch 3236: loss = 0.701635 | LR = 5.050928e-07 | grad_norm = 106.571311
  Batch 3237: loss = 7.127107 | LR = 5.033913e-07 | grad_norm = 129.003584
  Batch 3238: loss = 6.761499 | LR = 5.016926e-07 | grad_norm = 137.306355
  Batch 3239: loss = 5.512109 | LR = 4.999968e-07 | grad_norm = 228.645347
  Batch 3240: loss = 0.000246 | LR = 4.983038e-07 | grad_norm = 0.089228
  Batch 3241: loss = 4.437935 | LR = 4.966136e-07 | grad_norm = 183.214108
  Batch 3242: loss = 3.458249 | LR = 4.949262e-07 | grad_norm = 111.782107
  Batch 3243: loss = 0.143197 | LR = 4.932417e-07 | grad_norm = 29.089791
  Batch 3244: loss = 3.352320 | LR = 4.915600e-07 | grad_norm = 216.734083
  Batch 3245: loss = 0.009725 | LR = 4.898811e-07 | grad_norm = 3.794592
  Batch 3246: loss = 0.000001 | LR = 4.882051e-07 | grad_norm = 0.000402
  Batch 3247: loss = 0.000000 | LR = 4.865318e-07 | grad_norm = 0.000018
  Batch 3248: loss = 3.937621 | LR = 4.848614e-07 | grad_norm = 141.146107
  Batch 3249: loss = 7.677147 | LR = 4.831938e-07 | grad_norm = 134.741461
  Batch 3250: loss = 5.989408 | LR = 4.815291e-07 | grad_norm = 293.658520
  Batch 3251: loss = 3.637384 | LR = 4.798672e-07 | grad_norm = 215.490161
  Batch 3252: loss = 0.000000 | LR = 4.782081e-07 | grad_norm = 0.000000
  Batch 3253: loss = 0.000280 | LR = 4.765518e-07 | grad_norm = 0.103434
  Batch 3254: loss = 2.347090 | LR = 4.748984e-07 | grad_norm = 174.238548
  Batch 3255: loss = 2.061152 | LR = 4.732478e-07 | grad_norm = 147.956121
  Batch 3256: loss = 0.000002 | LR = 4.716000e-07 | grad_norm = 0.001157
  Batch 3257: loss = 7.360411 | LR = 4.699551e-07 | grad_norm = 106.537177
  Batch 3258: loss = 4.656262 | LR = 4.683129e-07 | grad_norm = 171.244604
  Batch 3259: loss = 0.000000 | LR = 4.666737e-07 | grad_norm = 0.000133
  Batch 3260: loss = 5.898624 | LR = 4.650372e-07 | grad_norm = 272.503474
  Batch 3261: loss = 0.213881 | LR = 4.634036e-07 | grad_norm = 44.333910
  Batch 3262: loss = 0.002497 | LR = 4.617728e-07 | grad_norm = 0.736138
  Batch 3263: loss = 2.892467 | LR = 4.601448e-07 | grad_norm = 196.962745
  Batch 3264: loss = 0.150833 | LR = 4.585197e-07 | grad_norm = 34.536773
  Batch 3265: loss = 3.553630 | LR = 4.568974e-07 | grad_norm = 127.743368
  Batch 3266: loss = 0.077599 | LR = 4.552779e-07 | grad_norm = 22.178345
  Batch 3267: loss = 0.047905 | LR = 4.536613e-07 | grad_norm = 12.894656
  Batch 3268: loss = 1.348217 | LR = 4.520475e-07 | grad_norm = 174.326322
  Batch 3269: loss = 0.000000 | LR = 4.504365e-07 | grad_norm = 0.000000
  Batch 3270: loss = 3.151131 | LR = 4.488284e-07 | grad_norm = 171.638173
  Batch 3271: loss = 0.360582 | LR = 4.472231e-07 | grad_norm = 76.601539
  Batch 3272: loss = 4.755006 | LR = 4.456206e-07 | grad_norm = 190.737795
  Batch 3273: loss = 0.513086 | LR = 4.440210e-07 | grad_norm = 126.902709
  Batch 3274: loss = 1.009044 | LR = 4.424242e-07 | grad_norm = 107.180834
  Batch 3275: loss = 6.274874 | LR = 4.408302e-07 | grad_norm = 186.270055
  Batch 3276: loss = 2.629168 | LR = 4.392391e-07 | grad_norm = 169.567406
  Batch 3277: loss = 0.027948 | LR = 4.376508e-07 | grad_norm = 7.619844
  Batch 3278: loss = 4.391606 | LR = 4.360654e-07 | grad_norm = 258.558227
  Batch 3279: loss = 0.058114 | LR = 4.344827e-07 | grad_norm = 7.308167
  Batch 3280: loss = 2.624453 | LR = 4.329030e-07 | grad_norm = 226.428136
  Batch 3281: loss = 2.260501 | LR = 4.313260e-07 | grad_norm = 226.254860
  Batch 3282: loss = 5.738765 | LR = 4.297519e-07 | grad_norm = 272.128037
  Batch 3283: loss = 3.810557 | LR = 4.281806e-07 | grad_norm = 351.991743
  Batch 3284: loss = 5.987289 | LR = 4.266122e-07 | grad_norm = 130.292470
  Batch 3285: loss = 0.520677 | LR = 4.250466e-07 | grad_norm = 87.491976
  Batch 3286: loss = 3.263721 | LR = 4.234839e-07 | grad_norm = 237.742290
  Batch 3287: loss = 0.777596 | LR = 4.219240e-07 | grad_norm = 98.387436
  Batch 3288: loss = 0.051415 | LR = 4.203669e-07 | grad_norm = 11.601023
  Batch 3289: loss = 8.641290 | LR = 4.188126e-07 | grad_norm = 227.372985
  Batch 3290: loss = 5.561929 | LR = 4.172612e-07 | grad_norm = 195.022836
  Batch 3291: loss = 0.058527 | LR = 4.157127e-07 | grad_norm = 18.319970
  Batch 3292: loss = 0.000412 | LR = 4.141670e-07 | grad_norm = 0.115746
  Batch 3293: loss = 0.000026 | LR = 4.126241e-07 | grad_norm = 0.008463
  Batch 3294: loss = 8.112324 | LR = 4.110841e-07 | grad_norm = 195.140606
  Batch 3295: loss = 0.307496 | LR = 4.095469e-07 | grad_norm = 70.833990
  Batch 3296: loss = 0.000000 | LR = 4.080125e-07 | grad_norm = 0.000052
  Batch 3297: loss = 0.362940 | LR = 4.064810e-07 | grad_norm = 54.662856
  Batch 3298: loss = 3.461856 | LR = 4.049523e-07 | grad_norm = 198.619069
  Batch 3299: loss = 7.394142 | LR = 4.034265e-07 | grad_norm = 185.187619
  Batch 3300: loss = 0.282673 | LR = 4.019035e-07 | grad_norm = 61.711087
  Batch 3301: loss = 0.000150 | LR = 4.003834e-07 | grad_norm = 0.053610
  Batch 3302: loss = 4.682327 | LR = 3.988661e-07 | grad_norm = 198.196058
  Batch 3303: loss = 3.484532 | LR = 3.973516e-07 | grad_norm = 99.484445
  Batch 3304: loss = 0.580640 | LR = 3.958400e-07 | grad_norm = 95.297098
  Batch 3305: loss = 0.177731 | LR = 3.943312e-07 | grad_norm = 29.768179
  Batch 3306: loss = 1.958462 | LR = 3.928253e-07 | grad_norm = 157.944126
  Batch 3307: loss = 2.988552 | LR = 3.913222e-07 | grad_norm = 230.232043
  Batch 3308: loss = 0.527614 | LR = 3.898220e-07 | grad_norm = 78.744798
  Batch 3309: loss = 3.756588 | LR = 3.883246e-07 | grad_norm = 138.742903
  Batch 3310: loss = 0.000272 | LR = 3.868300e-07 | grad_norm = 0.091388
  Batch 3311: loss = 7.018111 | LR = 3.853383e-07 | grad_norm = 160.939077
  Batch 3312: loss = 1.387820 | LR = 3.838495e-07 | grad_norm = 103.227144
  Batch 3313: loss = 0.439182 | LR = 3.823635e-07 | grad_norm = 116.281380
  Batch 3314: loss = 4.814261 | LR = 3.808803e-07 | grad_norm = 195.678036
  Batch 3315: loss = 0.000000 | LR = 3.794000e-07 | grad_norm = 0.000000
  Batch 3316: loss = 0.000047 | LR = 3.779225e-07 | grad_norm = 0.013846
  Batch 3317: loss = 2.700391 | LR = 3.764479e-07 | grad_norm = 203.816783
  Batch 3318: loss = 8.358739 | LR = 3.749761e-07 | grad_norm = 270.220497
  Batch 3319: loss = 4.533764 | LR = 3.735072e-07 | grad_norm = 143.165063
  Batch 3320: loss = 3.472258 | LR = 3.720411e-07 | grad_norm = 119.693296
  Batch 3321: loss = 5.564860 | LR = 3.705779e-07 | grad_norm = 291.013799
  Batch 3322: loss = 0.527882 | LR = 3.691175e-07 | grad_norm = 120.774657
  Batch 3323: loss = 1.164159 | LR = 3.676600e-07 | grad_norm = 216.278054
  Batch 3324: loss = 2.647317 | LR = 3.662053e-07 | grad_norm = 150.612047
  Batch 3325: loss = 4.694242 | LR = 3.647535e-07 | grad_norm = 190.238066
  Batch 3326: loss = 2.137185 | LR = 3.633045e-07 | grad_norm = 164.751798
  Batch 3327: loss = 0.233611 | LR = 3.618583e-07 | grad_norm = 54.779122
  Batch 3328: loss = 0.000087 | LR = 3.604151e-07 | grad_norm = 0.037952
  Batch 3329: loss = 3.985137 | LR = 3.589746e-07 | grad_norm = 258.174058
  Batch 3330: loss = 5.310073 | LR = 3.575370e-07 | grad_norm = 213.808399
  Batch 3331: loss = 3.529132 | LR = 3.561023e-07 | grad_norm = 137.140184
  Batch 3332: loss = 3.709676 | LR = 3.546704e-07 | grad_norm = 147.412272
  Batch 3333: loss = 2.913244 | LR = 3.532414e-07 | grad_norm = 173.315862
  Batch 3334: loss = 2.491494 | LR = 3.518152e-07 | grad_norm = 138.993214
  Batch 3335: loss = 5.824663 | LR = 3.503919e-07 | grad_norm = 138.836368
  Batch 3336: loss = 0.126340 | LR = 3.489714e-07 | grad_norm = 34.422729
  Batch 3337: loss = 0.002739 | LR = 3.475538e-07 | grad_norm = 0.880332
  Batch 3338: loss = 0.881085 | LR = 3.461390e-07 | grad_norm = 89.615066
  Batch 3339: loss = 0.000421 | LR = 3.447271e-07 | grad_norm = 0.121278
  Batch 3340: loss = 1.179359 | LR = 3.433180e-07 | grad_norm = 311.811033
  Batch 3341: loss = 3.797342 | LR = 3.419118e-07 | grad_norm = 291.433662
  Batch 3342: loss = 4.702657 | LR = 3.405085e-07 | grad_norm = 224.801336
  Batch 3343: loss = 0.463507 | LR = 3.391080e-07 | grad_norm = 59.558914
  Batch 3344: loss = 0.000170 | LR = 3.377103e-07 | grad_norm = 0.066532
  Batch 3345: loss = 0.141033 | LR = 3.363156e-07 | grad_norm = 35.339583
  Batch 3346: loss = 0.000000 | LR = 3.349236e-07 | grad_norm = 0.000048
  Batch 3347: loss = 1.248056 | LR = 3.335345e-07 | grad_norm = 232.647972
  Batch 3348: loss = 6.290133 | LR = 3.321483e-07 | grad_norm = 225.793495
  Batch 3349: loss = 5.829992 | LR = 3.307649e-07 | grad_norm = 229.112169
  Batch 3350: loss = 5.612731 | LR = 3.293844e-07 | grad_norm = 250.456686
  Batch 3351: loss = 0.473282 | LR = 3.280068e-07 | grad_norm = 72.653392
  Batch 3352: loss = 2.209352 | LR = 3.266320e-07 | grad_norm = 149.484938
  Batch 3353: loss = 0.121605 | LR = 3.252600e-07 | grad_norm = 24.272826
  Batch 3354: loss = 0.002278 | LR = 3.238909e-07 | grad_norm = 0.641708
  Batch 3355: loss = 3.189652 | LR = 3.225247e-07 | grad_norm = 160.540325
  Batch 3356: loss = 1.315880 | LR = 3.211613e-07 | grad_norm = 128.353687
  Batch 3357: loss = 3.143917 | LR = 3.198008e-07 | grad_norm = 176.883815
  Batch 3358: loss = 7.483902 | LR = 3.184432e-07 | grad_norm = 218.361407
  Batch 3359: loss = 8.022046 | LR = 3.170884e-07 | grad_norm = 269.570458
  Batch 3360: loss = 1.063444 | LR = 3.157364e-07 | grad_norm = 290.011550
  Batch 3361: loss = 0.306787 | LR = 3.143874e-07 | grad_norm = 59.791822
  Batch 3362: loss = 1.692722 | LR = 3.130411e-07 | grad_norm = 196.002928
  Batch 3363: loss = 4.685258 | LR = 3.116978e-07 | grad_norm = 166.141035
  Batch 3364: loss = 0.001943 | LR = 3.103573e-07 | grad_norm = 0.827386
  Batch 3365: loss = 6.090314 | LR = 3.090196e-07 | grad_norm = 219.991542
  Batch 3366: loss = 0.016593 | LR = 3.076848e-07 | grad_norm = 4.811893
  Batch 3367: loss = 6.638505 | LR = 3.063529e-07 | grad_norm = 455.869784
  Batch 3368: loss = 2.991243 | LR = 3.050239e-07 | grad_norm = 257.083853
  Batch 3369: loss = 2.581414 | LR = 3.036977e-07 | grad_norm = 189.479347
  Batch 3370: loss = 0.171906 | LR = 3.023743e-07 | grad_norm = 28.842037
  Batch 3371: loss = 5.019898 | LR = 3.010538e-07 | grad_norm = 129.708131
  Batch 3372: loss = 1.438289 | LR = 2.997362e-07 | grad_norm = 137.207287
  Batch 3373: loss = 10.603173 | LR = 2.984215e-07 | grad_norm = 295.009907
  Batch 3374: loss = 6.217881 | LR = 2.971096e-07 | grad_norm = 157.693440
  Batch 3375: loss = 0.755849 | LR = 2.958005e-07 | grad_norm = 118.574871
  Batch 3376: loss = 5.105144 | LR = 2.944944e-07 | grad_norm = 140.763955
  Batch 3377: loss = 1.444122 | LR = 2.931911e-07 | grad_norm = 167.892375
  Batch 3378: loss = 0.002130 | LR = 2.918906e-07 | grad_norm = 0.663607
  Batch 3379: loss = 4.391490 | LR = 2.905930e-07 | grad_norm = 293.924080
  Batch 3380: loss = 3.246664 | LR = 2.892983e-07 | grad_norm = 365.065586
  Batch 3381: loss = 3.227800 | LR = 2.880065e-07 | grad_norm = 284.395873
  Batch 3382: loss = 0.378668 | LR = 2.867175e-07 | grad_norm = 94.751195
  Batch 3383: loss = 1.097517 | LR = 2.854314e-07 | grad_norm = 137.555947
  Batch 3384: loss = 4.183770 | LR = 2.841481e-07 | grad_norm = 117.225250
  Batch 3385: loss = 5.118473 | LR = 2.828677e-07 | grad_norm = 128.939870
  Batch 3386: loss = 0.007082 | LR = 2.815902e-07 | grad_norm = 1.988023
  Batch 3387: loss = 2.680144 | LR = 2.803155e-07 | grad_norm = 272.960849
  Batch 3388: loss = 0.000000 | LR = 2.790437e-07 | grad_norm = 0.000194
  Batch 3389: loss = 1.462717 | LR = 2.777748e-07 | grad_norm = 127.762796
  Batch 3390: loss = 0.279964 | LR = 2.765087e-07 | grad_norm = 71.363456
  Batch 3391: loss = 0.000000 | LR = 2.752455e-07 | grad_norm = 0.000000
  Batch 3392: loss = 0.000044 | LR = 2.739852e-07 | grad_norm = 0.015347
  Batch 3393: loss = 0.985838 | LR = 2.727277e-07 | grad_norm = 159.074598
  Batch 3394: loss = 0.581613 | LR = 2.714731e-07 | grad_norm = 93.796490
  Batch 3395: loss = 0.000000 | LR = 2.702214e-07 | grad_norm = 0.000010
  Batch 3396: loss = 0.000154 | LR = 2.689725e-07 | grad_norm = 0.056696
  Batch 3397: loss = 2.554891 | LR = 2.677265e-07 | grad_norm = 182.055469
  Batch 3398: loss = 0.247506 | LR = 2.664834e-07 | grad_norm = 57.122423
  Batch 3399: loss = 0.000896 | LR = 2.652431e-07 | grad_norm = 0.255264
  Batch 3400: loss = 0.292330 | LR = 2.640057e-07 | grad_norm = 81.060266
  Batch 3401: loss = 0.006864 | LR = 2.627712e-07 | grad_norm = 1.822596
  Batch 3402: loss = 12.158556 | LR = 2.615395e-07 | grad_norm = 306.131030
  Batch 3403: loss = 5.728018 | LR = 2.603108e-07 | grad_norm = 205.393780
  Batch 3404: loss = 3.517385 | LR = 2.590848e-07 | grad_norm = 244.270358
  Batch 3405: loss = 1.112532 | LR = 2.578618e-07 | grad_norm = 97.972446
  Batch 3406: loss = 1.335774 | LR = 2.566416e-07 | grad_norm = 194.940526
  Batch 3407: loss = 3.652637 | LR = 2.554243e-07 | grad_norm = 165.307632
  Batch 3408: loss = 1.581788 | LR = 2.542098e-07 | grad_norm = 166.291172
  Batch 3409: loss = 2.324046 | LR = 2.529983e-07 | grad_norm = 170.972613
  Batch 3410: loss = 6.207843 | LR = 2.517896e-07 | grad_norm = 190.341916
  Batch 3411: loss = 6.564189 | LR = 2.505837e-07 | grad_norm = 217.695781
  Batch 3412: loss = 2.748499 | LR = 2.493808e-07 | grad_norm = 305.001822
  Batch 3413: loss = 4.555899 | LR = 2.481807e-07 | grad_norm = 380.397600
  Batch 3414: loss = 0.044814 | LR = 2.469835e-07 | grad_norm = 11.347112
  Batch 3415: loss = 0.000000 | LR = 2.457891e-07 | grad_norm = 0.000000
  Batch 3416: loss = 1.656111 | LR = 2.445977e-07 | grad_norm = 177.435298
  Batch 3417: loss = 0.008055 | LR = 2.434091e-07 | grad_norm = 2.583430
  Batch 3418: loss = 7.369216 | LR = 2.422233e-07 | grad_norm = 245.225985
  Batch 3419: loss = 0.080409 | LR = 2.410405e-07 | grad_norm = 29.566629
  Batch 3420: loss = 2.821778 | LR = 2.398605e-07 | grad_norm = 192.784782
  Batch 3421: loss = 1.459475 | LR = 2.386834e-07 | grad_norm = 146.195127
  Batch 3422: loss = 5.500158 | LR = 2.375092e-07 | grad_norm = 159.385143
  Batch 3423: loss = 0.000000 | LR = 2.363378e-07 | grad_norm = 0.000000
  Batch 3424: loss = 3.259627 | LR = 2.351693e-07 | grad_norm = 223.472101
  Batch 3425: loss = 3.090715 | LR = 2.340037e-07 | grad_norm = 309.057498
  Batch 3426: loss = 1.290284 | LR = 2.328409e-07 | grad_norm = 179.544236
  Batch 3427: loss = 2.926851 | LR = 2.316811e-07 | grad_norm = 212.433087
  Batch 3428: loss = 2.195912 | LR = 2.305241e-07 | grad_norm = 135.105447
  Batch 3429: loss = 0.538724 | LR = 2.293700e-07 | grad_norm = 103.200563
  Batch 3430: loss = 1.553636 | LR = 2.282187e-07 | grad_norm = 150.756859
  Batch 3431: loss = 0.077550 | LR = 2.270704e-07 | grad_norm = 13.794935
  Batch 3432: loss = 3.607492 | LR = 2.259249e-07 | grad_norm = 200.411514
  Batch 3433: loss = 6.988773 | LR = 2.247822e-07 | grad_norm = 280.392290
  Batch 3434: loss = 1.245648 | LR = 2.236425e-07 | grad_norm = 119.944722
  Batch 3435: loss = 3.842689 | LR = 2.225056e-07 | grad_norm = 287.453369
  Batch 3436: loss = 2.593374 | LR = 2.213716e-07 | grad_norm = 168.258206
  Batch 3437: loss = 2.435200 | LR = 2.202405e-07 | grad_norm = 132.786058
  Batch 3438: loss = 1.895761 | LR = 2.191123e-07 | grad_norm = 250.529128
  Batch 3439: loss = 1.648009 | LR = 2.179869e-07 | grad_norm = 163.068859
  Batch 3440: loss = 3.143314 | LR = 2.168645e-07 | grad_norm = 216.391397
  Batch 3441: loss = 0.000050 | LR = 2.157449e-07 | grad_norm = 0.015714
  Batch 3442: loss = 0.706721 | LR = 2.146281e-07 | grad_norm = 153.662673
  Batch 3443: loss = 0.132407 | LR = 2.135143e-07 | grad_norm = 35.259991
  Batch 3444: loss = 0.346707 | LR = 2.124033e-07 | grad_norm = 83.906812
  Batch 3445: loss = 0.025254 | LR = 2.112952e-07 | grad_norm = 8.048694
  Batch 3446: loss = 4.506182 | LR = 2.101900e-07 | grad_norm = 168.533647
  Batch 3447: loss = 2.522505 | LR = 2.090877e-07 | grad_norm = 173.321666
  Batch 3448: loss = 3.966612 | LR = 2.079882e-07 | grad_norm = 320.323975
  Batch 3449: loss = 2.549330 | LR = 2.068916e-07 | grad_norm = 148.143752
  Batch 3450: loss = 6.073244 | LR = 2.057979e-07 | grad_norm = 232.222274
  Batch 3451: loss = 5.204621 | LR = 2.047071e-07 | grad_norm = 230.886472
  Batch 3452: loss = 5.538097 | LR = 2.036192e-07 | grad_norm = 118.870086
  Batch 3453: loss = 4.845392 | LR = 2.025341e-07 | grad_norm = 118.946287
  Batch 3454: loss = 0.642414 | LR = 2.014519e-07 | grad_norm = 75.608885
  Batch 3455: loss = 5.698431 | LR = 2.003726e-07 | grad_norm = 83.786158
  Batch 3456: loss = 2.410711 | LR = 1.992962e-07 | grad_norm = 217.226245
  Batch 3457: loss = 0.000520 | LR = 1.982227e-07 | grad_norm = 0.203693
  Batch 3458: loss = 2.518215 | LR = 1.971520e-07 | grad_norm = 146.667036
  Batch 3459: loss = 0.000014 | LR = 1.960842e-07 | grad_norm = 0.008317
  Batch 3460: loss = 4.045246 | LR = 1.950193e-07 | grad_norm = 153.884803
  Batch 3461: loss = 0.142500 | LR = 1.939573e-07 | grad_norm = 29.275853
  Batch 3462: loss = 7.091482 | LR = 1.928982e-07 | grad_norm = 172.055656
  Batch 3463: loss = 1.790538 | LR = 1.918419e-07 | grad_norm = 118.152988
  Batch 3464: loss = 7.438410 | LR = 1.907885e-07 | grad_norm = 196.848781
  Batch 3465: loss = 0.000004 | LR = 1.897381e-07 | grad_norm = 0.001838
  Batch 3466: loss = 4.319558 | LR = 1.886904e-07 | grad_norm = 177.865967
  Batch 3467: loss = 2.991096 | LR = 1.876457e-07 | grad_norm = 163.086684
  Batch 3468: loss = 3.049449 | LR = 1.866039e-07 | grad_norm = 149.489454
  Batch 3469: loss = 6.085667 | LR = 1.855649e-07 | grad_norm = 180.881501
  Batch 3470: loss = 1.640342 | LR = 1.845288e-07 | grad_norm = 197.327560
  Batch 3471: loss = 5.406534 | LR = 1.834957e-07 | grad_norm = 125.818118
  Batch 3472: loss = 1.538437 | LR = 1.824653e-07 | grad_norm = 158.676681
  Batch 3473: loss = 6.622607 | LR = 1.814379e-07 | grad_norm = 200.193283
  Batch 3474: loss = 0.292886 | LR = 1.804134e-07 | grad_norm = 50.054700
  Batch 3475: loss = 5.273532 | LR = 1.793917e-07 | grad_norm = 138.214743
  Batch 3476: loss = 0.174770 | LR = 1.783730e-07 | grad_norm = 53.689043
  Batch 3477: loss = 2.282603 | LR = 1.773571e-07 | grad_norm = 128.477307
  Batch 3478: loss = 5.668279 | LR = 1.763441e-07 | grad_norm = 147.580287
  Batch 3479: loss = 1.302236 | LR = 1.753339e-07 | grad_norm = 101.537367
  Batch 3480: loss = 5.107677 | LR = 1.743267e-07 | grad_norm = 146.048857
  Batch 3481: loss = 0.819770 | LR = 1.733224e-07 | grad_norm = 122.812474
  Batch 3482: loss = 3.687672 | LR = 1.723209e-07 | grad_norm = 233.917598
  Batch 3483: loss = 8.671969 | LR = 1.713223e-07 | grad_norm = 237.223208
  Batch 3484: loss = 0.000001 | LR = 1.703266e-07 | grad_norm = 0.000565
  Batch 3485: loss = 5.744894 | LR = 1.693338e-07 | grad_norm = 152.155917
  Batch 3486: loss = 0.045925 | LR = 1.683439e-07 | grad_norm = 10.358015
  Batch 3487: loss = 0.845950 | LR = 1.673569e-07 | grad_norm = 154.002447
  Batch 3488: loss = 1.444487 | LR = 1.663727e-07 | grad_norm = 203.415345
  Batch 3489: loss = 0.438925 | LR = 1.653915e-07 | grad_norm = 81.738134
  Batch 3490: loss = 0.983676 | LR = 1.644131e-07 | grad_norm = 95.804341
  Batch 3491: loss = 2.535784 | LR = 1.634376e-07 | grad_norm = 124.791840
  Batch 3492: loss = 4.763270 | LR = 1.624650e-07 | grad_norm = 288.736321
  Batch 3493: loss = 0.683648 | LR = 1.614953e-07 | grad_norm = 139.192296
  Batch 3494: loss = 0.000639 | LR = 1.605285e-07 | grad_norm = 0.194093
  Batch 3495: loss = 1.501157 | LR = 1.595645e-07 | grad_norm = 167.019400
  Batch 3496: loss = 1.680248 | LR = 1.586035e-07 | grad_norm = 158.708336
  Batch 3497: loss = 4.154172 | LR = 1.576453e-07 | grad_norm = 68.825939
  Batch 3498: loss = 4.045377 | LR = 1.566901e-07 | grad_norm = 234.825424
  Batch 3499: loss = 8.366639 | LR = 1.557377e-07 | grad_norm = 182.492831
  Batch 3500: loss = 0.000000 | LR = 1.547882e-07 | grad_norm = 0.000000
  Batch 3501: loss = 1.279219 | LR = 1.538416e-07 | grad_norm = 166.532600
  Batch 3502: loss = 0.000000 | LR = 1.528979e-07 | grad_norm = 0.000123
  Batch 3503: loss = 2.965213 | LR = 1.519570e-07 | grad_norm = 278.411551
  Batch 3504: loss = 0.254467 | LR = 1.510191e-07 | grad_norm = 46.190093
  Batch 3505: loss = 0.342126 | LR = 1.500840e-07 | grad_norm = 55.626657
  Batch 3506: loss = 0.111046 | LR = 1.491519e-07 | grad_norm = 18.259596
  Batch 3507: loss = 0.394554 | LR = 1.482226e-07 | grad_norm = 69.083265
  Batch 3508: loss = 5.685304 | LR = 1.472962e-07 | grad_norm = 379.410995
  Batch 3509: loss = 0.000075 | LR = 1.463728e-07 | grad_norm = 0.026727
  Batch 3510: loss = 0.068814 | LR = 1.454522e-07 | grad_norm = 22.237593
  Batch 3511: loss = 5.679767 | LR = 1.445344e-07 | grad_norm = 119.427536
  Batch 3512: loss = 0.000033 | LR = 1.436196e-07 | grad_norm = 0.013524
  Batch 3513: loss = 1.636630 | LR = 1.427077e-07 | grad_norm = 158.957313
  Batch 3514: loss = 7.903629 | LR = 1.417987e-07 | grad_norm = 340.990764
  Batch 3515: loss = 0.597937 | LR = 1.408925e-07 | grad_norm = 62.965961
  Batch 3516: loss = 0.226009 | LR = 1.399893e-07 | grad_norm = 46.329420
  Batch 3517: loss = 0.827275 | LR = 1.390889e-07 | grad_norm = 145.867291
  Batch 3518: loss = 3.601464 | LR = 1.381915e-07 | grad_norm = 158.068134
  Batch 3519: loss = 0.001125 | LR = 1.372969e-07 | grad_norm = 0.297259
  Batch 3520: loss = 0.021653 | LR = 1.364052e-07 | grad_norm = 4.145254
  Batch 3521: loss = 6.811552 | LR = 1.355164e-07 | grad_norm = 300.080949
  Batch 3522: loss = 2.719692 | LR = 1.346305e-07 | grad_norm = 151.590461
  Batch 3523: loss = 1.373080 | LR = 1.337475e-07 | grad_norm = 189.025640
  Batch 3524: loss = 4.431880 | LR = 1.328674e-07 | grad_norm = 207.936186
  Batch 3525: loss = 0.008988 | LR = 1.319902e-07 | grad_norm = 3.447607
  Batch 3526: loss = 0.926954 | LR = 1.311158e-07 | grad_norm = 168.866053
  Batch 3527: loss = 0.000212 | LR = 1.302444e-07 | grad_norm = 0.132209
  Batch 3528: loss = 5.560702 | LR = 1.293759e-07 | grad_norm = 170.905946
  Batch 3529: loss = 1.544172 | LR = 1.285102e-07 | grad_norm = 142.128117
  Batch 3530: loss = 3.444158 | LR = 1.276475e-07 | grad_norm = 166.763708
  Batch 3531: loss = 4.577416 | LR = 1.267876e-07 | grad_norm = 192.989190
  Batch 3532: loss = 3.092331 | LR = 1.259306e-07 | grad_norm = 127.342696
  Batch 3533: loss = 1.124297 | LR = 1.250766e-07 | grad_norm = 163.965626
  Batch 3534: loss = 0.502931 | LR = 1.242254e-07 | grad_norm = 96.629742
  Batch 3535: loss = 4.210917 | LR = 1.233771e-07 | grad_norm = 335.300390
  Batch 3536: loss = 5.508545 | LR = 1.225317e-07 | grad_norm = 192.818616
  Batch 3537: loss = 2.505632 | LR = 1.216892e-07 | grad_norm = 256.733990
  Batch 3538: loss = 3.561529 | LR = 1.208496e-07 | grad_norm = 205.678073
  Batch 3539: loss = 3.028272 | LR = 1.200129e-07 | grad_norm = 253.382067
  Batch 3540: loss = 5.079927 | LR = 1.191791e-07 | grad_norm = 163.016427
  Batch 3541: loss = 9.211536 | LR = 1.183482e-07 | grad_norm = 264.833545
  Batch 3542: loss = 10.318289 | LR = 1.175202e-07 | grad_norm = 270.630713
  Batch 3543: loss = 0.016179 | LR = 1.166951e-07 | grad_norm = 5.130719
  Batch 3544: loss = 2.962263 | LR = 1.158728e-07 | grad_norm = 123.342469
  Batch 3545: loss = 4.282783 | LR = 1.150535e-07 | grad_norm = 264.835911
  Batch 3546: loss = 2.846106 | LR = 1.142371e-07 | grad_norm = 168.217106
  Batch 3547: loss = 0.015924 | LR = 1.134235e-07 | grad_norm = 4.701261
  Batch 3548: loss = 4.809993 | LR = 1.126129e-07 | grad_norm = 137.111203
  Batch 3549: loss = 1.278161 | LR = 1.118052e-07 | grad_norm = 192.286994
  Batch 3550: loss = 0.387654 | LR = 1.110003e-07 | grad_norm = 79.744004
  Batch 3551: loss = 5.181091 | LR = 1.101984e-07 | grad_norm = 237.938382
  Batch 3552: loss = 9.304708 | LR = 1.093993e-07 | grad_norm = 246.565082
  Batch 3553: loss = 0.467672 | LR = 1.086032e-07 | grad_norm = 74.591082
  Batch 3554: loss = 0.072175 | LR = 1.078099e-07 | grad_norm = 18.119882
  Batch 3555: loss = 0.023433 | LR = 1.070196e-07 | grad_norm = 6.223747
  Batch 3556: loss = 4.874200 | LR = 1.062321e-07 | grad_norm = 277.086380
  Batch 3557: loss = 0.170568 | LR = 1.054475e-07 | grad_norm = 45.617402
  Batch 3558: loss = 6.702987 | LR = 1.046659e-07 | grad_norm = 126.944298
  Batch 3559: loss = 3.396521 | LR = 1.038871e-07 | grad_norm = 244.900600
  Batch 3560: loss = 1.582957 | LR = 1.031112e-07 | grad_norm = 205.752093
  Batch 3561: loss = 0.000058 | LR = 1.023383e-07 | grad_norm = 0.037899
  Batch 3562: loss = 5.535139 | LR = 1.015682e-07 | grad_norm = 199.955654
  Batch 3563: loss = 0.111153 | LR = 1.008010e-07 | grad_norm = 52.648504
  Batch 3564: loss = 6.838995 | LR = 1.000368e-07 | grad_norm = 227.574914
  Batch 3565: loss = 10.036426 | LR = 9.927538e-08 | grad_norm = 284.988332
  Batch 3566: loss = 0.021164 | LR = 9.851690e-08 | grad_norm = 5.818618
  Batch 3567: loss = 2.324311 | LR = 9.776133e-08 | grad_norm = 112.950886
  Batch 3568: loss = 2.738820 | LR = 9.700865e-08 | grad_norm = 128.457124
  Batch 3569: loss = 0.357977 | LR = 9.625887e-08 | grad_norm = 82.161429
  Batch 3570: loss = 5.551559 | LR = 9.551200e-08 | grad_norm = 170.565102
  Batch 3571: loss = 4.249209 | LR = 9.476802e-08 | grad_norm = 166.244198
  Batch 3572: loss = 1.403791 | LR = 9.402695e-08 | grad_norm = 204.564149
  Batch 3573: loss = 0.730219 | LR = 9.328877e-08 | grad_norm = 82.627174
  Batch 3574: loss = 0.358509 | LR = 9.255349e-08 | grad_norm = 56.590948
  Batch 3575: loss = 6.960030 | LR = 9.182112e-08 | grad_norm = 138.662542
  Batch 3576: loss = 7.020748 | LR = 9.109164e-08 | grad_norm = 303.058112
  Batch 3577: loss = 4.721184 | LR = 9.036507e-08 | grad_norm = 202.054237
  Batch 3578: loss = 5.590987 | LR = 8.964140e-08 | grad_norm = 133.799923
  Batch 3579: loss = 3.043776 | LR = 8.892063e-08 | grad_norm = 213.454022
  Batch 3580: loss = 0.516386 | LR = 8.820275e-08 | grad_norm = 81.399127
  Batch 3581: loss = 10.855340 | LR = 8.748778e-08 | grad_norm = 365.440768
  Batch 3582: loss = 0.202862 | LR = 8.677572e-08 | grad_norm = 40.259802
  Batch 3583: loss = 0.011221 | LR = 8.606655e-08 | grad_norm = 2.536072
  Batch 3584: loss = 0.827287 | LR = 8.536029e-08 | grad_norm = 91.712373
  Batch 3585: loss = 2.014255 | LR = 8.465692e-08 | grad_norm = 155.285755
  Batch 3586: loss = 1.430810 | LR = 8.395646e-08 | grad_norm = 256.453648
  Batch 3587: loss = 0.373766 | LR = 8.325890e-08 | grad_norm = 80.484739
  Batch 3588: loss = 0.027356 | LR = 8.256425e-08 | grad_norm = 6.980554
  Batch 3589: loss = 0.734038 | LR = 8.187249e-08 | grad_norm = 148.322811
  Batch 3590: loss = 0.002117 | LR = 8.118364e-08 | grad_norm = 0.680500
  Batch 3591: loss = 4.687817 | LR = 8.049769e-08 | grad_norm = 132.949740
  Batch 3592: loss = 7.485577 | LR = 7.981464e-08 | grad_norm = 177.067659
  Batch 3593: loss = 2.629622 | LR = 7.913450e-08 | grad_norm = 143.017955
  Batch 3594: loss = 0.000696 | LR = 7.845726e-08 | grad_norm = 0.244072
  Batch 3595: loss = 4.453248 | LR = 7.778292e-08 | grad_norm = 191.136522
  Batch 3596: loss = 10.767304 | LR = 7.711149e-08 | grad_norm = 329.935495
  Batch 3597: loss = 0.206884 | LR = 7.644296e-08 | grad_norm = 42.018137
  Batch 3598: loss = 2.472549 | LR = 7.577733e-08 | grad_norm = 157.474894
  Batch 3599: loss = 0.030932 | LR = 7.511461e-08 | grad_norm = 9.306846
  Batch 3600: loss = 0.000232 | LR = 7.445479e-08 | grad_norm = 0.072745
  Batch 3601: loss = 4.096516 | LR = 7.379787e-08 | grad_norm = 256.724114
  Batch 3602: loss = 0.252632 | LR = 7.314386e-08 | grad_norm = 53.986778
  Batch 3603: loss = 4.223952 | LR = 7.249275e-08 | grad_norm = 113.355440
  Batch 3604: loss = 0.605468 | LR = 7.184455e-08 | grad_norm = 73.549000
  Batch 3605: loss = 0.001703 | LR = 7.119925e-08 | grad_norm = 0.454212
  Batch 3606: loss = 0.000000 | LR = 7.055685e-08 | grad_norm = 0.000000
  Batch 3607: loss = 0.405492 | LR = 6.991736e-08 | grad_norm = 71.788012
  Batch 3608: loss = 4.710492 | LR = 6.928078e-08 | grad_norm = 227.363359
  Batch 3609: loss = 9.328322 | LR = 6.864709e-08 | grad_norm = 174.835337
  Batch 3610: loss = 0.063503 | LR = 6.801632e-08 | grad_norm = 16.999076
  Batch 3611: loss = 4.884035 | LR = 6.738845e-08 | grad_norm = 128.965003
  Batch 3612: loss = 2.941653 | LR = 6.676348e-08 | grad_norm = 153.604620
  Batch 3613: loss = 0.248130 | LR = 6.614142e-08 | grad_norm = 93.133382
  Batch 3614: loss = 0.829369 | LR = 6.552227e-08 | grad_norm = 112.516487
  Batch 3615: loss = 7.441620 | LR = 6.490602e-08 | grad_norm = 284.071359
  Batch 3616: loss = 3.691722 | LR = 6.429267e-08 | grad_norm = 191.287875
  Batch 3617: loss = 2.364144 | LR = 6.368224e-08 | grad_norm = 118.613204
  Batch 3618: loss = 8.266397 | LR = 6.307470e-08 | grad_norm = 259.510288
  Batch 3619: loss = 0.044163 | LR = 6.247008e-08 | grad_norm = 12.793406
  Batch 3620: loss = 0.011597 | LR = 6.186836e-08 | grad_norm = 4.021490
  Batch 3621: loss = 4.150645 | LR = 6.126954e-08 | grad_norm = 127.189387
  Batch 3622: loss = 2.519532 | LR = 6.067364e-08 | grad_norm = 279.966293
  Batch 3623: loss = 6.194682 | LR = 6.008063e-08 | grad_norm = 132.254087
  Batch 3624: loss = 0.342787 | LR = 5.949054e-08 | grad_norm = 94.951340
  Batch 3625: loss = 0.006477 | LR = 5.890335e-08 | grad_norm = 2.590404
  Batch 3626: loss = 4.372914 | LR = 5.831907e-08 | grad_norm = 103.688914
  Batch 3627: loss = 0.000001 | LR = 5.773770e-08 | grad_norm = 0.000268
  Batch 3628: loss = 2.419730 | LR = 5.715923e-08 | grad_norm = 123.406055
  Batch 3629: loss = 1.181985 | LR = 5.658367e-08 | grad_norm = 110.006730
  Batch 3630: loss = 4.567486 | LR = 5.601102e-08 | grad_norm = 148.496557
  Batch 3631: loss = 0.099875 | LR = 5.544127e-08 | grad_norm = 20.562047
  Batch 3632: loss = 0.612503 | LR = 5.487443e-08 | grad_norm = 86.983755
  Batch 3633: loss = 0.307755 | LR = 5.431050e-08 | grad_norm = 41.831015
  Batch 3634: loss = 5.190185 | LR = 5.374948e-08 | grad_norm = 206.239031
  Batch 3635: loss = 0.362775 | LR = 5.319136e-08 | grad_norm = 66.665944
  Batch 3636: loss = 1.416833 | LR = 5.263616e-08 | grad_norm = 115.692866
  Batch 3637: loss = 1.429638 | LR = 5.208386e-08 | grad_norm = 119.896360
  Batch 3638: loss = 0.530640 | LR = 5.153447e-08 | grad_norm = 125.284231
  Batch 3639: loss = 0.250133 | LR = 5.098798e-08 | grad_norm = 67.249542
  Batch 3640: loss = 3.943807 | LR = 5.044441e-08 | grad_norm = 173.294838
  Batch 3641: loss = 5.401589 | LR = 4.990374e-08 | grad_norm = 194.002470
  Batch 3642: loss = 0.013686 | LR = 4.936598e-08 | grad_norm = 5.366362
  Batch 3643: loss = 4.677128 | LR = 4.883113e-08 | grad_norm = 146.772568
  Batch 3644: loss = 0.000000 | LR = 4.829919e-08 | grad_norm = 0.000028
  Batch 3645: loss = 0.053580 | LR = 4.777016e-08 | grad_norm = 14.692695
  Batch 3646: loss = 2.326717 | LR = 4.724404e-08 | grad_norm = 184.331607
  Batch 3647: loss = 0.757828 | LR = 4.672082e-08 | grad_norm = 115.737622
  Batch 3648: loss = 2.436314 | LR = 4.620052e-08 | grad_norm = 270.596573
  Batch 3649: loss = 0.773836 | LR = 4.568312e-08 | grad_norm = 103.935816
  Batch 3650: loss = 0.842310 | LR = 4.516863e-08 | grad_norm = 170.533221
  Batch 3651: loss = 1.878434 | LR = 4.465705e-08 | grad_norm = 126.311633
  Batch 3652: loss = 2.918808 | LR = 4.414839e-08 | grad_norm = 174.947031
  Batch 3653: loss = 4.560361 | LR = 4.364263e-08 | grad_norm = 227.359205
  Batch 3654: loss = 0.387068 | LR = 4.313978e-08 | grad_norm = 86.349364
  Batch 3655: loss = 2.202199 | LR = 4.263984e-08 | grad_norm = 148.025234
  Batch 3656: loss = 4.710732 | LR = 4.214281e-08 | grad_norm = 185.549429
  Batch 3657: loss = 1.735684 | LR = 4.164869e-08 | grad_norm = 124.915797
  Batch 3658: loss = 0.014869 | LR = 4.115748e-08 | grad_norm = 4.804222
  Batch 3659: loss = 0.000041 | LR = 4.066918e-08 | grad_norm = 0.015497
  Batch 3660: loss = 1.401191 | LR = 4.018379e-08 | grad_norm = 119.927447
  Batch 3661: loss = 0.117762 | LR = 3.970131e-08 | grad_norm = 29.344341
  Batch 3662: loss = 0.092098 | LR = 3.922174e-08 | grad_norm = 19.442909
  Batch 3663: loss = 3.380518 | LR = 3.874508e-08 | grad_norm = 117.566956
  Batch 3664: loss = 0.309324 | LR = 3.827134e-08 | grad_norm = 61.776824
  Batch 3665: loss = 4.513844 | LR = 3.780050e-08 | grad_norm = 156.637185
  Batch 3666: loss = 6.757275 | LR = 3.733257e-08 | grad_norm = 121.410150
  Batch 3667: loss = 6.121131 | LR = 3.686756e-08 | grad_norm = 189.996491
  Batch 3668: loss = 2.513905 | LR = 3.640545e-08 | grad_norm = 135.655705
  Batch 3669: loss = 0.000152 | LR = 3.594626e-08 | grad_norm = 0.051662
  Batch 3670: loss = 0.758847 | LR = 3.548997e-08 | grad_norm = 104.376339
  Batch 3671: loss = 7.829858 | LR = 3.503660e-08 | grad_norm = 372.834243
  Batch 3672: loss = 2.767149 | LR = 3.458614e-08 | grad_norm = 125.044697
  Batch 3673: loss = 0.000000 | LR = 3.413859e-08 | grad_norm = 0.000000
  Batch 3674: loss = 14.931211 | LR = 3.369395e-08 | grad_norm = 415.987081
  Batch 3675: loss = 1.447956 | LR = 3.325223e-08 | grad_norm = 238.605061
  Batch 3676: loss = 0.075631 | LR = 3.281341e-08 | grad_norm = 14.329393
  Batch 3677: loss = 1.868833 | LR = 3.237751e-08 | grad_norm = 209.421739
  Batch 3678: loss = 0.020375 | LR = 3.194452e-08 | grad_norm = 6.259866
  Batch 3679: loss = 7.056454 | LR = 3.151444e-08 | grad_norm = 143.318573
  Batch 3680: loss = 0.000000 | LR = 3.108727e-08 | grad_norm = 0.000045
  Batch 3681: loss = 1.789876 | LR = 3.066302e-08 | grad_norm = 162.071097
  Batch 3682: loss = 6.736906 | LR = 3.024167e-08 | grad_norm = 210.547334
  Batch 3683: loss = 2.724731 | LR = 2.982324e-08 | grad_norm = 179.981049
  Batch 3684: loss = 2.306710 | LR = 2.940772e-08 | grad_norm = 159.644980
  Batch 3685: loss = 8.407833 | LR = 2.899511e-08 | grad_norm = 216.086874
  Batch 3686: loss = 0.108525 | LR = 2.858542e-08 | grad_norm = 19.571103
  Batch 3687: loss = 0.954083 | LR = 2.817864e-08 | grad_norm = 146.114255
  Batch 3688: loss = 1.899828 | LR = 2.777477e-08 | grad_norm = 246.263925
  Batch 3689: loss = 0.665318 | LR = 2.737381e-08 | grad_norm = 116.072320
  Batch 3690: loss = 2.968116 | LR = 2.697576e-08 | grad_norm = 171.843368
  Batch 3691: loss = 1.622303 | LR = 2.658063e-08 | grad_norm = 164.564790
  Batch 3692: loss = 0.648515 | LR = 2.618841e-08 | grad_norm = 93.635071
  Batch 3693: loss = 0.025134 | LR = 2.579911e-08 | grad_norm = 11.250116
  Batch 3694: loss = 0.407770 | LR = 2.541271e-08 | grad_norm = 67.994136
  Batch 3695: loss = 1.576639 | LR = 2.502923e-08 | grad_norm = 121.447846
  Batch 3696: loss = 7.276248 | LR = 2.464867e-08 | grad_norm = 151.641850
  Batch 3697: loss = 9.702235 | LR = 2.427101e-08 | grad_norm = 192.285533
  Batch 3698: loss = 1.975334 | LR = 2.389627e-08 | grad_norm = 286.151963
  Batch 3699: loss = 9.263715 | LR = 2.352445e-08 | grad_norm = 242.123816
  Batch 3700: loss = 1.158025 | LR = 2.315553e-08 | grad_norm = 145.396478
  Batch 3701: loss = 4.893644 | LR = 2.278953e-08 | grad_norm = 163.614635
  Batch 3702: loss = 2.959537 | LR = 2.242644e-08 | grad_norm = 179.829926
  Batch 3703: loss = 0.062262 | LR = 2.206627e-08 | grad_norm = 18.310873
  Batch 3704: loss = 0.020189 | LR = 2.170901e-08 | grad_norm = 8.270028
  Batch 3705: loss = 0.080793 | LR = 2.135466e-08 | grad_norm = 18.139221
  Batch 3706: loss = 3.348175 | LR = 2.100323e-08 | grad_norm = 295.625702
  Batch 3707: loss = 0.055757 | LR = 2.065471e-08 | grad_norm = 21.251513
  Batch 3708: loss = 6.118283 | LR = 2.030911e-08 | grad_norm = 132.288835
  Batch 3709: loss = 0.138844 | LR = 1.996642e-08 | grad_norm = 33.040695
  Batch 3710: loss = 6.882066 | LR = 1.962664e-08 | grad_norm = 155.150932
  Batch 3711: loss = 4.048307 | LR = 1.928978e-08 | grad_norm = 160.628296
  Batch 3712: loss = 0.161766 | LR = 1.895583e-08 | grad_norm = 30.568111
  Batch 3713: loss = 6.733346 | LR = 1.862480e-08 | grad_norm = 209.239932
  Batch 3714: loss = 1.299157 | LR = 1.829668e-08 | grad_norm = 194.389328
  Batch 3715: loss = 0.000912 | LR = 1.797147e-08 | grad_norm = 0.307333
  Batch 3716: loss = 2.523833 | LR = 1.764918e-08 | grad_norm = 257.941972
  Batch 3717: loss = 0.763127 | LR = 1.732980e-08 | grad_norm = 105.722588
  Batch 3718: loss = 0.470406 | LR = 1.701334e-08 | grad_norm = 107.817469
  Batch 3719: loss = 4.329660 | LR = 1.669979e-08 | grad_norm = 99.681435
  Batch 3720: loss = 0.459844 | LR = 1.638916e-08 | grad_norm = 73.638236
  Batch 3721: loss = 5.998082 | LR = 1.608144e-08 | grad_norm = 157.944390
  Batch 3722: loss = 3.708990 | LR = 1.577664e-08 | grad_norm = 287.690042
  Batch 3723: loss = 0.012615 | LR = 1.547475e-08 | grad_norm = 5.782090
  Batch 3724: loss = 1.719562 | LR = 1.517578e-08 | grad_norm = 194.487473
  Batch 3725: loss = 0.816296 | LR = 1.487972e-08 | grad_norm = 137.721351
  Batch 3726: loss = 2.275274 | LR = 1.458658e-08 | grad_norm = 134.841964
  Batch 3727: loss = 4.732643 | LR = 1.429635e-08 | grad_norm = 229.959895
  Batch 3728: loss = 3.571276 | LR = 1.400903e-08 | grad_norm = 161.563792
  Batch 3729: loss = 1.480192 | LR = 1.372464e-08 | grad_norm = 242.658575
  Batch 3730: loss = 2.798807 | LR = 1.344315e-08 | grad_norm = 173.707030
  Batch 3731: loss = 1.503301 | LR = 1.316458e-08 | grad_norm = 154.431394
  Batch 3732: loss = 4.988179 | LR = 1.288893e-08 | grad_norm = 162.612093
  Batch 3733: loss = 2.466306 | LR = 1.261620e-08 | grad_norm = 204.629310
  Batch 3734: loss = 2.619696 | LR = 1.234637e-08 | grad_norm = 185.050372
  Batch 3735: loss = 3.085179 | LR = 1.207947e-08 | grad_norm = 125.491883
  Batch 3736: loss = 3.850561 | LR = 1.181548e-08 | grad_norm = 155.909924
  Batch 3737: loss = 5.746224 | LR = 1.155440e-08 | grad_norm = 185.022639
  Batch 3738: loss = 7.198024 | LR = 1.129624e-08 | grad_norm = 182.587691
  Batch 3739: loss = 0.054424 | LR = 1.104100e-08 | grad_norm = 18.937288
  Batch 3740: loss = 0.000027 | LR = 1.078867e-08 | grad_norm = 0.010967
  Batch 3741: loss = 4.674046 | LR = 1.053926e-08 | grad_norm = 187.535080
  Batch 3742: loss = 0.348999 | LR = 1.029276e-08 | grad_norm = 74.163434
  Batch 3743: loss = 10.086637 | LR = 1.004918e-08 | grad_norm = 394.456831
  Batch 3744: loss = 2.256775 | LR = 9.808514e-09 | grad_norm = 279.732924
  Batch 3745: loss = 1.428953 | LR = 9.570765e-09 | grad_norm = 163.586694
  Batch 3746: loss = 5.793205 | LR = 9.335932e-09 | grad_norm = 234.701709
  Batch 3747: loss = 0.000000 | LR = 9.104015e-09 | grad_norm = 0.000122
  Batch 3748: loss = 3.267532 | LR = 8.875014e-09 | grad_norm = 346.919617
  Batch 3749: loss = 1.919099 | LR = 8.648929e-09 | grad_norm = 114.445894
  Batch 3750: loss = 8.091891 | LR = 8.425760e-09 | grad_norm = 203.185043
  Batch 3751: loss = 0.091171 | LR = 8.205508e-09 | grad_norm = 21.514250
  Batch 3752: loss = 0.741177 | LR = 7.988172e-09 | grad_norm = 76.453727
  Batch 3753: loss = 3.204609 | LR = 7.773752e-09 | grad_norm = 175.089715
  Batch 3754: loss = 4.155642 | LR = 7.562248e-09 | grad_norm = 196.654672
  Batch 3755: loss = 0.102295 | LR = 7.353661e-09 | grad_norm = 33.903143
  Batch 3756: loss = 6.018147 | LR = 7.147990e-09 | grad_norm = 363.277024
  Batch 3757: loss = 5.471828 | LR = 6.945235e-09 | grad_norm = 202.211164
  Batch 3758: loss = 0.022176 | LR = 6.745397e-09 | grad_norm = 5.596684
  Batch 3759: loss = 3.472400 | LR = 6.548476e-09 | grad_norm = 114.257005
  Batch 3760: loss = 1.301456 | LR = 6.354471e-09 | grad_norm = 215.635975
  Batch 3761: loss = 1.175316 | LR = 6.163382e-09 | grad_norm = 180.097298
  Batch 3762: loss = 0.000018 | LR = 5.975211e-09 | grad_norm = 0.005930
  Batch 3763: loss = 0.137951 | LR = 5.789956e-09 | grad_norm = 32.948174
  Batch 3764: loss = 3.551367 | LR = 5.607617e-09 | grad_norm = 142.461144
  Batch 3765: loss = 0.335436 | LR = 5.428195e-09 | grad_norm = 76.044920
  Batch 3766: loss = 0.000002 | LR = 5.251691e-09 | grad_norm = 0.000605
  Batch 3767: loss = 0.000125 | LR = 5.078102e-09 | grad_norm = 0.056075
  Batch 3768: loss = 4.295290 | LR = 4.907431e-09 | grad_norm = 207.865491
  Batch 3769: loss = 6.824009 | LR = 4.739677e-09 | grad_norm = 173.702780
  Batch 3770: loss = 2.923648 | LR = 4.574839e-09 | grad_norm = 142.001827
  Batch 3771: loss = 0.062436 | LR = 4.412918e-09 | grad_norm = 20.219401
  Batch 3772: loss = 0.000000 | LR = 4.253915e-09 | grad_norm = 0.000002
  Batch 3773: loss = 2.546770 | LR = 4.097828e-09 | grad_norm = 122.444208
  Batch 3774: loss = 5.696126 | LR = 3.944658e-09 | grad_norm = 248.215902
  Batch 3775: loss = 7.932848 | LR = 3.794405e-09 | grad_norm = 247.678305
  Batch 3776: loss = 7.983224 | LR = 3.647070e-09 | grad_norm = 213.845322
  Batch 3777: loss = 3.800086 | LR = 3.502651e-09 | grad_norm = 149.903579
  Batch 3778: loss = 0.000015 | LR = 3.361150e-09 | grad_norm = 0.005626
  Batch 3779: loss = 0.000001 | LR = 3.222565e-09 | grad_norm = 0.000322
  Batch 3780: loss = 0.188152 | LR = 3.086898e-09 | grad_norm = 41.327360
  Batch 3781: loss = 0.000068 | LR = 2.954148e-09 | grad_norm = 0.025208
  Batch 3782: loss = 5.304792 | LR = 2.824316e-09 | grad_norm = 103.800622
  Batch 3783: loss = 1.282468 | LR = 2.697400e-09 | grad_norm = 165.038557
  Batch 3784: loss = 0.037920 | LR = 2.573402e-09 | grad_norm = 11.831097
  Batch 3785: loss = 0.070379 | LR = 2.452321e-09 | grad_norm = 18.173270
  Batch 3786: loss = 0.825411 | LR = 2.334157e-09 | grad_norm = 145.082543
  Batch 3787: loss = 5.089604 | LR = 2.218911e-09 | grad_norm = 123.498270
  Batch 3788: loss = 2.094131 | LR = 2.106582e-09 | grad_norm = 189.542328
  Batch 3789: loss = 2.830003 | LR = 1.997171e-09 | grad_norm = 536.409722
  Batch 3790: loss = 0.625390 | LR = 1.890676e-09 | grad_norm = 97.546809
  Batch 3791: loss = 2.079043 | LR = 1.787100e-09 | grad_norm = 274.965691
  Batch 3792: loss = 4.988416 | LR = 1.686440e-09 | grad_norm = 177.708525
  Batch 3793: loss = 5.562176 | LR = 1.588698e-09 | grad_norm = 106.299615
  Batch 3794: loss = 0.000072 | LR = 1.493874e-09 | grad_norm = 0.019674
  Batch 3795: loss = 0.025722 | LR = 1.401967e-09 | grad_norm = 8.048515
  Batch 3796: loss = 3.492939 | LR = 1.312978e-09 | grad_norm = 236.424220
  Batch 3797: loss = 5.919024 | LR = 1.226906e-09 | grad_norm = 106.437174
  Batch 3798: loss = 0.000005 | LR = 1.143752e-09 | grad_norm = 0.001751
  Batch 3799: loss = 0.740792 | LR = 1.063515e-09 | grad_norm = 179.731242
  Batch 3800: loss = 0.004223 | LR = 9.861956e-10 | grad_norm = 1.920307
  Batch 3801: loss = 0.488506 | LR = 9.117940e-10 | grad_norm = 73.344035
  Batch 3802: loss = 5.386700 | LR = 8.403100e-10 | grad_norm = 158.654145
  Batch 3803: loss = 3.151998 | LR = 7.717436e-10 | grad_norm = 171.412169
  Batch 3804: loss = 4.408803 | LR = 7.060949e-10 | grad_norm = 270.292469
  Batch 3805: loss = 6.446429 | LR = 6.433637e-10 | grad_norm = 317.694947
  Batch 3806: loss = 5.097828 | LR = 5.835502e-10 | grad_norm = 389.062707
  Batch 3807: loss = 2.631927 | LR = 5.266544e-10 | grad_norm = 144.916722
  Batch 3808: loss = 0.021907 | LR = 4.726762e-10 | grad_norm = 11.812430
  Batch 3809: loss = 6.257208 | LR = 4.216158e-10 | grad_norm = 401.879506
  Batch 3810: loss = 0.041983 | LR = 3.734730e-10 | grad_norm = 13.492489
  Batch 3811: loss = 1.734218 | LR = 3.282479e-10 | grad_norm = 95.290918
  Batch 3812: loss = 3.247158 | LR = 2.859405e-10 | grad_norm = 112.333517
  Batch 3813: loss = 5.469639 | LR = 2.465509e-10 | grad_norm = 177.623379
  Batch 3814: loss = 2.493568 | LR = 2.100789e-10 | grad_norm = 252.288722
  Batch 3815: loss = 0.030012 | LR = 1.765247e-10 | grad_norm = 7.674772
  Batch 3816: loss = 3.386587 | LR = 1.458882e-10 | grad_norm = 188.369407
  Batch 3817: loss = 4.332765 | LR = 1.181695e-10 | grad_norm = 150.501551
  Batch 3818: loss = 0.003788 | LR = 9.336852e-11 | grad_norm = 1.309576
  Batch 3819: loss = 4.798469 | LR = 7.148529e-11 | grad_norm = 179.977825
  Batch 3820: loss = 5.284376 | LR = 5.251982e-11 | grad_norm = 172.135083
  Batch 3821: loss = 3.481125 | LR = 3.647210e-11 | grad_norm = 192.587639
  Batch 3822: loss = 1.263395 | LR = 2.334215e-11 | grad_norm = 145.230113
  Batch 3823: loss = 3.611548 | LR = 1.312996e-11 | grad_norm = 114.517136
  Batch 3824: loss = 2.708409 | LR = 5.835538e-12 | grad_norm = 207.738418
  Batch 3825: loss = 3.070906 | LR = 1.458885e-12 | grad_norm = 173.459346
  Batch 3826: loss = 1.020700 | LR = 0.000000e+00 | grad_norm = 143.773161
Epoch 2: Average loss = 2.7922, Train Acc = 41.09%, Duration = 67.99s
Validation Acc = 52.67% (16121/30607)
