Initialized distributed training on 8 GPUs
Global batch size: 8
Base LR: 0.000031
Adjusting num_classes from 256 to 257 based on dataset
  Batch 1: loss = 5.858583 | LR = 3.934882e-07 | grad_norm = 69.058934
  Batch 2: loss = 5.392235 | LR = 4.744764e-07 | grad_norm = 75.541422
  Batch 3: loss = 4.695136 | LR = 5.554647e-07 | grad_norm = 64.534557
  Batch 4: loss = 5.390514 | LR = 6.364529e-07 | grad_norm = 85.435098
  Batch 5: loss = 5.324762 | LR = 7.174411e-07 | grad_norm = 45.892277
  Batch 6: loss = 5.436856 | LR = 7.984293e-07 | grad_norm = 86.152626
  Batch 7: loss = 5.286272 | LR = 8.794175e-07 | grad_norm = 92.873751
  Batch 8: loss = 5.385313 | LR = 9.604058e-07 | grad_norm = 87.211675
  Batch 9: loss = 5.731351 | LR = 1.041394e-06 | grad_norm = 74.264490
  Batch 10: loss = 5.417857 | LR = 1.122382e-06 | grad_norm = 70.063226
  Batch 11: loss = 6.326390 | LR = 1.203370e-06 | grad_norm = 86.320034
  Batch 12: loss = 6.252741 | LR = 1.284359e-06 | grad_norm = 68.136731
  Batch 13: loss = 5.648681 | LR = 1.365347e-06 | grad_norm = 78.609389
  Batch 14: loss = 5.282715 | LR = 1.446335e-06 | grad_norm = 62.496345
  Batch 15: loss = 5.722104 | LR = 1.527323e-06 | grad_norm = 69.235880
  Batch 16: loss = 5.678214 | LR = 1.608312e-06 | grad_norm = 58.378594
  Batch 17: loss = 5.671133 | LR = 1.689300e-06 | grad_norm = 74.787198
  Batch 18: loss = 5.927810 | LR = 1.770288e-06 | grad_norm = 72.745513
  Batch 19: loss = 5.691720 | LR = 1.851276e-06 | grad_norm = 117.883834
  Batch 20: loss = 4.973603 | LR = 1.932264e-06 | grad_norm = 103.028173
  Batch 21: loss = 5.278088 | LR = 2.013253e-06 | grad_norm = 63.078021
  Batch 22: loss = 5.684011 | LR = 2.094241e-06 | grad_norm = 77.339136
  Batch 23: loss = 5.247392 | LR = 2.175229e-06 | grad_norm = 86.358770
  Batch 24: loss = 6.088254 | LR = 2.256217e-06 | grad_norm = 97.495083
  Batch 25: loss = 5.362864 | LR = 2.337205e-06 | grad_norm = 78.249536
  Batch 26: loss = 5.923031 | LR = 2.418194e-06 | grad_norm = 88.321090
  Batch 27: loss = 4.832020 | LR = 2.499182e-06 | grad_norm = 66.726550
  Batch 28: loss = 6.185216 | LR = 2.580170e-06 | grad_norm = 94.320722
  Batch 29: loss = 5.760351 | LR = 2.661158e-06 | grad_norm = 34.390551
  Batch 30: loss = 4.822627 | LR = 2.742147e-06 | grad_norm = 85.415773
  Batch 31: loss = 5.519222 | LR = 2.823135e-06 | grad_norm = 74.741538
  Batch 32: loss = 4.376515 | LR = 2.904123e-06 | grad_norm = 100.064743
  Batch 33: loss = 5.661103 | LR = 2.985111e-06 | grad_norm = 64.976325
  Batch 34: loss = 6.207266 | LR = 3.066099e-06 | grad_norm = 63.640627
  Batch 35: loss = 5.662169 | LR = 3.147088e-06 | grad_norm = 62.604118
  Batch 36: loss = 5.200118 | LR = 3.228076e-06 | grad_norm = 74.358300
  Batch 37: loss = 5.425260 | LR = 3.309064e-06 | grad_norm = 73.225607
  Batch 38: loss = 5.571332 | LR = 3.390052e-06 | grad_norm = 46.641919
  Batch 39: loss = 6.472697 | LR = 3.471041e-06 | grad_norm = 98.936733
  Batch 40: loss = 5.510787 | LR = 3.552029e-06 | grad_norm = 66.776174
  Batch 41: loss = 6.352106 | LR = 3.633017e-06 | grad_norm = 83.382346
  Batch 42: loss = 6.444406 | LR = 3.714005e-06 | grad_norm = 71.744596
  Batch 43: loss = 6.641288 | LR = 3.794993e-06 | grad_norm = 82.129750
  Batch 44: loss = 4.900250 | LR = 3.875982e-06 | grad_norm = 79.680837
  Batch 45: loss = 5.231462 | LR = 3.956970e-06 | grad_norm = 79.008893
  Batch 46: loss = 5.339381 | LR = 4.037958e-06 | grad_norm = 56.628006
  Batch 47: loss = 4.841674 | LR = 4.118946e-06 | grad_norm = 82.005083
  Batch 48: loss = 5.567994 | LR = 4.199935e-06 | grad_norm = 54.095783
  Batch 49: loss = 6.973590 | LR = 4.280923e-06 | grad_norm = 95.229201
  Batch 50: loss = 6.059950 | LR = 4.361911e-06 | grad_norm = 79.527173
  Batch 51: loss = 6.119930 | LR = 4.442899e-06 | grad_norm = 76.020603
  Batch 52: loss = 5.768744 | LR = 4.523887e-06 | grad_norm = 77.124317
  Batch 53: loss = 6.059139 | LR = 4.604876e-06 | grad_norm = 72.827809
  Batch 54: loss = 5.695599 | LR = 4.685864e-06 | grad_norm = 63.379141
  Batch 55: loss = 4.188907 | LR = 4.766852e-06 | grad_norm = 77.726438
  Batch 56: loss = 5.409399 | LR = 4.847840e-06 | grad_norm = 87.358232
  Batch 57: loss = 5.370217 | LR = 4.928829e-06 | grad_norm = 71.919491
  Batch 58: loss = 5.462922 | LR = 5.009817e-06 | grad_norm = 77.390073
  Batch 59: loss = 6.358333 | LR = 5.090805e-06 | grad_norm = 77.475958
  Batch 60: loss = 5.917556 | LR = 5.171793e-06 | grad_norm = 91.742830
  Batch 61: loss = 4.653746 | LR = 5.252781e-06 | grad_norm = 103.270623
  Batch 62: loss = 4.722973 | LR = 5.333770e-06 | grad_norm = 87.247876
  Batch 63: loss = 6.179681 | LR = 5.414758e-06 | grad_norm = 84.935505
  Batch 64: loss = 5.270353 | LR = 5.495746e-06 | grad_norm = 67.523565
  Batch 65: loss = 5.837989 | LR = 5.576734e-06 | grad_norm = 67.556293
  Batch 66: loss = 5.547143 | LR = 5.657723e-06 | grad_norm = 55.409300
  Batch 67: loss = 4.934063 | LR = 5.738711e-06 | grad_norm = 65.501321
  Batch 68: loss = 6.593568 | LR = 5.819699e-06 | grad_norm = 99.552257
  Batch 69: loss = 5.470201 | LR = 5.900687e-06 | grad_norm = 100.470552
  Batch 70: loss = 5.687498 | LR = 5.981675e-06 | grad_norm = 50.461109
  Batch 71: loss = 6.206567 | LR = 6.062664e-06 | grad_norm = 78.084702
  Batch 72: loss = 6.226164 | LR = 6.143652e-06 | grad_norm = 82.938809
  Batch 73: loss = 5.309458 | LR = 6.224640e-06 | grad_norm = 79.930508
  Batch 74: loss = 5.989753 | LR = 6.305628e-06 | grad_norm = 73.396747
  Batch 75: loss = 6.537606 | LR = 6.386616e-06 | grad_norm = 57.979040
  Batch 76: loss = 5.438111 | LR = 6.467605e-06 | grad_norm = 76.161008
  Batch 77: loss = 6.357845 | LR = 6.548593e-06 | grad_norm = 81.046359
  Batch 78: loss = 5.669143 | LR = 6.629581e-06 | grad_norm = 56.294086
  Batch 79: loss = 6.376361 | LR = 6.710569e-06 | grad_norm = 86.184081
  Batch 80: loss = 5.711984 | LR = 6.791558e-06 | grad_norm = 57.310265
  Batch 81: loss = 6.227306 | LR = 6.872546e-06 | grad_norm = 63.137450
  Batch 82: loss = 5.454569 | LR = 6.953534e-06 | grad_norm = 78.388372
  Batch 83: loss = 5.617664 | LR = 7.034522e-06 | grad_norm = 86.879824
  Batch 84: loss = 5.670986 | LR = 7.115510e-06 | grad_norm = 70.160464
  Batch 85: loss = 5.297605 | LR = 7.196499e-06 | grad_norm = 96.660491
  Batch 86: loss = 5.541860 | LR = 7.277487e-06 | grad_norm = 73.011788
  Batch 87: loss = 4.959039 | LR = 7.358475e-06 | grad_norm = 86.030970
  Batch 88: loss = 4.317240 | LR = 7.439463e-06 | grad_norm = 97.865937
  Batch 89: loss = 5.942490 | LR = 7.520452e-06 | grad_norm = 56.853148
  Batch 90: loss = 5.960877 | LR = 7.601440e-06 | grad_norm = 72.809048
  Batch 91: loss = 5.373898 | LR = 7.682428e-06 | grad_norm = 48.592663
  Batch 92: loss = 6.060759 | LR = 7.763416e-06 | grad_norm = 91.189587
  Batch 93: loss = 6.064711 | LR = 7.844404e-06 | grad_norm = 60.471425
  Batch 94: loss = 5.855958 | LR = 7.925393e-06 | grad_norm = 78.548644
  Batch 95: loss = 5.528117 | LR = 8.006381e-06 | grad_norm = 83.671159
  Batch 96: loss = 6.233459 | LR = 8.087369e-06 | grad_norm = 72.336266
  Batch 97: loss = 5.354700 | LR = 8.168357e-06 | grad_norm = 72.811409
  Batch 98: loss = 5.264683 | LR = 8.249346e-06 | grad_norm = 97.820398
  Batch 99: loss = 5.679104 | LR = 8.330334e-06 | grad_norm = 79.064577
  Batch 100: loss = 5.780280 | LR = 8.411322e-06 | grad_norm = 77.850508
  Batch 101: loss = 5.357166 | LR = 8.492310e-06 | grad_norm = 89.525439
  Batch 102: loss = 5.827422 | LR = 8.573298e-06 | grad_norm = 79.133010
  Batch 103: loss = 6.648511 | LR = 8.654287e-06 | grad_norm = 73.430942
  Batch 104: loss = 5.861088 | LR = 8.735275e-06 | grad_norm = 95.825148
  Batch 105: loss = 6.039259 | LR = 8.816263e-06 | grad_norm = 63.417728
  Batch 106: loss = 6.124387 | LR = 8.897251e-06 | grad_norm = 73.533555
  Batch 107: loss = 7.479304 | LR = 8.978240e-06 | grad_norm = 154.465114
  Batch 108: loss = 5.108006 | LR = 9.059228e-06 | grad_norm = 101.616034
  Batch 109: loss = 5.787510 | LR = 9.140216e-06 | grad_norm = 86.859797
  Batch 110: loss = 5.748419 | LR = 9.221204e-06 | grad_norm = 68.176441
  Batch 111: loss = 5.035236 | LR = 9.302192e-06 | grad_norm = 79.353224
  Batch 112: loss = 6.073564 | LR = 9.383181e-06 | grad_norm = 67.487151
  Batch 113: loss = 5.507019 | LR = 9.464169e-06 | grad_norm = 58.493406
  Batch 114: loss = 5.911070 | LR = 9.545157e-06 | grad_norm = 82.459215
  Batch 115: loss = 5.918988 | LR = 9.626145e-06 | grad_norm = 68.625788
  Batch 116: loss = 5.060942 | LR = 9.707134e-06 | grad_norm = 69.896244
  Batch 117: loss = 4.802194 | LR = 9.788122e-06 | grad_norm = 74.877932
  Batch 118: loss = 5.713480 | LR = 9.869110e-06 | grad_norm = 69.384882
  Batch 119: loss = 5.960696 | LR = 9.950098e-06 | grad_norm = 72.768320
  Batch 120: loss = 5.496210 | LR = 1.003109e-05 | grad_norm = 79.630966
  Batch 121: loss = 6.081600 | LR = 1.011207e-05 | grad_norm = 71.986505
  Batch 122: loss = 5.277713 | LR = 1.019306e-05 | grad_norm = 77.850061
  Batch 123: loss = 5.612843 | LR = 1.027405e-05 | grad_norm = 67.794065
  Batch 124: loss = 5.513037 | LR = 1.035504e-05 | grad_norm = 61.997510
  Batch 125: loss = 4.756308 | LR = 1.043603e-05 | grad_norm = 113.944403
  Batch 126: loss = 4.868660 | LR = 1.051702e-05 | grad_norm = 55.632746
  Batch 127: loss = 5.723156 | LR = 1.059800e-05 | grad_norm = 64.302989
  Batch 128: loss = 5.139914 | LR = 1.067899e-05 | grad_norm = 78.441237
  Batch 129: loss = 5.873919 | LR = 1.075998e-05 | grad_norm = 83.955547
  Batch 130: loss = 5.957806 | LR = 1.084097e-05 | grad_norm = 68.153340
  Batch 131: loss = 5.501214 | LR = 1.092196e-05 | grad_norm = 84.154006
  Batch 132: loss = 6.236429 | LR = 1.100295e-05 | grad_norm = 62.738806
  Batch 133: loss = 6.401299 | LR = 1.108393e-05 | grad_norm = 65.091356
  Batch 134: loss = 5.864792 | LR = 1.116492e-05 | grad_norm = 67.882248
  Batch 135: loss = 5.202756 | LR = 1.124591e-05 | grad_norm = 65.301906
  Batch 136: loss = 5.569085 | LR = 1.132690e-05 | grad_norm = 70.341609
  Batch 137: loss = 6.279040 | LR = 1.140789e-05 | grad_norm = 67.865549
  Batch 138: loss = 5.475111 | LR = 1.148887e-05 | grad_norm = 65.009786
  Batch 139: loss = 5.283467 | LR = 1.156986e-05 | grad_norm = 68.284917
  Batch 140: loss = 5.769780 | LR = 1.165085e-05 | grad_norm = 68.217902
  Batch 141: loss = 5.022096 | LR = 1.173184e-05 | grad_norm = 79.131431
  Batch 142: loss = 5.197227 | LR = 1.181283e-05 | grad_norm = 53.455723
  Batch 143: loss = 5.338173 | LR = 1.189382e-05 | grad_norm = 86.864480
  Batch 144: loss = 4.933040 | LR = 1.197480e-05 | grad_norm = 122.602816
  Batch 145: loss = 5.833065 | LR = 1.205579e-05 | grad_norm = 62.487827
  Batch 146: loss = 6.099242 | LR = 1.213678e-05 | grad_norm = 96.965052
  Batch 147: loss = 6.246398 | LR = 1.221777e-05 | grad_norm = 68.723180
  Batch 148: loss = 5.161459 | LR = 1.229876e-05 | grad_norm = 41.359741
  Batch 149: loss = 5.504966 | LR = 1.237974e-05 | grad_norm = 71.469039
  Batch 150: loss = 5.979483 | LR = 1.246073e-05 | grad_norm = 60.237089
  Batch 151: loss = 5.620658 | LR = 1.254172e-05 | grad_norm = 85.447290
  Batch 152: loss = 5.130055 | LR = 1.262271e-05 | grad_norm = 63.594856
  Batch 153: loss = 5.510620 | LR = 1.270370e-05 | grad_norm = 72.083483
  Batch 154: loss = 5.528320 | LR = 1.278469e-05 | grad_norm = 65.940456
  Batch 155: loss = 4.692169 | LR = 1.286567e-05 | grad_norm = 93.294856
  Batch 156: loss = 5.100891 | LR = 1.294666e-05 | grad_norm = 83.550069
  Batch 157: loss = 5.499898 | LR = 1.302765e-05 | grad_norm = 63.440723
  Batch 158: loss = 5.011349 | LR = 1.310864e-05 | grad_norm = 51.720967
  Batch 159: loss = 5.751288 | LR = 1.318963e-05 | grad_norm = 71.833455
  Batch 160: loss = 4.008657 | LR = 1.327062e-05 | grad_norm = 79.810916
  Batch 161: loss = 5.221316 | LR = 1.335160e-05 | grad_norm = 69.763960
  Batch 162: loss = 5.542439 | LR = 1.343259e-05 | grad_norm = 61.198265
  Batch 163: loss = 5.656886 | LR = 1.351358e-05 | grad_norm = 54.019742
  Batch 164: loss = 6.022599 | LR = 1.359457e-05 | grad_norm = 45.035990
  Batch 165: loss = 5.159999 | LR = 1.367556e-05 | grad_norm = 67.962085
  Batch 166: loss = 5.913396 | LR = 1.375654e-05 | grad_norm = 44.849300
  Batch 167: loss = 4.816683 | LR = 1.383753e-05 | grad_norm = 70.241462
  Batch 168: loss = 6.531047 | LR = 1.391852e-05 | grad_norm = 94.705791
  Batch 169: loss = 5.362724 | LR = 1.399951e-05 | grad_norm = 100.217872
  Batch 170: loss = 5.327310 | LR = 1.408050e-05 | grad_norm = 41.557615
  Batch 171: loss = 4.812615 | LR = 1.416149e-05 | grad_norm = 66.382047
  Batch 172: loss = 6.096325 | LR = 1.424247e-05 | grad_norm = 45.323953
  Batch 173: loss = 4.978190 | LR = 1.432346e-05 | grad_norm = 71.790630
  Batch 174: loss = 5.766830 | LR = 1.440445e-05 | grad_norm = 50.127429
  Batch 175: loss = 5.613401 | LR = 1.448544e-05 | grad_norm = 79.928914
  Batch 176: loss = 5.290565 | LR = 1.456643e-05 | grad_norm = 68.379847
  Batch 177: loss = 5.551085 | LR = 1.464741e-05 | grad_norm = 81.775060
  Batch 178: loss = 5.423735 | LR = 1.472840e-05 | grad_norm = 60.407340
  Batch 179: loss = 5.366999 | LR = 1.480939e-05 | grad_norm = 67.910300
  Batch 180: loss = 6.403412 | LR = 1.489038e-05 | grad_norm = 90.762805
  Batch 181: loss = 5.602599 | LR = 1.497137e-05 | grad_norm = 61.622748
  Batch 182: loss = 5.980958 | LR = 1.505236e-05 | grad_norm = 78.937716
  Batch 183: loss = 4.987105 | LR = 1.513334e-05 | grad_norm = 90.691803
  Batch 184: loss = 5.267374 | LR = 1.521433e-05 | grad_norm = 95.611334
  Batch 185: loss = 6.180483 | LR = 1.529532e-05 | grad_norm = 62.393746
  Batch 186: loss = 5.643696 | LR = 1.537631e-05 | grad_norm = 50.196204
  Batch 187: loss = 5.468563 | LR = 1.545730e-05 | grad_norm = 62.568724
  Batch 188: loss = 5.147149 | LR = 1.553829e-05 | grad_norm = 61.184676
  Batch 189: loss = 5.825668 | LR = 1.561927e-05 | grad_norm = 74.971665
  Batch 190: loss = 5.866586 | LR = 1.570026e-05 | grad_norm = 71.278333
  Batch 191: loss = 5.374811 | LR = 1.578125e-05 | grad_norm = 71.307004
  Batch 192: loss = 5.108355 | LR = 1.586224e-05 | grad_norm = 63.239714
  Batch 193: loss = 6.107361 | LR = 1.594323e-05 | grad_norm = 60.879466
  Batch 194: loss = 5.490277 | LR = 1.602421e-05 | grad_norm = 44.315884
  Batch 195: loss = 4.684880 | LR = 1.610520e-05 | grad_norm = 92.439739
  Batch 196: loss = 6.651826 | LR = 1.618619e-05 | grad_norm = 85.096289
  Batch 197: loss = 5.184811 | LR = 1.626718e-05 | grad_norm = 64.147175
  Batch 198: loss = 5.188915 | LR = 1.634817e-05 | grad_norm = 44.614118
  Batch 199: loss = 5.826513 | LR = 1.642916e-05 | grad_norm = 42.794028
  Batch 200: loss = 6.080142 | LR = 1.651014e-05 | grad_norm = 59.617247
  Batch 201: loss = 5.878455 | LR = 1.659113e-05 | grad_norm = 70.395521
  Batch 202: loss = 6.207568 | LR = 1.667212e-05 | grad_norm = 45.835941
  Batch 203: loss = 5.232043 | LR = 1.675311e-05 | grad_norm = 63.896866
  Batch 204: loss = 4.801218 | LR = 1.683410e-05 | grad_norm = 83.431637
  Batch 205: loss = 5.471257 | LR = 1.691509e-05 | grad_norm = 51.180184
  Batch 206: loss = 5.420623 | LR = 1.699607e-05 | grad_norm = 60.429226
  Batch 207: loss = 5.475107 | LR = 1.707706e-05 | grad_norm = 51.664375
  Batch 208: loss = 5.447533 | LR = 1.715805e-05 | grad_norm = 61.854328
  Batch 209: loss = 5.410151 | LR = 1.723904e-05 | grad_norm = 109.143245
  Batch 210: loss = 5.474768 | LR = 1.732003e-05 | grad_norm = 53.142445
  Batch 211: loss = 5.306899 | LR = 1.740101e-05 | grad_norm = 52.509736
  Batch 212: loss = 5.437478 | LR = 1.748200e-05 | grad_norm = 70.023525
  Batch 213: loss = 6.061492 | LR = 1.756299e-05 | grad_norm = 72.048533
  Batch 214: loss = 5.048716 | LR = 1.764398e-05 | grad_norm = 75.567070
  Batch 215: loss = 5.351985 | LR = 1.772497e-05 | grad_norm = 72.972752
  Batch 216: loss = 5.146041 | LR = 1.780596e-05 | grad_norm = 71.747951
  Batch 217: loss = 5.382625 | LR = 1.788694e-05 | grad_norm = 93.594285
  Batch 218: loss = 5.572884 | LR = 1.796793e-05 | grad_norm = 73.448369
  Batch 219: loss = 5.815882 | LR = 1.804892e-05 | grad_norm = 78.192760
  Batch 220: loss = 5.413796 | LR = 1.812991e-05 | grad_norm = 55.985295
  Batch 221: loss = 5.748868 | LR = 1.821090e-05 | grad_norm = 66.627451
  Batch 222: loss = 5.417174 | LR = 1.829188e-05 | grad_norm = 42.689749
  Batch 223: loss = 5.440784 | LR = 1.837287e-05 | grad_norm = 46.710246
  Batch 224: loss = 5.488283 | LR = 1.845386e-05 | grad_norm = 47.893473
  Batch 225: loss = 4.776244 | LR = 1.853485e-05 | grad_norm = 63.655448
  Batch 226: loss = 5.682101 | LR = 1.861584e-05 | grad_norm = 84.245375
  Batch 227: loss = 5.665157 | LR = 1.869683e-05 | grad_norm = 71.983799
  Batch 228: loss = 5.959248 | LR = 1.877781e-05 | grad_norm = 74.074675
  Batch 229: loss = 5.462738 | LR = 1.885880e-05 | grad_norm = 40.844347
  Batch 230: loss = 4.821057 | LR = 1.893979e-05 | grad_norm = 62.874018
  Batch 231: loss = 5.735180 | LR = 1.902078e-05 | grad_norm = 48.584371
  Batch 232: loss = 5.696323 | LR = 1.910177e-05 | grad_norm = 63.529189
  Batch 233: loss = 5.498017 | LR = 1.918276e-05 | grad_norm = 74.797375
  Batch 234: loss = 5.566010 | LR = 1.926374e-05 | grad_norm = 59.512719
  Batch 235: loss = 5.245264 | LR = 1.934473e-05 | grad_norm = 70.542632
  Batch 236: loss = 5.557856 | LR = 1.942572e-05 | grad_norm = 59.446747
  Batch 237: loss = 5.880888 | LR = 1.950671e-05 | grad_norm = 66.608585
  Batch 238: loss = 5.975756 | LR = 1.958770e-05 | grad_norm = 67.024757
  Batch 239: loss = 4.789837 | LR = 1.966868e-05 | grad_norm = 69.697052
  Batch 240: loss = 5.773208 | LR = 1.974967e-05 | grad_norm = 61.698075
  Batch 241: loss = 5.434112 | LR = 1.983066e-05 | grad_norm = 62.170547
  Batch 242: loss = 5.315891 | LR = 1.991165e-05 | grad_norm = 53.280922
  Batch 243: loss = 6.227413 | LR = 1.999264e-05 | grad_norm = 82.660414
  Batch 244: loss = 5.440799 | LR = 2.007363e-05 | grad_norm = 67.139860
  Batch 245: loss = 5.534744 | LR = 2.015461e-05 | grad_norm = 42.744687
  Batch 246: loss = 4.667382 | LR = 2.023560e-05 | grad_norm = 68.111562
  Batch 247: loss = 6.234361 | LR = 2.031659e-05 | grad_norm = 68.812139
  Batch 248: loss = 5.172503 | LR = 2.039758e-05 | grad_norm = 75.342318
  Batch 249: loss = 6.366099 | LR = 2.047857e-05 | grad_norm = 62.476604
  Batch 250: loss = 4.763503 | LR = 2.055955e-05 | grad_norm = 61.677802
  Batch 251: loss = 5.826121 | LR = 2.064054e-05 | grad_norm = 62.312807
  Batch 252: loss = 5.969143 | LR = 2.072153e-05 | grad_norm = 106.909776
  Batch 253: loss = 5.226810 | LR = 2.080252e-05 | grad_norm = 60.781421
  Batch 254: loss = 5.503253 | LR = 2.088351e-05 | grad_norm = 62.878714
  Batch 255: loss = 5.447407 | LR = 2.096450e-05 | grad_norm = 53.989878
  Batch 256: loss = 6.094162 | LR = 2.104548e-05 | grad_norm = 60.477088
  Batch 257: loss = 6.046162 | LR = 2.112647e-05 | grad_norm = 85.885576
  Batch 258: loss = 5.320954 | LR = 2.120746e-05 | grad_norm = 59.088838
  Batch 259: loss = 5.919742 | LR = 2.128845e-05 | grad_norm = 64.668667
  Batch 260: loss = 5.642134 | LR = 2.136944e-05 | grad_norm = 86.752016
  Batch 261: loss = 5.585196 | LR = 2.145043e-05 | grad_norm = 59.428771
  Batch 262: loss = 5.917912 | LR = 2.153141e-05 | grad_norm = 66.861733
  Batch 263: loss = 5.379758 | LR = 2.161240e-05 | grad_norm = 61.874508
  Batch 264: loss = 4.719680 | LR = 2.169339e-05 | grad_norm = 69.133437
  Batch 265: loss = 5.092344 | LR = 2.177438e-05 | grad_norm = 90.394326
  Batch 266: loss = 4.669334 | LR = 2.185537e-05 | grad_norm = 49.783478
  Batch 267: loss = 5.658420 | LR = 2.193635e-05 | grad_norm = 47.085359
  Batch 268: loss = 5.210772 | LR = 2.201734e-05 | grad_norm = 73.095807
  Batch 269: loss = 5.549878 | LR = 2.209833e-05 | grad_norm = 59.965367
  Batch 270: loss = 5.642000 | LR = 2.217932e-05 | grad_norm = 54.256140
  Batch 271: loss = 6.054511 | LR = 2.226031e-05 | grad_norm = 59.972019
  Batch 272: loss = 5.418068 | LR = 2.234130e-05 | grad_norm = 62.766899
  Batch 273: loss = 6.182349 | LR = 2.242228e-05 | grad_norm = 58.317505
  Batch 274: loss = 6.166797 | LR = 2.250327e-05 | grad_norm = 84.648410
  Batch 275: loss = 4.703521 | LR = 2.258426e-05 | grad_norm = 75.188377
  Batch 276: loss = 5.627784 | LR = 2.266525e-05 | grad_norm = 55.981683
  Batch 277: loss = 5.593008 | LR = 2.274624e-05 | grad_norm = 70.487134
  Batch 278: loss = 5.393723 | LR = 2.282723e-05 | grad_norm = 66.054897
  Batch 279: loss = 5.420172 | LR = 2.290821e-05 | grad_norm = 55.499191
  Batch 280: loss = 5.835989 | LR = 2.298920e-05 | grad_norm = 65.413465
  Batch 281: loss = 5.810102 | LR = 2.307019e-05 | grad_norm = 50.862424
  Batch 282: loss = 5.832046 | LR = 2.315118e-05 | grad_norm = 68.570265
  Batch 283: loss = 6.324853 | LR = 2.323217e-05 | grad_norm = 71.940715
  Batch 284: loss = 6.077274 | LR = 2.331315e-05 | grad_norm = 61.049763
  Batch 285: loss = 5.394980 | LR = 2.339414e-05 | grad_norm = 62.429228
  Batch 286: loss = 6.006809 | LR = 2.347513e-05 | grad_norm = 41.807932
  Batch 287: loss = 5.813797 | LR = 2.355612e-05 | grad_norm = 66.827061
  Batch 288: loss = 5.309088 | LR = 2.363711e-05 | grad_norm = 60.155193
  Batch 289: loss = 6.045325 | LR = 2.371810e-05 | grad_norm = 53.822702
  Batch 290: loss = 5.253006 | LR = 2.379908e-05 | grad_norm = 61.821480
  Batch 291: loss = 5.150716 | LR = 2.388007e-05 | grad_norm = 45.525592
  Batch 292: loss = 5.662488 | LR = 2.396106e-05 | grad_norm = 35.807758
  Batch 293: loss = 4.577555 | LR = 2.404205e-05 | grad_norm = 58.264556
  Batch 294: loss = 5.582406 | LR = 2.412304e-05 | grad_norm = 67.955793
  Batch 295: loss = 5.833072 | LR = 2.420402e-05 | grad_norm = 59.967692
  Batch 296: loss = 5.615896 | LR = 2.428501e-05 | grad_norm = 48.574801
  Batch 297: loss = 6.329564 | LR = 2.436600e-05 | grad_norm = 72.229011
  Batch 298: loss = 4.597021 | LR = 2.444699e-05 | grad_norm = 70.816055
  Batch 299: loss = 5.238170 | LR = 2.452798e-05 | grad_norm = 64.073519
  Batch 300: loss = 5.155843 | LR = 2.460897e-05 | grad_norm = 72.853017
  Batch 301: loss = 4.856281 | LR = 2.468995e-05 | grad_norm = 65.057526
  Batch 302: loss = 5.581516 | LR = 2.477094e-05 | grad_norm = 89.995310
  Batch 303: loss = 5.396019 | LR = 2.485193e-05 | grad_norm = 67.645880
  Batch 304: loss = 4.735945 | LR = 2.493292e-05 | grad_norm = 60.134622
  Batch 305: loss = 5.637262 | LR = 2.501391e-05 | grad_norm = 71.241664
  Batch 306: loss = 5.410395 | LR = 2.509490e-05 | grad_norm = 49.473475
  Batch 307: loss = 5.137985 | LR = 2.517588e-05 | grad_norm = 58.914546
  Batch 308: loss = 5.309195 | LR = 2.525687e-05 | grad_norm = 76.281713
  Batch 309: loss = 5.202775 | LR = 2.533786e-05 | grad_norm = 75.574924
  Batch 310: loss = 5.566644 | LR = 2.541885e-05 | grad_norm = 90.446065
  Batch 311: loss = 5.300428 | LR = 2.549984e-05 | grad_norm = 43.927343
  Batch 312: loss = 5.530685 | LR = 2.558082e-05 | grad_norm = 59.812195
  Batch 313: loss = 5.876052 | LR = 2.566181e-05 | grad_norm = 60.368665
  Batch 314: loss = 4.868372 | LR = 2.574280e-05 | grad_norm = 70.792160
  Batch 315: loss = 5.372674 | LR = 2.582379e-05 | grad_norm = 42.027315
  Batch 316: loss = 4.984453 | LR = 2.590478e-05 | grad_norm = 44.341663
  Batch 317: loss = 5.577194 | LR = 2.598577e-05 | grad_norm = 68.772606
  Batch 318: loss = 5.584423 | LR = 2.606675e-05 | grad_norm = 62.868573
  Batch 319: loss = 5.351205 | LR = 2.614774e-05 | grad_norm = 69.818407
  Batch 320: loss = 5.016325 | LR = 2.622873e-05 | grad_norm = 58.603629
  Batch 321: loss = 6.218541 | LR = 2.630972e-05 | grad_norm = 68.407493
  Batch 322: loss = 5.158989 | LR = 2.639071e-05 | grad_norm = 63.221126
  Batch 323: loss = 5.075241 | LR = 2.647170e-05 | grad_norm = 65.291912
  Batch 324: loss = 4.709718 | LR = 2.655268e-05 | grad_norm = 84.598168
  Batch 325: loss = 5.889872 | LR = 2.663367e-05 | grad_norm = 55.860404
  Batch 326: loss = 4.281063 | LR = 2.671466e-05 | grad_norm = 66.884129
  Batch 327: loss = 5.877909 | LR = 2.679565e-05 | grad_norm = 73.155059
  Batch 328: loss = 5.136912 | LR = 2.687664e-05 | grad_norm = 60.834321
  Batch 329: loss = 5.123160 | LR = 2.695762e-05 | grad_norm = 61.207434
  Batch 330: loss = 6.110412 | LR = 2.703861e-05 | grad_norm = 68.039569
  Batch 331: loss = 5.459827 | LR = 2.711960e-05 | grad_norm = 67.202519
  Batch 332: loss = 5.255426 | LR = 2.720059e-05 | grad_norm = 47.064172
  Batch 333: loss = 5.454618 | LR = 2.728158e-05 | grad_norm = 76.624135
  Batch 334: loss = 5.962154 | LR = 2.736257e-05 | grad_norm = 105.367215
  Batch 335: loss = 5.640211 | LR = 2.744355e-05 | grad_norm = 68.844288
  Batch 336: loss = 5.380052 | LR = 2.752454e-05 | grad_norm = 54.021440
  Batch 337: loss = 5.724311 | LR = 2.760553e-05 | grad_norm = 95.677245
  Batch 338: loss = 5.226864 | LR = 2.768652e-05 | grad_norm = 51.460204
  Batch 339: loss = 6.414524 | LR = 2.776751e-05 | grad_norm = 90.746674
  Batch 340: loss = 6.534808 | LR = 2.784849e-05 | grad_norm = 83.544974
  Batch 341: loss = 5.677890 | LR = 2.792948e-05 | grad_norm = 74.326625
  Batch 342: loss = 5.493314 | LR = 2.801047e-05 | grad_norm = 78.120356
  Batch 343: loss = 5.418235 | LR = 2.809146e-05 | grad_norm = 58.183614
  Batch 344: loss = 6.107787 | LR = 2.817245e-05 | grad_norm = 72.385411
  Batch 345: loss = 5.724257 | LR = 2.825344e-05 | grad_norm = 64.815827
  Batch 346: loss = 5.667343 | LR = 2.833442e-05 | grad_norm = 49.094120
  Batch 347: loss = 5.310995 | LR = 2.841541e-05 | grad_norm = 66.561769
  Batch 348: loss = 5.520079 | LR = 2.849640e-05 | grad_norm = 46.417724
  Batch 349: loss = 5.974186 | LR = 2.857739e-05 | grad_norm = 67.216414
  Batch 350: loss = 3.061349 | LR = 2.865838e-05 | grad_norm = 97.224051
  Batch 351: loss = 5.139770 | LR = 2.873937e-05 | grad_norm = 65.391477
  Batch 352: loss = 5.546257 | LR = 2.882035e-05 | grad_norm = 70.497095
  Batch 353: loss = 5.390944 | LR = 2.890134e-05 | grad_norm = 63.601089
  Batch 354: loss = 5.663325 | LR = 2.898233e-05 | grad_norm = 49.247126
  Batch 355: loss = 6.197333 | LR = 2.906332e-05 | grad_norm = 80.393797
  Batch 356: loss = 5.738031 | LR = 2.914431e-05 | grad_norm = 80.355591
  Batch 357: loss = 4.898074 | LR = 2.922529e-05 | grad_norm = 56.403233
  Batch 358: loss = 5.462029 | LR = 2.930628e-05 | grad_norm = 63.622741
  Batch 359: loss = 5.721305 | LR = 2.938727e-05 | grad_norm = 63.711840
  Batch 360: loss = 5.090704 | LR = 2.946826e-05 | grad_norm = 48.300094
  Batch 361: loss = 6.012063 | LR = 2.954925e-05 | grad_norm = 57.795338
  Batch 362: loss = 5.500114 | LR = 2.963024e-05 | grad_norm = 62.447550
  Batch 363: loss = 4.337305 | LR = 2.971122e-05 | grad_norm = 61.584736
  Batch 364: loss = 5.715389 | LR = 2.979221e-05 | grad_norm = 68.259561
  Batch 365: loss = 4.919426 | LR = 2.987320e-05 | grad_norm = 72.934781
  Batch 366: loss = 4.579298 | LR = 2.995419e-05 | grad_norm = 64.366079
  Batch 367: loss = 4.031515 | LR = 3.003518e-05 | grad_norm = 80.278204
  Batch 368: loss = 3.836436 | LR = 3.011616e-05 | grad_norm = 89.489994
  Batch 369: loss = 5.323870 | LR = 3.019715e-05 | grad_norm = 70.051140
  Batch 370: loss = 4.925266 | LR = 3.027814e-05 | grad_norm = 75.418304
  Batch 371: loss = 5.979590 | LR = 3.035913e-05 | grad_norm = 71.729668
  Batch 372: loss = 6.606476 | LR = 3.044012e-05 | grad_norm = 94.284680
  Batch 373: loss = 5.336665 | LR = 3.052111e-05 | grad_norm = 39.660383
  Batch 374: loss = 5.679683 | LR = 3.060209e-05 | grad_norm = 61.843372
  Batch 375: loss = 5.615301 | LR = 3.068308e-05 | grad_norm = 73.236713
  Batch 376: loss = 6.047060 | LR = 3.076407e-05 | grad_norm = 67.545833
  Batch 377: loss = 6.711901 | LR = 3.084506e-05 | grad_norm = 68.588854
  Batch 378: loss = 5.413041 | LR = 3.092605e-05 | grad_norm = 91.275219
  Batch 379: loss = 4.608873 | LR = 3.100704e-05 | grad_norm = 66.906646
  Batch 380: loss = 5.208668 | LR = 3.108802e-05 | grad_norm = 70.035493
  Batch 381: loss = 5.397362 | LR = 3.116901e-05 | grad_norm = 62.999574
  Batch 382: loss = 5.944826 | LR = 3.125000e-05 | grad_norm = 74.234042
  Batch 383: loss = 6.173913 | LR = 3.125000e-05 | grad_norm = 77.217393
  Batch 384: loss = 4.664980 | LR = 3.124999e-05 | grad_norm = 60.656703
  Batch 385: loss = 5.685137 | LR = 3.124999e-05 | grad_norm = 91.417658
  Batch 386: loss = 2.921328 | LR = 3.124998e-05 | grad_norm = 103.919279
  Batch 387: loss = 4.939975 | LR = 3.124996e-05 | grad_norm = 83.857265
  Batch 388: loss = 4.553861 | LR = 3.124995e-05 | grad_norm = 85.772220
  Batch 389: loss = 5.608748 | LR = 3.124993e-05 | grad_norm = 79.103237
  Batch 390: loss = 5.670690 | LR = 3.124991e-05 | grad_norm = 56.622283
  Batch 391: loss = 6.091323 | LR = 3.124988e-05 | grad_norm = 72.348912
  Batch 392: loss = 5.355589 | LR = 3.124985e-05 | grad_norm = 67.422305
  Batch 393: loss = 5.267996 | LR = 3.124982e-05 | grad_norm = 69.651602
  Batch 394: loss = 6.039759 | LR = 3.124979e-05 | grad_norm = 78.780256
  Batch 395: loss = 4.988319 | LR = 3.124975e-05 | grad_norm = 74.097134
  Batch 396: loss = 5.780974 | LR = 3.124971e-05 | grad_norm = 76.964890
  Batch 397: loss = 5.204739 | LR = 3.124967e-05 | grad_norm = 81.038405
  Batch 398: loss = 5.643491 | LR = 3.124963e-05 | grad_norm = 78.082805
  Batch 399: loss = 4.363541 | LR = 3.124958e-05 | grad_norm = 88.699690
  Batch 400: loss = 6.595804 | LR = 3.124953e-05 | grad_norm = 76.825603
  Batch 401: loss = 4.716859 | LR = 3.124947e-05 | grad_norm = 98.643898
  Batch 402: loss = 3.736746 | LR = 3.124942e-05 | grad_norm = 74.948942
  Batch 403: loss = 5.962731 | LR = 3.124936e-05 | grad_norm = 71.686509
  Batch 404: loss = 5.768908 | LR = 3.124929e-05 | grad_norm = 94.837321
  Batch 405: loss = 4.652808 | LR = 3.124923e-05 | grad_norm = 79.338499
  Batch 406: loss = 6.293542 | LR = 3.124916e-05 | grad_norm = 101.964559
  Batch 407: loss = 6.910457 | LR = 3.124909e-05 | grad_norm = 92.766387
  Batch 408: loss = 5.563291 | LR = 3.124901e-05 | grad_norm = 88.836639
  Batch 409: loss = 6.612186 | LR = 3.124894e-05 | grad_norm = 87.552382
  Batch 410: loss = 5.536644 | LR = 3.124886e-05 | grad_norm = 92.665605
  Batch 411: loss = 5.006756 | LR = 3.124877e-05 | grad_norm = 87.877751
  Batch 412: loss = 5.694378 | LR = 3.124869e-05 | grad_norm = 70.477405
  Batch 413: loss = 5.746885 | LR = 3.124860e-05 | grad_norm = 58.184937
  Batch 414: loss = 4.888604 | LR = 3.124851e-05 | grad_norm = 56.859159
  Batch 415: loss = 6.059094 | LR = 3.124841e-05 | grad_norm = 68.284542
  Batch 416: loss = 5.025733 | LR = 3.124831e-05 | grad_norm = 93.052411
  Batch 417: loss = 6.022637 | LR = 3.124821e-05 | grad_norm = 74.591661
  Batch 418: loss = 5.618447 | LR = 3.124811e-05 | grad_norm = 41.997223
  Batch 419: loss = 5.902576 | LR = 3.124800e-05 | grad_norm = 55.140683
  Batch 420: loss = 1.169124 | LR = 3.124789e-05 | grad_norm = 87.097974
  Batch 421: loss = 4.913760 | LR = 3.124778e-05 | grad_norm = 85.519016
  Batch 422: loss = 4.820281 | LR = 3.124767e-05 | grad_norm = 54.385350
  Batch 423: loss = 4.959421 | LR = 3.124755e-05 | grad_norm = 82.671195
  Batch 424: loss = 4.834507 | LR = 3.124743e-05 | grad_norm = 105.536370
  Batch 425: loss = 4.090063 | LR = 3.124730e-05 | grad_norm = 92.521259
  Batch 426: loss = 3.484557 | LR = 3.124718e-05 | grad_norm = 97.381708
  Batch 427: loss = 5.716677 | LR = 3.124705e-05 | grad_norm = 72.509322
  Batch 428: loss = 5.748695 | LR = 3.124691e-05 | grad_norm = 95.647645
  Batch 429: loss = 6.462614 | LR = 3.124678e-05 | grad_norm = 97.665372
  Batch 430: loss = 4.793468 | LR = 3.124664e-05 | grad_norm = 95.927455
  Batch 431: loss = 5.582260 | LR = 3.124650e-05 | grad_norm = 72.576031
  Batch 432: loss = 6.320601 | LR = 3.124635e-05 | grad_norm = 79.834760
  Batch 433: loss = 5.505599 | LR = 3.124621e-05 | grad_norm = 112.321525
  Batch 434: loss = 6.459387 | LR = 3.124606e-05 | grad_norm = 83.790784
  Batch 435: loss = 5.922680 | LR = 3.124590e-05 | grad_norm = 68.206097
  Batch 436: loss = 5.427671 | LR = 3.124575e-05 | grad_norm = 96.231751
  Batch 437: loss = 5.966895 | LR = 3.124559e-05 | grad_norm = 64.869710
  Batch 438: loss = 4.641731 | LR = 3.124543e-05 | grad_norm = 78.745207
  Batch 439: loss = 6.475690 | LR = 3.124526e-05 | grad_norm = 85.613582
  Batch 440: loss = 6.628886 | LR = 3.124509e-05 | grad_norm = 89.734792
  Batch 441: loss = 5.816449 | LR = 3.124492e-05 | grad_norm = 106.030618
  Batch 442: loss = 5.740937 | LR = 3.124475e-05 | grad_norm = 75.096001
  Batch 443: loss = 5.344622 | LR = 3.124457e-05 | grad_norm = 64.515950
  Batch 444: loss = 6.216781 | LR = 3.124439e-05 | grad_norm = 102.511077
  Batch 445: loss = 5.658060 | LR = 3.124421e-05 | grad_norm = 69.462739
  Batch 446: loss = 5.027029 | LR = 3.124402e-05 | grad_norm = 70.143869
  Batch 447: loss = 5.778294 | LR = 3.124384e-05 | grad_norm = 76.088389
  Batch 448: loss = 4.883873 | LR = 3.124365e-05 | grad_norm = 84.144519
  Batch 449: loss = 4.229831 | LR = 3.124345e-05 | grad_norm = 97.154632
  Batch 450: loss = 5.629845 | LR = 3.124325e-05 | grad_norm = 63.444130
  Batch 451: loss = 5.182061 | LR = 3.124305e-05 | grad_norm = 70.266575
  Batch 452: loss = 5.916531 | LR = 3.124285e-05 | grad_norm = 65.707038
  Batch 453: loss = 6.009721 | LR = 3.124265e-05 | grad_norm = 79.456281
  Batch 454: loss = 5.867675 | LR = 3.124244e-05 | grad_norm = 73.273452
  Batch 455: loss = 6.217550 | LR = 3.124223e-05 | grad_norm = 85.895362
  Batch 456: loss = 3.378425 | LR = 3.124201e-05 | grad_norm = 83.797164
  Batch 457: loss = 5.300457 | LR = 3.124179e-05 | grad_norm = 52.585430
  Batch 458: loss = 3.466991 | LR = 3.124157e-05 | grad_norm = 99.582710
  Batch 459: loss = 5.399844 | LR = 3.124135e-05 | grad_norm = 77.687001
  Batch 460: loss = 4.677724 | LR = 3.124112e-05 | grad_norm = 64.589293
  Batch 461: loss = 4.903618 | LR = 3.124090e-05 | grad_norm = 81.479442
  Batch 462: loss = 5.356173 | LR = 3.124066e-05 | grad_norm = 94.857865
  Batch 463: loss = 6.436267 | LR = 3.124043e-05 | grad_norm = 56.441477
  Batch 464: loss = 5.538907 | LR = 3.124019e-05 | grad_norm = 96.959586
  Batch 465: loss = 4.802298 | LR = 3.123995e-05 | grad_norm = 63.683212
  Batch 466: loss = 4.217759 | LR = 3.123971e-05 | grad_norm = 66.887057
  Batch 467: loss = 5.604332 | LR = 3.123946e-05 | grad_norm = 61.092441
  Batch 468: loss = 4.891383 | LR = 3.123921e-05 | grad_norm = 56.395992
  Batch 469: loss = 6.348792 | LR = 3.123896e-05 | grad_norm = 85.223815
  Batch 470: loss = 1.734604 | LR = 3.123870e-05 | grad_norm = 103.848311
  Batch 471: loss = 5.706474 | LR = 3.123845e-05 | grad_norm = 82.471840
  Batch 472: loss = 5.569987 | LR = 3.123818e-05 | grad_norm = 91.483696
  Batch 473: loss = 5.275496 | LR = 3.123792e-05 | grad_norm = 83.866756
  Batch 474: loss = 5.397326 | LR = 3.123765e-05 | grad_norm = 70.042993
  Batch 475: loss = 5.721131 | LR = 3.123738e-05 | grad_norm = 120.498660
  Batch 476: loss = 5.264291 | LR = 3.123711e-05 | grad_norm = 96.550109
  Batch 477: loss = 6.277534 | LR = 3.123684e-05 | grad_norm = 96.154872
  Batch 478: loss = 5.973969 | LR = 3.123656e-05 | grad_norm = 81.301987
  Batch 479: loss = 5.662926 | LR = 3.123628e-05 | grad_norm = 58.567080
  Batch 480: loss = 5.509386 | LR = 3.123599e-05 | grad_norm = 86.744053
  Batch 481: loss = 5.551851 | LR = 3.123570e-05 | grad_norm = 60.626985
  Batch 482: loss = 5.488345 | LR = 3.123541e-05 | grad_norm = 76.431950
  Batch 483: loss = 6.469472 | LR = 3.123512e-05 | grad_norm = 67.036046
  Batch 484: loss = 6.901220 | LR = 3.123482e-05 | grad_norm = 73.163333
  Batch 485: loss = 0.499048 | LR = 3.123453e-05 | grad_norm = 66.638421
  Batch 486: loss = 1.813212 | LR = 3.123422e-05 | grad_norm = 90.228059
  Batch 487: loss = 5.858432 | LR = 3.123392e-05 | grad_norm = 83.945694
  Batch 488: loss = 5.716076 | LR = 3.123361e-05 | grad_norm = 98.184621
  Batch 489: loss = 5.611520 | LR = 3.123330e-05 | grad_norm = 69.294329
  Batch 490: loss = 6.156938 | LR = 3.123299e-05 | grad_norm = 91.045862
  Batch 491: loss = 5.693787 | LR = 3.123267e-05 | grad_norm = 71.625992
  Batch 492: loss = 6.277312 | LR = 3.123235e-05 | grad_norm = 74.892566
  Batch 493: loss = 5.382161 | LR = 3.123203e-05 | grad_norm = 58.813268
  Batch 494: loss = 5.183007 | LR = 3.123170e-05 | grad_norm = 60.739461
  Batch 495: loss = 5.470045 | LR = 3.123138e-05 | grad_norm = 89.397128
  Batch 496: loss = 6.176442 | LR = 3.123104e-05 | grad_norm = 89.020875
  Batch 497: loss = 5.768065 | LR = 3.123071e-05 | grad_norm = 70.807141
  Batch 498: loss = 4.411105 | LR = 3.123037e-05 | grad_norm = 109.831237
  Batch 499: loss = 5.798507 | LR = 3.123003e-05 | grad_norm = 61.685610
  Batch 500: loss = 5.902203 | LR = 3.122969e-05 | grad_norm = 50.739728
  Batch 501: loss = 5.693203 | LR = 3.122935e-05 | grad_norm = 68.016403
  Batch 502: loss = 4.959974 | LR = 3.122900e-05 | grad_norm = 56.503743
  Batch 503: loss = 5.868750 | LR = 3.122865e-05 | grad_norm = 69.024004
  Batch 504: loss = 3.952915 | LR = 3.122829e-05 | grad_norm = 94.721714
  Batch 505: loss = 4.954548 | LR = 3.122793e-05 | grad_norm = 77.261959
  Batch 506: loss = 5.329475 | LR = 3.122757e-05 | grad_norm = 76.078029
  Batch 507: loss = 5.622573 | LR = 3.122721e-05 | grad_norm = 68.928491
  Batch 508: loss = 5.777827 | LR = 3.122684e-05 | grad_norm = 56.039937
  Batch 509: loss = 6.045596 | LR = 3.122648e-05 | grad_norm = 55.061743
  Batch 510: loss = 5.489013 | LR = 3.122610e-05 | grad_norm = 96.596652
  Batch 511: loss = 5.886371 | LR = 3.122573e-05 | grad_norm = 72.124929
  Batch 512: loss = 5.157087 | LR = 3.122535e-05 | grad_norm = 80.162699
  Batch 513: loss = 5.440393 | LR = 3.122497e-05 | grad_norm = 77.029194
  Batch 514: loss = 5.602715 | LR = 3.122459e-05 | grad_norm = 64.879718
  Batch 515: loss = 3.599759 | LR = 3.122420e-05 | grad_norm = 120.675359
  Batch 516: loss = 5.851268 | LR = 3.122381e-05 | grad_norm = 51.915730
  Batch 517: loss = 4.543610 | LR = 3.122342e-05 | grad_norm = 67.129349
  Batch 518: loss = 3.651664 | LR = 3.122302e-05 | grad_norm = 72.064357
  Batch 519: loss = 5.667736 | LR = 3.122263e-05 | grad_norm = 51.417940
  Batch 520: loss = 5.699584 | LR = 3.122223e-05 | grad_norm = 57.416998
  Batch 521: loss = 5.259847 | LR = 3.122182e-05 | grad_norm = 83.425422
  Batch 522: loss = 5.131355 | LR = 3.122141e-05 | grad_norm = 64.984762
  Batch 523: loss = 5.315765 | LR = 3.122100e-05 | grad_norm = 106.780617
  Batch 524: loss = 6.412701 | LR = 3.122059e-05 | grad_norm = 65.374305
  Batch 525: loss = 5.847078 | LR = 3.122018e-05 | grad_norm = 89.902724
  Batch 526: loss = 3.905434 | LR = 3.121976e-05 | grad_norm = 104.113351
  Batch 527: loss = 0.872231 | LR = 3.121934e-05 | grad_norm = 92.364523
  Batch 528: loss = 5.333925 | LR = 3.121891e-05 | grad_norm = 66.844664
  Batch 529: loss = 5.274023 | LR = 3.121849e-05 | grad_norm = 73.752959
  Batch 530: loss = 5.357381 | LR = 3.121806e-05 | grad_norm = 105.063220
  Batch 531: loss = 5.511361 | LR = 3.121762e-05 | grad_norm = 79.937903
  Batch 532: loss = 5.564715 | LR = 3.121719e-05 | grad_norm = 90.483366
  Batch 533: loss = 5.365278 | LR = 3.121675e-05 | grad_norm = 80.755833
  Batch 534: loss = 5.814695 | LR = 3.121631e-05 | grad_norm = 89.713343
  Batch 535: loss = 4.662367 | LR = 3.121586e-05 | grad_norm = 89.416308
  Batch 536: loss = 4.137572 | LR = 3.121541e-05 | grad_norm = 95.367162
  Batch 537: loss = 5.713326 | LR = 3.121496e-05 | grad_norm = 100.191700
  Batch 538: loss = 6.590562 | LR = 3.121451e-05 | grad_norm = 95.348960
  Batch 539: loss = 5.513185 | LR = 3.121405e-05 | grad_norm = 74.580615
  Batch 540: loss = 5.743003 | LR = 3.121359e-05 | grad_norm = 143.299798
  Batch 541: loss = 5.492256 | LR = 3.121313e-05 | grad_norm = 75.866408
  Batch 542: loss = 4.475656 | LR = 3.121267e-05 | grad_norm = 88.504885
  Batch 543: loss = 5.983418 | LR = 3.121220e-05 | grad_norm = 112.443906
  Batch 544: loss = 5.603841 | LR = 3.121173e-05 | grad_norm = 137.550696
  Batch 545: loss = 5.379203 | LR = 3.121125e-05 | grad_norm = 65.988947
  Batch 546: loss = 4.689810 | LR = 3.121078e-05 | grad_norm = 81.306209
  Batch 547: loss = 6.001244 | LR = 3.121030e-05 | grad_norm = 75.390257
  Batch 548: loss = 5.876321 | LR = 3.120982e-05 | grad_norm = 83.068772
  Batch 549: loss = 0.035119 | LR = 3.120933e-05 | grad_norm = 7.857216
  Batch 550: loss = 6.626323 | LR = 3.120884e-05 | grad_norm = 76.370917
  Batch 551: loss = 5.015999 | LR = 3.120835e-05 | grad_norm = 80.672014
  Batch 552: loss = 6.052947 | LR = 3.120786e-05 | grad_norm = 72.758339
  Batch 553: loss = 4.208014 | LR = 3.120736e-05 | grad_norm = 76.386834
  Batch 554: loss = 5.731649 | LR = 3.120686e-05 | grad_norm = 54.134342
  Batch 555: loss = 6.355106 | LR = 3.120636e-05 | grad_norm = 79.160162
  Batch 556: loss = 4.853184 | LR = 3.120585e-05 | grad_norm = 101.086561
  Batch 557: loss = 5.817396 | LR = 3.120534e-05 | grad_norm = 58.699305
  Batch 558: loss = 5.116572 | LR = 3.120483e-05 | grad_norm = 81.019942
  Batch 559: loss = 3.889987 | LR = 3.120432e-05 | grad_norm = 78.090386
  Batch 560: loss = 5.671452 | LR = 3.120380e-05 | grad_norm = 91.848431
  Batch 561: loss = 5.747912 | LR = 3.120328e-05 | grad_norm = 71.689758
  Batch 562: loss = 5.796911 | LR = 3.120276e-05 | grad_norm = 43.645277
  Batch 563: loss = 1.126458 | LR = 3.120223e-05 | grad_norm = 102.736680
  Batch 564: loss = 5.270089 | LR = 3.120170e-05 | grad_norm = 60.848825
  Batch 565: loss = 6.148677 | LR = 3.120117e-05 | grad_norm = 79.404282
  Batch 566: loss = 5.843272 | LR = 3.120063e-05 | grad_norm = 71.812749
  Batch 567: loss = 5.111667 | LR = 3.120010e-05 | grad_norm = 81.843142
  Batch 568: loss = 6.403257 | LR = 3.119956e-05 | grad_norm = 58.502762
  Batch 569: loss = 3.646198 | LR = 3.119901e-05 | grad_norm = 92.106173
  Batch 570: loss = 5.513790 | LR = 3.119847e-05 | grad_norm = 66.769308
  Batch 571: loss = 4.909562 | LR = 3.119792e-05 | grad_norm = 78.859372
  Batch 572: loss = 6.157371 | LR = 3.119736e-05 | grad_norm = 54.872559
  Batch 573: loss = 1.568301 | LR = 3.119681e-05 | grad_norm = 119.500366
  Batch 574: loss = 5.758566 | LR = 3.119625e-05 | grad_norm = 86.874290
  Batch 575: loss = 4.892105 | LR = 3.119569e-05 | grad_norm = 75.237794
  Batch 576: loss = 1.960512 | LR = 3.119513e-05 | grad_norm = 128.513842
  Batch 577: loss = 4.765469 | LR = 3.119456e-05 | grad_norm = 110.571767
  Batch 578: loss = 5.074309 | LR = 3.119399e-05 | grad_norm = 68.817457
  Batch 579: loss = 6.105150 | LR = 3.119342e-05 | grad_norm = 77.051884
  Batch 580: loss = 6.253052 | LR = 3.119284e-05 | grad_norm = 86.311437
  Batch 581: loss = 1.484583 | LR = 3.119226e-05 | grad_norm = 129.721054
  Batch 582: loss = 5.716959 | LR = 3.119168e-05 | grad_norm = 86.656658
  Batch 583: loss = 5.754629 | LR = 3.119110e-05 | grad_norm = 60.977393
  Batch 584: loss = 6.911326 | LR = 3.119051e-05 | grad_norm = 100.795401
  Batch 585: loss = 5.041666 | LR = 3.118992e-05 | grad_norm = 80.534512
  Batch 586: loss = 5.731539 | LR = 3.118933e-05 | grad_norm = 130.835933
  Batch 587: loss = 6.964072 | LR = 3.118873e-05 | grad_norm = 133.320712
  Batch 588: loss = 5.457598 | LR = 3.118813e-05 | grad_norm = 44.097849
  Batch 589: loss = 5.666362 | LR = 3.118753e-05 | grad_norm = 66.143980
  Batch 590: loss = 5.704539 | LR = 3.118693e-05 | grad_norm = 58.925568
  Batch 591: loss = 0.601990 | LR = 3.118632e-05 | grad_norm = 66.028685
  Batch 592: loss = 4.980588 | LR = 3.118571e-05 | grad_norm = 68.483609
  Batch 593: loss = 6.634686 | LR = 3.118509e-05 | grad_norm = 103.234553
  Batch 594: loss = 5.658978 | LR = 3.118448e-05 | grad_norm = 68.715971
  Batch 595: loss = 4.530514 | LR = 3.118386e-05 | grad_norm = 115.018062
  Batch 596: loss = 5.985686 | LR = 3.118324e-05 | grad_norm = 69.412090
  Batch 597: loss = 4.539247 | LR = 3.118261e-05 | grad_norm = 59.952296
  Batch 598: loss = 5.829678 | LR = 3.118198e-05 | grad_norm = 60.518170
  Batch 599: loss = 3.627762 | LR = 3.118135e-05 | grad_norm = 83.580375
  Batch 600: loss = 0.006256 | LR = 3.118072e-05 | grad_norm = 1.565177
  Batch 601: loss = 5.590510 | LR = 3.118008e-05 | grad_norm = 52.014518
  Batch 602: loss = 3.532544 | LR = 3.117944e-05 | grad_norm = 67.795896
  Batch 603: loss = 5.723931 | LR = 3.117880e-05 | grad_norm = 60.184274
  Batch 604: loss = 5.261010 | LR = 3.117816e-05 | grad_norm = 46.715870
  Batch 605: loss = 5.541591 | LR = 3.117751e-05 | grad_norm = 91.177736
  Batch 606: loss = 6.724843 | LR = 3.117686e-05 | grad_norm = 78.502519
  Batch 607: loss = 4.598725 | LR = 3.117620e-05 | grad_norm = 81.928241
  Batch 608: loss = 5.903895 | LR = 3.117555e-05 | grad_norm = 67.523217
  Batch 609: loss = 4.919973 | LR = 3.117489e-05 | grad_norm = 113.104348
  Batch 610: loss = 4.753345 | LR = 3.117422e-05 | grad_norm = 55.549885
  Batch 611: loss = 4.875636 | LR = 3.117356e-05 | grad_norm = 78.777374
  Batch 612: loss = 4.997081 | LR = 3.117289e-05 | grad_norm = 57.503470
  Batch 613: loss = 4.942417 | LR = 3.117222e-05 | grad_norm = 66.807477
  Batch 614: loss = 5.153713 | LR = 3.117154e-05 | grad_norm = 97.640419
  Batch 615: loss = 5.008694 | LR = 3.117087e-05 | grad_norm = 46.489154
  Batch 616: loss = 6.271701 | LR = 3.117019e-05 | grad_norm = 72.394000
  Batch 617: loss = 0.000052 | LR = 3.116950e-05 | grad_norm = 0.017315
  Batch 618: loss = 5.253650 | LR = 3.116882e-05 | grad_norm = 117.364545
  Batch 619: loss = 5.958760 | LR = 3.116813e-05 | grad_norm = 100.056531
  Batch 620: loss = 5.659246 | LR = 3.116744e-05 | grad_norm = 116.245818
  Batch 621: loss = 4.529150 | LR = 3.116674e-05 | grad_norm = 79.717773
  Batch 622: loss = 5.790934 | LR = 3.116604e-05 | grad_norm = 90.617440
  Batch 623: loss = 5.742609 | LR = 3.116534e-05 | grad_norm = 66.201736
  Batch 624: loss = 5.084802 | LR = 3.116464e-05 | grad_norm = 88.040817
  Batch 625: loss = 0.348924 | LR = 3.116393e-05 | grad_norm = 51.926090
  Batch 626: loss = 5.039702 | LR = 3.116322e-05 | grad_norm = 85.483014
  Batch 627: loss = 2.760710 | LR = 3.116251e-05 | grad_norm = 79.329511
  Batch 628: loss = 5.275186 | LR = 3.116180e-05 | grad_norm = 68.383204
  Batch 629: loss = 5.592523 | LR = 3.116108e-05 | grad_norm = 64.658903
  Batch 630: loss = 6.339047 | LR = 3.116036e-05 | grad_norm = 93.626667
  Batch 631: loss = 5.027749 | LR = 3.115963e-05 | grad_norm = 139.965845
  Batch 632: loss = 4.720291 | LR = 3.115891e-05 | grad_norm = 74.133437
  Batch 633: loss = 4.742109 | LR = 3.115818e-05 | grad_norm = 111.525548
  Batch 634: loss = 3.265660 | LR = 3.115745e-05 | grad_norm = 120.043784
  Batch 635: loss = 4.566422 | LR = 3.115671e-05 | grad_norm = 46.233670
  Batch 636: loss = 5.490515 | LR = 3.115597e-05 | grad_norm = 118.208728
  Batch 637: loss = 5.002561 | LR = 3.115523e-05 | grad_norm = 103.196927
  Batch 638: loss = 6.141806 | LR = 3.115449e-05 | grad_norm = 78.754586
  Batch 639: loss = 4.211632 | LR = 3.115374e-05 | grad_norm = 122.168711
  Batch 640: loss = 5.263346 | LR = 3.115299e-05 | grad_norm = 78.986140
  Batch 641: loss = 4.894364 | LR = 3.115224e-05 | grad_norm = 76.808277
  Batch 642: loss = 6.066702 | LR = 3.115148e-05 | grad_norm = 114.129591
  Batch 643: loss = 4.834502 | LR = 3.115072e-05 | grad_norm = 78.132115
  Batch 644: loss = 6.394185 | LR = 3.114996e-05 | grad_norm = 140.638657
  Batch 645: loss = 4.777262 | LR = 3.114920e-05 | grad_norm = 108.158331
  Batch 646: loss = 5.888044 | LR = 3.114843e-05 | grad_norm = 106.454932
  Batch 647: loss = 4.534457 | LR = 3.114766e-05 | grad_norm = 114.138883
  Batch 648: loss = 5.085408 | LR = 3.114689e-05 | grad_norm = 78.436965
  Batch 649: loss = 5.014466 | LR = 3.114611e-05 | grad_norm = 81.238997
  Batch 650: loss = 5.988750 | LR = 3.114533e-05 | grad_norm = 76.495533
  Batch 651: loss = 3.278220 | LR = 3.114455e-05 | grad_norm = 83.473782
  Batch 652: loss = 6.116080 | LR = 3.114377e-05 | grad_norm = 71.056384
  Batch 653: loss = 5.717109 | LR = 3.114298e-05 | grad_norm = 92.721743
  Batch 654: loss = 5.047946 | LR = 3.114219e-05 | grad_norm = 141.284414
  Batch 655: loss = 6.802349 | LR = 3.114140e-05 | grad_norm = 108.713463
  Batch 656: loss = 5.873046 | LR = 3.114060e-05 | grad_norm = 77.791868
  Batch 657: loss = 7.329154 | LR = 3.113980e-05 | grad_norm = 121.084710
  Batch 658: loss = 5.988789 | LR = 3.113900e-05 | grad_norm = 104.048419
  Batch 659: loss = 6.225246 | LR = 3.113819e-05 | grad_norm = 72.845033
  Batch 660: loss = 7.484430 | LR = 3.113739e-05 | grad_norm = 148.065122
  Batch 661: loss = 6.309030 | LR = 3.113658e-05 | grad_norm = 94.757082
  Batch 662: loss = 1.509820 | LR = 3.113576e-05 | grad_norm = 141.299558
  Batch 663: loss = 5.482347 | LR = 3.113495e-05 | grad_norm = 75.407007
  Batch 664: loss = 3.840348 | LR = 3.113413e-05 | grad_norm = 89.215531
  Batch 665: loss = 5.711479 | LR = 3.113330e-05 | grad_norm = 99.781388
  Batch 666: loss = 5.665551 | LR = 3.113248e-05 | grad_norm = 94.117655
  Batch 667: loss = 4.566994 | LR = 3.113165e-05 | grad_norm = 83.919654
  Batch 668: loss = 6.319312 | LR = 3.113082e-05 | grad_norm = 98.297379
  Batch 669: loss = 5.535393 | LR = 3.112999e-05 | grad_norm = 43.250519
  Batch 670: loss = 4.383403 | LR = 3.112915e-05 | grad_norm = 61.444056
  Batch 671: loss = 5.606877 | LR = 3.112831e-05 | grad_norm = 62.491331
  Batch 672: loss = 3.766776 | LR = 3.112747e-05 | grad_norm = 101.553832
  Batch 673: loss = 6.227249 | LR = 3.112662e-05 | grad_norm = 85.329093
  Batch 674: loss = 5.197338 | LR = 3.112577e-05 | grad_norm = 87.375275
  Batch 675: loss = 5.252048 | LR = 3.112492e-05 | grad_norm = 87.655516
  Batch 676: loss = 3.899260 | LR = 3.112407e-05 | grad_norm = 91.882361
  Batch 677: loss = 0.000021 | LR = 3.112321e-05 | grad_norm = 0.006920
  Batch 678: loss = 6.213974 | LR = 3.112235e-05 | grad_norm = 93.254649
  Batch 679: loss = 6.220156 | LR = 3.112149e-05 | grad_norm = 94.518759
  Batch 680: loss = 5.582271 | LR = 3.112062e-05 | grad_norm = 81.398009
  Batch 681: loss = 5.873538 | LR = 3.111976e-05 | grad_norm = 76.592897
  Batch 682: loss = 3.871548 | LR = 3.111888e-05 | grad_norm = 69.338500
  Batch 683: loss = 3.698779 | LR = 3.111801e-05 | grad_norm = 123.496253
  Batch 684: loss = 5.155671 | LR = 3.111713e-05 | grad_norm = 71.558733
  Batch 685: loss = 5.120546 | LR = 3.111625e-05 | grad_norm = 88.772437
  Batch 686: loss = 5.345687 | LR = 3.111537e-05 | grad_norm = 81.972264
  Batch 687: loss = 5.766355 | LR = 3.111448e-05 | grad_norm = 100.753475
  Batch 688: loss = 5.278056 | LR = 3.111359e-05 | grad_norm = 88.694065
  Batch 689: loss = 3.440146 | LR = 3.111270e-05 | grad_norm = 113.459524
  Batch 690: loss = 5.203037 | LR = 3.111181e-05 | grad_norm = 87.236147
  Batch 691: loss = 5.523520 | LR = 3.111091e-05 | grad_norm = 146.666023
  Batch 692: loss = 3.885117 | LR = 3.111001e-05 | grad_norm = 73.492375
  Batch 693: loss = 5.375079 | LR = 3.110911e-05 | grad_norm = 84.176419
  Batch 694: loss = 1.552417 | LR = 3.110820e-05 | grad_norm = 93.766951
  Batch 695: loss = 7.278363 | LR = 3.110729e-05 | grad_norm = 96.786493
  Batch 696: loss = 4.525833 | LR = 3.110638e-05 | grad_norm = 113.067388
  Batch 697: loss = 6.341588 | LR = 3.110547e-05 | grad_norm = 101.950212
  Batch 698: loss = 6.397495 | LR = 3.110455e-05 | grad_norm = 76.710180
  Batch 699: loss = 5.061230 | LR = 3.110363e-05 | grad_norm = 95.965952
  Batch 700: loss = 5.356164 | LR = 3.110270e-05 | grad_norm = 74.080294
  Batch 701: loss = 5.711558 | LR = 3.110178e-05 | grad_norm = 96.170335
  Batch 702: loss = 6.357738 | LR = 3.110085e-05 | grad_norm = 122.575913
  Batch 703: loss = 4.841003 | LR = 3.109992e-05 | grad_norm = 125.847209
  Batch 704: loss = 5.375502 | LR = 3.109898e-05 | grad_norm = 98.984025
  Batch 705: loss = 5.318435 | LR = 3.109804e-05 | grad_norm = 100.062107
  Batch 706: loss = 6.357881 | LR = 3.109710e-05 | grad_norm = 85.901682
  Batch 707: loss = 7.521986 | LR = 3.109616e-05 | grad_norm = 111.495228
  Batch 708: loss = 6.351887 | LR = 3.109521e-05 | grad_norm = 138.688039
  Batch 709: loss = 5.006621 | LR = 3.109426e-05 | grad_norm = 90.863465
  Batch 710: loss = 5.323203 | LR = 3.109331e-05 | grad_norm = 81.950806
  Batch 711: loss = 2.087660 | LR = 3.109235e-05 | grad_norm = 106.143115
  Batch 712: loss = 0.026790 | LR = 3.109140e-05 | grad_norm = 5.289961
  Batch 713: loss = 5.292218 | LR = 3.109044e-05 | grad_norm = 96.536416
  Batch 714: loss = 5.448791 | LR = 3.108947e-05 | grad_norm = 74.219605
  Batch 715: loss = 5.632207 | LR = 3.108850e-05 | grad_norm = 93.091418
  Batch 716: loss = 5.812526 | LR = 3.108753e-05 | grad_norm = 92.316500
  Batch 717: loss = 6.674834 | LR = 3.108656e-05 | grad_norm = 101.146325
  Batch 718: loss = 5.533719 | LR = 3.108559e-05 | grad_norm = 53.638021
  Batch 719: loss = 4.897559 | LR = 3.108461e-05 | grad_norm = 98.489291
  Batch 720: loss = 5.355148 | LR = 3.108363e-05 | grad_norm = 70.408453
  Batch 721: loss = 5.616421 | LR = 3.108264e-05 | grad_norm = 107.077895
  Batch 722: loss = 3.979480 | LR = 3.108166e-05 | grad_norm = 109.768628
  Batch 723: loss = 5.249192 | LR = 3.108067e-05 | grad_norm = 79.965275
  Batch 724: loss = 5.827777 | LR = 3.107967e-05 | grad_norm = 96.260428
  Batch 725: loss = 4.979913 | LR = 3.107868e-05 | grad_norm = 99.513988
  Batch 726: loss = 4.072290 | LR = 3.107768e-05 | grad_norm = 114.565862
  Batch 727: loss = 4.662782 | LR = 3.107668e-05 | grad_norm = 68.022332
  Batch 728: loss = 5.757114 | LR = 3.107567e-05 | grad_norm = 87.929419
  Batch 729: loss = 4.087195 | LR = 3.107467e-05 | grad_norm = 114.032930
  Batch 730: loss = 5.091142 | LR = 3.107366e-05 | grad_norm = 105.283638
  Batch 731: loss = 5.697280 | LR = 3.107264e-05 | grad_norm = 93.185959
  Batch 732: loss = 6.617373 | LR = 3.107163e-05 | grad_norm = 140.712741
  Batch 733: loss = 5.010369 | LR = 3.107061e-05 | grad_norm = 97.733275
  Batch 734: loss = 3.401247 | LR = 3.106959e-05 | grad_norm = 285.125143
  Batch 735: loss = 6.703791 | LR = 3.106856e-05 | grad_norm = 91.269523
  Batch 736: loss = 5.210149 | LR = 3.106753e-05 | grad_norm = 95.193105
  Batch 737: loss = 6.292909 | LR = 3.106650e-05 | grad_norm = 102.958287
  Batch 738: loss = 3.815093 | LR = 3.106547e-05 | grad_norm = 156.099355
  Batch 739: loss = 6.058097 | LR = 3.106444e-05 | grad_norm = 66.975580
  Batch 740: loss = 6.469322 | LR = 3.106340e-05 | grad_norm = 90.324449
  Batch 741: loss = 5.802093 | LR = 3.106235e-05 | grad_norm = 92.097826
  Batch 742: loss = 0.008805 | LR = 3.106131e-05 | grad_norm = 1.686537
  Batch 743: loss = 0.513480 | LR = 3.106026e-05 | grad_norm = 59.586963
  Batch 744: loss = 0.000882 | LR = 3.105921e-05 | grad_norm = 0.248700
  Batch 745: loss = 6.145115 | LR = 3.105816e-05 | grad_norm = 85.704426
  Batch 746: loss = 4.067871 | LR = 3.105710e-05 | grad_norm = 82.338362
  Batch 747: loss = 5.366946 | LR = 3.105604e-05 | grad_norm = 80.044103
  Batch 748: loss = 6.040396 | LR = 3.105498e-05 | grad_norm = 87.314760
  Batch 749: loss = 4.213055 | LR = 3.105392e-05 | grad_norm = 111.165698
  Batch 750: loss = 3.675068 | LR = 3.105285e-05 | grad_norm = 101.490067
  Batch 751: loss = 5.142323 | LR = 3.105178e-05 | grad_norm = 86.670202
  Batch 752: loss = 5.619256 | LR = 3.105070e-05 | grad_norm = 78.076056
  Batch 753: loss = 5.609159 | LR = 3.104963e-05 | grad_norm = 100.311155
  Batch 754: loss = 4.810090 | LR = 3.104855e-05 | grad_norm = 83.167120
  Batch 755: loss = 5.182202 | LR = 3.104747e-05 | grad_norm = 77.092222
  Batch 756: loss = 3.770384 | LR = 3.104638e-05 | grad_norm = 97.067418
  Batch 757: loss = 5.334273 | LR = 3.104529e-05 | grad_norm = 63.782585
  Batch 758: loss = 5.393037 | LR = 3.104420e-05 | grad_norm = 112.091608
  Batch 759: loss = 5.551419 | LR = 3.104311e-05 | grad_norm = 97.181281
  Batch 760: loss = 6.853722 | LR = 3.104201e-05 | grad_norm = 171.750397
  Batch 761: loss = 5.952733 | LR = 3.104091e-05 | grad_norm = 88.814881
  Batch 762: loss = 1.128099 | LR = 3.103981e-05 | grad_norm = 125.186273
  Batch 763: loss = 4.398830 | LR = 3.103870e-05 | grad_norm = 80.627604
  Batch 764: loss = 5.340406 | LR = 3.103760e-05 | grad_norm = 193.164316
  Batch 765: loss = 5.742918 | LR = 3.103649e-05 | grad_norm = 78.389855
  Batch 766: loss = 5.920828 | LR = 3.103537e-05 | grad_norm = 74.408019
  Batch 767: loss = 9.187368 | LR = 3.103426e-05 | grad_norm = 171.429844
  Batch 768: loss = 5.379777 | LR = 3.103314e-05 | grad_norm = 121.785207
  Batch 769: loss = 5.234584 | LR = 3.103201e-05 | grad_norm = 111.752541
  Batch 770: loss = 6.155299 | LR = 3.103089e-05 | grad_norm = 83.442584
  Batch 771: loss = 4.481982 | LR = 3.102976e-05 | grad_norm = 74.767238
  Batch 772: loss = 5.004818 | LR = 3.102863e-05 | grad_norm = 72.733321
  Batch 773: loss = 5.162148 | LR = 3.102749e-05 | grad_norm = 113.991953
  Batch 774: loss = 5.822202 | LR = 3.102636e-05 | grad_norm = 64.571299
  Batch 775: loss = 5.812392 | LR = 3.102522e-05 | grad_norm = 97.950003
  Batch 776: loss = 5.612648 | LR = 3.102408e-05 | grad_norm = 70.314000
  Batch 777: loss = 5.619237 | LR = 3.102293e-05 | grad_norm = 70.221225
  Batch 778: loss = 6.078236 | LR = 3.102178e-05 | grad_norm = 76.914889
  Batch 779: loss = 5.521921 | LR = 3.102063e-05 | grad_norm = 73.480909
  Batch 780: loss = 6.349957 | LR = 3.101948e-05 | grad_norm = 94.160314
  Batch 781: loss = 5.060406 | LR = 3.101832e-05 | grad_norm = 62.421621
  Batch 782: loss = 1.916180 | LR = 3.101716e-05 | grad_norm = 105.638833
  Batch 783: loss = 5.762836 | LR = 3.101600e-05 | grad_norm = 67.339931
  Batch 784: loss = 4.661830 | LR = 3.101483e-05 | grad_norm = 111.101012
  Batch 785: loss = 6.920228 | LR = 3.101366e-05 | grad_norm = 127.815548
  Batch 786: loss = 4.927307 | LR = 3.101249e-05 | grad_norm = 70.017192
  Batch 787: loss = 4.637159 | LR = 3.101132e-05 | grad_norm = 94.939221
  Batch 788: loss = 5.364108 | LR = 3.101014e-05 | grad_norm = 81.607485
  Batch 789: loss = 5.358710 | LR = 3.100896e-05 | grad_norm = 65.914780
  Batch 790: loss = 5.436071 | LR = 3.100778e-05 | grad_norm = 74.386970
  Batch 791: loss = 3.934102 | LR = 3.100659e-05 | grad_norm = 87.768345
  Batch 792: loss = 4.844328 | LR = 3.100540e-05 | grad_norm = 64.374520
  Batch 793: loss = 4.509763 | LR = 3.100421e-05 | grad_norm = 65.647733
  Batch 794: loss = 5.725448 | LR = 3.100302e-05 | grad_norm = 71.550350
  Batch 795: loss = 0.044097 | LR = 3.100182e-05 | grad_norm = 8.266567
  Batch 796: loss = 6.281970 | LR = 3.100062e-05 | grad_norm = 100.954709
  Batch 797: loss = 5.749870 | LR = 3.099942e-05 | grad_norm = 79.861510
  Batch 798: loss = 5.991728 | LR = 3.099821e-05 | grad_norm = 62.305917
  Batch 799: loss = 2.965868 | LR = 3.099700e-05 | grad_norm = 150.237489
  Batch 800: loss = 5.338702 | LR = 3.099579e-05 | grad_norm = 68.965568
  Batch 801: loss = 5.425498 | LR = 3.099458e-05 | grad_norm = 97.431179
  Batch 802: loss = 5.179862 | LR = 3.099336e-05 | grad_norm = 111.423488
  Batch 803: loss = 5.097704 | LR = 3.099214e-05 | grad_norm = 101.760871
  Batch 804: loss = 7.557431 | LR = 3.099092e-05 | grad_norm = 134.642908
  Batch 805: loss = 3.997293 | LR = 3.098969e-05 | grad_norm = 65.558043
  Batch 806: loss = 0.000872 | LR = 3.098846e-05 | grad_norm = 0.232549
  Batch 807: loss = 6.259000 | LR = 3.098723e-05 | grad_norm = 90.774029
  Batch 808: loss = 5.290700 | LR = 3.098599e-05 | grad_norm = 96.878677
  Batch 809: loss = 4.802423 | LR = 3.098476e-05 | grad_norm = 105.449946
  Batch 810: loss = 7.203421 | LR = 3.098352e-05 | grad_norm = 133.096400
  Batch 811: loss = 5.519511 | LR = 3.098227e-05 | grad_norm = 91.726195
  Batch 812: loss = 5.522451 | LR = 3.098103e-05 | grad_norm = 135.817615
  Batch 813: loss = 3.942840 | LR = 3.097978e-05 | grad_norm = 53.538796
  Batch 814: loss = 6.399796 | LR = 3.097853e-05 | grad_norm = 118.085127
  Batch 815: loss = 5.197850 | LR = 3.097727e-05 | grad_norm = 102.071877
  Batch 816: loss = 5.768416 | LR = 3.097601e-05 | grad_norm = 79.496299
  Batch 817: loss = 6.029350 | LR = 3.097475e-05 | grad_norm = 81.574864
  Batch 818: loss = 6.004800 | LR = 3.097349e-05 | grad_norm = 102.588100
  Batch 819: loss = 5.082446 | LR = 3.097223e-05 | grad_norm = 75.429033
  Batch 820: loss = 3.672165 | LR = 3.097096e-05 | grad_norm = 83.513185
  Batch 821: loss = 6.224301 | LR = 3.096968e-05 | grad_norm = 79.723438
  Batch 822: loss = 4.618594 | LR = 3.096841e-05 | grad_norm = 105.616698
  Batch 823: loss = 0.000011 | LR = 3.096713e-05 | grad_norm = 0.004495
  Batch 824: loss = 3.233679 | LR = 3.096585e-05 | grad_norm = 77.881365
  Batch 825: loss = 0.000095 | LR = 3.096457e-05 | grad_norm = 0.025830
  Batch 826: loss = 5.891563 | LR = 3.096328e-05 | grad_norm = 59.747514
  Batch 827: loss = 5.595284 | LR = 3.096199e-05 | grad_norm = 68.789902
  Batch 828: loss = 5.280469 | LR = 3.096070e-05 | grad_norm = 86.377854
  Batch 829: loss = 4.701665 | LR = 3.095941e-05 | grad_norm = 94.041504
  Batch 830: loss = 1.395650 | LR = 3.095811e-05 | grad_norm = 89.239336
  Batch 831: loss = 5.747641 | LR = 3.095681e-05 | grad_norm = 63.426436
  Batch 832: loss = 0.000074 | LR = 3.095551e-05 | grad_norm = 0.020495
  Batch 833: loss = 6.044892 | LR = 3.095420e-05 | grad_norm = 94.526036
  Batch 834: loss = 0.000172 | LR = 3.095289e-05 | grad_norm = 0.053983
  Batch 835: loss = 5.329052 | LR = 3.095158e-05 | grad_norm = 124.563186
  Batch 836: loss = 6.331665 | LR = 3.095026e-05 | grad_norm = 117.246179
  Batch 837: loss = 6.149469 | LR = 3.094895e-05 | grad_norm = 109.278011
  Batch 838: loss = 6.304218 | LR = 3.094763e-05 | grad_norm = 101.034186
  Batch 839: loss = 4.926155 | LR = 3.094630e-05 | grad_norm = 73.713644
  Batch 840: loss = 4.381843 | LR = 3.094498e-05 | grad_norm = 71.086958
  Batch 841: loss = 0.043326 | LR = 3.094365e-05 | grad_norm = 9.129995
  Batch 842: loss = 6.384180 | LR = 3.094232e-05 | grad_norm = 222.414095
  Batch 843: loss = 4.845479 | LR = 3.094098e-05 | grad_norm = 83.964311
  Batch 844: loss = 5.547184 | LR = 3.093964e-05 | grad_norm = 78.789404
  Batch 845: loss = 5.399708 | LR = 3.093830e-05 | grad_norm = 105.406617
  Batch 846: loss = 6.031097 | LR = 3.093696e-05 | grad_norm = 113.531706
  Batch 847: loss = 6.879705 | LR = 3.093561e-05 | grad_norm = 96.706864
  Batch 848: loss = 4.890577 | LR = 3.093426e-05 | grad_norm = 74.378012
  Batch 849: loss = 0.290759 | LR = 3.093291e-05 | grad_norm = 40.004185
  Batch 850: loss = 5.980900 | LR = 3.093156e-05 | grad_norm = 70.294988
  Batch 851: loss = 5.973122 | LR = 3.093020e-05 | grad_norm = 75.867535
  Batch 852: loss = 5.311365 | LR = 3.092884e-05 | grad_norm = 93.082895
  Batch 853: loss = 5.746647 | LR = 3.092748e-05 | grad_norm = 125.943285
  Batch 854: loss = 5.288753 | LR = 3.092611e-05 | grad_norm = 74.780802
  Batch 855: loss = 5.839809 | LR = 3.092474e-05 | grad_norm = 93.179196
  Batch 856: loss = 4.852668 | LR = 3.092337e-05 | grad_norm = 275.517559
  Batch 857: loss = 5.828289 | LR = 3.092199e-05 | grad_norm = 113.107935
  Batch 858: loss = 4.731558 | LR = 3.092062e-05 | grad_norm = 89.916843
  Batch 859: loss = 4.542469 | LR = 3.091924e-05 | grad_norm = 73.653303
  Batch 860: loss = 3.218282 | LR = 3.091785e-05 | grad_norm = 87.124426
  Batch 861: loss = 6.274440 | LR = 3.091647e-05 | grad_norm = 95.123644
  Batch 862: loss = 5.871126 | LR = 3.091508e-05 | grad_norm = 73.415783
  Batch 863: loss = 4.801986 | LR = 3.091368e-05 | grad_norm = 71.266698
  Batch 864: loss = 4.817376 | LR = 3.091229e-05 | grad_norm = 94.173301
  Batch 865: loss = 4.322571 | LR = 3.091089e-05 | grad_norm = 88.465884
  Batch 866: loss = 5.499857 | LR = 3.090949e-05 | grad_norm = 55.881716
  Batch 867: loss = 5.762661 | LR = 3.090809e-05 | grad_norm = 82.930359
  Batch 868: loss = 4.390943 | LR = 3.090668e-05 | grad_norm = 86.978986
  Batch 869: loss = 1.186107 | LR = 3.090527e-05 | grad_norm = 74.864359
  Batch 870: loss = 6.086192 | LR = 3.090386e-05 | grad_norm = 92.400160
  Batch 871: loss = 4.967699 | LR = 3.090245e-05 | grad_norm = 87.392741
  Batch 872: loss = 5.458509 | LR = 3.090103e-05 | grad_norm = 94.173795
  Batch 873: loss = 5.423139 | LR = 3.089961e-05 | grad_norm = 96.408253
  Batch 874: loss = 5.692010 | LR = 3.089818e-05 | grad_norm = 94.323395
  Batch 875: loss = 6.802913 | LR = 3.089676e-05 | grad_norm = 102.307474
  Batch 876: loss = 6.806926 | LR = 3.089533e-05 | grad_norm = 73.386389
  Batch 877: loss = 3.651289 | LR = 3.089390e-05 | grad_norm = 91.482348
  Batch 878: loss = 5.817967 | LR = 3.089246e-05 | grad_norm = 97.680489
  Batch 879: loss = 5.531871 | LR = 3.089103e-05 | grad_norm = 110.899065
  Batch 880: loss = 5.068551 | LR = 3.088958e-05 | grad_norm = 116.917339
  Batch 881: loss = 5.513461 | LR = 3.088814e-05 | grad_norm = 71.433959
  Batch 882: loss = 5.181029 | LR = 3.088670e-05 | grad_norm = 74.412246
  Batch 883: loss = 2.595465 | LR = 3.088525e-05 | grad_norm = 77.922369
  Batch 884: loss = 4.994963 | LR = 3.088379e-05 | grad_norm = 71.060904
  Batch 885: loss = 6.509058 | LR = 3.088234e-05 | grad_norm = 132.000915
  Batch 886: loss = 6.661355 | LR = 3.088088e-05 | grad_norm = 189.893886
  Batch 887: loss = 6.594403 | LR = 3.087942e-05 | grad_norm = 98.087559
  Batch 888: loss = 5.713763 | LR = 3.087796e-05 | grad_norm = 102.048570
  Batch 889: loss = 5.881047 | LR = 3.087649e-05 | grad_norm = 79.451003
  Batch 890: loss = 6.644212 | LR = 3.087502e-05 | grad_norm = 122.947951
  Batch 891: loss = 4.916798 | LR = 3.087355e-05 | grad_norm = 115.118162
  Batch 892: loss = 4.536541 | LR = 3.087208e-05 | grad_norm = 64.175319
  Batch 893: loss = 5.627833 | LR = 3.087060e-05 | grad_norm = 73.460176
  Batch 894: loss = 4.622868 | LR = 3.086912e-05 | grad_norm = 90.673560
  Batch 895: loss = 0.034366 | LR = 3.086764e-05 | grad_norm = 8.477170
  Batch 896: loss = 6.585583 | LR = 3.086615e-05 | grad_norm = 106.551132
  Batch 897: loss = 5.830317 | LR = 3.086466e-05 | grad_norm = 72.871559
  Batch 898: loss = 2.796355 | LR = 3.086317e-05 | grad_norm = 99.626915
  Batch 899: loss = 5.588031 | LR = 3.086168e-05 | grad_norm = 104.785433
  Batch 900: loss = 4.721346 | LR = 3.086018e-05 | grad_norm = 96.556725
  Batch 901: loss = 0.127659 | LR = 3.085868e-05 | grad_norm = 22.911107
  Batch 902: loss = 6.072332 | LR = 3.085717e-05 | grad_norm = 89.456709
  Batch 903: loss = 4.787445 | LR = 3.085567e-05 | grad_norm = 79.485393
  Batch 904: loss = 5.775487 | LR = 3.085416e-05 | grad_norm = 89.597556
  Batch 905: loss = 0.002509 | LR = 3.085265e-05 | grad_norm = 0.611551
  Batch 906: loss = 1.398771 | LR = 3.085113e-05 | grad_norm = 135.915700
  Batch 907: loss = 5.774980 | LR = 3.084962e-05 | grad_norm = 111.387495
  Batch 908: loss = 6.270215 | LR = 3.084810e-05 | grad_norm = 78.339689
  Batch 909: loss = 4.971336 | LR = 3.084657e-05 | grad_norm = 73.949458
  Batch 910: loss = 6.109281 | LR = 3.084505e-05 | grad_norm = 110.764489
  Batch 911: loss = 3.933922 | LR = 3.084352e-05 | grad_norm = 81.368643
  Batch 912: loss = 5.090558 | LR = 3.084199e-05 | grad_norm = 80.370550
  Batch 913: loss = 5.372659 | LR = 3.084045e-05 | grad_norm = 102.459553
  Batch 914: loss = 4.480947 | LR = 3.083892e-05 | grad_norm = 105.210489
  Batch 915: loss = 5.172722 | LR = 3.083738e-05 | grad_norm = 75.551039
  Batch 916: loss = 9.474379 | LR = 3.083583e-05 | grad_norm = 264.384750
  Batch 917: loss = 5.145637 | LR = 3.083429e-05 | grad_norm = 104.008895
  Batch 918: loss = 5.548630 | LR = 3.083274e-05 | grad_norm = 83.498746
  Batch 919: loss = 0.191637 | LR = 3.083119e-05 | grad_norm = 46.313777
  Batch 920: loss = 5.223357 | LR = 3.082963e-05 | grad_norm = 84.490979
  Batch 921: loss = 4.273763 | LR = 3.082808e-05 | grad_norm = 92.257893
  Batch 922: loss = 3.542506 | LR = 3.082652e-05 | grad_norm = 89.394623
  Batch 923: loss = 5.825731 | LR = 3.082495e-05 | grad_norm = 91.688399
  Batch 924: loss = 0.000684 | LR = 3.082339e-05 | grad_norm = 0.182016
  Batch 925: loss = 8.019017 | LR = 3.082182e-05 | grad_norm = 219.252169
  Batch 926: loss = 4.914573 | LR = 3.082025e-05 | grad_norm = 118.969342
  Batch 927: loss = 7.128296 | LR = 3.081867e-05 | grad_norm = 171.928094
  Batch 928: loss = 5.471129 | LR = 3.081710e-05 | grad_norm = 84.492539
  Batch 929: loss = 6.278371 | LR = 3.081552e-05 | grad_norm = 121.048806
  Batch 930: loss = 2.157872 | LR = 3.081393e-05 | grad_norm = 104.967919
  Batch 931: loss = 5.613608 | LR = 3.081235e-05 | grad_norm = 79.026860
  Batch 932: loss = 6.202493 | LR = 3.081076e-05 | grad_norm = 85.056541
  Batch 933: loss = 5.467695 | LR = 3.080917e-05 | grad_norm = 84.935701
  Batch 934: loss = 0.000327 | LR = 3.080758e-05 | grad_norm = 0.093630
  Batch 935: loss = 5.209640 | LR = 3.080598e-05 | grad_norm = 70.194987
  Batch 936: loss = 5.136205 | LR = 3.080438e-05 | grad_norm = 100.036700
  Batch 937: loss = 5.585667 | LR = 3.080278e-05 | grad_norm = 94.350554
  Batch 938: loss = 3.939237 | LR = 3.080117e-05 | grad_norm = 102.145581
  Batch 939: loss = 6.240185 | LR = 3.079956e-05 | grad_norm = 72.026136
  Batch 940: loss = 6.134553 | LR = 3.079795e-05 | grad_norm = 79.771271
  Batch 941: loss = 6.217061 | LR = 3.079634e-05 | grad_norm = 102.372231
  Batch 942: loss = 4.946925 | LR = 3.079472e-05 | grad_norm = 96.697459
  Batch 943: loss = 4.869703 | LR = 3.079310e-05 | grad_norm = 75.335621
  Batch 944: loss = 5.158384 | LR = 3.079148e-05 | grad_norm = 76.629504
  Batch 945: loss = 6.285966 | LR = 3.078986e-05 | grad_norm = 81.929855
  Batch 946: loss = 6.398702 | LR = 3.078823e-05 | grad_norm = 66.595020
  Batch 947: loss = 4.347357 | LR = 3.078660e-05 | grad_norm = 64.473016
  Batch 948: loss = 4.609532 | LR = 3.078496e-05 | grad_norm = 70.134838
  Batch 949: loss = 5.178473 | LR = 3.078333e-05 | grad_norm = 80.136411
  Batch 950: loss = 5.103345 | LR = 3.078169e-05 | grad_norm = 68.765119
  Batch 951: loss = 4.191029 | LR = 3.078004e-05 | grad_norm = 83.954220
  Batch 952: loss = 5.015150 | LR = 3.077840e-05 | grad_norm = 123.621159
  Batch 953: loss = 4.944442 | LR = 3.077675e-05 | grad_norm = 76.504295
  Batch 954: loss = 5.630773 | LR = 3.077510e-05 | grad_norm = 79.849612
  Batch 955: loss = 7.059228 | LR = 3.077345e-05 | grad_norm = 120.841628
  Batch 956: loss = 5.590643 | LR = 3.077179e-05 | grad_norm = 70.425534
  Batch 957: loss = 5.122840 | LR = 3.077013e-05 | grad_norm = 87.911469
  Batch 958: loss = 5.262584 | LR = 3.076847e-05 | grad_norm = 63.693371
  Batch 959: loss = 5.236521 | LR = 3.076681e-05 | grad_norm = 82.172278
  Batch 960: loss = 4.858688 | LR = 3.076514e-05 | grad_norm = 60.778435
  Batch 961: loss = 5.620627 | LR = 3.076347e-05 | grad_norm = 66.386997
  Batch 962: loss = 4.991236 | LR = 3.076179e-05 | grad_norm = 56.177036
  Batch 963: loss = 2.108761 | LR = 3.076012e-05 | grad_norm = 117.051617
  Batch 964: loss = 5.606235 | LR = 3.075844e-05 | grad_norm = 109.167133
  Batch 965: loss = 5.254405 | LR = 3.075676e-05 | grad_norm = 65.541262
  Batch 966: loss = 5.700989 | LR = 3.075507e-05 | grad_norm = 91.255789
  Batch 967: loss = 6.881264 | LR = 3.075339e-05 | grad_norm = 69.863677
  Batch 968: loss = 5.514030 | LR = 3.075170e-05 | grad_norm = 94.897011
  Batch 969: loss = 5.883167 | LR = 3.075000e-05 | grad_norm = 103.977901
  Batch 970: loss = 3.907368 | LR = 3.074831e-05 | grad_norm = 93.659675
  Batch 971: loss = 5.742581 | LR = 3.074661e-05 | grad_norm = 72.099187
  Batch 972: loss = 5.851780 | LR = 3.074491e-05 | grad_norm = 79.857042
  Batch 973: loss = 4.875813 | LR = 3.074320e-05 | grad_norm = 107.665018
  Batch 974: loss = 5.045420 | LR = 3.074150e-05 | grad_norm = 103.359441
  Batch 975: loss = 6.030140 | LR = 3.073979e-05 | grad_norm = 109.751002
  Batch 976: loss = 4.497854 | LR = 3.073807e-05 | grad_norm = 92.447441
  Batch 977: loss = 5.428593 | LR = 3.073636e-05 | grad_norm = 65.232797
  Batch 978: loss = 0.001445 | LR = 3.073464e-05 | grad_norm = 0.367644
  Batch 979: loss = 5.710471 | LR = 3.073292e-05 | grad_norm = 85.529556
  Batch 980: loss = 5.124804 | LR = 3.073119e-05 | grad_norm = 67.494863
  Batch 981: loss = 4.164328 | LR = 3.072947e-05 | grad_norm = 91.099869
  Batch 982: loss = 0.236699 | LR = 3.072774e-05 | grad_norm = 53.996796
  Batch 983: loss = 5.594279 | LR = 3.072600e-05 | grad_norm = 84.238716
  Batch 984: loss = 5.473562 | LR = 3.072427e-05 | grad_norm = 72.747970
  Batch 985: loss = 5.650433 | LR = 3.072253e-05 | grad_norm = 89.093570
  Batch 986: loss = 7.094153 | LR = 3.072079e-05 | grad_norm = 110.508070
  Batch 987: loss = 6.786536 | LR = 3.071905e-05 | grad_norm = 98.728563
  Batch 988: loss = 4.678904 | LR = 3.071730e-05 | grad_norm = 88.068675
  Batch 989: loss = 5.296587 | LR = 3.071555e-05 | grad_norm = 106.800914
  Batch 990: loss = 3.387441 | LR = 3.071380e-05 | grad_norm = 106.371647
  Batch 991: loss = 4.489583 | LR = 3.071204e-05 | grad_norm = 96.043179
  Batch 992: loss = 4.907275 | LR = 3.071029e-05 | grad_norm = 108.380715
  Batch 993: loss = 4.960741 | LR = 3.070852e-05 | grad_norm = 72.441384
  Batch 994: loss = 4.527213 | LR = 3.070676e-05 | grad_norm = 110.352494
  Batch 995: loss = 6.067575 | LR = 3.070499e-05 | grad_norm = 68.060288
  Batch 996: loss = 5.602170 | LR = 3.070323e-05 | grad_norm = 59.305472
  Batch 997: loss = 5.583981 | LR = 3.070145e-05 | grad_norm = 104.048163
  Batch 998: loss = 3.949787 | LR = 3.069968e-05 | grad_norm = 107.677471
  Batch 999: loss = 3.928040 | LR = 3.069790e-05 | grad_norm = 100.642927
  Batch 1000: loss = 6.122468 | LR = 3.069612e-05 | grad_norm = 76.708653
  Batch 1001: loss = 5.954915 | LR = 3.069434e-05 | grad_norm = 69.808937
  Batch 1002: loss = 5.748063 | LR = 3.069255e-05 | grad_norm = 110.854783
  Batch 1003: loss = 5.181619 | LR = 3.069076e-05 | grad_norm = 104.871042
  Batch 1004: loss = 3.115472 | LR = 3.068897e-05 | grad_norm = 84.808748
  Batch 1005: loss = 5.274179 | LR = 3.068718e-05 | grad_norm = 77.450345
  Batch 1006: loss = 2.665582 | LR = 3.068538e-05 | grad_norm = 121.797815
  Batch 1007: loss = 6.404026 | LR = 3.068358e-05 | grad_norm = 123.264266
  Batch 1008: loss = 5.528374 | LR = 3.068178e-05 | grad_norm = 84.771543
  Batch 1009: loss = 0.841127 | LR = 3.067997e-05 | grad_norm = 127.183734
  Batch 1010: loss = 4.318828 | LR = 3.067816e-05 | grad_norm = 133.989111
  Batch 1011: loss = 5.241137 | LR = 3.067635e-05 | grad_norm = 67.987544
  Batch 1012: loss = 1.285322 | LR = 3.067454e-05 | grad_norm = 114.327347
  Batch 1013: loss = 5.480145 | LR = 3.067272e-05 | grad_norm = 70.983252
  Batch 1014: loss = 3.645747 | LR = 3.067090e-05 | grad_norm = 101.750916
  Batch 1015: loss = 7.114913 | LR = 3.066908e-05 | grad_norm = 161.795571
  Batch 1016: loss = 5.445298 | LR = 3.066725e-05 | grad_norm = 89.098336
  Batch 1017: loss = 5.464128 | LR = 3.066542e-05 | grad_norm = 61.542816
  Batch 1018: loss = 5.478053 | LR = 3.066359e-05 | grad_norm = 103.738258
  Batch 1019: loss = 5.706975 | LR = 3.066176e-05 | grad_norm = 110.177524
  Batch 1020: loss = 4.863530 | LR = 3.065992e-05 | grad_norm = 123.978153
  Batch 1021: loss = 3.920258 | LR = 3.065808e-05 | grad_norm = 86.537956
  Batch 1022: loss = 0.000005 | LR = 3.065624e-05 | grad_norm = 0.001844
  Batch 1023: loss = 0.292840 | LR = 3.065439e-05 | grad_norm = 39.273590
  Batch 1024: loss = 5.501995 | LR = 3.065255e-05 | grad_norm = 107.416428
  Batch 1025: loss = 4.318702 | LR = 3.065070e-05 | grad_norm = 96.826997
  Batch 1026: loss = 4.824135 | LR = 3.064884e-05 | grad_norm = 121.162707
  Batch 1027: loss = 5.098198 | LR = 3.064699e-05 | grad_norm = 90.407777
  Batch 1028: loss = 3.017717 | LR = 3.064513e-05 | grad_norm = 131.519180
  Batch 1029: loss = 5.300161 | LR = 3.064327e-05 | grad_norm = 123.029709
  Batch 1030: loss = 5.010154 | LR = 3.064140e-05 | grad_norm = 120.929994
  Batch 1031: loss = 4.686265 | LR = 3.063953e-05 | grad_norm = 97.177288
  Batch 1032: loss = 13.061692 | LR = 3.063766e-05 | grad_norm = 380.183711
  Batch 1033: loss = 5.541767 | LR = 3.063579e-05 | grad_norm = 49.354202
  Batch 1034: loss = 4.621567 | LR = 3.063391e-05 | grad_norm = 105.338678
  Batch 1035: loss = 0.000495 | LR = 3.063204e-05 | grad_norm = 0.171301
  Batch 1036: loss = 3.739351 | LR = 3.063015e-05 | grad_norm = 139.624147
  Batch 1037: loss = 4.503136 | LR = 3.062827e-05 | grad_norm = 127.620962
  Batch 1038: loss = 5.223083 | LR = 3.062638e-05 | grad_norm = 108.248421
  Batch 1039: loss = 5.475751 | LR = 3.062449e-05 | grad_norm = 86.159975
  Batch 1040: loss = 0.000000 | LR = 3.062260e-05 | grad_norm = 0.000001
  Batch 1041: loss = 5.290345 | LR = 3.062070e-05 | grad_norm = 75.719214
  Batch 1042: loss = 4.147618 | LR = 3.061881e-05 | grad_norm = 77.798192
  Batch 1043: loss = 3.502532 | LR = 3.061690e-05 | grad_norm = 163.292873
  Batch 1044: loss = 5.335506 | LR = 3.061500e-05 | grad_norm = 112.047564
  Batch 1045: loss = 3.397618 | LR = 3.061309e-05 | grad_norm = 148.309993
  Batch 1046: loss = 0.000000 | LR = 3.061118e-05 | grad_norm = 0.000002
  Batch 1047: loss = 4.170067 | LR = 3.060927e-05 | grad_norm = 115.471291
  Batch 1048: loss = 7.316251 | LR = 3.060736e-05 | grad_norm = 120.594035
  Batch 1049: loss = 6.633636 | LR = 3.060544e-05 | grad_norm = 126.481571
  Batch 1050: loss = 5.996702 | LR = 3.060352e-05 | grad_norm = 100.072306
  Batch 1051: loss = 2.598955 | LR = 3.060160e-05 | grad_norm = 118.609158
  Batch 1052: loss = 2.781420 | LR = 3.059967e-05 | grad_norm = 143.618496
  Batch 1053: loss = 5.304122 | LR = 3.059774e-05 | grad_norm = 141.646373
  Batch 1054: loss = 5.914156 | LR = 3.059581e-05 | grad_norm = 103.900957
  Batch 1055: loss = 6.378684 | LR = 3.059387e-05 | grad_norm = 128.562684
  Batch 1056: loss = 6.257826 | LR = 3.059194e-05 | grad_norm = 148.101413
  Batch 1057: loss = 0.000196 | LR = 3.059000e-05 | grad_norm = 0.074999
  Batch 1058: loss = 2.803837 | LR = 3.058805e-05 | grad_norm = 110.596570
  Batch 1059: loss = 6.259328 | LR = 3.058611e-05 | grad_norm = 76.934935
  Batch 1060: loss = 4.407762 | LR = 3.058416e-05 | grad_norm = 148.016876
  Batch 1061: loss = 13.440801 | LR = 3.058221e-05 | grad_norm = 361.885137
  Batch 1062: loss = 4.546584 | LR = 3.058025e-05 | grad_norm = 111.235646
  Batch 1063: loss = 3.183765 | LR = 3.057829e-05 | grad_norm = 99.636932
  Batch 1064: loss = 4.816290 | LR = 3.057633e-05 | grad_norm = 115.263147
  Batch 1065: loss = 5.696902 | LR = 3.057437e-05 | grad_norm = 123.149939
  Batch 1066: loss = 7.186455 | LR = 3.057241e-05 | grad_norm = 113.179253
  Batch 1067: loss = 7.846238 | LR = 3.057044e-05 | grad_norm = 133.775850
  Batch 1068: loss = 5.757067 | LR = 3.056847e-05 | grad_norm = 95.980530
  Batch 1069: loss = 1.001778 | LR = 3.056649e-05 | grad_norm = 112.040286
  Batch 1070: loss = 5.845931 | LR = 3.056452e-05 | grad_norm = 103.044310
  Batch 1071: loss = 2.793887 | LR = 3.056254e-05 | grad_norm = 125.780566
  Batch 1072: loss = 3.944474 | LR = 3.056056e-05 | grad_norm = 128.903396
  Batch 1073: loss = 7.190722 | LR = 3.055857e-05 | grad_norm = 91.698515
  Batch 1074: loss = 5.956048 | LR = 3.055658e-05 | grad_norm = 227.395605
  Batch 1075: loss = 5.459778 | LR = 3.055459e-05 | grad_norm = 91.022157
  Batch 1076: loss = 3.257367 | LR = 3.055260e-05 | grad_norm = 78.306685
  Batch 1077: loss = 7.267560 | LR = 3.055060e-05 | grad_norm = 84.071744
  Batch 1078: loss = 3.352051 | LR = 3.054860e-05 | grad_norm = 110.313058
  Batch 1079: loss = 4.743691 | LR = 3.054660e-05 | grad_norm = 123.245755
  Batch 1080: loss = 4.809608 | LR = 3.054460e-05 | grad_norm = 67.805602
  Batch 1081: loss = 5.898351 | LR = 3.054259e-05 | grad_norm = 128.329630
  Batch 1082: loss = 6.951385 | LR = 3.054058e-05 | grad_norm = 167.650488
  Batch 1083: loss = 5.191053 | LR = 3.053857e-05 | grad_norm = 83.089267
  Batch 1084: loss = 5.848517 | LR = 3.053655e-05 | grad_norm = 86.785540
  Batch 1085: loss = 4.783046 | LR = 3.053453e-05 | grad_norm = 116.358897
  Batch 1086: loss = 3.269562 | LR = 3.053251e-05 | grad_norm = 153.779729
  Batch 1087: loss = 6.215059 | LR = 3.053049e-05 | grad_norm = 128.898846
  Batch 1088: loss = 8.120088 | LR = 3.052846e-05 | grad_norm = 186.050273
  Batch 1089: loss = 4.416633 | LR = 3.052643e-05 | grad_norm = 94.989541
  Batch 1090: loss = 4.603801 | LR = 3.052440e-05 | grad_norm = 94.221248
  Batch 1091: loss = 5.168540 | LR = 3.052237e-05 | grad_norm = 85.296233
  Batch 1092: loss = 5.830071 | LR = 3.052033e-05 | grad_norm = 104.935745
  Batch 1093: loss = 5.293685 | LR = 3.051829e-05 | grad_norm = 96.607814
  Batch 1094: loss = 5.854712 | LR = 3.051624e-05 | grad_norm = 86.051544
  Batch 1095: loss = 4.645196 | LR = 3.051420e-05 | grad_norm = 72.602502
  Batch 1096: loss = 7.689725 | LR = 3.051215e-05 | grad_norm = 176.221660
  Batch 1097: loss = 3.683667 | LR = 3.051010e-05 | grad_norm = 88.321869
  Batch 1098: loss = 4.660441 | LR = 3.050804e-05 | grad_norm = 54.951004
  Batch 1099: loss = 5.673644 | LR = 3.050598e-05 | grad_norm = 107.374810
  Batch 1100: loss = 6.548030 | LR = 3.050392e-05 | grad_norm = 104.497759
  Batch 1101: loss = 6.510215 | LR = 3.050186e-05 | grad_norm = 141.803812
  Batch 1102: loss = 4.297544 | LR = 3.049980e-05 | grad_norm = 76.175681
  Batch 1103: loss = 4.605019 | LR = 3.049773e-05 | grad_norm = 103.897010
  Batch 1104: loss = 6.595330 | LR = 3.049566e-05 | grad_norm = 126.059034
  Batch 1105: loss = 6.019034 | LR = 3.049358e-05 | grad_norm = 93.494564
  Batch 1106: loss = 2.201929 | LR = 3.049151e-05 | grad_norm = 105.860424
  Batch 1107: loss = 4.612679 | LR = 3.048943e-05 | grad_norm = 92.681925
  Batch 1108: loss = 3.714526 | LR = 3.048734e-05 | grad_norm = 122.103883
  Batch 1109: loss = 5.712544 | LR = 3.048526e-05 | grad_norm = 161.176255
  Batch 1110: loss = 5.628127 | LR = 3.048317e-05 | grad_norm = 104.080614
  Batch 1111: loss = 5.203287 | LR = 3.048108e-05 | grad_norm = 71.649014
  Batch 1112: loss = 5.607559 | LR = 3.047899e-05 | grad_norm = 77.327267
  Batch 1113: loss = 6.820446 | LR = 3.047689e-05 | grad_norm = 128.307687
  Batch 1114: loss = 6.085779 | LR = 3.047479e-05 | grad_norm = 111.704379
  Batch 1115: loss = 5.104964 | LR = 3.047269e-05 | grad_norm = 102.510428
  Batch 1116: loss = 3.615609 | LR = 3.047058e-05 | grad_norm = 78.197675
  Batch 1117: loss = 6.114710 | LR = 3.046848e-05 | grad_norm = 101.241403
  Batch 1118: loss = 5.114665 | LR = 3.046637e-05 | grad_norm = 116.718273
  Batch 1119: loss = 3.489665 | LR = 3.046425e-05 | grad_norm = 119.258784
  Batch 1120: loss = 5.972966 | LR = 3.046214e-05 | grad_norm = 112.632017
  Batch 1121: loss = 6.137103 | LR = 3.046002e-05 | grad_norm = 83.864605
  Batch 1122: loss = 6.631160 | LR = 3.045790e-05 | grad_norm = 246.701258
  Batch 1123: loss = 3.555313 | LR = 3.045578e-05 | grad_norm = 198.738707
  Batch 1124: loss = 3.192869 | LR = 3.045365e-05 | grad_norm = 65.543091
  Batch 1125: loss = 5.619754 | LR = 3.045152e-05 | grad_norm = 111.662999
  Batch 1126: loss = 6.356052 | LR = 3.044939e-05 | grad_norm = 98.614528
  Batch 1127: loss = 0.595256 | LR = 3.044725e-05 | grad_norm = 68.183070
  Batch 1128: loss = 5.405469 | LR = 3.044511e-05 | grad_norm = 98.134872
  Batch 1129: loss = 4.048326 | LR = 3.044297e-05 | grad_norm = 96.890783
  Batch 1130: loss = 5.014935 | LR = 3.044083e-05 | grad_norm = 97.032293
  Batch 1131: loss = 5.305817 | LR = 3.043868e-05 | grad_norm = 78.520496
  Batch 1132: loss = 1.337698 | LR = 3.043654e-05 | grad_norm = 103.129470
  Batch 1133: loss = 4.823305 | LR = 3.043438e-05 | grad_norm = 78.310056
  Batch 1134: loss = 6.855697 | LR = 3.043223e-05 | grad_norm = 153.576255
  Batch 1135: loss = 6.922636 | LR = 3.043007e-05 | grad_norm = 101.577169
  Batch 1136: loss = 3.683927 | LR = 3.042791e-05 | grad_norm = 122.724563
  Batch 1137: loss = 4.859650 | LR = 3.042575e-05 | grad_norm = 81.819852
  Batch 1138: loss = 4.046199 | LR = 3.042358e-05 | grad_norm = 91.524432
  Batch 1139: loss = 6.095895 | LR = 3.042142e-05 | grad_norm = 196.726931
  Batch 1140: loss = 4.775255 | LR = 3.041925e-05 | grad_norm = 97.898818
  Batch 1141: loss = 0.130235 | LR = 3.041707e-05 | grad_norm = 26.103777
  Batch 1142: loss = 5.443453 | LR = 3.041490e-05 | grad_norm = 91.823592
  Batch 1143: loss = 5.734382 | LR = 3.041272e-05 | grad_norm = 90.767686
  Batch 1144: loss = 5.320143 | LR = 3.041053e-05 | grad_norm = 64.603961
  Batch 1145: loss = 6.503709 | LR = 3.040835e-05 | grad_norm = 115.325176
  Batch 1146: loss = 0.962484 | LR = 3.040616e-05 | grad_norm = 82.817269
  Batch 1147: loss = 5.186130 | LR = 3.040397e-05 | grad_norm = 65.413214
  Batch 1148: loss = 0.000392 | LR = 3.040178e-05 | grad_norm = 0.104313
  Batch 1149: loss = 6.095340 | LR = 3.039958e-05 | grad_norm = 120.316150
  Batch 1150: loss = 3.664043 | LR = 3.039738e-05 | grad_norm = 108.535032
  Batch 1151: loss = 4.759503 | LR = 3.039518e-05 | grad_norm = 105.131263
  Batch 1152: loss = 6.022241 | LR = 3.039298e-05 | grad_norm = 92.217037
  Batch 1153: loss = 4.989262 | LR = 3.039077e-05 | grad_norm = 93.050617
  Batch 1154: loss = 4.125987 | LR = 3.038856e-05 | grad_norm = 116.302803
  Batch 1155: loss = 3.050997 | LR = 3.038635e-05 | grad_norm = 98.905172
  Batch 1156: loss = 4.847292 | LR = 3.038413e-05 | grad_norm = 131.409660
  Batch 1157: loss = 5.533052 | LR = 3.038192e-05 | grad_norm = 116.211193
  Batch 1158: loss = 6.043156 | LR = 3.037970e-05 | grad_norm = 77.879750
  Batch 1159: loss = 5.723905 | LR = 3.037747e-05 | grad_norm = 67.804762
  Batch 1160: loss = 5.694979 | LR = 3.037525e-05 | grad_norm = 96.003496
  Batch 1161: loss = 4.594820 | LR = 3.037302e-05 | grad_norm = 82.008153
  Batch 1162: loss = 5.604486 | LR = 3.037079e-05 | grad_norm = 107.783082
  Batch 1163: loss = 5.521987 | LR = 3.036855e-05 | grad_norm = 105.379399
  Batch 1164: loss = 5.935495 | LR = 3.036631e-05 | grad_norm = 152.283027
  Batch 1165: loss = 6.246459 | LR = 3.036407e-05 | grad_norm = 107.516526
  Batch 1166: loss = 4.336446 | LR = 3.036183e-05 | grad_norm = 203.292186
  Batch 1167: loss = 2.455294 | LR = 3.035959e-05 | grad_norm = 122.334666
  Batch 1168: loss = 6.398327 | LR = 3.035734e-05 | grad_norm = 104.014863
  Batch 1169: loss = 5.321844 | LR = 3.035509e-05 | grad_norm = 77.169838
  Batch 1170: loss = 6.003219 | LR = 3.035283e-05 | grad_norm = 109.608048
  Batch 1171: loss = 8.674615 | LR = 3.035058e-05 | grad_norm = 280.514408
  Batch 1172: loss = 4.709891 | LR = 3.034832e-05 | grad_norm = 112.015261
  Batch 1173: loss = 7.119801 | LR = 3.034606e-05 | grad_norm = 101.823918
  Batch 1174: loss = 0.806411 | LR = 3.034379e-05 | grad_norm = 133.846314
  Batch 1175: loss = 5.511449 | LR = 3.034152e-05 | grad_norm = 74.488192
  Batch 1176: loss = 4.946622 | LR = 3.033925e-05 | grad_norm = 110.050488
  Batch 1177: loss = 5.585541 | LR = 3.033698e-05 | grad_norm = 72.374567
  Batch 1178: loss = 7.689236 | LR = 3.033471e-05 | grad_norm = 142.990531
  Batch 1179: loss = 4.789052 | LR = 3.033243e-05 | grad_norm = 107.724906
  Batch 1180: loss = 4.449968 | LR = 3.033015e-05 | grad_norm = 93.284407
  Batch 1181: loss = 4.651227 | LR = 3.032786e-05 | grad_norm = 87.536056
  Batch 1182: loss = 2.227043 | LR = 3.032558e-05 | grad_norm = 111.357314
  Batch 1183: loss = 6.174043 | LR = 3.032329e-05 | grad_norm = 81.450602
  Batch 1184: loss = 4.186245 | LR = 3.032099e-05 | grad_norm = 90.472438
  Batch 1185: loss = 4.596139 | LR = 3.031870e-05 | grad_norm = 114.406865
  Batch 1186: loss = 4.579893 | LR = 3.031640e-05 | grad_norm = 107.471404
  Batch 1187: loss = 3.925152 | LR = 3.031410e-05 | grad_norm = 78.462694
  Batch 1188: loss = 6.989434 | LR = 3.031180e-05 | grad_norm = 138.196144
  Batch 1189: loss = 3.966324 | LR = 3.030949e-05 | grad_norm = 108.009780
  Batch 1190: loss = 2.480082 | LR = 3.030718e-05 | grad_norm = 113.606818
  Batch 1191: loss = 4.427410 | LR = 3.030487e-05 | grad_norm = 86.981898
  Batch 1192: loss = 4.581329 | LR = 3.030256e-05 | grad_norm = 82.652106
  Batch 1193: loss = 4.976823 | LR = 3.030024e-05 | grad_norm = 80.158160
  Batch 1194: loss = 4.425175 | LR = 3.029792e-05 | grad_norm = 100.475874
  Batch 1195: loss = 5.341411 | LR = 3.029560e-05 | grad_norm = 103.701505
  Batch 1196: loss = 5.585273 | LR = 3.029327e-05 | grad_norm = 75.556760
  Batch 1197: loss = 5.320146 | LR = 3.029095e-05 | grad_norm = 78.114621
  Batch 1198: loss = 5.304313 | LR = 3.028862e-05 | grad_norm = 77.605263
  Batch 1199: loss = 5.881743 | LR = 3.028628e-05 | grad_norm = 111.379025
  Batch 1200: loss = 5.668008 | LR = 3.028395e-05 | grad_norm = 142.427929
  Batch 1201: loss = 3.067740 | LR = 3.028161e-05 | grad_norm = 97.248483
  Batch 1202: loss = 5.355548 | LR = 3.027927e-05 | grad_norm = 194.381264
  Batch 1203: loss = 6.344299 | LR = 3.027692e-05 | grad_norm = 91.437853
  Batch 1204: loss = 5.492132 | LR = 3.027458e-05 | grad_norm = 66.448326
  Batch 1205: loss = 1.866691 | LR = 3.027223e-05 | grad_norm = 100.343243
  Batch 1206: loss = 5.087047 | LR = 3.026987e-05 | grad_norm = 121.630022
  Batch 1207: loss = 5.731541 | LR = 3.026752e-05 | grad_norm = 120.142937
  Batch 1208: loss = 4.455573 | LR = 3.026516e-05 | grad_norm = 123.396608
  Batch 1209: loss = 2.159469 | LR = 3.026280e-05 | grad_norm = 140.696668
  Batch 1210: loss = 6.280629 | LR = 3.026044e-05 | grad_norm = 81.212050
  Batch 1211: loss = 6.108624 | LR = 3.025807e-05 | grad_norm = 120.974149
  Batch 1212: loss = 0.000009 | LR = 3.025570e-05 | grad_norm = 0.002707
  Batch 1213: loss = 0.554651 | LR = 3.025333e-05 | grad_norm = 68.765755
  Batch 1214: loss = 2.562147 | LR = 3.025096e-05 | grad_norm = 139.845457
  Batch 1215: loss = 5.726355 | LR = 3.024858e-05 | grad_norm = 91.404389
  Batch 1216: loss = 4.997453 | LR = 3.024620e-05 | grad_norm = 68.165813
  Batch 1217: loss = 6.402365 | LR = 3.024382e-05 | grad_norm = 110.600622
  Batch 1218: loss = 5.350529 | LR = 3.024143e-05 | grad_norm = 96.243080
  Batch 1219: loss = 0.000297 | LR = 3.023904e-05 | grad_norm = 0.101075
  Batch 1220: loss = 5.803481 | LR = 3.023665e-05 | grad_norm = 94.061837
  Batch 1221: loss = 6.033723 | LR = 3.023426e-05 | grad_norm = 100.979803
  Batch 1222: loss = 4.272456 | LR = 3.023186e-05 | grad_norm = 117.686613
  Batch 1223: loss = 2.716259 | LR = 3.022947e-05 | grad_norm = 157.837179
  Batch 1224: loss = 5.690943 | LR = 3.022706e-05 | grad_norm = 123.639094
  Batch 1225: loss = 7.640633 | LR = 3.022466e-05 | grad_norm = 117.549641
  Batch 1226: loss = 5.475395 | LR = 3.022225e-05 | grad_norm = 121.416283
  Batch 1227: loss = 6.625584 | LR = 3.021984e-05 | grad_norm = 106.096976
  Batch 1228: loss = 0.292459 | LR = 3.021743e-05 | grad_norm = 48.549547
  Batch 1229: loss = 6.128182 | LR = 3.021502e-05 | grad_norm = 75.084397
  Batch 1230: loss = 6.205458 | LR = 3.021260e-05 | grad_norm = 108.316058
  Batch 1231: loss = 6.035156 | LR = 3.021018e-05 | grad_norm = 90.409617
  Batch 1232: loss = 4.876606 | LR = 3.020775e-05 | grad_norm = 99.310239
  Batch 1233: loss = 6.577533 | LR = 3.020533e-05 | grad_norm = 94.495093
  Batch 1234: loss = 5.789468 | LR = 3.020290e-05 | grad_norm = 96.086601
  Batch 1235: loss = 7.012044 | LR = 3.020047e-05 | grad_norm = 103.060217
  Batch 1236: loss = 0.007632 | LR = 3.019803e-05 | grad_norm = 1.791727
  Batch 1237: loss = 4.935784 | LR = 3.019560e-05 | grad_norm = 81.232083
  Batch 1238: loss = 5.113307 | LR = 3.019316e-05 | grad_norm = 91.591692
  Batch 1239: loss = 3.622972 | LR = 3.019071e-05 | grad_norm = 82.969001
  Batch 1240: loss = 6.014003 | LR = 3.018827e-05 | grad_norm = 95.359478
  Batch 1241: loss = 4.250753 | LR = 3.018582e-05 | grad_norm = 116.827587
  Batch 1242: loss = 5.498491 | LR = 3.018337e-05 | grad_norm = 103.728707
  Batch 1243: loss = 0.001926 | LR = 3.018092e-05 | grad_norm = 0.666116
  Batch 1244: loss = 3.910652 | LR = 3.017846e-05 | grad_norm = 102.201689
  Batch 1245: loss = 4.554852 | LR = 3.017600e-05 | grad_norm = 83.642673
  Batch 1246: loss = 3.956306 | LR = 3.017354e-05 | grad_norm = 109.788117
  Batch 1247: loss = 5.208295 | LR = 3.017108e-05 | grad_norm = 103.466616
  Batch 1248: loss = 6.132805 | LR = 3.016861e-05 | grad_norm = 89.936507
  Batch 1249: loss = 0.004089 | LR = 3.016614e-05 | grad_norm = 1.103116
  Batch 1250: loss = 3.812058 | LR = 3.016367e-05 | grad_norm = 110.943091
  Batch 1251: loss = 4.725508 | LR = 3.016119e-05 | grad_norm = 101.791099
  Batch 1252: loss = 6.004972 | LR = 3.015872e-05 | grad_norm = 77.086780
  Batch 1253: loss = 3.473025 | LR = 3.015623e-05 | grad_norm = 93.240632
  Batch 1254: loss = 5.827228 | LR = 3.015375e-05 | grad_norm = 90.470938
  Batch 1255: loss = 5.121475 | LR = 3.015127e-05 | grad_norm = 95.127384
  Batch 1256: loss = 3.060432 | LR = 3.014878e-05 | grad_norm = 85.708958
  Batch 1257: loss = 3.213509 | LR = 3.014629e-05 | grad_norm = 157.990881
  Batch 1258: loss = 0.000287 | LR = 3.014379e-05 | grad_norm = 0.093241
  Batch 1259: loss = 5.366995 | LR = 3.014130e-05 | grad_norm = 107.179851
  Batch 1260: loss = 5.852242 | LR = 3.013880e-05 | grad_norm = 86.283007
  Batch 1261: loss = 6.118982 | LR = 3.013629e-05 | grad_norm = 115.947163
  Batch 1262: loss = 4.857588 | LR = 3.013379e-05 | grad_norm = 103.104453
  Batch 1263: loss = 4.495431 | LR = 3.013128e-05 | grad_norm = 132.758474
  Batch 1264: loss = 5.611387 | LR = 3.012877e-05 | grad_norm = 97.733436
  Batch 1265: loss = 5.805552 | LR = 3.012626e-05 | grad_norm = 96.137585
  Batch 1266: loss = 4.234488 | LR = 3.012374e-05 | grad_norm = 97.860309
  Batch 1267: loss = 3.726180 | LR = 3.012122e-05 | grad_norm = 100.450112
  Batch 1268: loss = 5.106241 | LR = 3.011870e-05 | grad_norm = 88.497727
  Batch 1269: loss = 5.213238 | LR = 3.011618e-05 | grad_norm = 85.177660
  Batch 1270: loss = 4.430058 | LR = 3.011365e-05 | grad_norm = 87.465610
  Batch 1271: loss = 4.340350 | LR = 3.011112e-05 | grad_norm = 173.040722
  Batch 1272: loss = 6.313039 | LR = 3.010859e-05 | grad_norm = 116.487343
  Batch 1273: loss = 4.129706 | LR = 3.010606e-05 | grad_norm = 95.907765
  Batch 1274: loss = 5.716660 | LR = 3.010352e-05 | grad_norm = 112.529467
  Batch 1275: loss = 2.619497 | LR = 3.010098e-05 | grad_norm = 105.068585
  Batch 1276: loss = 5.265301 | LR = 3.009844e-05 | grad_norm = 101.147199
  Batch 1277: loss = 3.411095 | LR = 3.009589e-05 | grad_norm = 100.752912
  Batch 1278: loss = 5.240155 | LR = 3.009334e-05 | grad_norm = 88.660725
  Batch 1279: loss = 3.862347 | LR = 3.009079e-05 | grad_norm = 116.919951
  Batch 1280: loss = 3.586764 | LR = 3.008824e-05 | grad_norm = 82.612253
  Batch 1281: loss = 0.000001 | LR = 3.008568e-05 | grad_norm = 0.000380
  Batch 1282: loss = 2.899110 | LR = 3.008312e-05 | grad_norm = 94.348465
  Batch 1283: loss = 4.717530 | LR = 3.008056e-05 | grad_norm = 121.049331
  Batch 1284: loss = 0.000000 | LR = 3.007800e-05 | grad_norm = 0.000001
  Batch 1285: loss = 4.593560 | LR = 3.007543e-05 | grad_norm = 123.429124
  Batch 1286: loss = 5.512617 | LR = 3.007286e-05 | grad_norm = 128.549747
  Batch 1287: loss = 5.739735 | LR = 3.007029e-05 | grad_norm = 100.539847
  Batch 1288: loss = 4.075845 | LR = 3.006771e-05 | grad_norm = 167.002290
  Batch 1289: loss = 0.000016 | LR = 3.006514e-05 | grad_norm = 0.005233
  Batch 1290: loss = 0.034626 | LR = 3.006255e-05 | grad_norm = 8.175485
  Batch 1291: loss = 1.163434 | LR = 3.005997e-05 | grad_norm = 122.220257
  Batch 1292: loss = 4.670896 | LR = 3.005739e-05 | grad_norm = 91.834789
  Batch 1293: loss = 4.125902 | LR = 3.005480e-05 | grad_norm = 105.793051
  Batch 1294: loss = 4.922273 | LR = 3.005221e-05 | grad_norm = 104.618952
  Batch 1295: loss = 7.557205 | LR = 3.004961e-05 | grad_norm = 140.486097
  Batch 1296: loss = 6.727827 | LR = 3.004702e-05 | grad_norm = 131.829906
  Batch 1297: loss = 3.513314 | LR = 3.004442e-05 | grad_norm = 143.917393
  Batch 1298: loss = 5.883140 | LR = 3.004181e-05 | grad_norm = 123.453544
  Batch 1299: loss = 5.498936 | LR = 3.003921e-05 | grad_norm = 124.245202
  Batch 1300: loss = 5.375467 | LR = 3.003660e-05 | grad_norm = 115.823894
  Batch 1301: loss = 7.332495 | LR = 3.003399e-05 | grad_norm = 122.723069
  Batch 1302: loss = 6.228929 | LR = 3.003138e-05 | grad_norm = 130.706132
  Batch 1303: loss = 2.850200 | LR = 3.002876e-05 | grad_norm = 96.286076
  Batch 1304: loss = 6.407042 | LR = 3.002614e-05 | grad_norm = 129.420533
  Batch 1305: loss = 7.462478 | LR = 3.002352e-05 | grad_norm = 218.399767
  Batch 1306: loss = 0.036387 | LR = 3.002090e-05 | grad_norm = 8.454459
  Batch 1307: loss = 8.370286 | LR = 3.001827e-05 | grad_norm = 263.735103
  Batch 1308: loss = 6.526052 | LR = 3.001564e-05 | grad_norm = 117.670794
  Batch 1309: loss = 5.231106 | LR = 3.001301e-05 | grad_norm = 129.911947
  Batch 1310: loss = 4.152296 | LR = 3.001038e-05 | grad_norm = 149.242635
  Batch 1311: loss = 5.031057 | LR = 3.000774e-05 | grad_norm = 120.823877
  Batch 1312: loss = 9.905496 | LR = 3.000510e-05 | grad_norm = 295.793732
  Batch 1313: loss = 3.845079 | LR = 3.000246e-05 | grad_norm = 126.469454
  Batch 1314: loss = 4.921395 | LR = 2.999981e-05 | grad_norm = 163.330056
  Batch 1315: loss = 6.591650 | LR = 2.999717e-05 | grad_norm = 168.299698
  Batch 1316: loss = 10.986753 | LR = 2.999452e-05 | grad_norm = 414.406732
  Batch 1317: loss = 1.488351 | LR = 2.999186e-05 | grad_norm = 135.649004
  Batch 1318: loss = 0.007188 | LR = 2.998921e-05 | grad_norm = 2.011561
  Batch 1319: loss = 6.137263 | LR = 2.998655e-05 | grad_norm = 101.044505
  Batch 1320: loss = 3.838180 | LR = 2.998389e-05 | grad_norm = 177.688453
  Batch 1321: loss = 6.751942 | LR = 2.998122e-05 | grad_norm = 119.665233
  Batch 1322: loss = 2.242083 | LR = 2.997856e-05 | grad_norm = 143.040544
  Batch 1323: loss = 4.653368 | LR = 2.997589e-05 | grad_norm = 113.000611
  Batch 1324: loss = 5.985695 | LR = 2.997322e-05 | grad_norm = 97.608675
  Batch 1325: loss = 5.753155 | LR = 2.997054e-05 | grad_norm = 229.862445
  Batch 1326: loss = 5.008955 | LR = 2.996786e-05 | grad_norm = 76.306297
  Batch 1327: loss = 5.748837 | LR = 2.996518e-05 | grad_norm = 144.436814
  Batch 1328: loss = 6.246343 | LR = 2.996250e-05 | grad_norm = 141.302086
  Batch 1329: loss = 1.906443 | LR = 2.995982e-05 | grad_norm = 134.924606
  Batch 1330: loss = 7.578246 | LR = 2.995713e-05 | grad_norm = 147.593986
  Batch 1331: loss = 6.054855 | LR = 2.995444e-05 | grad_norm = 123.492179
  Batch 1332: loss = 5.516474 | LR = 2.995174e-05 | grad_norm = 83.149935
  Batch 1333: loss = 5.098590 | LR = 2.994905e-05 | grad_norm = 125.933848
  Batch 1334: loss = 4.175634 | LR = 2.994635e-05 | grad_norm = 105.128147
  Batch 1335: loss = 5.146612 | LR = 2.994365e-05 | grad_norm = 89.652277
  Batch 1336: loss = 5.089927 | LR = 2.994094e-05 | grad_norm = 105.229686
  Batch 1337: loss = 5.193189 | LR = 2.993824e-05 | grad_norm = 110.087669
  Batch 1338: loss = 5.580538 | LR = 2.993553e-05 | grad_norm = 107.090688
  Batch 1339: loss = 0.525747 | LR = 2.993282e-05 | grad_norm = 116.843976
  Batch 1340: loss = 6.165131 | LR = 2.993010e-05 | grad_norm = 106.771018
  Batch 1341: loss = 6.226047 | LR = 2.992738e-05 | grad_norm = 164.798548
  Batch 1342: loss = 5.203774 | LR = 2.992466e-05 | grad_norm = 118.882852
  Batch 1343: loss = 6.875076 | LR = 2.992194e-05 | grad_norm = 104.874801
  Batch 1344: loss = 1.266393 | LR = 2.991922e-05 | grad_norm = 106.799655
  Batch 1345: loss = 4.288099 | LR = 2.991649e-05 | grad_norm = 111.969634
  Batch 1346: loss = 6.399979 | LR = 2.991376e-05 | grad_norm = 122.388661
  Batch 1347: loss = 3.310754 | LR = 2.991102e-05 | grad_norm = 99.682872
  Batch 1348: loss = 4.084938 | LR = 2.990829e-05 | grad_norm = 80.678450
  Batch 1349: loss = 0.052726 | LR = 2.990555e-05 | grad_norm = 10.928109
  Batch 1350: loss = 5.418444 | LR = 2.990281e-05 | grad_norm = 113.930845
  Batch 1351: loss = 4.487801 | LR = 2.990006e-05 | grad_norm = 98.986686
  Batch 1352: loss = 5.407709 | LR = 2.989732e-05 | grad_norm = 112.791067
  Batch 1353: loss = 4.628279 | LR = 2.989457e-05 | grad_norm = 91.694183
  Batch 1354: loss = 6.159419 | LR = 2.989181e-05 | grad_norm = 105.026784
  Batch 1355: loss = 5.401963 | LR = 2.988906e-05 | grad_norm = 93.282308
  Batch 1356: loss = 5.465001 | LR = 2.988630e-05 | grad_norm = 96.007768
  Batch 1357: loss = 3.659728 | LR = 2.988354e-05 | grad_norm = 112.613516
  Batch 1358: loss = 5.193479 | LR = 2.988078e-05 | grad_norm = 118.752715
  Batch 1359: loss = 5.531175 | LR = 2.987801e-05 | grad_norm = 100.540674
  Batch 1360: loss = 5.333336 | LR = 2.987525e-05 | grad_norm = 108.293834
  Batch 1361: loss = 5.548128 | LR = 2.987248e-05 | grad_norm = 93.093784
  Batch 1362: loss = 1.897807 | LR = 2.986970e-05 | grad_norm = 125.731600
  Batch 1363: loss = 0.000000 | LR = 2.986693e-05 | grad_norm = 0.000000
  Batch 1364: loss = 0.013198 | LR = 2.986415e-05 | grad_norm = 3.036235
  Batch 1365: loss = 5.327870 | LR = 2.986137e-05 | grad_norm = 146.692075
  Batch 1366: loss = 1.466971 | LR = 2.985858e-05 | grad_norm = 132.601384
  Batch 1367: loss = 4.058028 | LR = 2.985580e-05 | grad_norm = 96.953556
  Batch 1368: loss = 4.530503 | LR = 2.985301e-05 | grad_norm = 115.560378
  Batch 1369: loss = 2.779744 | LR = 2.985021e-05 | grad_norm = 197.361308
  Batch 1370: loss = 0.000001 | LR = 2.984742e-05 | grad_norm = 0.000502
  Batch 1371: loss = 3.469904 | LR = 2.984462e-05 | grad_norm = 114.957872
  Batch 1372: loss = 6.739674 | LR = 2.984182e-05 | grad_norm = 124.764683
  Batch 1373: loss = 6.983232 | LR = 2.983902e-05 | grad_norm = 103.283447
  Batch 1374: loss = 2.995970 | LR = 2.983621e-05 | grad_norm = 150.311251
  Batch 1375: loss = 3.867624 | LR = 2.983341e-05 | grad_norm = 126.411630
  Batch 1376: loss = 4.954595 | LR = 2.983060e-05 | grad_norm = 264.669028
  Batch 1377: loss = 6.146270 | LR = 2.982778e-05 | grad_norm = 154.496021
  Batch 1378: loss = 5.149867 | LR = 2.982497e-05 | grad_norm = 94.833980
  Batch 1379: loss = 3.474588 | LR = 2.982215e-05 | grad_norm = 122.315446
  Batch 1380: loss = 5.544069 | LR = 2.981933e-05 | grad_norm = 165.155481
  Batch 1381: loss = 5.278399 | LR = 2.981650e-05 | grad_norm = 137.764841
  Batch 1382: loss = 6.018104 | LR = 2.981368e-05 | grad_norm = 185.466169
  Batch 1383: loss = 4.012192 | LR = 2.981085e-05 | grad_norm = 79.547829
  Batch 1384: loss = 1.572793 | LR = 2.980802e-05 | grad_norm = 121.662329
  Batch 1385: loss = 7.089851 | LR = 2.980518e-05 | grad_norm = 152.949756
  Batch 1386: loss = 5.398269 | LR = 2.980234e-05 | grad_norm = 144.561050
  Batch 1387: loss = 7.366484 | LR = 2.979950e-05 | grad_norm = 129.378182
  Batch 1388: loss = 5.245693 | LR = 2.979666e-05 | grad_norm = 100.216646
  Batch 1389: loss = 6.421473 | LR = 2.979382e-05 | grad_norm = 159.335410
  Batch 1390: loss = 0.000156 | LR = 2.979097e-05 | grad_norm = 0.045846
  Batch 1391: loss = 3.731702 | LR = 2.978812e-05 | grad_norm = 211.538567
  Batch 1392: loss = 0.537946 | LR = 2.978527e-05 | grad_norm = 100.356801
  Batch 1393: loss = 3.816623 | LR = 2.978241e-05 | grad_norm = 144.273745
  Batch 1394: loss = 5.281707 | LR = 2.977955e-05 | grad_norm = 149.712097
  Batch 1395: loss = 4.301215 | LR = 2.977669e-05 | grad_norm = 97.241287
  Batch 1396: loss = 5.341119 | LR = 2.977383e-05 | grad_norm = 133.940594
  Batch 1397: loss = 0.002191 | LR = 2.977096e-05 | grad_norm = 0.633952
  Batch 1398: loss = 3.317962 | LR = 2.976809e-05 | grad_norm = 340.305734
  Batch 1399: loss = 4.227926 | LR = 2.976522e-05 | grad_norm = 123.364177
  Batch 1400: loss = 4.678343 | LR = 2.976235e-05 | grad_norm = 122.398827
  Batch 1401: loss = 4.720379 | LR = 2.975947e-05 | grad_norm = 215.395447
  Batch 1402: loss = 4.321870 | LR = 2.975659e-05 | grad_norm = 119.090076
  Batch 1403: loss = 4.511767 | LR = 2.975371e-05 | grad_norm = 123.360529
  Batch 1404: loss = 5.677125 | LR = 2.975082e-05 | grad_norm = 129.452979
  Batch 1405: loss = 6.160035 | LR = 2.974794e-05 | grad_norm = 270.745639
  Batch 1406: loss = 4.696997 | LR = 2.974505e-05 | grad_norm = 115.115104
  Batch 1407: loss = 1.851923 | LR = 2.974216e-05 | grad_norm = 130.752721
  Batch 1408: loss = 6.454579 | LR = 2.973926e-05 | grad_norm = 193.472119
  Batch 1409: loss = 2.499187 | LR = 2.973636e-05 | grad_norm = 117.017420
  Batch 1410: loss = 2.835046 | LR = 2.973346e-05 | grad_norm = 115.650429
  Batch 1411: loss = 2.713705 | LR = 2.973056e-05 | grad_norm = 141.928205
  Batch 1412: loss = 0.813309 | LR = 2.972765e-05 | grad_norm = 180.206181
  Batch 1413: loss = 5.479608 | LR = 2.972474e-05 | grad_norm = 116.230899
  Batch 1414: loss = 3.198024 | LR = 2.972183e-05 | grad_norm = 123.978194
  Batch 1415: loss = 3.900638 | LR = 2.971892e-05 | grad_norm = 175.708583
  Batch 1416: loss = 4.699145 | LR = 2.971600e-05 | grad_norm = 177.013102
  Batch 1417: loss = 6.339008 | LR = 2.971308e-05 | grad_norm = 128.631434
  Batch 1418: loss = 3.792820 | LR = 2.971016e-05 | grad_norm = 109.772601
  Batch 1419: loss = 5.514013 | LR = 2.970724e-05 | grad_norm = 122.593797
  Batch 1420: loss = 3.356001 | LR = 2.970431e-05 | grad_norm = 136.678954
  Batch 1421: loss = 4.742602 | LR = 2.970138e-05 | grad_norm = 110.635091
  Batch 1422: loss = 0.000001 | LR = 2.969845e-05 | grad_norm = 0.000363
  Batch 1423: loss = 5.365093 | LR = 2.969552e-05 | grad_norm = 132.682616
  Batch 1424: loss = 4.763400 | LR = 2.969258e-05 | grad_norm = 148.217641
  Batch 1425: loss = 6.804614 | LR = 2.968964e-05 | grad_norm = 161.017352
  Batch 1426: loss = 4.883134 | LR = 2.968670e-05 | grad_norm = 123.015122
  Batch 1427: loss = 4.332760 | LR = 2.968375e-05 | grad_norm = 120.567629
  Batch 1428: loss = 7.619064 | LR = 2.968080e-05 | grad_norm = 238.028492
  Batch 1429: loss = 5.281509 | LR = 2.967785e-05 | grad_norm = 121.744260
  Batch 1430: loss = 5.069475 | LR = 2.967490e-05 | grad_norm = 138.187363
  Batch 1431: loss = 5.637774 | LR = 2.967194e-05 | grad_norm = 174.282110
  Batch 1432: loss = 0.000452 | LR = 2.966899e-05 | grad_norm = 0.167250
  Batch 1433: loss = 5.178310 | LR = 2.966602e-05 | grad_norm = 175.545713
  Batch 1434: loss = 9.552937 | LR = 2.966306e-05 | grad_norm = 267.867846
  Batch 1435: loss = 4.108154 | LR = 2.966010e-05 | grad_norm = 123.524386
  Batch 1436: loss = 6.524611 | LR = 2.965713e-05 | grad_norm = 152.024882
  Batch 1437: loss = 5.867292 | LR = 2.965416e-05 | grad_norm = 161.513861
  Batch 1438: loss = 5.021236 | LR = 2.965118e-05 | grad_norm = 114.982518
  Batch 1439: loss = 4.867104 | LR = 2.964820e-05 | grad_norm = 135.202286
  Batch 1440: loss = 2.337490 | LR = 2.964523e-05 | grad_norm = 107.434554
  Batch 1441: loss = 5.970648 | LR = 2.964224e-05 | grad_norm = 103.982746
  Batch 1442: loss = 4.304918 | LR = 2.963926e-05 | grad_norm = 116.939865
  Batch 1443: loss = 7.072945 | LR = 2.963627e-05 | grad_norm = 109.627353
  Batch 1444: loss = 2.554246 | LR = 2.963328e-05 | grad_norm = 167.912815
  Batch 1445: loss = 6.049224 | LR = 2.963029e-05 | grad_norm = 120.842068
  Batch 1446: loss = 4.293064 | LR = 2.962729e-05 | grad_norm = 159.853071
  Batch 1447: loss = 2.508479 | LR = 2.962430e-05 | grad_norm = 102.162538
  Batch 1448: loss = 4.913503 | LR = 2.962130e-05 | grad_norm = 134.696767
  Batch 1449: loss = 5.228230 | LR = 2.961829e-05 | grad_norm = 115.576948
  Batch 1450: loss = 3.691271 | LR = 2.961529e-05 | grad_norm = 137.446269
  Batch 1451: loss = 3.289102 | LR = 2.961228e-05 | grad_norm = 130.914756
  Batch 1452: loss = 0.753314 | LR = 2.960927e-05 | grad_norm = 89.440937
  Batch 1453: loss = 0.676478 | LR = 2.960626e-05 | grad_norm = 90.621150
  Batch 1454: loss = 5.085092 | LR = 2.960324e-05 | grad_norm = 92.600383
  Batch 1455: loss = 6.080182 | LR = 2.960022e-05 | grad_norm = 150.358556
  Batch 1456: loss = 6.451975 | LR = 2.959720e-05 | grad_norm = 214.634030
  Batch 1457: loss = 6.264969 | LR = 2.959418e-05 | grad_norm = 149.068082
  Batch 1458: loss = 3.685673 | LR = 2.959115e-05 | grad_norm = 106.813941
  Batch 1459: loss = 2.923428 | LR = 2.958812e-05 | grad_norm = 172.728737
  Batch 1460: loss = 5.729101 | LR = 2.958509e-05 | grad_norm = 127.242005
  Batch 1461: loss = 0.010082 | LR = 2.958206e-05 | grad_norm = 2.720361
  Batch 1462: loss = 3.963124 | LR = 2.957902e-05 | grad_norm = 166.521472
  Batch 1463: loss = 3.627777 | LR = 2.957598e-05 | grad_norm = 138.771828
  Batch 1464: loss = 4.022178 | LR = 2.957294e-05 | grad_norm = 152.339935
  Batch 1465: loss = 3.670930 | LR = 2.956989e-05 | grad_norm = 147.789918
  Batch 1466: loss = 4.885157 | LR = 2.956685e-05 | grad_norm = 141.119301
  Batch 1467: loss = 4.395653 | LR = 2.956380e-05 | grad_norm = 112.606446
  Batch 1468: loss = 1.651378 | LR = 2.956074e-05 | grad_norm = 166.861475
  Batch 1469: loss = 0.000818 | LR = 2.955769e-05 | grad_norm = 0.325837
  Batch 1470: loss = 2.095424 | LR = 2.955463e-05 | grad_norm = 158.600116
  Batch 1471: loss = 1.575416 | LR = 2.955157e-05 | grad_norm = 164.423269
  Batch 1472: loss = 0.280989 | LR = 2.954851e-05 | grad_norm = 83.236874
  Batch 1473: loss = 7.222791 | LR = 2.954544e-05 | grad_norm = 144.812117
  Batch 1474: loss = 4.194189 | LR = 2.954238e-05 | grad_norm = 86.506013
  Batch 1475: loss = 4.205758 | LR = 2.953931e-05 | grad_norm = 162.610537
  Batch 1476: loss = 2.634116 | LR = 2.953623e-05 | grad_norm = 135.403395
  Batch 1477: loss = 3.779291 | LR = 2.953316e-05 | grad_norm = 113.878855
  Batch 1478: loss = 6.303167 | LR = 2.953008e-05 | grad_norm = 97.512153
  Batch 1479: loss = 8.344799 | LR = 2.952700e-05 | grad_norm = 187.619295
  Batch 1480: loss = 6.429986 | LR = 2.952391e-05 | grad_norm = 160.867694
  Batch 1481: loss = 6.172108 | LR = 2.952083e-05 | grad_norm = 115.949154
  Batch 1482: loss = 4.657773 | LR = 2.951774e-05 | grad_norm = 123.935152
  Batch 1483: loss = 3.754163 | LR = 2.951465e-05 | grad_norm = 157.978214
  Batch 1484: loss = 5.726800 | LR = 2.951155e-05 | grad_norm = 157.840727
  Batch 1485: loss = 5.016873 | LR = 2.950846e-05 | grad_norm = 171.064833
  Batch 1486: loss = 5.176353 | LR = 2.950536e-05 | grad_norm = 167.354132
  Batch 1487: loss = 3.985377 | LR = 2.950226e-05 | grad_norm = 206.204882
  Batch 1488: loss = 8.094251 | LR = 2.949915e-05 | grad_norm = 206.991120
  Batch 1489: loss = 4.587846 | LR = 2.949604e-05 | grad_norm = 161.227856
  Batch 1490: loss = 5.117720 | LR = 2.949294e-05 | grad_norm = 120.419891
  Batch 1491: loss = 4.519689 | LR = 2.948982e-05 | grad_norm = 138.880235
  Batch 1492: loss = 5.771957 | LR = 2.948671e-05 | grad_norm = 239.582419
  Batch 1493: loss = 6.219665 | LR = 2.948359e-05 | grad_norm = 154.936030
  Batch 1494: loss = 6.081214 | LR = 2.948047e-05 | grad_norm = 135.392076
  Batch 1495: loss = 7.330108 | LR = 2.947735e-05 | grad_norm = 194.247641
  Batch 1496: loss = 2.425153 | LR = 2.947422e-05 | grad_norm = 125.396146
  Batch 1497: loss = 5.717094 | LR = 2.947110e-05 | grad_norm = 168.421096
  Batch 1498: loss = 5.359027 | LR = 2.946797e-05 | grad_norm = 128.385468
  Batch 1499: loss = 6.840623 | LR = 2.946483e-05 | grad_norm = 185.531214
  Batch 1500: loss = 5.647314 | LR = 2.946170e-05 | grad_norm = 66.485950
  Batch 1501: loss = 4.870689 | LR = 2.945856e-05 | grad_norm = 106.411600
  Batch 1502: loss = 0.000244 | LR = 2.945542e-05 | grad_norm = 0.088283
  Batch 1503: loss = 0.000864 | LR = 2.945228e-05 | grad_norm = 0.213159
  Batch 1504: loss = 5.286014 | LR = 2.944913e-05 | grad_norm = 203.181943
  Batch 1505: loss = 5.522501 | LR = 2.944598e-05 | grad_norm = 145.835539
  Batch 1506: loss = 4.669753 | LR = 2.944283e-05 | grad_norm = 88.805624
  Batch 1507: loss = 0.033240 | LR = 2.943968e-05 | grad_norm = 8.344200
  Batch 1508: loss = 4.543966 | LR = 2.943652e-05 | grad_norm = 126.689330
  Batch 1509: loss = 5.501233 | LR = 2.943336e-05 | grad_norm = 137.050444
  Batch 1510: loss = 5.514473 | LR = 2.943020e-05 | grad_norm = 149.384222
  Batch 1511: loss = 4.824124 | LR = 2.942704e-05 | grad_norm = 110.432438
  Batch 1512: loss = 4.013043 | LR = 2.942387e-05 | grad_norm = 92.562725
  Batch 1513: loss = 6.648537 | LR = 2.942070e-05 | grad_norm = 183.972387
  Batch 1514: loss = 0.605298 | LR = 2.941753e-05 | grad_norm = 70.196210
  Batch 1515: loss = 6.329077 | LR = 2.941436e-05 | grad_norm = 158.285045
  Batch 1516: loss = 6.845588 | LR = 2.941118e-05 | grad_norm = 88.928791
  Batch 1517: loss = 8.042976 | LR = 2.940800e-05 | grad_norm = 146.869986
  Batch 1518: loss = 5.806605 | LR = 2.940482e-05 | grad_norm = 138.469136
  Batch 1519: loss = 2.123371 | LR = 2.940164e-05 | grad_norm = 162.800107
  Batch 1520: loss = 0.000166 | LR = 2.939845e-05 | grad_norm = 0.056812
  Batch 1521: loss = 3.366870 | LR = 2.939526e-05 | grad_norm = 101.804380
  Batch 1522: loss = 3.773601 | LR = 2.939207e-05 | grad_norm = 97.030471
  Batch 1523: loss = 1.688398 | LR = 2.938887e-05 | grad_norm = 185.491551
  Batch 1524: loss = 1.176580 | LR = 2.938568e-05 | grad_norm = 83.447031
  Batch 1525: loss = 3.345888 | LR = 2.938248e-05 | grad_norm = 141.129734
  Batch 1526: loss = 7.025492 | LR = 2.937927e-05 | grad_norm = 119.442266
  Batch 1527: loss = 0.811223 | LR = 2.937607e-05 | grad_norm = 171.317408
  Batch 1528: loss = 4.410945 | LR = 2.937286e-05 | grad_norm = 135.562777
  Batch 1529: loss = 6.235444 | LR = 2.936965e-05 | grad_norm = 116.718502
  Batch 1530: loss = 0.021909 | LR = 2.936644e-05 | grad_norm = 5.971634
  Batch 1531: loss = 4.820765 | LR = 2.936322e-05 | grad_norm = 152.911026
  Batch 1532: loss = 4.563937 | LR = 2.936001e-05 | grad_norm = 140.579483
  Batch 1533: loss = 6.192308 | LR = 2.935679e-05 | grad_norm = 243.222865
  Batch 1534: loss = 3.713584 | LR = 2.935356e-05 | grad_norm = 158.582579
  Batch 1535: loss = 6.688164 | LR = 2.935034e-05 | grad_norm = 181.366224
  Batch 1536: loss = 1.983249 | LR = 2.934711e-05 | grad_norm = 163.455089
  Batch 1537: loss = 4.572564 | LR = 2.934388e-05 | grad_norm = 173.687682
  Batch 1538: loss = 5.206323 | LR = 2.934065e-05 | grad_norm = 137.924724
  Batch 1539: loss = 0.309415 | LR = 2.933741e-05 | grad_norm = 70.225660
  Batch 1540: loss = 4.101809 | LR = 2.933417e-05 | grad_norm = 184.640274
  Batch 1541: loss = 7.561664 | LR = 2.933093e-05 | grad_norm = 202.539850
  Batch 1542: loss = 4.296666 | LR = 2.932769e-05 | grad_norm = 159.621624
  Batch 1543: loss = 5.470507 | LR = 2.932444e-05 | grad_norm = 131.255100
  Batch 1544: loss = 2.196094 | LR = 2.932119e-05 | grad_norm = 170.236634
  Batch 1545: loss = 5.488241 | LR = 2.931794e-05 | grad_norm = 127.641239
  Batch 1546: loss = 5.917641 | LR = 2.931469e-05 | grad_norm = 89.786202
  Batch 1547: loss = 5.615020 | LR = 2.931143e-05 | grad_norm = 112.209726
  Batch 1548: loss = 4.373309 | LR = 2.930817e-05 | grad_norm = 174.844495
  Batch 1549: loss = 4.668619 | LR = 2.930491e-05 | grad_norm = 168.656542
  Batch 1550: loss = 3.267818 | LR = 2.930165e-05 | grad_norm = 149.110027
  Batch 1551: loss = 0.000002 | LR = 2.929838e-05 | grad_norm = 0.000589
  Batch 1552: loss = 5.685006 | LR = 2.929511e-05 | grad_norm = 108.011625
  Batch 1553: loss = 3.602724 | LR = 2.929184e-05 | grad_norm = 249.754346
  Batch 1554: loss = 6.387395 | LR = 2.928857e-05 | grad_norm = 107.184564
  Batch 1555: loss = 9.486967 | LR = 2.928529e-05 | grad_norm = 264.727007
  Batch 1556: loss = 7.331297 | LR = 2.928201e-05 | grad_norm = 168.793730
  Batch 1557: loss = 0.000003 | LR = 2.927873e-05 | grad_norm = 0.001098
  Batch 1558: loss = 1.740423 | LR = 2.927545e-05 | grad_norm = 134.913939
  Batch 1559: loss = 1.657595 | LR = 2.927216e-05 | grad_norm = 111.273176
  Batch 1560: loss = 4.240773 | LR = 2.926887e-05 | grad_norm = 128.870614
  Batch 1561: loss = 8.034247 | LR = 2.926558e-05 | grad_norm = 167.441773
  Batch 1562: loss = 4.088887 | LR = 2.926228e-05 | grad_norm = 132.369569
  Batch 1563: loss = 5.445875 | LR = 2.925899e-05 | grad_norm = 139.650528
  Batch 1564: loss = 6.343361 | LR = 2.925569e-05 | grad_norm = 117.588470
  Batch 1565: loss = 0.008958 | LR = 2.925239e-05 | grad_norm = 2.709108
  Batch 1566: loss = 7.382515 | LR = 2.924908e-05 | grad_norm = 151.105120
  Batch 1567: loss = 5.891450 | LR = 2.924577e-05 | grad_norm = 141.960814
  Batch 1568: loss = 5.289572 | LR = 2.924246e-05 | grad_norm = 129.060306
  Batch 1569: loss = 5.855115 | LR = 2.923915e-05 | grad_norm = 127.523627
  Batch 1570: loss = 7.987720 | LR = 2.923584e-05 | grad_norm = 161.936164
  Batch 1571: loss = 6.572539 | LR = 2.923252e-05 | grad_norm = 95.927400
  Batch 1572: loss = 5.611823 | LR = 2.922920e-05 | grad_norm = 291.508162
  Batch 1573: loss = 4.341984 | LR = 2.922588e-05 | grad_norm = 272.765783
  Batch 1574: loss = 5.926059 | LR = 2.922255e-05 | grad_norm = 152.795715
  Batch 1575: loss = 4.993745 | LR = 2.921923e-05 | grad_norm = 151.889905
  Batch 1576: loss = 5.393394 | LR = 2.921590e-05 | grad_norm = 143.259040
  Batch 1577: loss = 5.107456 | LR = 2.921256e-05 | grad_norm = 117.951376
  Batch 1578: loss = 6.565695 | LR = 2.920923e-05 | grad_norm = 110.581996
  Batch 1579: loss = 1.338213 | LR = 2.920589e-05 | grad_norm = 93.407736
  Batch 1580: loss = 5.636480 | LR = 2.920255e-05 | grad_norm = 113.992684
  Batch 1581: loss = 6.389095 | LR = 2.919921e-05 | grad_norm = 129.432393
  Batch 1582: loss = 4.966781 | LR = 2.919586e-05 | grad_norm = 118.224439
  Batch 1583: loss = 4.490317 | LR = 2.919251e-05 | grad_norm = 114.243158
  Batch 1584: loss = 4.041352 | LR = 2.918916e-05 | grad_norm = 99.067319
  Batch 1585: loss = 4.623411 | LR = 2.918581e-05 | grad_norm = 94.767527
  Batch 1586: loss = 5.615315 | LR = 2.918246e-05 | grad_norm = 107.618056
  Batch 1587: loss = 3.431172 | LR = 2.917910e-05 | grad_norm = 132.298042
  Batch 1588: loss = 4.845706 | LR = 2.917574e-05 | grad_norm = 123.814208
  Batch 1589: loss = 4.003245 | LR = 2.917237e-05 | grad_norm = 95.585651
  Batch 1590: loss = 3.755798 | LR = 2.916901e-05 | grad_norm = 105.589635
  Batch 1591: loss = 5.163360 | LR = 2.916564e-05 | grad_norm = 90.507535
  Batch 1592: loss = 1.689101 | LR = 2.916227e-05 | grad_norm = 113.124988
  Batch 1593: loss = 4.233848 | LR = 2.915890e-05 | grad_norm = 109.071508
  Batch 1594: loss = 5.547532 | LR = 2.915552e-05 | grad_norm = 107.531506
  Batch 1595: loss = 6.488957 | LR = 2.915214e-05 | grad_norm = 107.275220
  Batch 1596: loss = 5.162026 | LR = 2.914876e-05 | grad_norm = 99.098828
  Batch 1597: loss = 6.924107 | LR = 2.914538e-05 | grad_norm = 145.890693
  Batch 1598: loss = 6.297035 | LR = 2.914199e-05 | grad_norm = 136.357851
  Batch 1599: loss = 3.966129 | LR = 2.913861e-05 | grad_norm = 109.489729
  Batch 1600: loss = 3.383374 | LR = 2.913521e-05 | grad_norm = 89.535368
  Batch 1601: loss = 5.507550 | LR = 2.913182e-05 | grad_norm = 105.126568
  Batch 1602: loss = 6.533365 | LR = 2.912843e-05 | grad_norm = 114.647727
  Batch 1603: loss = 3.956202 | LR = 2.912503e-05 | grad_norm = 98.908002
  Batch 1604: loss = 4.741545 | LR = 2.912163e-05 | grad_norm = 111.581076
  Batch 1605: loss = 5.216765 | LR = 2.911822e-05 | grad_norm = 115.830800
  Batch 1606: loss = 3.972829 | LR = 2.911482e-05 | grad_norm = 127.176860
  Batch 1607: loss = 5.040817 | LR = 2.911141e-05 | grad_norm = 132.354666
  Batch 1608: loss = 3.166937 | LR = 2.910800e-05 | grad_norm = 140.904990
  Batch 1609: loss = 5.270803 | LR = 2.910458e-05 | grad_norm = 105.375383
  Batch 1610: loss = 4.807141 | LR = 2.910117e-05 | grad_norm = 118.468660
  Batch 1611: loss = 6.899939 | LR = 2.909775e-05 | grad_norm = 119.947711
  Batch 1612: loss = 1.119868 | LR = 2.909433e-05 | grad_norm = 108.659164
  Batch 1613: loss = 2.455677 | LR = 2.909091e-05 | grad_norm = 118.484752
  Batch 1614: loss = 7.048737 | LR = 2.908748e-05 | grad_norm = 179.853362
  Batch 1615: loss = 4.567046 | LR = 2.908405e-05 | grad_norm = 128.871861
  Batch 1616: loss = 4.598839 | LR = 2.908062e-05 | grad_norm = 153.520185
  Batch 1617: loss = 4.650358 | LR = 2.907719e-05 | grad_norm = 183.702406
  Batch 1618: loss = 1.451260 | LR = 2.907375e-05 | grad_norm = 77.000931
  Batch 1619: loss = 4.947201 | LR = 2.907031e-05 | grad_norm = 106.628969
  Batch 1620: loss = 5.601032 | LR = 2.906687e-05 | grad_norm = 91.015761
  Batch 1621: loss = 4.504622 | LR = 2.906343e-05 | grad_norm = 164.156519
  Batch 1622: loss = 4.882282 | LR = 2.905998e-05 | grad_norm = 120.569972
  Batch 1623: loss = 4.497508 | LR = 2.905653e-05 | grad_norm = 119.748962
  Batch 1624: loss = 2.312521 | LR = 2.905308e-05 | grad_norm = 172.016355
  Batch 1625: loss = 7.712028 | LR = 2.904963e-05 | grad_norm = 131.152708
  Batch 1626: loss = 4.382402 | LR = 2.904617e-05 | grad_norm = 125.939002
  Batch 1627: loss = 3.619009 | LR = 2.904271e-05 | grad_norm = 107.028603
  Batch 1628: loss = 4.565695 | LR = 2.903925e-05 | grad_norm = 100.117796
  Batch 1629: loss = 6.237780 | LR = 2.903579e-05 | grad_norm = 142.980324
  Batch 1630: loss = 1.795856 | LR = 2.903232e-05 | grad_norm = 162.481079
  Batch 1631: loss = 0.862852 | LR = 2.902885e-05 | grad_norm = 88.120709
  Batch 1632: loss = 4.157462 | LR = 2.902538e-05 | grad_norm = 105.780497
  Batch 1633: loss = 4.606294 | LR = 2.902191e-05 | grad_norm = 132.805496
  Batch 1634: loss = 6.555653 | LR = 2.901843e-05 | grad_norm = 130.989639
  Batch 1635: loss = 5.427583 | LR = 2.901495e-05 | grad_norm = 95.638536
  Batch 1636: loss = 4.711474 | LR = 2.901147e-05 | grad_norm = 116.190359
  Batch 1637: loss = 1.648435 | LR = 2.900799e-05 | grad_norm = 168.254204
  Batch 1638: loss = 4.378293 | LR = 2.900450e-05 | grad_norm = 112.613698
  Batch 1639: loss = 6.947414 | LR = 2.900101e-05 | grad_norm = 149.893672
  Batch 1640: loss = 4.753996 | LR = 2.899752e-05 | grad_norm = 136.733679
  Batch 1641: loss = 3.334318 | LR = 2.899403e-05 | grad_norm = 146.793985
  Batch 1642: loss = 3.210160 | LR = 2.899053e-05 | grad_norm = 150.349403
  Batch 1643: loss = 6.138765 | LR = 2.898703e-05 | grad_norm = 129.010543
  Batch 1644: loss = 3.234634 | LR = 2.898353e-05 | grad_norm = 142.616106
  Batch 1645: loss = 5.315134 | LR = 2.898003e-05 | grad_norm = 114.865412
  Batch 1646: loss = 0.432972 | LR = 2.897652e-05 | grad_norm = 62.414149
  Batch 1647: loss = 4.443821 | LR = 2.897301e-05 | grad_norm = 104.761363
  Batch 1648: loss = 3.717794 | LR = 2.896950e-05 | grad_norm = 154.251003
  Batch 1649: loss = 4.519320 | LR = 2.896599e-05 | grad_norm = 120.840326
  Batch 1650: loss = 0.879062 | LR = 2.896247e-05 | grad_norm = 139.906698
  Batch 1651: loss = 4.589535 | LR = 2.895896e-05 | grad_norm = 109.676681
  Batch 1652: loss = 3.809027 | LR = 2.895543e-05 | grad_norm = 142.515407
  Batch 1653: loss = 5.771955 | LR = 2.895191e-05 | grad_norm = 122.378844
  Batch 1654: loss = 4.333073 | LR = 2.894838e-05 | grad_norm = 117.208839
  Batch 1655: loss = 5.949482 | LR = 2.894486e-05 | grad_norm = 153.845809
  Batch 1656: loss = 5.974872 | LR = 2.894132e-05 | grad_norm = 157.362247
  Batch 1657: loss = 7.977146 | LR = 2.893779e-05 | grad_norm = 172.720955
  Batch 1658: loss = 8.472711 | LR = 2.893426e-05 | grad_norm = 231.748559
  Batch 1659: loss = 5.238226 | LR = 2.893072e-05 | grad_norm = 203.576637
  Batch 1660: loss = 4.779984 | LR = 2.892718e-05 | grad_norm = 106.515207
  Batch 1661: loss = 0.993996 | LR = 2.892363e-05 | grad_norm = 145.217766
  Batch 1662: loss = 3.718108 | LR = 2.892009e-05 | grad_norm = 158.952047
  Batch 1663: loss = 2.533084 | LR = 2.891654e-05 | grad_norm = 121.539191
  Batch 1664: loss = 6.755527 | LR = 2.891299e-05 | grad_norm = 170.468303
  Batch 1665: loss = 7.612691 | LR = 2.890943e-05 | grad_norm = 119.556618
  Batch 1666: loss = 8.529299 | LR = 2.890588e-05 | grad_norm = 175.682694
  Batch 1667: loss = 6.077719 | LR = 2.890232e-05 | grad_norm = 131.451235
  Batch 1668: loss = 4.068637 | LR = 2.889876e-05 | grad_norm = 174.436927
  Batch 1669: loss = 2.111749 | LR = 2.889520e-05 | grad_norm = 167.964479
  Batch 1670: loss = 5.305339 | LR = 2.889163e-05 | grad_norm = 121.269694
  Batch 1671: loss = 4.644671 | LR = 2.888806e-05 | grad_norm = 184.924919
  Batch 1672: loss = 0.523070 | LR = 2.888449e-05 | grad_norm = 110.411426
  Batch 1673: loss = 1.479040 | LR = 2.888092e-05 | grad_norm = 171.995181
  Batch 1674: loss = 8.398642 | LR = 2.887734e-05 | grad_norm = 208.654286
  Batch 1675: loss = 7.923243 | LR = 2.887376e-05 | grad_norm = 140.784868
  Batch 1676: loss = 3.787888 | LR = 2.887018e-05 | grad_norm = 154.444156
  Batch 1677: loss = 5.066807 | LR = 2.886660e-05 | grad_norm = 122.743124
  Batch 1678: loss = 5.492482 | LR = 2.886301e-05 | grad_norm = 148.256782
  Batch 1679: loss = 8.020167 | LR = 2.885943e-05 | grad_norm = 221.244482
  Batch 1680: loss = 4.073384 | LR = 2.885584e-05 | grad_norm = 160.831506
  Batch 1681: loss = 6.280214 | LR = 2.885224e-05 | grad_norm = 142.904254
  Batch 1682: loss = 5.871060 | LR = 2.884865e-05 | grad_norm = 133.249008
  Batch 1683: loss = 1.452887 | LR = 2.884505e-05 | grad_norm = 155.252113
  Batch 1684: loss = 1.167214 | LR = 2.884145e-05 | grad_norm = 86.124167
  Batch 1685: loss = 5.673037 | LR = 2.883785e-05 | grad_norm = 125.016306
  Batch 1686: loss = 4.014887 | LR = 2.883424e-05 | grad_norm = 114.188296
  Batch 1687: loss = 7.029138 | LR = 2.883063e-05 | grad_norm = 107.368348
  Batch 1688: loss = 4.342690 | LR = 2.882702e-05 | grad_norm = 116.931279
  Batch 1689: loss = 4.640155 | LR = 2.882341e-05 | grad_norm = 160.289105
  Batch 1690: loss = 4.759313 | LR = 2.881979e-05 | grad_norm = 72.553529
  Batch 1691: loss = 4.567439 | LR = 2.881618e-05 | grad_norm = 149.253365
  Batch 1692: loss = 3.417000 | LR = 2.881256e-05 | grad_norm = 214.395217
  Batch 1693: loss = 3.518225 | LR = 2.880893e-05 | grad_norm = 174.222849
  Batch 1694: loss = 5.329035 | LR = 2.880531e-05 | grad_norm = 121.023191
  Batch 1695: loss = 5.171838 | LR = 2.880168e-05 | grad_norm = 109.792070
  Batch 1696: loss = 6.925639 | LR = 2.879805e-05 | grad_norm = 122.641773
  Batch 1697: loss = 4.830203 | LR = 2.879442e-05 | grad_norm = 168.256894
  Batch 1698: loss = 6.384225 | LR = 2.879078e-05 | grad_norm = 146.954894
  Batch 1699: loss = 3.457671 | LR = 2.878715e-05 | grad_norm = 119.082537
  Batch 1700: loss = 4.274909 | LR = 2.878351e-05 | grad_norm = 92.151859
  Batch 1701: loss = 4.872145 | LR = 2.877986e-05 | grad_norm = 151.947395
  Batch 1702: loss = 5.609797 | LR = 2.877622e-05 | grad_norm = 91.733957
  Batch 1703: loss = 4.541819 | LR = 2.877257e-05 | grad_norm = 93.722969
  Batch 1704: loss = 6.134308 | LR = 2.876892e-05 | grad_norm = 118.726090
  Batch 1705: loss = 6.458765 | LR = 2.876527e-05 | grad_norm = 183.107420
  Batch 1706: loss = 3.288012 | LR = 2.876162e-05 | grad_norm = 117.100970
  Batch 1707: loss = 4.821690 | LR = 2.875796e-05 | grad_norm = 159.848271
  Batch 1708: loss = 7.447302 | LR = 2.875430e-05 | grad_norm = 151.364980
  Batch 1709: loss = 0.000342 | LR = 2.875064e-05 | grad_norm = 0.107737
  Batch 1710: loss = 5.876410 | LR = 2.874697e-05 | grad_norm = 133.414672
  Batch 1711: loss = 7.075638 | LR = 2.874331e-05 | grad_norm = 225.967922
  Batch 1712: loss = 4.467488 | LR = 2.873964e-05 | grad_norm = 127.336902
  Batch 1713: loss = 1.569599 | LR = 2.873597e-05 | grad_norm = 128.985741
  Batch 1714: loss = 3.757620 | LR = 2.873229e-05 | grad_norm = 152.186501
  Batch 1715: loss = 3.818554 | LR = 2.872861e-05 | grad_norm = 163.156022
  Batch 1716: loss = 0.977669 | LR = 2.872494e-05 | grad_norm = 121.622526
  Batch 1717: loss = 6.025616 | LR = 2.872125e-05 | grad_norm = 123.447140
  Batch 1718: loss = 5.150788 | LR = 2.871757e-05 | grad_norm = 104.192995
  Batch 1719: loss = 5.180429 | LR = 2.871388e-05 | grad_norm = 109.000899
  Batch 1720: loss = 2.696704 | LR = 2.871019e-05 | grad_norm = 199.194990
  Batch 1721: loss = 5.197538 | LR = 2.870650e-05 | grad_norm = 129.360038
  Batch 1722: loss = 4.192989 | LR = 2.870281e-05 | grad_norm = 104.601838
  Batch 1723: loss = 0.034129 | LR = 2.869911e-05 | grad_norm = 10.305310
  Batch 1724: loss = 5.020023 | LR = 2.869542e-05 | grad_norm = 106.670576
  Batch 1725: loss = 6.238400 | LR = 2.869171e-05 | grad_norm = 81.245111
  Batch 1726: loss = 6.118384 | LR = 2.868801e-05 | grad_norm = 142.131657
  Batch 1727: loss = 2.162124 | LR = 2.868430e-05 | grad_norm = 103.449598
  Batch 1728: loss = 3.725142 | LR = 2.868060e-05 | grad_norm = 121.478515
  Batch 1729: loss = 5.367247 | LR = 2.867689e-05 | grad_norm = 108.110935
  Batch 1730: loss = 0.003057 | LR = 2.867317e-05 | grad_norm = 0.884590
  Batch 1731: loss = 4.515047 | LR = 2.866946e-05 | grad_norm = 99.095462
  Batch 1732: loss = 5.485154 | LR = 2.866574e-05 | grad_norm = 140.496212
  Batch 1733: loss = 4.454072 | LR = 2.866202e-05 | grad_norm = 132.137970
  Batch 1734: loss = 4.016472 | LR = 2.865829e-05 | grad_norm = 85.971564
  Batch 1735: loss = 4.092420 | LR = 2.865457e-05 | grad_norm = 265.418845
  Batch 1736: loss = 5.339302 | LR = 2.865084e-05 | grad_norm = 202.906869
  Batch 1737: loss = 5.394878 | LR = 2.864711e-05 | grad_norm = 174.770467
  Batch 1738: loss = 4.954888 | LR = 2.864338e-05 | grad_norm = 114.036173
  Batch 1739: loss = 5.388619 | LR = 2.863964e-05 | grad_norm = 186.666051
  Batch 1740: loss = 4.905593 | LR = 2.863591e-05 | grad_norm = 115.917946
  Batch 1741: loss = 5.041130 | LR = 2.863217e-05 | grad_norm = 130.222573
  Batch 1742: loss = 5.456211 | LR = 2.862842e-05 | grad_norm = 134.242817
  Batch 1743: loss = 5.198832 | LR = 2.862468e-05 | grad_norm = 144.259935
  Batch 1744: loss = 2.372060 | LR = 2.862093e-05 | grad_norm = 116.189002
  Batch 1745: loss = 3.279428 | LR = 2.861718e-05 | grad_norm = 123.251231
  Batch 1746: loss = 4.855206 | LR = 2.861343e-05 | grad_norm = 155.537009
  Batch 1747: loss = 4.799242 | LR = 2.860967e-05 | grad_norm = 81.197402
  Batch 1748: loss = 3.882554 | LR = 2.860592e-05 | grad_norm = 113.245911
  Batch 1749: loss = 3.947714 | LR = 2.860216e-05 | grad_norm = 120.260896
  Batch 1750: loss = 3.914576 | LR = 2.859840e-05 | grad_norm = 181.538472
  Batch 1751: loss = 6.328609 | LR = 2.859463e-05 | grad_norm = 123.031916
  Batch 1752: loss = 5.812351 | LR = 2.859087e-05 | grad_norm = 149.817653
  Batch 1753: loss = 5.899110 | LR = 2.858710e-05 | grad_norm = 127.142029
  Batch 1754: loss = 3.999443 | LR = 2.858333e-05 | grad_norm = 156.672337
  Batch 1755: loss = 5.462494 | LR = 2.857955e-05 | grad_norm = 121.105881
  Batch 1756: loss = 2.322196 | LR = 2.857577e-05 | grad_norm = 129.314975
  Batch 1757: loss = 3.970144 | LR = 2.857200e-05 | grad_norm = 137.260655
  Batch 1758: loss = 6.491610 | LR = 2.856821e-05 | grad_norm = 115.768336
  Batch 1759: loss = 4.093863 | LR = 2.856443e-05 | grad_norm = 134.265171
  Batch 1760: loss = 4.803641 | LR = 2.856065e-05 | grad_norm = 175.696126
  Batch 1761: loss = 5.103983 | LR = 2.855686e-05 | grad_norm = 142.744206
  Batch 1762: loss = 1.290586 | LR = 2.855307e-05 | grad_norm = 146.087513
  Batch 1763: loss = 5.443100 | LR = 2.854927e-05 | grad_norm = 156.487023
  Batch 1764: loss = 3.830835 | LR = 2.854548e-05 | grad_norm = 236.424400
  Batch 1765: loss = 3.176915 | LR = 2.854168e-05 | grad_norm = 130.229173
  Batch 1766: loss = 5.761518 | LR = 2.853788e-05 | grad_norm = 161.787227
  Batch 1767: loss = 6.725726 | LR = 2.853408e-05 | grad_norm = 129.040774
  Batch 1768: loss = 5.788580 | LR = 2.853027e-05 | grad_norm = 127.978499
  Batch 1769: loss = 5.448837 | LR = 2.852646e-05 | grad_norm = 170.028384
  Batch 1770: loss = 4.149619 | LR = 2.852265e-05 | grad_norm = 136.067270
  Batch 1771: loss = 4.509197 | LR = 2.851884e-05 | grad_norm = 112.822775
  Batch 1772: loss = 0.076582 | LR = 2.851502e-05 | grad_norm = 18.780181
  Batch 1773: loss = 5.516412 | LR = 2.851121e-05 | grad_norm = 89.288128
  Batch 1774: loss = 5.297870 | LR = 2.850739e-05 | grad_norm = 109.752995
  Batch 1775: loss = 5.685033 | LR = 2.850356e-05 | grad_norm = 184.983855
  Batch 1776: loss = 0.914665 | LR = 2.849974e-05 | grad_norm = 126.206280
  Batch 1777: loss = 3.345477 | LR = 2.849591e-05 | grad_norm = 129.779531
  Batch 1778: loss = 4.625797 | LR = 2.849208e-05 | grad_norm = 129.304780
  Batch 1779: loss = 5.611174 | LR = 2.848825e-05 | grad_norm = 87.917430
  Batch 1780: loss = 3.490922 | LR = 2.848442e-05 | grad_norm = 120.531325
  Batch 1781: loss = 5.791645 | LR = 2.848058e-05 | grad_norm = 98.854009
  Batch 1782: loss = 4.801003 | LR = 2.847674e-05 | grad_norm = 147.420615
  Batch 1783: loss = 4.195289 | LR = 2.847290e-05 | grad_norm = 206.942297
  Batch 1784: loss = 1.854073 | LR = 2.846906e-05 | grad_norm = 172.693727
  Batch 1785: loss = 0.992160 | LR = 2.846521e-05 | grad_norm = 125.860106
  Batch 1786: loss = 5.941667 | LR = 2.846136e-05 | grad_norm = 102.557355
  Batch 1787: loss = 5.244038 | LR = 2.845751e-05 | grad_norm = 84.120413
  Batch 1788: loss = 3.709860 | LR = 2.845366e-05 | grad_norm = 131.633233
  Batch 1789: loss = 4.200548 | LR = 2.844980e-05 | grad_norm = 147.118447
  Batch 1790: loss = 3.594364 | LR = 2.844594e-05 | grad_norm = 116.400819
  Batch 1791: loss = 5.336826 | LR = 2.844208e-05 | grad_norm = 109.228057
  Batch 1792: loss = 4.411256 | LR = 2.843822e-05 | grad_norm = 215.290340
  Batch 1793: loss = 0.000000 | LR = 2.843435e-05 | grad_norm = 0.000007
  Batch 1794: loss = 5.453139 | LR = 2.843049e-05 | grad_norm = 133.387041
  Batch 1795: loss = 5.832774 | LR = 2.842662e-05 | grad_norm = 149.370252
  Batch 1796: loss = 0.012575 | LR = 2.842274e-05 | grad_norm = 2.819189
  Batch 1797: loss = 0.000000 | LR = 2.841887e-05 | grad_norm = 0.000008
  Batch 1798: loss = 3.270499 | LR = 2.841499e-05 | grad_norm = 207.164965
  Batch 1799: loss = 2.531496 | LR = 2.841111e-05 | grad_norm = 142.149289
  Batch 1800: loss = 7.859104 | LR = 2.840723e-05 | grad_norm = 166.879904
  Batch 1801: loss = 3.574001 | LR = 2.840335e-05 | grad_norm = 124.837155
  Batch 1802: loss = 6.326638 | LR = 2.839946e-05 | grad_norm = 118.896458
  Batch 1803: loss = 0.066243 | LR = 2.839557e-05 | grad_norm = 15.400050
  Batch 1804: loss = 4.015391 | LR = 2.839168e-05 | grad_norm = 140.597914
  Batch 1805: loss = 4.659439 | LR = 2.838778e-05 | grad_norm = 124.452298
  Batch 1806: loss = 7.208261 | LR = 2.838389e-05 | grad_norm = 197.858106
  Batch 1807: loss = 2.057914 | LR = 2.837999e-05 | grad_norm = 151.069575
  Batch 1808: loss = 7.611428 | LR = 2.837609e-05 | grad_norm = 113.247264
  Batch 1809: loss = 5.898630 | LR = 2.837218e-05 | grad_norm = 107.095310
  Batch 1810: loss = 6.038157 | LR = 2.836828e-05 | grad_norm = 63.383320
  Batch 1811: loss = 0.046552 | LR = 2.836437e-05 | grad_norm = 11.285240
  Batch 1812: loss = 4.825617 | LR = 2.836046e-05 | grad_norm = 97.266682
  Batch 1813: loss = 4.370542 | LR = 2.835655e-05 | grad_norm = 135.065245
  Batch 1814: loss = 5.021978 | LR = 2.835263e-05 | grad_norm = 95.180146
  Batch 1815: loss = 3.053021 | LR = 2.834871e-05 | grad_norm = 135.454211
  Batch 1816: loss = 5.288736 | LR = 2.834479e-05 | grad_norm = 128.743050
  Batch 1817: loss = 6.404859 | LR = 2.834087e-05 | grad_norm = 117.266358
  Batch 1818: loss = 13.987265 | LR = 2.833694e-05 | grad_norm = 472.141694
  Batch 1819: loss = 4.656631 | LR = 2.833302e-05 | grad_norm = 371.559762
  Batch 1820: loss = 6.373116 | LR = 2.832909e-05 | grad_norm = 102.896247
  Batch 1821: loss = 5.017916 | LR = 2.832516e-05 | grad_norm = 107.939975
  Batch 1822: loss = 5.286216 | LR = 2.832122e-05 | grad_norm = 125.187448
  Batch 1823: loss = 0.000000 | LR = 2.831728e-05 | grad_norm = 0.000000
  Batch 1824: loss = 0.624317 | LR = 2.831335e-05 | grad_norm = 90.363088
  Batch 1825: loss = 3.460454 | LR = 2.830940e-05 | grad_norm = 148.590930
  Batch 1826: loss = 1.416098 | LR = 2.830546e-05 | grad_norm = 157.670376
  Batch 1827: loss = 5.164674 | LR = 2.830151e-05 | grad_norm = 214.472873
  Batch 1828: loss = 4.147070 | LR = 2.829756e-05 | grad_norm = 177.505349
  Batch 1829: loss = 4.514411 | LR = 2.829361e-05 | grad_norm = 124.453903
  Batch 1830: loss = 9.484081 | LR = 2.828966e-05 | grad_norm = 311.827460
  Batch 1831: loss = 0.377590 | LR = 2.828570e-05 | grad_norm = 122.238123
  Batch 1832: loss = 1.398738 | LR = 2.828175e-05 | grad_norm = 181.314187
  Batch 1833: loss = 4.135204 | LR = 2.827779e-05 | grad_norm = 126.381248
  Batch 1834: loss = 4.474153 | LR = 2.827382e-05 | grad_norm = 134.500539
  Batch 1835: loss = 7.117715 | LR = 2.826986e-05 | grad_norm = 237.838733
  Batch 1836: loss = 1.334964 | LR = 2.826589e-05 | grad_norm = 111.188993
  Batch 1837: loss = 4.037201 | LR = 2.826192e-05 | grad_norm = 151.896792
  Batch 1838: loss = 3.807398 | LR = 2.825795e-05 | grad_norm = 156.583697
  Batch 1839: loss = 5.699140 | LR = 2.825397e-05 | grad_norm = 155.006166
  Batch 1840: loss = 5.210127 | LR = 2.825000e-05 | grad_norm = 131.410398
  Batch 1841: loss = 1.235206 | LR = 2.824602e-05 | grad_norm = 95.221465
  Batch 1842: loss = 1.725012 | LR = 2.824204e-05 | grad_norm = 136.293046
  Batch 1843: loss = 1.284764 | LR = 2.823805e-05 | grad_norm = 124.234490
  Batch 1844: loss = 4.371684 | LR = 2.823407e-05 | grad_norm = 121.218055
  Batch 1845: loss = 4.265622 | LR = 2.823008e-05 | grad_norm = 166.574448
  Batch 1846: loss = 4.770624 | LR = 2.822609e-05 | grad_norm = 155.980210
  Batch 1847: loss = 3.899782 | LR = 2.822209e-05 | grad_norm = 134.001170
  Batch 1848: loss = 0.367777 | LR = 2.821810e-05 | grad_norm = 42.885068
  Batch 1849: loss = 0.000001 | LR = 2.821410e-05 | grad_norm = 0.000714
  Batch 1850: loss = 2.893513 | LR = 2.821010e-05 | grad_norm = 135.744547
  Batch 1851: loss = 7.333256 | LR = 2.820609e-05 | grad_norm = 168.044554
  Batch 1852: loss = 5.778005 | LR = 2.820209e-05 | grad_norm = 185.799741
  Batch 1853: loss = 6.669611 | LR = 2.819808e-05 | grad_norm = 164.569174
  Batch 1854: loss = 6.570261 | LR = 2.819407e-05 | grad_norm = 126.973694
  Batch 1855: loss = 6.040137 | LR = 2.819006e-05 | grad_norm = 162.503707
  Batch 1856: loss = 0.642339 | LR = 2.818604e-05 | grad_norm = 191.081768
  Batch 1857: loss = 0.045072 | LR = 2.818203e-05 | grad_norm = 10.090477
  Batch 1858: loss = 6.089481 | LR = 2.817801e-05 | grad_norm = 136.225443
  Batch 1859: loss = 4.890550 | LR = 2.817399e-05 | grad_norm = 121.853457
  Batch 1860: loss = 3.371260 | LR = 2.816996e-05 | grad_norm = 163.887126
  Batch 1861: loss = 5.765594 | LR = 2.816594e-05 | grad_norm = 245.095148
  Batch 1862: loss = 3.595722 | LR = 2.816191e-05 | grad_norm = 148.898526
  Batch 1863: loss = 5.392697 | LR = 2.815788e-05 | grad_norm = 106.059334
  Batch 1864: loss = 5.083221 | LR = 2.815384e-05 | grad_norm = 185.615663
  Batch 1865: loss = 5.107554 | LR = 2.814981e-05 | grad_norm = 142.298167
  Batch 1866: loss = 4.779021 | LR = 2.814577e-05 | grad_norm = 171.475430
  Batch 1867: loss = 4.019336 | LR = 2.814173e-05 | grad_norm = 147.974861
  Batch 1868: loss = 4.712354 | LR = 2.813769e-05 | grad_norm = 221.848550
  Batch 1869: loss = 5.410310 | LR = 2.813364e-05 | grad_norm = 187.158937
  Batch 1870: loss = 7.108139 | LR = 2.812959e-05 | grad_norm = 131.835950
  Batch 1871: loss = 5.097325 | LR = 2.812554e-05 | grad_norm = 113.818600
  Batch 1872: loss = 3.879206 | LR = 2.812149e-05 | grad_norm = 201.653557
  Batch 1873: loss = 3.762227 | LR = 2.811744e-05 | grad_norm = 333.593656
  Batch 1874: loss = 4.060576 | LR = 2.811338e-05 | grad_norm = 145.935343
  Batch 1875: loss = 5.382758 | LR = 2.810932e-05 | grad_norm = 134.730612
  Batch 1876: loss = 0.138261 | LR = 2.810526e-05 | grad_norm = 35.720188
  Batch 1877: loss = 5.649875 | LR = 2.810120e-05 | grad_norm = 207.331574
  Batch 1878: loss = 5.957007 | LR = 2.809713e-05 | grad_norm = 118.457325
  Batch 1879: loss = 4.393613 | LR = 2.809306e-05 | grad_norm = 153.525422
  Batch 1880: loss = 3.625834 | LR = 2.808899e-05 | grad_norm = 172.287311
  Batch 1881: loss = 5.129338 | LR = 2.808492e-05 | grad_norm = 163.852308
  Batch 1882: loss = 3.916057 | LR = 2.808084e-05 | grad_norm = 122.695065
  Batch 1883: loss = 4.788359 | LR = 2.807676e-05 | grad_norm = 110.677850
  Batch 1884: loss = 2.506417 | LR = 2.807268e-05 | grad_norm = 178.013351
  Batch 1885: loss = 5.269292 | LR = 2.806860e-05 | grad_norm = 379.774236
  Batch 1886: loss = 5.139861 | LR = 2.806452e-05 | grad_norm = 135.058538
  Batch 1887: loss = 0.499553 | LR = 2.806043e-05 | grad_norm = 85.407643
  Batch 1888: loss = 0.000224 | LR = 2.805634e-05 | grad_norm = 0.066502
  Batch 1889: loss = 0.098709 | LR = 2.805225e-05 | grad_norm = 25.435221
  Batch 1890: loss = 4.817531 | LR = 2.804816e-05 | grad_norm = 143.852410
  Batch 1891: loss = 5.163179 | LR = 2.804406e-05 | grad_norm = 162.926696
  Batch 1892: loss = 2.696848 | LR = 2.803996e-05 | grad_norm = 179.489567
  Batch 1893: loss = 4.042529 | LR = 2.803586e-05 | grad_norm = 129.909939
  Batch 1894: loss = 4.117573 | LR = 2.803176e-05 | grad_norm = 168.498608
  Batch 1895: loss = 4.898736 | LR = 2.802765e-05 | grad_norm = 131.912974
  Batch 1896: loss = 4.598790 | LR = 2.802354e-05 | grad_norm = 106.645017
  Batch 1897: loss = 2.114056 | LR = 2.801943e-05 | grad_norm = 158.177455
  Batch 1898: loss = 0.000000 | LR = 2.801532e-05 | grad_norm = 0.000014
  Batch 1899: loss = 4.627637 | LR = 2.801121e-05 | grad_norm = 153.978081
  Batch 1900: loss = 3.081071 | LR = 2.800709e-05 | grad_norm = 144.720736
  Batch 1901: loss = 4.300990 | LR = 2.800297e-05 | grad_norm = 122.215135
  Batch 1902: loss = 11.534846 | LR = 2.799885e-05 | grad_norm = 463.967460
  Batch 1903: loss = 3.136907 | LR = 2.799472e-05 | grad_norm = 168.114202
  Batch 1904: loss = 4.829601 | LR = 2.799060e-05 | grad_norm = 142.841476
  Batch 1905: loss = 0.971836 | LR = 2.798647e-05 | grad_norm = 163.015583
  Batch 1906: loss = 4.769519 | LR = 2.798234e-05 | grad_norm = 273.129077
  Batch 1907: loss = 5.444693 | LR = 2.797820e-05 | grad_norm = 90.108701
  Batch 1908: loss = 4.966694 | LR = 2.797407e-05 | grad_norm = 157.065905
  Batch 1909: loss = 4.930988 | LR = 2.796993e-05 | grad_norm = 221.696217
  Batch 1910: loss = 4.007574 | LR = 2.796579e-05 | grad_norm = 161.883722
  Batch 1911: loss = 5.480157 | LR = 2.796165e-05 | grad_norm = 131.267924
  Batch 1912: loss = 0.421010 | LR = 2.795750e-05 | grad_norm = 73.650841
  Batch 1913: loss = 6.266855 | LR = 2.795336e-05 | grad_norm = 137.413808
  Batch 1914: loss = 2.966192 | LR = 2.794921e-05 | grad_norm = 206.442939
  Batch 1915: loss = 5.900803 | LR = 2.794505e-05 | grad_norm = 100.683718
  Batch 1916: loss = 6.115952 | LR = 2.794090e-05 | grad_norm = 231.751334
  Batch 1917: loss = 4.934582 | LR = 2.793674e-05 | grad_norm = 169.984621
  Batch 1918: loss = 4.726987 | LR = 2.793259e-05 | grad_norm = 133.502186
  Batch 1919: loss = 5.275166 | LR = 2.792842e-05 | grad_norm = 191.451422
  Batch 1920: loss = 2.267750 | LR = 2.792426e-05 | grad_norm = 247.364401
  Batch 1921: loss = 7.192092 | LR = 2.792010e-05 | grad_norm = 226.285497
  Batch 1922: loss = 6.580043 | LR = 2.791593e-05 | grad_norm = 163.100880
  Batch 1923: loss = 5.410521 | LR = 2.791176e-05 | grad_norm = 143.474519
  Batch 1924: loss = 2.816695 | LR = 2.790759e-05 | grad_norm = 93.598689
  Batch 1925: loss = 4.571622 | LR = 2.790341e-05 | grad_norm = 148.201788
  Batch 1926: loss = 4.190757 | LR = 2.789923e-05 | grad_norm = 133.088060
  Batch 1927: loss = 3.093162 | LR = 2.789505e-05 | grad_norm = 141.356083
  Batch 1928: loss = 5.918699 | LR = 2.789087e-05 | grad_norm = 198.579387
  Batch 1929: loss = 4.527279 | LR = 2.788669e-05 | grad_norm = 155.126939
  Batch 1930: loss = 7.898520 | LR = 2.788250e-05 | grad_norm = 352.467086
  Batch 1931: loss = 2.653438 | LR = 2.787831e-05 | grad_norm = 169.280408
  Batch 1932: loss = 3.403491 | LR = 2.787412e-05 | grad_norm = 150.090629
  Batch 1933: loss = 3.958377 | LR = 2.786993e-05 | grad_norm = 180.615916
  Batch 1934: loss = 2.390753 | LR = 2.786574e-05 | grad_norm = 211.276390
  Batch 1935: loss = 1.112245 | LR = 2.786154e-05 | grad_norm = 163.964254
  Batch 1936: loss = 0.001871 | LR = 2.785734e-05 | grad_norm = 0.547393
  Batch 1937: loss = 4.352209 | LR = 2.785314e-05 | grad_norm = 153.445788
  Batch 1938: loss = 0.196854 | LR = 2.784893e-05 | grad_norm = 43.870124
  Batch 1939: loss = 3.218104 | LR = 2.784472e-05 | grad_norm = 214.512807
  Batch 1940: loss = 1.469860 | LR = 2.784052e-05 | grad_norm = 170.811284
  Batch 1941: loss = 0.766066 | LR = 2.783630e-05 | grad_norm = 114.904139
  Batch 1942: loss = 0.002028 | LR = 2.783209e-05 | grad_norm = 0.686457
  Batch 1943: loss = 8.375951 | LR = 2.782787e-05 | grad_norm = 251.701931
  Batch 1944: loss = 4.159318 | LR = 2.782366e-05 | grad_norm = 146.260491
  Batch 1945: loss = 5.241432 | LR = 2.781944e-05 | grad_norm = 196.700728
  Batch 1946: loss = 0.388844 | LR = 2.781521e-05 | grad_norm = 95.169829
  Batch 1947: loss = 3.446659 | LR = 2.781099e-05 | grad_norm = 170.524342
  Batch 1948: loss = 4.188110 | LR = 2.780676e-05 | grad_norm = 144.899338
  Batch 1949: loss = 7.704358 | LR = 2.780253e-05 | grad_norm = 133.714643
  Batch 1950: loss = 7.578753 | LR = 2.779830e-05 | grad_norm = 204.325542
  Batch 1951: loss = 7.110828 | LR = 2.779407e-05 | grad_norm = 195.798286
  Batch 1952: loss = 1.220341 | LR = 2.778983e-05 | grad_norm = 138.066961
  Batch 1953: loss = 7.950491 | LR = 2.778559e-05 | grad_norm = 227.622758
  Batch 1954: loss = 5.870668 | LR = 2.778135e-05 | grad_norm = 142.567138
  Batch 1955: loss = 6.183967 | LR = 2.777711e-05 | grad_norm = 102.353356
  Batch 1956: loss = 5.513824 | LR = 2.777286e-05 | grad_norm = 193.919796
  Batch 1957: loss = 6.836568 | LR = 2.776861e-05 | grad_norm = 190.422907
  Batch 1958: loss = 3.631422 | LR = 2.776436e-05 | grad_norm = 117.029882
  Batch 1959: loss = 3.888291 | LR = 2.776011e-05 | grad_norm = 154.455404
  Batch 1960: loss = 2.250706 | LR = 2.775586e-05 | grad_norm = 191.513131
  Batch 1961: loss = 4.429704 | LR = 2.775160e-05 | grad_norm = 139.512661
  Batch 1962: loss = 4.754934 | LR = 2.774734e-05 | grad_norm = 130.482765
  Batch 1963: loss = 5.438415 | LR = 2.774308e-05 | grad_norm = 278.996046
  Batch 1964: loss = 5.478030 | LR = 2.773882e-05 | grad_norm = 136.664371
  Batch 1965: loss = 4.193002 | LR = 2.773455e-05 | grad_norm = 134.338292
  Batch 1966: loss = 4.033322 | LR = 2.773028e-05 | grad_norm = 137.146888
  Batch 1967: loss = 2.451559 | LR = 2.772601e-05 | grad_norm = 201.057979
  Batch 1968: loss = 6.501590 | LR = 2.772174e-05 | grad_norm = 322.527698
  Batch 1969: loss = 1.878001 | LR = 2.771746e-05 | grad_norm = 118.170672
  Batch 1970: loss = 0.000251 | LR = 2.771319e-05 | grad_norm = 0.080876
  Batch 1971: loss = 3.835051 | LR = 2.770891e-05 | grad_norm = 113.004900
  Batch 1972: loss = 4.130044 | LR = 2.770463e-05 | grad_norm = 146.051305
  Batch 1973: loss = 5.534291 | LR = 2.770034e-05 | grad_norm = 198.354168
  Batch 1974: loss = 3.486711 | LR = 2.769606e-05 | grad_norm = 139.455005
  Batch 1975: loss = 4.875311 | LR = 2.769177e-05 | grad_norm = 177.318366
  Batch 1976: loss = 5.412723 | LR = 2.768748e-05 | grad_norm = 112.346379
  Batch 1977: loss = 0.509503 | LR = 2.768318e-05 | grad_norm = 142.786004
  Batch 1978: loss = 4.569578 | LR = 2.767889e-05 | grad_norm = 99.606758
  Batch 1979: loss = 6.452384 | LR = 2.767459e-05 | grad_norm = 245.270209
  Batch 1980: loss = 0.000001 | LR = 2.767029e-05 | grad_norm = 0.000301
  Batch 1981: loss = 5.526815 | LR = 2.766599e-05 | grad_norm = 105.150982
  Batch 1982: loss = 1.861158 | LR = 2.766169e-05 | grad_norm = 225.250997
  Batch 1983: loss = 2.011169 | LR = 2.765738e-05 | grad_norm = 265.694509
  Batch 1984: loss = 0.179940 | LR = 2.765307e-05 | grad_norm = 51.026788
  Batch 1985: loss = 2.848877 | LR = 2.764876e-05 | grad_norm = 148.617844
  Batch 1986: loss = 3.911093 | LR = 2.764445e-05 | grad_norm = 104.228157
  Batch 1987: loss = 5.803768 | LR = 2.764013e-05 | grad_norm = 130.044943
  Batch 1988: loss = 4.796925 | LR = 2.763581e-05 | grad_norm = 127.289727
  Batch 1989: loss = 2.911721 | LR = 2.763149e-05 | grad_norm = 143.226926
  Batch 1990: loss = 3.579512 | LR = 2.762717e-05 | grad_norm = 128.936122
  Batch 1991: loss = 6.596127 | LR = 2.762285e-05 | grad_norm = 281.441863
  Batch 1992: loss = 3.603360 | LR = 2.761852e-05 | grad_norm = 123.280341
  Batch 1993: loss = 0.000261 | LR = 2.761419e-05 | grad_norm = 0.087624
  Batch 1994: loss = 4.636714 | LR = 2.760986e-05 | grad_norm = 125.998713
  Batch 1995: loss = 5.606683 | LR = 2.760553e-05 | grad_norm = 130.653515
  Batch 1996: loss = 4.753669 | LR = 2.760119e-05 | grad_norm = 134.862428
  Batch 1997: loss = 2.881880 | LR = 2.759686e-05 | grad_norm = 191.632376
  Batch 1998: loss = 5.647369 | LR = 2.759252e-05 | grad_norm = 95.473281
  Batch 1999: loss = 1.643825 | LR = 2.758817e-05 | grad_norm = 137.410145
  Batch 2000: loss = 3.902096 | LR = 2.758383e-05 | grad_norm = 149.673626
  Batch 2001: loss = 4.252934 | LR = 2.757948e-05 | grad_norm = 145.575210
  Batch 2002: loss = 3.958122 | LR = 2.757513e-05 | grad_norm = 256.780558
  Batch 2003: loss = 4.912443 | LR = 2.757078e-05 | grad_norm = 131.522245
  Batch 2004: loss = 2.565386 | LR = 2.756643e-05 | grad_norm = 157.560370
  Batch 2005: loss = 2.856790 | LR = 2.756207e-05 | grad_norm = 176.234018
  Batch 2006: loss = 3.263974 | LR = 2.755771e-05 | grad_norm = 142.573047
  Batch 2007: loss = 1.194969 | LR = 2.755335e-05 | grad_norm = 200.921792
  Batch 2008: loss = 0.001457 | LR = 2.754899e-05 | grad_norm = 0.429557
  Batch 2009: loss = 4.083189 | LR = 2.754463e-05 | grad_norm = 93.841124
  Batch 2010: loss = 4.826381 | LR = 2.754026e-05 | grad_norm = 125.529979
  Batch 2011: loss = 6.288369 | LR = 2.753589e-05 | grad_norm = 194.352875
  Batch 2012: loss = 4.453911 | LR = 2.753152e-05 | grad_norm = 128.942349
  Batch 2013: loss = 2.517754 | LR = 2.752715e-05 | grad_norm = 207.167233
  Batch 2014: loss = 5.354650 | LR = 2.752277e-05 | grad_norm = 187.027980
  Batch 2015: loss = 3.483220 | LR = 2.751839e-05 | grad_norm = 158.791345
  Batch 2016: loss = 3.771040 | LR = 2.751401e-05 | grad_norm = 188.164161
  Batch 2017: loss = 4.890474 | LR = 2.750963e-05 | grad_norm = 104.623708
  Batch 2018: loss = 2.062561 | LR = 2.750525e-05 | grad_norm = 156.513987
  Batch 2019: loss = 5.924380 | LR = 2.750086e-05 | grad_norm = 117.360450
  Batch 2020: loss = 3.020701 | LR = 2.749647e-05 | grad_norm = 143.287016
  Batch 2021: loss = 0.111890 | LR = 2.749208e-05 | grad_norm = 29.069685
  Batch 2022: loss = 6.620588 | LR = 2.748769e-05 | grad_norm = 210.999698
  Batch 2023: loss = 2.874590 | LR = 2.748329e-05 | grad_norm = 132.882224
  Batch 2024: loss = 3.893419 | LR = 2.747889e-05 | grad_norm = 103.639866
  Batch 2025: loss = 2.010841 | LR = 2.747449e-05 | grad_norm = 159.451046
  Batch 2026: loss = 8.010872 | LR = 2.747009e-05 | grad_norm = 245.966799
  Batch 2027: loss = 3.498359 | LR = 2.746569e-05 | grad_norm = 155.365092
  Batch 2028: loss = 2.133467 | LR = 2.746128e-05 | grad_norm = 172.130930
  Batch 2029: loss = 4.466101 | LR = 2.745687e-05 | grad_norm = 128.500268
  Batch 2030: loss = 15.049741 | LR = 2.745246e-05 | grad_norm = 450.165638
  Batch 2031: loss = 4.147690 | LR = 2.744805e-05 | grad_norm = 208.516240
  Batch 2032: loss = 1.463598 | LR = 2.744363e-05 | grad_norm = 250.032653
  Batch 2033: loss = 0.609301 | LR = 2.743921e-05 | grad_norm = 90.906143
  Batch 2034: loss = 4.451689 | LR = 2.743479e-05 | grad_norm = 119.428176
  Batch 2035: loss = 3.509912 | LR = 2.743037e-05 | grad_norm = 204.960649
  Batch 2036: loss = 0.017862 | LR = 2.742595e-05 | grad_norm = 6.767354
  Batch 2037: loss = 5.083289 | LR = 2.742152e-05 | grad_norm = 288.616703
  Batch 2038: loss = 4.075667 | LR = 2.741709e-05 | grad_norm = 180.395534
  Batch 2039: loss = 4.629809 | LR = 2.741266e-05 | grad_norm = 291.231719
  Batch 2040: loss = 6.054334 | LR = 2.740823e-05 | grad_norm = 145.175094
  Batch 2041: loss = 3.753962 | LR = 2.740379e-05 | grad_norm = 168.307698
  Batch 2042: loss = 4.842669 | LR = 2.739935e-05 | grad_norm = 107.907910
  Batch 2043: loss = 4.618083 | LR = 2.739491e-05 | grad_norm = 166.826579
  Batch 2044: loss = 3.457427 | LR = 2.739047e-05 | grad_norm = 191.281062
  Batch 2045: loss = 5.973063 | LR = 2.738603e-05 | grad_norm = 218.778204
  Batch 2046: loss = 0.000066 | LR = 2.738158e-05 | grad_norm = 0.032564
  Batch 2047: loss = 9.090508 | LR = 2.737713e-05 | grad_norm = 276.702521
  Batch 2048: loss = 5.679848 | LR = 2.737268e-05 | grad_norm = 226.633883
  Batch 2049: loss = 4.782482 | LR = 2.736823e-05 | grad_norm = 177.328776
  Batch 2050: loss = 3.907401 | LR = 2.736377e-05 | grad_norm = 197.748688
  Batch 2051: loss = 4.395578 | LR = 2.735932e-05 | grad_norm = 197.356395
  Batch 2052: loss = 0.015736 | LR = 2.735486e-05 | grad_norm = 4.327094
  Batch 2053: loss = 6.368786 | LR = 2.735040e-05 | grad_norm = 159.611973
  Batch 2054: loss = 3.774952 | LR = 2.734593e-05 | grad_norm = 205.809656
  Batch 2055: loss = 3.855226 | LR = 2.734147e-05 | grad_norm = 237.447474
  Batch 2056: loss = 6.445870 | LR = 2.733700e-05 | grad_norm = 124.320032
  Batch 2057: loss = 6.171747 | LR = 2.733253e-05 | grad_norm = 291.011331
  Batch 2058: loss = 3.622387 | LR = 2.732805e-05 | grad_norm = 209.465088
  Batch 2059: loss = 7.168500 | LR = 2.732358e-05 | grad_norm = 175.627788
  Batch 2060: loss = 4.244354 | LR = 2.731910e-05 | grad_norm = 249.052038
  Batch 2061: loss = 3.923699 | LR = 2.731462e-05 | grad_norm = 144.693528
  Batch 2062: loss = 5.835277 | LR = 2.731014e-05 | grad_norm = 108.619683
  Batch 2063: loss = 6.856296 | LR = 2.730566e-05 | grad_norm = 217.574296
  Batch 2064: loss = 4.719930 | LR = 2.730117e-05 | grad_norm = 116.315260
  Batch 2065: loss = 3.718481 | LR = 2.729668e-05 | grad_norm = 123.111427
  Batch 2066: loss = 2.670591 | LR = 2.729219e-05 | grad_norm = 332.484460
  Batch 2067: loss = 5.968683 | LR = 2.728770e-05 | grad_norm = 232.806439
  Batch 2068: loss = 4.075312 | LR = 2.728321e-05 | grad_norm = 97.481439
  Batch 2069: loss = 0.000000 | LR = 2.727871e-05 | grad_norm = 0.000000
  Batch 2070: loss = 2.737015 | LR = 2.727421e-05 | grad_norm = 174.850684
  Batch 2071: loss = 0.000002 | LR = 2.726971e-05 | grad_norm = 0.000970
  Batch 2072: loss = 4.264407 | LR = 2.726521e-05 | grad_norm = 231.479228
  Batch 2073: loss = 2.496363 | LR = 2.726070e-05 | grad_norm = 170.676391
  Batch 2074: loss = 3.710608 | LR = 2.725620e-05 | grad_norm = 188.597679
  Batch 2075: loss = 4.933462 | LR = 2.725169e-05 | grad_norm = 150.579669
  Batch 2076: loss = 0.218119 | LR = 2.724717e-05 | grad_norm = 43.016802
  Batch 2077: loss = 6.252090 | LR = 2.724266e-05 | grad_norm = 159.656174
  Batch 2078: loss = 0.259382 | LR = 2.723814e-05 | grad_norm = 41.847424
  Batch 2079: loss = 2.239348 | LR = 2.723363e-05 | grad_norm = 127.022609
  Batch 2080: loss = 4.588400 | LR = 2.722910e-05 | grad_norm = 145.159413
  Batch 2081: loss = 4.560214 | LR = 2.722458e-05 | grad_norm = 177.890375
  Batch 2082: loss = 1.631000 | LR = 2.722006e-05 | grad_norm = 133.542453
  Batch 2083: loss = 3.761852 | LR = 2.721553e-05 | grad_norm = 200.035082
  Batch 2084: loss = 2.335486 | LR = 2.721100e-05 | grad_norm = 179.625500
  Batch 2085: loss = 7.060471 | LR = 2.720647e-05 | grad_norm = 284.758940
  Batch 2086: loss = 6.095341 | LR = 2.720194e-05 | grad_norm = 136.173228
  Batch 2087: loss = 2.409848 | LR = 2.719740e-05 | grad_norm = 176.449144
  Batch 2088: loss = 0.809147 | LR = 2.719286e-05 | grad_norm = 118.036452
  Batch 2089: loss = 6.087238 | LR = 2.718832e-05 | grad_norm = 150.253360
  Batch 2090: loss = 6.690413 | LR = 2.718378e-05 | grad_norm = 171.170631
  Batch 2091: loss = 3.318928 | LR = 2.717924e-05 | grad_norm = 177.654995
  Batch 2092: loss = 4.068644 | LR = 2.717469e-05 | grad_norm = 194.303845
  Batch 2093: loss = 0.335587 | LR = 2.717014e-05 | grad_norm = 76.109697
  Batch 2094: loss = 5.024943 | LR = 2.716559e-05 | grad_norm = 78.054965
  Batch 2095: loss = 2.817204 | LR = 2.716104e-05 | grad_norm = 157.773522
  Batch 2096: loss = 4.083968 | LR = 2.715648e-05 | grad_norm = 142.767476
  Batch 2097: loss = 7.176395 | LR = 2.715193e-05 | grad_norm = 115.829179
  Batch 2098: loss = 0.000000 | LR = 2.714737e-05 | grad_norm = 0.000059
  Batch 2099: loss = 4.671900 | LR = 2.714280e-05 | grad_norm = 160.340759
  Batch 2100: loss = 4.833768 | LR = 2.713824e-05 | grad_norm = 207.465610
  Batch 2101: loss = 7.413456 | LR = 2.713367e-05 | grad_norm = 199.837379
  Batch 2102: loss = 4.892916 | LR = 2.712911e-05 | grad_norm = 336.540967
  Batch 2103: loss = 0.986487 | LR = 2.712454e-05 | grad_norm = 115.079513
  Batch 2104: loss = 4.404591 | LR = 2.711996e-05 | grad_norm = 163.001229
  Batch 2105: loss = 3.881798 | LR = 2.711539e-05 | grad_norm = 151.932294
  Batch 2106: loss = 3.362954 | LR = 2.711081e-05 | grad_norm = 174.187582
  Batch 2107: loss = 3.405471 | LR = 2.710623e-05 | grad_norm = 123.700553
  Batch 2108: loss = 6.125278 | LR = 2.710165e-05 | grad_norm = 210.227830
  Batch 2109: loss = 5.638860 | LR = 2.709707e-05 | grad_norm = 179.732996
  Batch 2110: loss = 4.786290 | LR = 2.709249e-05 | grad_norm = 116.970125
  Batch 2111: loss = 1.882778 | LR = 2.708790e-05 | grad_norm = 169.724345
  Batch 2112: loss = 5.270078 | LR = 2.708331e-05 | grad_norm = 143.633377
  Batch 2113: loss = 7.398934 | LR = 2.707872e-05 | grad_norm = 334.857270
  Batch 2114: loss = 4.446371 | LR = 2.707412e-05 | grad_norm = 111.065756
  Batch 2115: loss = 2.249113 | LR = 2.706953e-05 | grad_norm = 136.684258
  Batch 2116: loss = 4.419285 | LR = 2.706493e-05 | grad_norm = 176.842085
  Batch 2117: loss = 5.640937 | LR = 2.706033e-05 | grad_norm = 159.742511
  Batch 2118: loss = 3.263735 | LR = 2.705573e-05 | grad_norm = 178.743024
  Batch 2119: loss = 1.599443 | LR = 2.705112e-05 | grad_norm = 294.702712
  Batch 2120: loss = 2.288407 | LR = 2.704652e-05 | grad_norm = 207.619684
  Batch 2121: loss = 0.119315 | LR = 2.704191e-05 | grad_norm = 33.506460
  Batch 2122: loss = 5.065652 | LR = 2.703730e-05 | grad_norm = 139.320242
  Batch 2123: loss = 3.686235 | LR = 2.703268e-05 | grad_norm = 242.613635
  Batch 2124: loss = 7.425647 | LR = 2.702807e-05 | grad_norm = 192.542253
  Batch 2125: loss = 0.066733 | LR = 2.702345e-05 | grad_norm = 15.194097
  Batch 2126: loss = 0.556001 | LR = 2.701883e-05 | grad_norm = 102.363524
  Batch 2127: loss = 0.003398 | LR = 2.701421e-05 | grad_norm = 1.147395
  Batch 2128: loss = 0.001808 | LR = 2.700959e-05 | grad_norm = 0.504080
  Batch 2129: loss = 6.909790 | LR = 2.700496e-05 | grad_norm = 134.458193
  Batch 2130: loss = 3.049169 | LR = 2.700033e-05 | grad_norm = 103.955915
  Batch 2131: loss = 5.120086 | LR = 2.699570e-05 | grad_norm = 132.513347
  Batch 2132: loss = 3.684147 | LR = 2.699107e-05 | grad_norm = 246.342207
  Batch 2133: loss = 0.000001 | LR = 2.698644e-05 | grad_norm = 0.000316
  Batch 2134: loss = 5.850123 | LR = 2.698180e-05 | grad_norm = 276.041600
  Batch 2135: loss = 5.340900 | LR = 2.697716e-05 | grad_norm = 157.227651
  Batch 2136: loss = 7.826323 | LR = 2.697252e-05 | grad_norm = 238.193201
  Batch 2137: loss = 2.157640 | LR = 2.696788e-05 | grad_norm = 193.805758
  Batch 2138: loss = 7.882534 | LR = 2.696323e-05 | grad_norm = 248.157882
  Batch 2139: loss = 3.712308 | LR = 2.695859e-05 | grad_norm = 188.651614
  Batch 2140: loss = 4.863382 | LR = 2.695394e-05 | grad_norm = 151.853946
  Batch 2141: loss = 5.186960 | LR = 2.694929e-05 | grad_norm = 117.952797
  Batch 2142: loss = 2.835838 | LR = 2.694463e-05 | grad_norm = 164.202052
  Batch 2143: loss = 6.706103 | LR = 2.693998e-05 | grad_norm = 140.359850
  Batch 2144: loss = 4.087711 | LR = 2.693532e-05 | grad_norm = 174.340840
  Batch 2145: loss = 6.840621 | LR = 2.693066e-05 | grad_norm = 240.545559
  Batch 2146: loss = 7.474527 | LR = 2.692600e-05 | grad_norm = 176.130451
  Batch 2147: loss = 1.632105 | LR = 2.692134e-05 | grad_norm = 119.026630
  Batch 2148: loss = 0.000664 | LR = 2.691667e-05 | grad_norm = 0.191148
  Batch 2149: loss = 2.539366 | LR = 2.691200e-05 | grad_norm = 145.999116
  Batch 2150: loss = 2.662714 | LR = 2.690733e-05 | grad_norm = 200.170424
  Batch 2151: loss = 4.873545 | LR = 2.690266e-05 | grad_norm = 157.714811
  Batch 2152: loss = 0.928819 | LR = 2.689798e-05 | grad_norm = 159.637994
  Batch 2153: loss = 1.719771 | LR = 2.689331e-05 | grad_norm = 219.457272
  Batch 2154: loss = 5.325216 | LR = 2.688863e-05 | grad_norm = 178.462449
  Batch 2155: loss = 1.000240 | LR = 2.688395e-05 | grad_norm = 157.588339
  Batch 2156: loss = 5.051723 | LR = 2.687927e-05 | grad_norm = 336.596238
  Batch 2157: loss = 0.083301 | LR = 2.687458e-05 | grad_norm = 33.733418
  Batch 2158: loss = 0.344109 | LR = 2.686989e-05 | grad_norm = 57.628381
  Batch 2159: loss = 0.000091 | LR = 2.686521e-05 | grad_norm = 0.046898
  Batch 2160: loss = 3.736403 | LR = 2.686051e-05 | grad_norm = 189.682769
  Batch 2161: loss = 1.662441 | LR = 2.685582e-05 | grad_norm = 154.747915
  Batch 2162: loss = 1.176611 | LR = 2.685113e-05 | grad_norm = 172.959732
  Batch 2163: loss = 4.183119 | LR = 2.684643e-05 | grad_norm = 198.587125
  Batch 2164: loss = 6.717087 | LR = 2.684173e-05 | grad_norm = 243.272560
  Batch 2165: loss = 3.419165 | LR = 2.683703e-05 | grad_norm = 170.637003
  Batch 2166: loss = 7.438159 | LR = 2.683232e-05 | grad_norm = 291.920481
  Batch 2167: loss = 6.646179 | LR = 2.682762e-05 | grad_norm = 191.473429
  Batch 2168: loss = 3.246476 | LR = 2.682291e-05 | grad_norm = 192.140269
  Batch 2169: loss = 10.527019 | LR = 2.681820e-05 | grad_norm = 289.032478
  Batch 2170: loss = 5.810411 | LR = 2.681349e-05 | grad_norm = 235.202078
  Batch 2171: loss = 4.645203 | LR = 2.680877e-05 | grad_norm = 211.846745
  Batch 2172: loss = 3.388746 | LR = 2.680406e-05 | grad_norm = 161.467145
  Batch 2173: loss = 7.119749 | LR = 2.679934e-05 | grad_norm = 158.016963
  Batch 2174: loss = 3.225066 | LR = 2.679462e-05 | grad_norm = 127.093002
  Batch 2175: loss = 1.765581 | LR = 2.678990e-05 | grad_norm = 121.292925
  Batch 2176: loss = 3.471524 | LR = 2.678517e-05 | grad_norm = 177.028720
  Batch 2177: loss = 0.000014 | LR = 2.678044e-05 | grad_norm = 0.006073
  Batch 2178: loss = 4.533656 | LR = 2.677572e-05 | grad_norm = 348.307700
  Batch 2179: loss = 4.175547 | LR = 2.677098e-05 | grad_norm = 206.930102
  Batch 2180: loss = 8.665818 | LR = 2.676625e-05 | grad_norm = 275.609337
  Batch 2181: loss = 6.887240 | LR = 2.676152e-05 | grad_norm = 144.351950
  Batch 2182: loss = 4.749691 | LR = 2.675678e-05 | grad_norm = 165.124407
  Batch 2183: loss = 0.557028 | LR = 2.675204e-05 | grad_norm = 79.810760
  Batch 2184: loss = 0.000933 | LR = 2.674730e-05 | grad_norm = 0.325327
  Batch 2185: loss = 4.898838 | LR = 2.674256e-05 | grad_norm = 112.802212
  Batch 2186: loss = 1.703225 | LR = 2.673781e-05 | grad_norm = 288.299683
  Batch 2187: loss = 4.886041 | LR = 2.673306e-05 | grad_norm = 146.787340
  Batch 2188: loss = 6.115582 | LR = 2.672831e-05 | grad_norm = 151.977976
  Batch 2189: loss = 3.957572 | LR = 2.672356e-05 | grad_norm = 132.031762
  Batch 2190: loss = 3.417333 | LR = 2.671881e-05 | grad_norm = 120.271012
  Batch 2191: loss = 7.892991 | LR = 2.671405e-05 | grad_norm = 178.070138
  Batch 2192: loss = 3.557202 | LR = 2.670929e-05 | grad_norm = 137.211908
  Batch 2193: loss = 4.510587 | LR = 2.670453e-05 | grad_norm = 174.912491
  Batch 2194: loss = 6.805274 | LR = 2.669977e-05 | grad_norm = 176.475270
  Batch 2195: loss = 6.149489 | LR = 2.669501e-05 | grad_norm = 123.503492
  Batch 2196: loss = 0.001713 | LR = 2.669024e-05 | grad_norm = 0.571106
  Batch 2197: loss = 4.653613 | LR = 2.668547e-05 | grad_norm = 119.364846
  Batch 2198: loss = 5.617667 | LR = 2.668070e-05 | grad_norm = 131.854516
  Batch 2199: loss = 5.736484 | LR = 2.667593e-05 | grad_norm = 157.533493
  Batch 2200: loss = 0.012593 | LR = 2.667116e-05 | grad_norm = 3.826634
  Batch 2201: loss = 3.295196 | LR = 2.666638e-05 | grad_norm = 135.536089
  Batch 2202: loss = 5.400479 | LR = 2.666160e-05 | grad_norm = 170.112266
  Batch 2203: loss = 7.383742 | LR = 2.665682e-05 | grad_norm = 190.913275
  Batch 2204: loss = 0.516008 | LR = 2.665204e-05 | grad_norm = 121.440810
  Batch 2205: loss = 3.648490 | LR = 2.664725e-05 | grad_norm = 145.117997
  Batch 2206: loss = 5.115411 | LR = 2.664247e-05 | grad_norm = 156.670483
  Batch 2207: loss = 5.516087 | LR = 2.663768e-05 | grad_norm = 163.424486
  Batch 2208: loss = 1.446587 | LR = 2.663289e-05 | grad_norm = 150.173097
  Batch 2209: loss = 5.441330 | LR = 2.662809e-05 | grad_norm = 141.817379
  Batch 2210: loss = 2.034642 | LR = 2.662330e-05 | grad_norm = 95.218964
  Batch 2211: loss = 0.875298 | LR = 2.661850e-05 | grad_norm = 117.331931
  Batch 2212: loss = 4.127509 | LR = 2.661370e-05 | grad_norm = 173.231564
  Batch 2213: loss = 3.494621 | LR = 2.660890e-05 | grad_norm = 118.191422
  Batch 2214: loss = 1.629747 | LR = 2.660410e-05 | grad_norm = 150.226097
  Batch 2215: loss = 2.814771 | LR = 2.659929e-05 | grad_norm = 185.923742
  Batch 2216: loss = 0.544032 | LR = 2.659449e-05 | grad_norm = 92.522168
  Batch 2217: loss = 4.160557 | LR = 2.658968e-05 | grad_norm = 130.927061
  Batch 2218: loss = 5.347849 | LR = 2.658486e-05 | grad_norm = 119.391239
  Batch 2219: loss = 0.605349 | LR = 2.658005e-05 | grad_norm = 84.351101
  Batch 2220: loss = 0.000000 | LR = 2.657524e-05 | grad_norm = 0.000000
  Batch 2221: loss = 5.470749 | LR = 2.657042e-05 | grad_norm = 128.132523
  Batch 2222: loss = 4.992904 | LR = 2.656560e-05 | grad_norm = 314.646599
  Batch 2223: loss = 3.218981 | LR = 2.656078e-05 | grad_norm = 103.707589
  Batch 2224: loss = 5.462069 | LR = 2.655595e-05 | grad_norm = 137.567841
  Batch 2225: loss = 4.446171 | LR = 2.655113e-05 | grad_norm = 268.333102
  Batch 2226: loss = 7.298560 | LR = 2.654630e-05 | grad_norm = 298.958052
  Batch 2227: loss = 6.536885 | LR = 2.654147e-05 | grad_norm = 118.107818
  Batch 2228: loss = 3.643025 | LR = 2.653664e-05 | grad_norm = 156.623917
  Batch 2229: loss = 1.212327 | LR = 2.653180e-05 | grad_norm = 138.488505
  Batch 2230: loss = 3.550736 | LR = 2.652697e-05 | grad_norm = 130.029799
  Batch 2231: loss = 5.000288 | LR = 2.652213e-05 | grad_norm = 126.486698
  Batch 2232: loss = 7.029110 | LR = 2.651729e-05 | grad_norm = 296.576643
  Batch 2233: loss = 6.265950 | LR = 2.651245e-05 | grad_norm = 117.930302
  Batch 2234: loss = 5.078573 | LR = 2.650760e-05 | grad_norm = 167.712642
  Batch 2235: loss = 0.000135 | LR = 2.650276e-05 | grad_norm = 0.041802
  Batch 2236: loss = 2.854049 | LR = 2.649791e-05 | grad_norm = 206.736530
  Batch 2237: loss = 5.278385 | LR = 2.649306e-05 | grad_norm = 215.471269
  Batch 2238: loss = 4.612633 | LR = 2.648821e-05 | grad_norm = 154.731648
  Batch 2239: loss = 5.975142 | LR = 2.648335e-05 | grad_norm = 131.385136
  Batch 2240: loss = 5.117382 | LR = 2.647850e-05 | grad_norm = 157.419851
  Batch 2241: loss = 0.325496 | LR = 2.647364e-05 | grad_norm = 52.443837
  Batch 2242: loss = 4.501714 | LR = 2.646878e-05 | grad_norm = 199.066784
  Batch 2243: loss = 6.406061 | LR = 2.646392e-05 | grad_norm = 185.489264
  Batch 2244: loss = 4.592629 | LR = 2.645905e-05 | grad_norm = 193.498712
  Batch 2245: loss = 8.724233 | LR = 2.645419e-05 | grad_norm = 162.626090
  Batch 2246: loss = 2.602729 | LR = 2.644932e-05 | grad_norm = 147.954106
  Batch 2247: loss = 4.025702 | LR = 2.644445e-05 | grad_norm = 119.096272
  Batch 2248: loss = 2.405477 | LR = 2.643957e-05 | grad_norm = 155.647222
  Batch 2249: loss = 0.000000 | LR = 2.643470e-05 | grad_norm = 0.000016
  Batch 2250: loss = 6.137648 | LR = 2.642982e-05 | grad_norm = 124.877996
  Batch 2251: loss = 3.313110 | LR = 2.642495e-05 | grad_norm = 130.793391
  Batch 2252: loss = 3.623994 | LR = 2.642006e-05 | grad_norm = 311.185013
  Batch 2253: loss = 3.271536 | LR = 2.641518e-05 | grad_norm = 109.488716
  Batch 2254: loss = 5.729679 | LR = 2.641030e-05 | grad_norm = 157.743153
  Batch 2255: loss = 4.508114 | LR = 2.640541e-05 | grad_norm = 157.879150
  Batch 2256: loss = 5.533082 | LR = 2.640052e-05 | grad_norm = 204.372309
  Batch 2257: loss = 4.484644 | LR = 2.639563e-05 | grad_norm = 199.030310
  Batch 2258: loss = 4.510082 | LR = 2.639074e-05 | grad_norm = 168.375985
  Batch 2259: loss = 5.216454 | LR = 2.638584e-05 | grad_norm = 154.956985
  Batch 2260: loss = 3.923686 | LR = 2.638095e-05 | grad_norm = 177.579221
  Batch 2261: loss = 4.032648 | LR = 2.637605e-05 | grad_norm = 223.100569
  Batch 2262: loss = 6.677563 | LR = 2.637115e-05 | grad_norm = 143.853621
  Batch 2263: loss = 6.292804 | LR = 2.636625e-05 | grad_norm = 146.307832
  Batch 2264: loss = 3.687963 | LR = 2.636134e-05 | grad_norm = 126.548361
  Batch 2265: loss = 4.092550 | LR = 2.635644e-05 | grad_norm = 138.455176
  Batch 2266: loss = 0.635683 | LR = 2.635153e-05 | grad_norm = 127.933492
  Batch 2267: loss = 0.786463 | LR = 2.634662e-05 | grad_norm = 68.442588
  Batch 2268: loss = 4.038205 | LR = 2.634170e-05 | grad_norm = 149.124173
  Batch 2269: loss = 3.947458 | LR = 2.633679e-05 | grad_norm = 156.311775
  Batch 2270: loss = 3.233249 | LR = 2.633187e-05 | grad_norm = 178.492630
  Batch 2271: loss = 0.328627 | LR = 2.632695e-05 | grad_norm = 53.829539
  Batch 2272: loss = 0.000000 | LR = 2.632203e-05 | grad_norm = 0.000001
  Batch 2273: loss = 0.001062 | LR = 2.631711e-05 | grad_norm = 0.574620
  Batch 2274: loss = 7.330542 | LR = 2.631219e-05 | grad_norm = 182.122286
  Batch 2275: loss = 2.362444 | LR = 2.630726e-05 | grad_norm = 203.617299
  Batch 2276: loss = 5.663818 | LR = 2.630233e-05 | grad_norm = 203.215997
  Batch 2277: loss = 3.109213 | LR = 2.629740e-05 | grad_norm = 134.933374
  Batch 2278: loss = 1.311821 | LR = 2.629247e-05 | grad_norm = 96.167504
  Batch 2279: loss = 6.028701 | LR = 2.628753e-05 | grad_norm = 100.782471
  Batch 2280: loss = 2.815451 | LR = 2.628260e-05 | grad_norm = 185.122451
  Batch 2281: loss = 7.791158 | LR = 2.627766e-05 | grad_norm = 179.848790
  Batch 2282: loss = 3.871840 | LR = 2.627272e-05 | grad_norm = 152.829042
  Batch 2283: loss = 4.870149 | LR = 2.626777e-05 | grad_norm = 151.118472
  Batch 2284: loss = 4.064664 | LR = 2.626283e-05 | grad_norm = 100.046236
  Batch 2285: loss = 1.745692 | LR = 2.625788e-05 | grad_norm = 179.986262
  Batch 2286: loss = 7.194865 | LR = 2.625293e-05 | grad_norm = 107.757677
  Batch 2287: loss = 2.699337 | LR = 2.624798e-05 | grad_norm = 236.341427
  Batch 2288: loss = 4.917653 | LR = 2.624303e-05 | grad_norm = 151.349219
  Batch 2289: loss = 7.657734 | LR = 2.623808e-05 | grad_norm = 270.336021
  Batch 2290: loss = 5.657301 | LR = 2.623312e-05 | grad_norm = 106.142926
  Batch 2291: loss = 0.492933 | LR = 2.622816e-05 | grad_norm = 75.148474
  Batch 2292: loss = 4.501619 | LR = 2.622320e-05 | grad_norm = 212.513376
  Batch 2293: loss = 6.226731 | LR = 2.621824e-05 | grad_norm = 262.545840
  Batch 2294: loss = 7.738983 | LR = 2.621328e-05 | grad_norm = 141.843444
  Batch 2295: loss = 4.226077 | LR = 2.620831e-05 | grad_norm = 203.252310
  Batch 2296: loss = 2.990321 | LR = 2.620334e-05 | grad_norm = 155.501632
  Batch 2297: loss = 3.624549 | LR = 2.619837e-05 | grad_norm = 112.600187
  Batch 2298: loss = 8.059170 | LR = 2.619340e-05 | grad_norm = 301.316701
  Batch 2299: loss = 6.190131 | LR = 2.618842e-05 | grad_norm = 103.488461
  Batch 2300: loss = 5.160071 | LR = 2.618345e-05 | grad_norm = 111.460184
  Batch 2301: loss = 5.623749 | LR = 2.617847e-05 | grad_norm = 98.347044
  Batch 2302: loss = 7.829057 | LR = 2.617349e-05 | grad_norm = 206.584213
  Batch 2303: loss = 5.202143 | LR = 2.616851e-05 | grad_norm = 100.076031
  Batch 2304: loss = 3.313152 | LR = 2.616352e-05 | grad_norm = 110.298896
  Batch 2305: loss = 2.876215 | LR = 2.615854e-05 | grad_norm = 195.747491
  Batch 2306: loss = 11.316283 | LR = 2.615355e-05 | grad_norm = 325.697274
  Batch 2307: loss = 0.000021 | LR = 2.614856e-05 | grad_norm = 0.010101
  Batch 2308: loss = 6.050505 | LR = 2.614357e-05 | grad_norm = 141.135371
  Batch 2309: loss = 5.842026 | LR = 2.613857e-05 | grad_norm = 122.396008
  Batch 2310: loss = 5.118534 | LR = 2.613358e-05 | grad_norm = 133.074687
  Batch 2311: loss = 5.222855 | LR = 2.612858e-05 | grad_norm = 106.296651
  Batch 2312: loss = 0.215807 | LR = 2.612358e-05 | grad_norm = 55.721564
  Batch 2313: loss = 3.660567 | LR = 2.611858e-05 | grad_norm = 102.702228
  Batch 2314: loss = 5.526201 | LR = 2.611357e-05 | grad_norm = 151.386843
  Batch 2315: loss = 3.453112 | LR = 2.610857e-05 | grad_norm = 121.929528
  Batch 2316: loss = 2.456797 | LR = 2.610356e-05 | grad_norm = 131.237264
  Batch 2317: loss = 6.057856 | LR = 2.609855e-05 | grad_norm = 82.089874
  Batch 2318: loss = 0.005315 | LR = 2.609354e-05 | grad_norm = 1.506244
  Batch 2319: loss = 3.290047 | LR = 2.608853e-05 | grad_norm = 145.924355
  Batch 2320: loss = 7.572047 | LR = 2.608351e-05 | grad_norm = 161.854222
  Batch 2321: loss = 5.712889 | LR = 2.607849e-05 | grad_norm = 163.800578
  Batch 2322: loss = 2.824409 | LR = 2.607347e-05 | grad_norm = 167.451341
  Batch 2323: loss = 6.072759 | LR = 2.606845e-05 | grad_norm = 157.029916
  Batch 2324: loss = 4.816675 | LR = 2.606343e-05 | grad_norm = 133.828209
  Batch 2325: loss = 8.321065 | LR = 2.605840e-05 | grad_norm = 246.323253
  Batch 2326: loss = 0.461826 | LR = 2.605338e-05 | grad_norm = 97.960993
  Batch 2327: loss = 3.399813 | LR = 2.604835e-05 | grad_norm = 165.482475
  Batch 2328: loss = 2.292943 | LR = 2.604332e-05 | grad_norm = 202.340145
  Batch 2329: loss = 3.981602 | LR = 2.603828e-05 | grad_norm = 126.244742
  Batch 2330: loss = 4.046238 | LR = 2.603325e-05 | grad_norm = 214.631689
  Batch 2331: loss = 0.027451 | LR = 2.602821e-05 | grad_norm = 6.541598
  Batch 2332: loss = 5.846267 | LR = 2.602317e-05 | grad_norm = 165.294566
  Batch 2333: loss = 2.894085 | LR = 2.601813e-05 | grad_norm = 142.798189
  Batch 2334: loss = 3.404730 | LR = 2.601309e-05 | grad_norm = 110.024230
  Batch 2335: loss = 4.472352 | LR = 2.600804e-05 | grad_norm = 111.254101
  Batch 2336: loss = 1.084656 | LR = 2.600300e-05 | grad_norm = 140.063965
  Batch 2337: loss = 4.544724 | LR = 2.599795e-05 | grad_norm = 178.100942
  Batch 2338: loss = 2.653265 | LR = 2.599290e-05 | grad_norm = 149.978223
  Batch 2339: loss = 0.723262 | LR = 2.598785e-05 | grad_norm = 85.243821
  Batch 2340: loss = 4.760369 | LR = 2.598279e-05 | grad_norm = 198.690145
  Batch 2341: loss = 7.959615 | LR = 2.597774e-05 | grad_norm = 335.206080
  Batch 2342: loss = 0.905710 | LR = 2.597268e-05 | grad_norm = 99.716541
  Batch 2343: loss = 2.516475 | LR = 2.596762e-05 | grad_norm = 203.335837
  Batch 2344: loss = 4.636028 | LR = 2.596256e-05 | grad_norm = 144.896341
  Batch 2345: loss = 0.492179 | LR = 2.595749e-05 | grad_norm = 93.145319
  Batch 2346: loss = 0.002202 | LR = 2.595243e-05 | grad_norm = 0.666729
  Batch 2347: loss = 4.241644 | LR = 2.594736e-05 | grad_norm = 141.297876
  Batch 2348: loss = 1.736529 | LR = 2.594229e-05 | grad_norm = 150.596956
  Batch 2349: loss = 3.896539 | LR = 2.593722e-05 | grad_norm = 191.310924
  Batch 2350: loss = 5.722027 | LR = 2.593214e-05 | grad_norm = 173.712535
  Batch 2351: loss = 0.000517 | LR = 2.592707e-05 | grad_norm = 0.202779
  Batch 2352: loss = 0.000000 | LR = 2.592199e-05 | grad_norm = 0.000011
  Batch 2353: loss = 4.120068 | LR = 2.591691e-05 | grad_norm = 310.082732
  Batch 2354: loss = 0.055206 | LR = 2.591183e-05 | grad_norm = 17.501150
  Batch 2355: loss = 5.418219 | LR = 2.590675e-05 | grad_norm = 220.964863
  Batch 2356: loss = 5.001416 | LR = 2.590166e-05 | grad_norm = 119.736143
  Batch 2357: loss = 4.826562 | LR = 2.589657e-05 | grad_norm = 109.729099
  Batch 2358: loss = 5.270378 | LR = 2.589148e-05 | grad_norm = 204.902339
  Batch 2359: loss = 0.060728 | LR = 2.588639e-05 | grad_norm = 18.952415
  Batch 2360: loss = 4.756764 | LR = 2.588130e-05 | grad_norm = 161.410101
  Batch 2361: loss = 0.632166 | LR = 2.587621e-05 | grad_norm = 98.365533
  Batch 2362: loss = 8.406179 | LR = 2.587111e-05 | grad_norm = 229.516672
  Batch 2363: loss = 1.669577 | LR = 2.586601e-05 | grad_norm = 133.178074
  Batch 2364: loss = 6.559409 | LR = 2.586091e-05 | grad_norm = 167.420159
  Batch 2365: loss = 2.762862 | LR = 2.585581e-05 | grad_norm = 201.936235
  Batch 2366: loss = 2.335044 | LR = 2.585070e-05 | grad_norm = 149.354428
  Batch 2367: loss = 1.237792 | LR = 2.584560e-05 | grad_norm = 118.587666
  Batch 2368: loss = 3.485619 | LR = 2.584049e-05 | grad_norm = 119.941324
  Batch 2369: loss = 4.180233 | LR = 2.583538e-05 | grad_norm = 159.317206
  Batch 2370: loss = 5.420976 | LR = 2.583027e-05 | grad_norm = 147.339851
  Batch 2371: loss = 7.315611 | LR = 2.582515e-05 | grad_norm = 357.707654
  Batch 2372: loss = 5.090390 | LR = 2.582004e-05 | grad_norm = 239.414670
  Batch 2373: loss = 3.519574 | LR = 2.581492e-05 | grad_norm = 205.747095
  Batch 2374: loss = 9.268543 | LR = 2.580980e-05 | grad_norm = 437.431190
  Batch 2375: loss = 4.079764 | LR = 2.580468e-05 | grad_norm = 193.195489
  Batch 2376: loss = 5.789626 | LR = 2.579955e-05 | grad_norm = 383.037193
  Batch 2377: loss = 3.476208 | LR = 2.579443e-05 | grad_norm = 248.765668
  Batch 2378: loss = 5.824676 | LR = 2.578930e-05 | grad_norm = 199.046173
  Batch 2379: loss = 0.000185 | LR = 2.578417e-05 | grad_norm = 0.075695
  Batch 2380: loss = 6.289225 | LR = 2.577904e-05 | grad_norm = 164.528779
  Batch 2381: loss = 5.625527 | LR = 2.577391e-05 | grad_norm = 178.146808
  Batch 2382: loss = 5.422802 | LR = 2.576877e-05 | grad_norm = 164.598588
  Batch 2383: loss = 4.016856 | LR = 2.576364e-05 | grad_norm = 124.199316
  Batch 2384: loss = 0.110149 | LR = 2.575850e-05 | grad_norm = 16.474178
  Batch 2385: loss = 0.944543 | LR = 2.575336e-05 | grad_norm = 112.887279
  Batch 2386: loss = 5.351661 | LR = 2.574822e-05 | grad_norm = 176.371709
  Batch 2387: loss = 1.825771 | LR = 2.574307e-05 | grad_norm = 206.973195
  Batch 2388: loss = 5.526874 | LR = 2.573793e-05 | grad_norm = 164.283889
  Batch 2389: loss = 0.008755 | LR = 2.573278e-05 | grad_norm = 3.907324
  Batch 2390: loss = 4.032595 | LR = 2.572763e-05 | grad_norm = 209.857767
  Batch 2391: loss = 8.497578 | LR = 2.572248e-05 | grad_norm = 135.906706
  Batch 2392: loss = 1.733412 | LR = 2.571732e-05 | grad_norm = 203.283207
  Batch 2393: loss = 0.641843 | LR = 2.571217e-05 | grad_norm = 105.324412
  Batch 2394: loss = 10.200603 | LR = 2.570701e-05 | grad_norm = 442.271805
  Batch 2395: loss = 3.897758 | LR = 2.570185e-05 | grad_norm = 223.448841
  Batch 2396: loss = 3.322732 | LR = 2.569669e-05 | grad_norm = 226.584071
  Batch 2397: loss = 2.080562 | LR = 2.569153e-05 | grad_norm = 158.187305
  Batch 2398: loss = 6.295192 | LR = 2.568636e-05 | grad_norm = 156.750868
  Batch 2399: loss = 0.000001 | LR = 2.568119e-05 | grad_norm = 0.000546
  Batch 2400: loss = 0.000051 | LR = 2.567603e-05 | grad_norm = 0.026487
  Batch 2401: loss = 5.131561 | LR = 2.567086e-05 | grad_norm = 249.451223
  Batch 2402: loss = 4.698463 | LR = 2.566568e-05 | grad_norm = 139.082104
  Batch 2403: loss = 0.000010 | LR = 2.566051e-05 | grad_norm = 0.005014
  Batch 2404: loss = 6.333899 | LR = 2.565533e-05 | grad_norm = 186.008914
  Batch 2405: loss = 4.024217 | LR = 2.565015e-05 | grad_norm = 188.103420
  Batch 2406: loss = 4.310813 | LR = 2.564497e-05 | grad_norm = 203.381786
  Batch 2407: loss = 5.710720 | LR = 2.563979e-05 | grad_norm = 204.658912
  Batch 2408: loss = 2.824097 | LR = 2.563461e-05 | grad_norm = 199.134698
  Batch 2409: loss = 6.569214 | LR = 2.562942e-05 | grad_norm = 202.437216
  Batch 2410: loss = 5.337663 | LR = 2.562424e-05 | grad_norm = 126.137948
  Batch 2411: loss = 3.543752 | LR = 2.561905e-05 | grad_norm = 122.337249
  Batch 2412: loss = 3.073389 | LR = 2.561385e-05 | grad_norm = 457.204563
  Batch 2413: loss = 6.340304 | LR = 2.560866e-05 | grad_norm = 226.836940
  Batch 2414: loss = 4.704523 | LR = 2.560347e-05 | grad_norm = 132.822442
  Batch 2415: loss = 0.000001 | LR = 2.559827e-05 | grad_norm = 0.000564
  Batch 2416: loss = 6.673100 | LR = 2.559307e-05 | grad_norm = 238.202477
  Batch 2417: loss = 8.033534 | LR = 2.558787e-05 | grad_norm = 248.500677
  Batch 2418: loss = 5.413188 | LR = 2.558267e-05 | grad_norm = 108.454218
  Batch 2419: loss = 0.146207 | LR = 2.557746e-05 | grad_norm = 36.347073
  Batch 2420: loss = 2.796914 | LR = 2.557226e-05 | grad_norm = 125.790673
  Batch 2421: loss = 5.412842 | LR = 2.556705e-05 | grad_norm = 136.063962
  Batch 2422: loss = 0.033464 | LR = 2.556184e-05 | grad_norm = 11.672963
  Batch 2423: loss = 3.910106 | LR = 2.555663e-05 | grad_norm = 147.128664
  Batch 2424: loss = 2.994239 | LR = 2.555142e-05 | grad_norm = 187.739252
  Batch 2425: loss = 5.032483 | LR = 2.554620e-05 | grad_norm = 192.011028
  Batch 2426: loss = 2.262222 | LR = 2.554098e-05 | grad_norm = 162.176114
  Batch 2427: loss = 0.000141 | LR = 2.553576e-05 | grad_norm = 0.068412
  Batch 2428: loss = 0.000000 | LR = 2.553054e-05 | grad_norm = 0.000133
  Batch 2429: loss = 4.176582 | LR = 2.552532e-05 | grad_norm = 164.743882
  Batch 2430: loss = 0.000000 | LR = 2.552010e-05 | grad_norm = 0.000002
  Batch 2431: loss = 4.563298 | LR = 2.551487e-05 | grad_norm = 200.874798
  Batch 2432: loss = 1.820944 | LR = 2.550964e-05 | grad_norm = 181.998299
  Batch 2433: loss = 7.774025 | LR = 2.550441e-05 | grad_norm = 177.866665
  Batch 2434: loss = 0.000034 | LR = 2.549918e-05 | grad_norm = 0.013565
  Batch 2435: loss = 3.773575 | LR = 2.549394e-05 | grad_norm = 122.477855
  Batch 2436: loss = 4.719841 | LR = 2.548871e-05 | grad_norm = 283.672749
  Batch 2437: loss = 7.774342 | LR = 2.548347e-05 | grad_norm = 128.370274
  Batch 2438: loss = 4.285289 | LR = 2.547823e-05 | grad_norm = 157.407124
  Batch 2439: loss = 0.000000 | LR = 2.547299e-05 | grad_norm = 0.000001
  Batch 2440: loss = 7.205804 | LR = 2.546775e-05 | grad_norm = 249.364250
  Batch 2441: loss = 0.808009 | LR = 2.546250e-05 | grad_norm = 90.708122
  Batch 2442: loss = 2.184743 | LR = 2.545726e-05 | grad_norm = 110.041521
  Batch 2443: loss = 0.000000 | LR = 2.545201e-05 | grad_norm = 0.000000
  Batch 2444: loss = 1.592505 | LR = 2.544676e-05 | grad_norm = 187.934800
  Batch 2445: loss = 2.401369 | LR = 2.544151e-05 | grad_norm = 188.804645
  Batch 2446: loss = 7.306039 | LR = 2.543625e-05 | grad_norm = 254.884848
  Batch 2447: loss = 0.000003 | LR = 2.543100e-05 | grad_norm = 0.001094
  Batch 2448: loss = 7.682508 | LR = 2.542574e-05 | grad_norm = 185.945838
  Batch 2449: loss = 0.000021 | LR = 2.542048e-05 | grad_norm = 0.009615
  Batch 2450: loss = 0.133740 | LR = 2.541522e-05 | grad_norm = 27.539163
  Batch 2451: loss = 0.132803 | LR = 2.540995e-05 | grad_norm = 22.090438
  Batch 2452: loss = 4.095099 | LR = 2.540469e-05 | grad_norm = 159.051939
  Batch 2453: loss = 5.477620 | LR = 2.539942e-05 | grad_norm = 114.687842
  Batch 2454: loss = 5.603073 | LR = 2.539415e-05 | grad_norm = 127.586994
  Batch 2455: loss = 5.368063 | LR = 2.538888e-05 | grad_norm = 212.587036
  Batch 2456: loss = 4.311010 | LR = 2.538361e-05 | grad_norm = 167.784801
  Batch 2457: loss = 6.209753 | LR = 2.537834e-05 | grad_norm = 131.502347
  Batch 2458: loss = 5.429780 | LR = 2.537306e-05 | grad_norm = 250.233694
  Batch 2459: loss = 6.254200 | LR = 2.536778e-05 | grad_norm = 202.475699
  Batch 2460: loss = 1.359908 | LR = 2.536250e-05 | grad_norm = 181.783567
  Batch 2461: loss = 4.093104 | LR = 2.535722e-05 | grad_norm = 161.282464
  Batch 2462: loss = 6.912687 | LR = 2.535194e-05 | grad_norm = 155.125183
  Batch 2463: loss = 2.683841 | LR = 2.534665e-05 | grad_norm = 187.338937
  Batch 2464: loss = 5.417342 | LR = 2.534137e-05 | grad_norm = 140.526502
  Batch 2465: loss = 0.313686 | LR = 2.533608e-05 | grad_norm = 71.390619
  Batch 2466: loss = 4.222681 | LR = 2.533079e-05 | grad_norm = 151.893476
  Batch 2467: loss = 2.473074 | LR = 2.532549e-05 | grad_norm = 186.803853
  Batch 2468: loss = 0.922909 | LR = 2.532020e-05 | grad_norm = 111.910598
  Batch 2469: loss = 3.373216 | LR = 2.531490e-05 | grad_norm = 166.453103
  Batch 2470: loss = 5.566106 | LR = 2.530961e-05 | grad_norm = 159.941702
  Batch 2471: loss = 6.285459 | LR = 2.530431e-05 | grad_norm = 192.385979
  Batch 2472: loss = 4.665055 | LR = 2.529901e-05 | grad_norm = 117.852609
  Batch 2473: loss = 6.416439 | LR = 2.529370e-05 | grad_norm = 120.074448
  Batch 2474: loss = 4.771078 | LR = 2.528840e-05 | grad_norm = 163.583907
  Batch 2475: loss = 0.759766 | LR = 2.528309e-05 | grad_norm = 114.296301
  Batch 2476: loss = 6.673216 | LR = 2.527778e-05 | grad_norm = 166.176195
  Batch 2477: loss = 7.206875 | LR = 2.527247e-05 | grad_norm = 288.725547
  Batch 2478: loss = 0.214688 | LR = 2.526716e-05 | grad_norm = 53.423688
  Batch 2479: loss = 3.942579 | LR = 2.526185e-05 | grad_norm = 165.012432
  Batch 2480: loss = 7.599016 | LR = 2.525653e-05 | grad_norm = 167.655106
  Batch 2481: loss = 2.889275 | LR = 2.525121e-05 | grad_norm = 174.915814
  Batch 2482: loss = 2.471423 | LR = 2.524589e-05 | grad_norm = 159.846555
  Batch 2483: loss = 0.419773 | LR = 2.524057e-05 | grad_norm = 77.852409
  Batch 2484: loss = 4.853799 | LR = 2.523525e-05 | grad_norm = 125.684409
  Batch 2485: loss = 1.579410 | LR = 2.522992e-05 | grad_norm = 230.242491
  Batch 2486: loss = 4.925496 | LR = 2.522460e-05 | grad_norm = 146.508837
  Batch 2487: loss = 3.792954 | LR = 2.521927e-05 | grad_norm = 142.175576
  Batch 2488: loss = 2.892842 | LR = 2.521394e-05 | grad_norm = 108.663770
  Batch 2489: loss = 0.440823 | LR = 2.520861e-05 | grad_norm = 111.120264
  Batch 2490: loss = 7.550765 | LR = 2.520327e-05 | grad_norm = 123.381694
  Batch 2491: loss = 0.189062 | LR = 2.519794e-05 | grad_norm = 38.666569
  Batch 2492: loss = 5.629725 | LR = 2.519260e-05 | grad_norm = 215.394730
  Batch 2493: loss = 5.108353 | LR = 2.518726e-05 | grad_norm = 249.237705
  Batch 2494: loss = 6.134686 | LR = 2.518192e-05 | grad_norm = 175.341274
  Batch 2495: loss = 2.090846 | LR = 2.517658e-05 | grad_norm = 136.383098
  Batch 2496: loss = 6.212592 | LR = 2.517123e-05 | grad_norm = 115.028013
  Batch 2497: loss = 4.698803 | LR = 2.516589e-05 | grad_norm = 219.636775
  Batch 2498: loss = 5.131586 | LR = 2.516054e-05 | grad_norm = 163.208678
  Batch 2499: loss = 5.746883 | LR = 2.515519e-05 | grad_norm = 133.317910
  Batch 2500: loss = 4.763830 | LR = 2.514984e-05 | grad_norm = 184.017894
  Batch 2501: loss = 6.108050 | LR = 2.514448e-05 | grad_norm = 158.680924
  Batch 2502: loss = 1.993000 | LR = 2.513913e-05 | grad_norm = 187.105222
  Batch 2503: loss = 5.984755 | LR = 2.513377e-05 | grad_norm = 444.597567
  Batch 2504: loss = 0.909844 | LR = 2.512841e-05 | grad_norm = 119.271628
  Batch 2505: loss = 1.944008 | LR = 2.512305e-05 | grad_norm = 232.732720
  Batch 2506: loss = 5.162491 | LR = 2.511769e-05 | grad_norm = 160.863957
  Batch 2507: loss = 3.025275 | LR = 2.511233e-05 | grad_norm = 123.961604
  Batch 2508: loss = 5.086044 | LR = 2.510696e-05 | grad_norm = 216.961452
  Batch 2509: loss = 3.040960 | LR = 2.510159e-05 | grad_norm = 150.191450
  Batch 2510: loss = 6.180673 | LR = 2.509622e-05 | grad_norm = 268.847179
  Batch 2511: loss = 4.282652 | LR = 2.509085e-05 | grad_norm = 159.172230
  Batch 2512: loss = 6.016614 | LR = 2.508548e-05 | grad_norm = 160.052292
  Batch 2513: loss = 3.239207 | LR = 2.508011e-05 | grad_norm = 150.019063
  Batch 2514: loss = 0.114180 | LR = 2.507473e-05 | grad_norm = 28.744586
  Batch 2515: loss = 0.116434 | LR = 2.506935e-05 | grad_norm = 31.588187
  Batch 2516: loss = 1.621283 | LR = 2.506397e-05 | grad_norm = 125.940084
  Batch 2517: loss = 2.892022 | LR = 2.505859e-05 | grad_norm = 155.068552
  Batch 2518: loss = 0.773037 | LR = 2.505321e-05 | grad_norm = 193.502287
  Batch 2519: loss = 3.142552 | LR = 2.504782e-05 | grad_norm = 158.237911
  Batch 2520: loss = 0.064035 | LR = 2.504243e-05 | grad_norm = 19.696347
  Batch 2521: loss = 1.174937 | LR = 2.503705e-05 | grad_norm = 114.541082
  Batch 2522: loss = 6.246133 | LR = 2.503165e-05 | grad_norm = 161.158589
  Batch 2523: loss = 5.002507 | LR = 2.502626e-05 | grad_norm = 198.519047
  Batch 2524: loss = 3.094640 | LR = 2.502087e-05 | grad_norm = 200.467813
  Batch 2525: loss = 4.543460 | LR = 2.501547e-05 | grad_norm = 121.980997
  Batch 2526: loss = 8.515147 | LR = 2.501008e-05 | grad_norm = 172.495421
  Batch 2527: loss = 6.134735 | LR = 2.500468e-05 | grad_norm = 155.773562
  Batch 2528: loss = 4.028843 | LR = 2.499928e-05 | grad_norm = 162.644152
  Batch 2529: loss = 3.779062 | LR = 2.499387e-05 | grad_norm = 156.471941
  Batch 2530: loss = 0.000000 | LR = 2.498847e-05 | grad_norm = 0.000001
  Batch 2531: loss = 7.089979 | LR = 2.498306e-05 | grad_norm = 164.079188
  Batch 2532: loss = 7.601995 | LR = 2.497765e-05 | grad_norm = 295.157578
  Batch 2533: loss = 3.060718 | LR = 2.497224e-05 | grad_norm = 125.372440
  Batch 2534: loss = 3.836731 | LR = 2.496683e-05 | grad_norm = 198.653598
  Batch 2535: loss = 3.814886 | LR = 2.496142e-05 | grad_norm = 206.987951
  Batch 2536: loss = 4.798173 | LR = 2.495600e-05 | grad_norm = 196.731627
  Batch 2537: loss = 3.637692 | LR = 2.495059e-05 | grad_norm = 236.241885
  Batch 2538: loss = 2.193859 | LR = 2.494517e-05 | grad_norm = 208.859702
  Batch 2539: loss = 4.364889 | LR = 2.493975e-05 | grad_norm = 333.162158
  Batch 2540: loss = 3.033378 | LR = 2.493433e-05 | grad_norm = 124.213465
  Batch 2541: loss = 5.445571 | LR = 2.492890e-05 | grad_norm = 248.147891
  Batch 2542: loss = 6.783905 | LR = 2.492348e-05 | grad_norm = 190.307458
  Batch 2543: loss = 0.000000 | LR = 2.491805e-05 | grad_norm = 0.000000
  Batch 2544: loss = 2.499043 | LR = 2.491262e-05 | grad_norm = 334.045246
  Batch 2545: loss = 2.020414 | LR = 2.490719e-05 | grad_norm = 140.998365
  Batch 2546: loss = 2.869938 | LR = 2.490176e-05 | grad_norm = 140.762595
  Batch 2547: loss = 4.147197 | LR = 2.489632e-05 | grad_norm = 232.480768
  Batch 2548: loss = 3.885263 | LR = 2.489089e-05 | grad_norm = 339.496746
  Batch 2549: loss = 2.317688 | LR = 2.488545e-05 | grad_norm = 170.895167
  Batch 2550: loss = 6.022949 | LR = 2.488001e-05 | grad_norm = 156.587884
  Batch 2551: loss = 9.081608 | LR = 2.487457e-05 | grad_norm = 254.535360
  Batch 2552: loss = 5.138062 | LR = 2.486913e-05 | grad_norm = 176.466902
  Batch 2553: loss = 5.378323 | LR = 2.486368e-05 | grad_norm = 123.952044
  Batch 2554: loss = 5.265561 | LR = 2.485824e-05 | grad_norm = 256.000614
  Batch 2555: loss = 2.318488 | LR = 2.485279e-05 | grad_norm = 118.124245
  Batch 2556: loss = 4.230862 | LR = 2.484734e-05 | grad_norm = 129.983564
  Batch 2557: loss = 0.000000 | LR = 2.484189e-05 | grad_norm = 0.000133
  Batch 2558: loss = 1.765678 | LR = 2.483644e-05 | grad_norm = 162.958057
  Batch 2559: loss = 4.169175 | LR = 2.483098e-05 | grad_norm = 158.696717
  Batch 2560: loss = 4.346995 | LR = 2.482552e-05 | grad_norm = 116.012044
  Batch 2561: loss = 0.002712 | LR = 2.482007e-05 | grad_norm = 0.824801
  Batch 2562: loss = 12.727126 | LR = 2.481461e-05 | grad_norm = 523.618062
  Batch 2563: loss = 3.075235 | LR = 2.480914e-05 | grad_norm = 159.852448
  Batch 2564: loss = 0.000250 | LR = 2.480368e-05 | grad_norm = 0.077356
  Batch 2565: loss = 4.222102 | LR = 2.479822e-05 | grad_norm = 166.448800
  Batch 2566: loss = 5.287099 | LR = 2.479275e-05 | grad_norm = 152.397768
  Batch 2567: loss = 0.989922 | LR = 2.478728e-05 | grad_norm = 135.201109
  Batch 2568: loss = 0.108046 | LR = 2.478181e-05 | grad_norm = 24.899719
  Batch 2569: loss = 7.122617 | LR = 2.477634e-05 | grad_norm = 200.293855
  Batch 2570: loss = 1.160001 | LR = 2.477086e-05 | grad_norm = 119.936786
  Batch 2571: loss = 1.651773 | LR = 2.476539e-05 | grad_norm = 147.593829
  Batch 2572: loss = 1.396351 | LR = 2.475991e-05 | grad_norm = 136.810618
  Batch 2573: loss = 4.004185 | LR = 2.475443e-05 | grad_norm = 141.245853
  Batch 2574: loss = 4.218790 | LR = 2.474895e-05 | grad_norm = 193.783778
  Batch 2575: loss = 2.129789 | LR = 2.474347e-05 | grad_norm = 137.464235
  Batch 2576: loss = 1.604932 | LR = 2.473799e-05 | grad_norm = 141.094030
  Batch 2577: loss = 4.610363 | LR = 2.473250e-05 | grad_norm = 223.231890
  Batch 2578: loss = 3.524179 | LR = 2.472701e-05 | grad_norm = 204.292041
  Batch 2579: loss = 1.796206 | LR = 2.472153e-05 | grad_norm = 172.945891
  Batch 2580: loss = 5.261997 | LR = 2.471603e-05 | grad_norm = 128.661839
  Batch 2581: loss = 0.142725 | LR = 2.471054e-05 | grad_norm = 45.534808
  Batch 2582: loss = 4.868453 | LR = 2.470505e-05 | grad_norm = 174.072317
  Batch 2583: loss = 5.607755 | LR = 2.469955e-05 | grad_norm = 132.991449
  Batch 2584: loss = 4.644470 | LR = 2.469406e-05 | grad_norm = 160.502738
  Batch 2585: loss = 4.869932 | LR = 2.468856e-05 | grad_norm = 218.708885
  Batch 2586: loss = 8.642079 | LR = 2.468306e-05 | grad_norm = 192.529232
  Batch 2587: loss = 3.532838 | LR = 2.467755e-05 | grad_norm = 144.905581
  Batch 2588: loss = 7.715536 | LR = 2.467205e-05 | grad_norm = 162.211324
  Batch 2589: loss = 3.641215 | LR = 2.466654e-05 | grad_norm = 181.596332
  Batch 2590: loss = 2.672279 | LR = 2.466103e-05 | grad_norm = 131.856058
  Batch 2591: loss = 2.389693 | LR = 2.465553e-05 | grad_norm = 365.906074
  Batch 2592: loss = 4.474171 | LR = 2.465001e-05 | grad_norm = 185.014363
  Batch 2593: loss = 5.460402 | LR = 2.464450e-05 | grad_norm = 198.130876
  Batch 2594: loss = 3.788799 | LR = 2.463899e-05 | grad_norm = 128.720102
  Batch 2595: loss = 1.320536 | LR = 2.463347e-05 | grad_norm = 111.024033
  Batch 2596: loss = 4.907325 | LR = 2.462795e-05 | grad_norm = 140.310526
  Batch 2597: loss = 5.954590 | LR = 2.462243e-05 | grad_norm = 272.941908
  Batch 2598: loss = 2.984509 | LR = 2.461691e-05 | grad_norm = 144.390804
  Batch 2599: loss = 0.907630 | LR = 2.461139e-05 | grad_norm = 173.523391
  Batch 2600: loss = 5.728367 | LR = 2.460587e-05 | grad_norm = 158.415408
  Batch 2601: loss = 5.343076 | LR = 2.460034e-05 | grad_norm = 349.146205
  Batch 2602: loss = 3.009225 | LR = 2.459481e-05 | grad_norm = 115.199935
  Batch 2603: loss = 3.803391 | LR = 2.458928e-05 | grad_norm = 263.070613
  Batch 2604: loss = 5.802582 | LR = 2.458375e-05 | grad_norm = 91.543708
  Batch 2605: loss = 4.715244 | LR = 2.457822e-05 | grad_norm = 146.664087
  Batch 2606: loss = 1.615276 | LR = 2.457268e-05 | grad_norm = 146.376074
  Batch 2607: loss = 2.278544 | LR = 2.456715e-05 | grad_norm = 255.873751
  Batch 2608: loss = 5.894149 | LR = 2.456161e-05 | grad_norm = 103.640756
  Batch 2609: loss = 3.186873 | LR = 2.455607e-05 | grad_norm = 105.441302
  Batch 2610: loss = 7.371379 | LR = 2.455053e-05 | grad_norm = 230.552215
  Batch 2611: loss = 4.838302 | LR = 2.454499e-05 | grad_norm = 197.989045
  Batch 2612: loss = 6.165049 | LR = 2.453944e-05 | grad_norm = 101.584128
  Batch 2613: loss = 0.408740 | LR = 2.453390e-05 | grad_norm = 88.649485
  Batch 2614: loss = 8.187120 | LR = 2.452835e-05 | grad_norm = 261.196249
  Batch 2615: loss = 4.105226 | LR = 2.452280e-05 | grad_norm = 261.417184
  Batch 2616: loss = 1.217863 | LR = 2.451725e-05 | grad_norm = 134.669226
  Batch 2617: loss = 1.306556 | LR = 2.451169e-05 | grad_norm = 175.493375
  Batch 2618: loss = 4.390623 | LR = 2.450614e-05 | grad_norm = 196.277579
  Batch 2619: loss = 2.788133 | LR = 2.450058e-05 | grad_norm = 147.003422
  Batch 2620: loss = 4.464899 | LR = 2.449503e-05 | grad_norm = 146.429338
  Batch 2621: loss = 5.041430 | LR = 2.448947e-05 | grad_norm = 113.437499
  Batch 2622: loss = 5.981288 | LR = 2.448391e-05 | grad_norm = 197.805228
  Batch 2623: loss = 3.271942 | LR = 2.447834e-05 | grad_norm = 130.094558
  Batch 2624: loss = 4.642526 | LR = 2.447278e-05 | grad_norm = 196.072067
  Batch 2625: loss = 4.860664 | LR = 2.446721e-05 | grad_norm = 360.534185
  Batch 2626: loss = 6.364972 | LR = 2.446164e-05 | grad_norm = 129.316587
  Batch 2627: loss = 1.989399 | LR = 2.445608e-05 | grad_norm = 165.927587
  Batch 2628: loss = 3.892349 | LR = 2.445050e-05 | grad_norm = 186.211873
  Batch 2629: loss = 0.580010 | LR = 2.444493e-05 | grad_norm = 130.873675
  Batch 2630: loss = 2.332809 | LR = 2.443936e-05 | grad_norm = 157.570129
  Batch 2631: loss = 5.167568 | LR = 2.443378e-05 | grad_norm = 178.547399
  Batch 2632: loss = 4.693670 | LR = 2.442820e-05 | grad_norm = 125.640256
  Batch 2633: loss = 17.594276 | LR = 2.442262e-05 | grad_norm = 600.751691
  Batch 2634: loss = 4.452636 | LR = 2.441704e-05 | grad_norm = 114.246002
  Batch 2635: loss = 0.000000 | LR = 2.441146e-05 | grad_norm = 0.000001
  Batch 2636: loss = 3.653294 | LR = 2.440588e-05 | grad_norm = 130.740967
  Batch 2637: loss = 3.840605 | LR = 2.440029e-05 | grad_norm = 172.173312
  Batch 2638: loss = 4.198802 | LR = 2.439470e-05 | grad_norm = 198.389028
  Batch 2639: loss = 0.344612 | LR = 2.438912e-05 | grad_norm = 63.652581
  Batch 2640: loss = 2.916720 | LR = 2.438352e-05 | grad_norm = 151.676169
  Batch 2641: loss = 6.590347 | LR = 2.437793e-05 | grad_norm = 203.543515
  Batch 2642: loss = 4.539549 | LR = 2.437234e-05 | grad_norm = 338.233899
  Batch 2643: loss = 6.747149 | LR = 2.436674e-05 | grad_norm = 166.918286
  Batch 2644: loss = 6.704508 | LR = 2.436115e-05 | grad_norm = 146.786276
  Batch 2645: loss = 6.430268 | LR = 2.435555e-05 | grad_norm = 136.540096
  Batch 2646: loss = 5.871298 | LR = 2.434995e-05 | grad_norm = 139.676358
  Batch 2647: loss = 2.962317 | LR = 2.434434e-05 | grad_norm = 238.582703
  Batch 2648: loss = 4.512472 | LR = 2.433874e-05 | grad_norm = 251.521778
  Batch 2649: loss = 2.662220 | LR = 2.433313e-05 | grad_norm = 269.940620
  Batch 2650: loss = 3.674374 | LR = 2.432753e-05 | grad_norm = 192.052668
  Batch 2651: loss = 3.208118 | LR = 2.432192e-05 | grad_norm = 166.885682
  Batch 2652: loss = 0.001341 | LR = 2.431631e-05 | grad_norm = 0.452958
  Batch 2653: loss = 1.458620 | LR = 2.431070e-05 | grad_norm = 117.444564
  Batch 2654: loss = 4.482804 | LR = 2.430508e-05 | grad_norm = 142.365188
  Batch 2655: loss = 3.750623 | LR = 2.429947e-05 | grad_norm = 172.292059
  Batch 2656: loss = 4.720684 | LR = 2.429385e-05 | grad_norm = 135.009720
  Batch 2657: loss = 5.188953 | LR = 2.428823e-05 | grad_norm = 130.544153
  Batch 2658: loss = 4.755524 | LR = 2.428261e-05 | grad_norm = 186.655644
  Batch 2659: loss = 4.646231 | LR = 2.427699e-05 | grad_norm = 132.892614
  Batch 2660: loss = 4.033653 | LR = 2.427137e-05 | grad_norm = 158.135953
  Batch 2661: loss = 4.495994 | LR = 2.426574e-05 | grad_norm = 122.410184
  Batch 2662: loss = 3.597148 | LR = 2.426012e-05 | grad_norm = 133.649151
  Batch 2663: loss = 4.426984 | LR = 2.425449e-05 | grad_norm = 195.153086
  Batch 2664: loss = 4.458890 | LR = 2.424886e-05 | grad_norm = 136.181287
  Batch 2665: loss = 4.465761 | LR = 2.424323e-05 | grad_norm = 141.141654
  Batch 2666: loss = 4.860167 | LR = 2.423759e-05 | grad_norm = 154.366919
  Batch 2667: loss = 3.924780 | LR = 2.423196e-05 | grad_norm = 210.949183
  Batch 2668: loss = 6.019482 | LR = 2.422632e-05 | grad_norm = 292.048232
  Batch 2669: loss = 3.734345 | LR = 2.422069e-05 | grad_norm = 203.621792
  Batch 2670: loss = 3.680000 | LR = 2.421505e-05 | grad_norm = 140.047043
  Batch 2671: loss = 5.481224 | LR = 2.420941e-05 | grad_norm = 177.736027
  Batch 2672: loss = 2.344777 | LR = 2.420376e-05 | grad_norm = 148.088839
  Batch 2673: loss = 5.463373 | LR = 2.419812e-05 | grad_norm = 271.111666
  Batch 2674: loss = 2.751577 | LR = 2.419247e-05 | grad_norm = 138.298794
  Batch 2675: loss = 0.000000 | LR = 2.418683e-05 | grad_norm = 0.000003
  Batch 2676: loss = 1.933168 | LR = 2.418118e-05 | grad_norm = 150.422189
  Batch 2677: loss = 3.316276 | LR = 2.417553e-05 | grad_norm = 123.074040
  Batch 2678: loss = 4.380260 | LR = 2.416987e-05 | grad_norm = 144.851288
  Batch 2679: loss = 1.820648 | LR = 2.416422e-05 | grad_norm = 200.629854
  Batch 2680: loss = 3.144540 | LR = 2.415857e-05 | grad_norm = 255.895316
  Batch 2681: loss = 2.136098 | LR = 2.415291e-05 | grad_norm = 191.632463
  Batch 2682: loss = 0.460089 | LR = 2.414725e-05 | grad_norm = 88.035003
  Batch 2683: loss = 5.406590 | LR = 2.414159e-05 | grad_norm = 307.401275
  Batch 2684: loss = 3.357878 | LR = 2.413593e-05 | grad_norm = 143.976903
  Batch 2685: loss = 0.375761 | LR = 2.413027e-05 | grad_norm = 87.681689
  Batch 2686: loss = 4.008152 | LR = 2.412460e-05 | grad_norm = 149.003181
  Batch 2687: loss = 4.550811 | LR = 2.411893e-05 | grad_norm = 122.241019
  Batch 2688: loss = 1.907748 | LR = 2.411327e-05 | grad_norm = 247.351985
  Batch 2689: loss = 3.015947 | LR = 2.410760e-05 | grad_norm = 187.419714
  Batch 2690: loss = 3.500988 | LR = 2.410193e-05 | grad_norm = 152.724230
  Batch 2691: loss = 0.812333 | LR = 2.409625e-05 | grad_norm = 106.006614
  Batch 2692: loss = 0.893495 | LR = 2.409058e-05 | grad_norm = 156.205084
  Batch 2693: loss = 5.153335 | LR = 2.408490e-05 | grad_norm = 147.136050
  Batch 2694: loss = 3.022852 | LR = 2.407922e-05 | grad_norm = 156.388885
  Batch 2695: loss = 0.395205 | LR = 2.407355e-05 | grad_norm = 122.815105
  Batch 2696: loss = 7.194491 | LR = 2.406786e-05 | grad_norm = 288.682176
  Batch 2697: loss = 5.589460 | LR = 2.406218e-05 | grad_norm = 168.586413
  Batch 2698: loss = 3.269639 | LR = 2.405650e-05 | grad_norm = 197.888775
  Batch 2699: loss = 3.704534 | LR = 2.405081e-05 | grad_norm = 174.591676
  Batch 2700: loss = 5.207789 | LR = 2.404513e-05 | grad_norm = 141.565290
  Batch 2701: loss = 0.012831 | LR = 2.403944e-05 | grad_norm = 3.934674
  Batch 2702: loss = 2.072126 | LR = 2.403375e-05 | grad_norm = 249.747444
  Batch 2703: loss = 3.660535 | LR = 2.402806e-05 | grad_norm = 270.507006
  Batch 2704: loss = 1.749801 | LR = 2.402236e-05 | grad_norm = 166.520765
  Batch 2705: loss = 5.259844 | LR = 2.401667e-05 | grad_norm = 191.458158
  Batch 2706: loss = 3.100815 | LR = 2.401097e-05 | grad_norm = 273.610573
  Batch 2707: loss = 1.941673 | LR = 2.400527e-05 | grad_norm = 199.951947
  Batch 2708: loss = 0.003794 | LR = 2.399957e-05 | grad_norm = 1.447939
  Batch 2709: loss = 5.720404 | LR = 2.399387e-05 | grad_norm = 309.739848
  Batch 2710: loss = 2.016737 | LR = 2.398817e-05 | grad_norm = 333.152938
  Batch 2711: loss = 3.444987 | LR = 2.398247e-05 | grad_norm = 141.172641
  Batch 2712: loss = 7.356668 | LR = 2.397676e-05 | grad_norm = 303.396719
  Batch 2713: loss = 5.110054 | LR = 2.397105e-05 | grad_norm = 189.053674
  Batch 2714: loss = 5.784442 | LR = 2.396534e-05 | grad_norm = 252.766131
  Batch 2715: loss = 0.852667 | LR = 2.395963e-05 | grad_norm = 112.702144
  Batch 2716: loss = 3.841861 | LR = 2.395392e-05 | grad_norm = 98.783735
  Batch 2717: loss = 6.332218 | LR = 2.394821e-05 | grad_norm = 230.143106
  Batch 2718: loss = 5.273746 | LR = 2.394249e-05 | grad_norm = 165.914139
  Batch 2719: loss = 8.251268 | LR = 2.393678e-05 | grad_norm = 375.813962
  Batch 2720: loss = 0.272208 | LR = 2.393106e-05 | grad_norm = 71.622708
  Batch 2721: loss = 0.018883 | LR = 2.392534e-05 | grad_norm = 5.346865
  Batch 2722: loss = 4.179656 | LR = 2.391962e-05 | grad_norm = 206.072459
  Batch 2723: loss = 3.747109 | LR = 2.391389e-05 | grad_norm = 233.729828
  Batch 2724: loss = 0.000000 | LR = 2.390817e-05 | grad_norm = 0.000001
  Batch 2725: loss = 5.441412 | LR = 2.390244e-05 | grad_norm = 176.457244
  Batch 2726: loss = 4.262801 | LR = 2.389672e-05 | grad_norm = 214.254501
  Batch 2727: loss = 1.663255 | LR = 2.389099e-05 | grad_norm = 256.970350
  Batch 2728: loss = 0.493978 | LR = 2.388526e-05 | grad_norm = 112.796538
  Batch 2729: loss = 7.353922 | LR = 2.387952e-05 | grad_norm = 325.865653
  Batch 2730: loss = 0.050852 | LR = 2.387379e-05 | grad_norm = 10.298965
  Batch 2731: loss = 7.595513 | LR = 2.386806e-05 | grad_norm = 173.621425
  Batch 2732: loss = 4.117528 | LR = 2.386232e-05 | grad_norm = 144.093056
  Batch 2733: loss = 3.260437 | LR = 2.385658e-05 | grad_norm = 210.290670
  Batch 2734: loss = 2.444592 | LR = 2.385084e-05 | grad_norm = 186.351680
  Batch 2735: loss = 5.284510 | LR = 2.384510e-05 | grad_norm = 191.050179
  Batch 2736: loss = 0.237937 | LR = 2.383936e-05 | grad_norm = 60.831342
  Batch 2737: loss = 5.580130 | LR = 2.383361e-05 | grad_norm = 158.770831
  Batch 2738: loss = 3.316362 | LR = 2.382787e-05 | grad_norm = 174.018439
  Batch 2739: loss = 0.092981 | LR = 2.382212e-05 | grad_norm = 24.300175
  Batch 2740: loss = 4.167624 | LR = 2.381637e-05 | grad_norm = 168.810791
  Batch 2741: loss = 4.521478 | LR = 2.381062e-05 | grad_norm = 154.862805
  Batch 2742: loss = 0.000000 | LR = 2.380487e-05 | grad_norm = 0.000000
  Batch 2743: loss = 4.231576 | LR = 2.379911e-05 | grad_norm = 164.054501
  Batch 2744: loss = 5.106613 | LR = 2.379336e-05 | grad_norm = 213.818116
  Batch 2745: loss = 0.000001 | LR = 2.378760e-05 | grad_norm = 0.000458
  Batch 2746: loss = 3.225168 | LR = 2.378184e-05 | grad_norm = 149.588947
  Batch 2747: loss = 5.433088 | LR = 2.377608e-05 | grad_norm = 142.185744
  Batch 2748: loss = 5.358306 | LR = 2.377032e-05 | grad_norm = 141.707741
  Batch 2749: loss = 4.762744 | LR = 2.376456e-05 | grad_norm = 183.593833
  Batch 2750: loss = 3.216323 | LR = 2.375879e-05 | grad_norm = 184.074259
  Batch 2751: loss = 4.107104 | LR = 2.375303e-05 | grad_norm = 193.709609
  Batch 2752: loss = 0.000005 | LR = 2.374726e-05 | grad_norm = 0.001856
  Batch 2753: loss = 0.000982 | LR = 2.374149e-05 | grad_norm = 0.277720
  Batch 2754: loss = 0.000003 | LR = 2.373572e-05 | grad_norm = 0.001380
  Batch 2755: loss = 3.196141 | LR = 2.372995e-05 | grad_norm = 162.470620
  Batch 2756: loss = 4.538756 | LR = 2.372418e-05 | grad_norm = 142.248591
  Batch 2757: loss = 4.757016 | LR = 2.371840e-05 | grad_norm = 165.181387
  Batch 2758: loss = 3.041891 | LR = 2.371263e-05 | grad_norm = 208.908980
  Batch 2759: loss = 8.478596 | LR = 2.370685e-05 | grad_norm = 505.588080
  Batch 2760: loss = 3.347413 | LR = 2.370107e-05 | grad_norm = 192.547985
  Batch 2761: loss = 4.189769 | LR = 2.369529e-05 | grad_norm = 233.952496
  Batch 2762: loss = 5.353299 | LR = 2.368950e-05 | grad_norm = 185.801770
  Batch 2763: loss = 3.175483 | LR = 2.368372e-05 | grad_norm = 214.846477
  Batch 2764: loss = 5.847089 | LR = 2.367794e-05 | grad_norm = 135.585241
  Batch 2765: loss = 3.695503 | LR = 2.367215e-05 | grad_norm = 139.737012
  Batch 2766: loss = 5.456794 | LR = 2.366636e-05 | grad_norm = 162.223776
  Batch 2767: loss = 0.000000 | LR = 2.366057e-05 | grad_norm = 0.000001
  Batch 2768: loss = 4.428332 | LR = 2.365478e-05 | grad_norm = 171.495224
  Batch 2769: loss = 0.750273 | LR = 2.364899e-05 | grad_norm = 112.772264
  Batch 2770: loss = 5.076465 | LR = 2.364319e-05 | grad_norm = 141.852302
  Batch 2771: loss = 4.834314 | LR = 2.363740e-05 | grad_norm = 179.505635
  Batch 2772: loss = 2.424639 | LR = 2.363160e-05 | grad_norm = 158.265437
  Batch 2773: loss = 1.026280 | LR = 2.362580e-05 | grad_norm = 128.050718
  Batch 2774: loss = 0.021861 | LR = 2.362000e-05 | grad_norm = 6.484284
  Batch 2775: loss = 3.768934 | LR = 2.361420e-05 | grad_norm = 174.517300
  Batch 2776: loss = 5.952082 | LR = 2.360839e-05 | grad_norm = 212.576801
  Batch 2777: loss = 5.397958 | LR = 2.360259e-05 | grad_norm = 169.178833
  Batch 2778: loss = 5.636663 | LR = 2.359678e-05 | grad_norm = 182.628990
  Batch 2779: loss = 5.240341 | LR = 2.359097e-05 | grad_norm = 192.995850
  Batch 2780: loss = 7.923542 | LR = 2.358516e-05 | grad_norm = 135.318279
  Batch 2781: loss = 3.289820 | LR = 2.357935e-05 | grad_norm = 250.823635
  Batch 2782: loss = 6.637945 | LR = 2.357354e-05 | grad_norm = 278.670921
  Batch 2783: loss = 5.384352 | LR = 2.356773e-05 | grad_norm = 161.895704
  Batch 2784: loss = 10.667066 | LR = 2.356191e-05 | grad_norm = 290.592081
  Batch 2785: loss = 0.392822 | LR = 2.355609e-05 | grad_norm = 100.199121
  Batch 2786: loss = 0.003126 | LR = 2.355028e-05 | grad_norm = 0.938990
  Batch 2787: loss = 5.442739 | LR = 2.354446e-05 | grad_norm = 216.569290
  Batch 2788: loss = 4.955166 | LR = 2.353864e-05 | grad_norm = 162.992014
  Batch 2789: loss = 6.605525 | LR = 2.353281e-05 | grad_norm = 179.333035
  Batch 2790: loss = 0.578958 | LR = 2.352699e-05 | grad_norm = 185.317125
  Batch 2791: loss = 5.798968 | LR = 2.352116e-05 | grad_norm = 160.812815
  Batch 2792: loss = 6.672023 | LR = 2.351534e-05 | grad_norm = 206.593275
  Batch 2793: loss = 4.317183 | LR = 2.350951e-05 | grad_norm = 183.150073
  Batch 2794: loss = 4.262045 | LR = 2.350368e-05 | grad_norm = 131.051044
  Batch 2795: loss = 0.002158 | LR = 2.349785e-05 | grad_norm = 0.601293
  Batch 2796: loss = 3.311324 | LR = 2.349201e-05 | grad_norm = 235.558467
  Batch 2797: loss = 0.466356 | LR = 2.348618e-05 | grad_norm = 120.388083
  Batch 2798: loss = 5.074074 | LR = 2.348034e-05 | grad_norm = 212.748915
  Batch 2799: loss = 3.872804 | LR = 2.347450e-05 | grad_norm = 159.771130
  Batch 2800: loss = 4.932759 | LR = 2.346867e-05 | grad_norm = 293.766156
  Batch 2801: loss = 5.697978 | LR = 2.346283e-05 | grad_norm = 226.009689
  Batch 2802: loss = 4.181703 | LR = 2.345698e-05 | grad_norm = 218.068302
  Batch 2803: loss = 3.100093 | LR = 2.345114e-05 | grad_norm = 151.011856
  Batch 2804: loss = 3.936484 | LR = 2.344530e-05 | grad_norm = 147.401338
  Batch 2805: loss = 9.061780 | LR = 2.343945e-05 | grad_norm = 299.919937
  Batch 2806: loss = 7.046472 | LR = 2.343360e-05 | grad_norm = 259.842468
  Batch 2807: loss = 2.030265 | LR = 2.342775e-05 | grad_norm = 97.673472
  Batch 2808: loss = 8.139369 | LR = 2.342190e-05 | grad_norm = 182.931067
  Batch 2809: loss = 4.262588 | LR = 2.341605e-05 | grad_norm = 344.759166
  Batch 2810: loss = 4.537599 | LR = 2.341020e-05 | grad_norm = 163.214362
  Batch 2811: loss = 4.830262 | LR = 2.340434e-05 | grad_norm = 145.483877
  Batch 2812: loss = 2.980809 | LR = 2.339848e-05 | grad_norm = 104.722902
  Batch 2813: loss = 1.524469 | LR = 2.339263e-05 | grad_norm = 147.242211
  Batch 2814: loss = 1.145369 | LR = 2.338677e-05 | grad_norm = 102.834836
  Batch 2815: loss = 1.740199 | LR = 2.338091e-05 | grad_norm = 119.085693
  Batch 2816: loss = 1.832861 | LR = 2.337504e-05 | grad_norm = 113.979604
  Batch 2817: loss = 1.118676 | LR = 2.336918e-05 | grad_norm = 140.920641
  Batch 2818: loss = 3.997797 | LR = 2.336332e-05 | grad_norm = 233.150884
  Batch 2819: loss = 4.331980 | LR = 2.335745e-05 | grad_norm = 155.918310
  Batch 2820: loss = 1.199091 | LR = 2.335158e-05 | grad_norm = 140.820491
  Batch 2821: loss = 3.457894 | LR = 2.334571e-05 | grad_norm = 185.151910
  Batch 2822: loss = 5.330645 | LR = 2.333984e-05 | grad_norm = 172.895370
  Batch 2823: loss = 0.000000 | LR = 2.333397e-05 | grad_norm = 0.000000
  Batch 2824: loss = 5.642322 | LR = 2.332809e-05 | grad_norm = 181.161164
  Batch 2825: loss = 5.827067 | LR = 2.332222e-05 | grad_norm = 261.833225
  Batch 2826: loss = 6.896634 | LR = 2.331634e-05 | grad_norm = 148.292930
  Batch 2827: loss = 4.915339 | LR = 2.331046e-05 | grad_norm = 153.263657
  Batch 2828: loss = 6.229380 | LR = 2.330459e-05 | grad_norm = 161.967910
  Batch 2829: loss = 1.440382 | LR = 2.329870e-05 | grad_norm = 186.843713
  Batch 2830: loss = 4.963568 | LR = 2.329282e-05 | grad_norm = 164.520039
  Batch 2831: loss = 0.000000 | LR = 2.328694e-05 | grad_norm = 0.000098
  Batch 2832: loss = 2.445492 | LR = 2.328105e-05 | grad_norm = 160.736170
  Batch 2833: loss = 5.222229 | LR = 2.327517e-05 | grad_norm = 153.706094
  Batch 2834: loss = 6.122564 | LR = 2.326928e-05 | grad_norm = 121.646638
  Batch 2835: loss = 1.371541 | LR = 2.326339e-05 | grad_norm = 160.620110
  Batch 2836: loss = 3.828835 | LR = 2.325750e-05 | grad_norm = 193.120973
  Batch 2837: loss = 3.768652 | LR = 2.325161e-05 | grad_norm = 161.976263
  Batch 2838: loss = 7.211955 | LR = 2.324571e-05 | grad_norm = 351.603092
  Batch 2839: loss = 5.856645 | LR = 2.323982e-05 | grad_norm = 191.966200
  Batch 2840: loss = 6.146936 | LR = 2.323392e-05 | grad_norm = 192.331136
  Batch 2841: loss = 5.294181 | LR = 2.322802e-05 | grad_norm = 263.865141
  Batch 2842: loss = 12.821968 | LR = 2.322212e-05 | grad_norm = 481.215823
  Batch 2843: loss = 0.277103 | LR = 2.321622e-05 | grad_norm = 50.183912
  Batch 2844: loss = 3.196227 | LR = 2.321032e-05 | grad_norm = 178.974110
  Batch 2845: loss = 4.565184 | LR = 2.320442e-05 | grad_norm = 136.430511
  Batch 2846: loss = 2.498202 | LR = 2.319851e-05 | grad_norm = 213.078307
  Batch 2847: loss = 3.978164 | LR = 2.319260e-05 | grad_norm = 177.732193
  Batch 2848: loss = 0.000000 | LR = 2.318670e-05 | grad_norm = 0.000000
  Batch 2849: loss = 3.791526 | LR = 2.318079e-05 | grad_norm = 150.923803
  Batch 2850: loss = 1.739426 | LR = 2.317488e-05 | grad_norm = 142.951069
  Batch 2851: loss = 3.570772 | LR = 2.316896e-05 | grad_norm = 144.721511
  Batch 2852: loss = 8.069897 | LR = 2.316305e-05 | grad_norm = 142.449082
  Batch 2853: loss = 3.343520 | LR = 2.315713e-05 | grad_norm = 200.997984
  Batch 2854: loss = 8.700964 | LR = 2.315122e-05 | grad_norm = 287.620781
  Batch 2855: loss = 3.145336 | LR = 2.314530e-05 | grad_norm = 394.447916
  Batch 2856: loss = 4.157841 | LR = 2.313938e-05 | grad_norm = 120.020366
  Batch 2857: loss = 2.910013 | LR = 2.313346e-05 | grad_norm = 195.631547
  Batch 2858: loss = 5.860188 | LR = 2.312754e-05 | grad_norm = 118.836971
  Batch 2859: loss = 4.900389 | LR = 2.312161e-05 | grad_norm = 146.229219
  Batch 2860: loss = 0.230051 | LR = 2.311569e-05 | grad_norm = 54.288996
  Batch 2861: loss = 5.843160 | LR = 2.310976e-05 | grad_norm = 206.442210
  Batch 2862: loss = 0.092367 | LR = 2.310384e-05 | grad_norm = 28.212304
  Batch 2863: loss = 2.389369 | LR = 2.309791e-05 | grad_norm = 128.882697
  Batch 2864: loss = 6.633344 | LR = 2.309198e-05 | grad_norm = 151.730979
  Batch 2865: loss = 9.562361 | LR = 2.308604e-05 | grad_norm = 185.027957
  Batch 2866: loss = 2.532709 | LR = 2.308011e-05 | grad_norm = 115.407972
  Batch 2867: loss = 3.117125 | LR = 2.307418e-05 | grad_norm = 176.145037
  Batch 2868: loss = 5.065104 | LR = 2.306824e-05 | grad_norm = 149.375679
  Batch 2869: loss = 0.097083 | LR = 2.306230e-05 | grad_norm = 40.462448
  Batch 2870: loss = 6.103381 | LR = 2.305636e-05 | grad_norm = 140.844058
  Batch 2871: loss = 5.779025 | LR = 2.305042e-05 | grad_norm = 154.063084
  Batch 2872: loss = 4.679820 | LR = 2.304448e-05 | grad_norm = 128.946452
  Batch 2873: loss = 4.364886 | LR = 2.303854e-05 | grad_norm = 130.740007
  Batch 2874: loss = 1.311909 | LR = 2.303260e-05 | grad_norm = 106.883540
  Batch 2875: loss = 6.460780 | LR = 2.302665e-05 | grad_norm = 143.217134
  Batch 2876: loss = 3.865760 | LR = 2.302070e-05 | grad_norm = 211.039288
  Batch 2877: loss = 4.894234 | LR = 2.301475e-05 | grad_norm = 118.745686
  Batch 2878: loss = 5.482199 | LR = 2.300880e-05 | grad_norm = 289.098826
  Batch 2879: loss = 6.164637 | LR = 2.300285e-05 | grad_norm = 170.110699
  Batch 2880: loss = 4.935202 | LR = 2.299690e-05 | grad_norm = 153.041259
  Batch 2881: loss = 1.017717 | LR = 2.299095e-05 | grad_norm = 107.992015
  Batch 2882: loss = 4.655161 | LR = 2.298499e-05 | grad_norm = 263.878516
  Batch 2883: loss = 10.196698 | LR = 2.297903e-05 | grad_norm = 386.166622
  Batch 2884: loss = 3.061563 | LR = 2.297308e-05 | grad_norm = 144.090353
  Batch 2885: loss = 4.067198 | LR = 2.296712e-05 | grad_norm = 132.197636
  Batch 2886: loss = 5.290179 | LR = 2.296116e-05 | grad_norm = 210.946090
  Batch 2887: loss = 6.602300 | LR = 2.295519e-05 | grad_norm = 172.078558
  Batch 2888: loss = 6.990896 | LR = 2.294923e-05 | grad_norm = 344.267030
  Batch 2889: loss = 6.644168 | LR = 2.294326e-05 | grad_norm = 123.873035
  Batch 2890: loss = 0.000000 | LR = 2.293730e-05 | grad_norm = 0.000017
  Batch 2891: loss = 4.583049 | LR = 2.293133e-05 | grad_norm = 137.026233
  Batch 2892: loss = 4.917842 | LR = 2.292536e-05 | grad_norm = 163.876141
  Batch 2893: loss = 0.079634 | LR = 2.291939e-05 | grad_norm = 19.908264
  Batch 2894: loss = 3.705776 | LR = 2.291342e-05 | grad_norm = 132.833960
  Batch 2895: loss = 6.021911 | LR = 2.290745e-05 | grad_norm = 115.143495
  Batch 2896: loss = 7.553521 | LR = 2.290147e-05 | grad_norm = 108.467619
  Batch 2897: loss = 4.104851 | LR = 2.289550e-05 | grad_norm = 147.806105
  Batch 2898: loss = 4.320521 | LR = 2.288952e-05 | grad_norm = 142.980088
  Batch 2899: loss = 3.032978 | LR = 2.288354e-05 | grad_norm = 113.003546
  Batch 2900: loss = 2.634526 | LR = 2.287756e-05 | grad_norm = 132.363901
  Batch 2901: loss = 1.173236 | LR = 2.287158e-05 | grad_norm = 138.008786
  Batch 2902: loss = 5.866620 | LR = 2.286560e-05 | grad_norm = 93.733156
  Batch 2903: loss = 2.874871 | LR = 2.285961e-05 | grad_norm = 228.340983
  Batch 2904: loss = 3.889137 | LR = 2.285363e-05 | grad_norm = 156.181483
  Batch 2905: loss = 4.892935 | LR = 2.284764e-05 | grad_norm = 150.345807
  Batch 2906: loss = 1.874232 | LR = 2.284165e-05 | grad_norm = 134.116567
  Batch 2907: loss = 1.062673 | LR = 2.283566e-05 | grad_norm = 115.232483
  Batch 2908: loss = 2.264327 | LR = 2.282967e-05 | grad_norm = 159.944909
  Batch 2909: loss = 0.408272 | LR = 2.282368e-05 | grad_norm = 80.779255
  Batch 2910: loss = 3.229846 | LR = 2.281769e-05 | grad_norm = 155.362083
  Batch 2911: loss = 4.642222 | LR = 2.281169e-05 | grad_norm = 242.329787
  Batch 2912: loss = 5.900866 | LR = 2.280570e-05 | grad_norm = 146.214492
  Batch 2913: loss = 0.000229 | LR = 2.279970e-05 | grad_norm = 0.073722
  Batch 2914: loss = 1.867759 | LR = 2.279370e-05 | grad_norm = 217.641148
  Batch 2915: loss = 3.048002 | LR = 2.278770e-05 | grad_norm = 156.285023
  Batch 2916: loss = 0.295666 | LR = 2.278170e-05 | grad_norm = 58.154061
  Batch 2917: loss = 1.763544 | LR = 2.277569e-05 | grad_norm = 106.011848
  Batch 2918: loss = 6.985543 | LR = 2.276969e-05 | grad_norm = 225.103277
  Batch 2919: loss = 3.469676 | LR = 2.276369e-05 | grad_norm = 155.490195
  Batch 2920: loss = 8.602558 | LR = 2.275768e-05 | grad_norm = 212.192764
  Batch 2921: loss = 0.058923 | LR = 2.275167e-05 | grad_norm = 23.428530
  Batch 2922: loss = 3.911927 | LR = 2.274566e-05 | grad_norm = 106.925572
  Batch 2923: loss = 5.196683 | LR = 2.273965e-05 | grad_norm = 137.182656
  Batch 2924: loss = 5.354817 | LR = 2.273364e-05 | grad_norm = 189.282521
  Batch 2925: loss = 0.055320 | LR = 2.272762e-05 | grad_norm = 15.170300
  Batch 2926: loss = 2.356485 | LR = 2.272161e-05 | grad_norm = 130.920511
  Batch 2927: loss = 2.722152 | LR = 2.271559e-05 | grad_norm = 174.710011
  Batch 2928: loss = 4.533374 | LR = 2.270958e-05 | grad_norm = 152.983195
  Batch 2929: loss = 4.968592 | LR = 2.270356e-05 | grad_norm = 140.453403
  Batch 2930: loss = 4.212108 | LR = 2.269754e-05 | grad_norm = 140.502697
  Batch 2931: loss = 1.424540 | LR = 2.269152e-05 | grad_norm = 181.025024
  Batch 2932: loss = 2.355994 | LR = 2.268549e-05 | grad_norm = 174.556488
  Batch 2933: loss = 4.582268 | LR = 2.267947e-05 | grad_norm = 114.186221
  Batch 2934: loss = 5.098873 | LR = 2.267344e-05 | grad_norm = 175.542197
  Batch 2935: loss = 4.789934 | LR = 2.266742e-05 | grad_norm = 123.201598
  Batch 2936: loss = 1.249957 | LR = 2.266139e-05 | grad_norm = 239.138045
  Batch 2937: loss = 0.009633 | LR = 2.265536e-05 | grad_norm = 2.630199
  Batch 2938: loss = 2.484311 | LR = 2.264933e-05 | grad_norm = 310.095413
  Batch 2939: loss = 4.139771 | LR = 2.264330e-05 | grad_norm = 169.978310
  Batch 2940: loss = 0.003480 | LR = 2.263726e-05 | grad_norm = 1.000740
  Batch 2941: loss = 5.581029 | LR = 2.263123e-05 | grad_norm = 174.868231
  Batch 2942: loss = 4.772142 | LR = 2.262519e-05 | grad_norm = 257.702238
  Batch 2943: loss = 3.963240 | LR = 2.261916e-05 | grad_norm = 199.390016
  Batch 2944: loss = 3.071831 | LR = 2.261312e-05 | grad_norm = 255.853804
  Batch 2945: loss = 6.191279 | LR = 2.260708e-05 | grad_norm = 513.101089
  Batch 2946: loss = 2.504739 | LR = 2.260104e-05 | grad_norm = 149.016679
  Batch 2947: loss = 5.388822 | LR = 2.259499e-05 | grad_norm = 113.014135
  Batch 2948: loss = 0.914959 | LR = 2.258895e-05 | grad_norm = 161.637012
  Batch 2949: loss = 0.534644 | LR = 2.258291e-05 | grad_norm = 164.770338
  Batch 2950: loss = 1.177985 | LR = 2.257686e-05 | grad_norm = 168.738566
  Batch 2951: loss = 4.190475 | LR = 2.257081e-05 | grad_norm = 114.838838
  Batch 2952: loss = 4.287264 | LR = 2.256476e-05 | grad_norm = 172.719389
  Batch 2953: loss = 5.886552 | LR = 2.255871e-05 | grad_norm = 300.552025
  Batch 2954: loss = 6.750478 | LR = 2.255266e-05 | grad_norm = 200.022975
  Batch 2955: loss = 4.477468 | LR = 2.254661e-05 | grad_norm = 244.021916
  Batch 2956: loss = 4.369490 | LR = 2.254055e-05 | grad_norm = 364.139794
  Batch 2957: loss = 0.142477 | LR = 2.253450e-05 | grad_norm = 32.944402
  Batch 2958: loss = 1.691619 | LR = 2.252844e-05 | grad_norm = 176.043784
  Batch 2959: loss = 5.791101 | LR = 2.252238e-05 | grad_norm = 136.872325
  Batch 2960: loss = 2.608675 | LR = 2.251633e-05 | grad_norm = 148.356173
  Batch 2961: loss = 0.584891 | LR = 2.251026e-05 | grad_norm = 177.218959
  Batch 2962: loss = 1.548593 | LR = 2.250420e-05 | grad_norm = 177.928156
  Batch 2963: loss = 0.856427 | LR = 2.249814e-05 | grad_norm = 161.746747
  Batch 2964: loss = 4.578608 | LR = 2.249208e-05 | grad_norm = 204.689602
  Batch 2965: loss = 0.000000 | LR = 2.248601e-05 | grad_norm = 0.000011
  Batch 2966: loss = 0.138677 | LR = 2.247994e-05 | grad_norm = 36.988446
  Batch 2967: loss = 3.723080 | LR = 2.247387e-05 | grad_norm = 171.992986
  Batch 2968: loss = 4.442557 | LR = 2.246781e-05 | grad_norm = 128.003557
  Batch 2969: loss = 4.312712 | LR = 2.246173e-05 | grad_norm = 169.895766
  Batch 2970: loss = 8.530659 | LR = 2.245566e-05 | grad_norm = 162.281968
  Batch 2971: loss = 0.009069 | LR = 2.244959e-05 | grad_norm = 3.085342
  Batch 2972: loss = 4.738352 | LR = 2.244351e-05 | grad_norm = 197.570198
  Batch 2973: loss = 2.883658 | LR = 2.243744e-05 | grad_norm = 144.570438
  Batch 2974: loss = 7.457729 | LR = 2.243136e-05 | grad_norm = 175.307782
  Batch 2975: loss = 4.827079 | LR = 2.242528e-05 | grad_norm = 203.390073
  Batch 2976: loss = 2.896250 | LR = 2.241920e-05 | grad_norm = 254.949807
  Batch 2977: loss = 5.766673 | LR = 2.241312e-05 | grad_norm = 133.540293
  Batch 2978: loss = 4.862099 | LR = 2.240704e-05 | grad_norm = 157.952985
  Batch 2979: loss = 0.859427 | LR = 2.240096e-05 | grad_norm = 131.480348
  Batch 2980: loss = 5.797993 | LR = 2.239487e-05 | grad_norm = 210.572478
  Batch 2981: loss = 5.731175 | LR = 2.238879e-05 | grad_norm = 146.730369
  Batch 2982: loss = 2.269683 | LR = 2.238270e-05 | grad_norm = 430.947470
  Batch 2983: loss = 0.000000 | LR = 2.237661e-05 | grad_norm = 0.000002
  Batch 2984: loss = 6.716867 | LR = 2.237052e-05 | grad_norm = 235.498007
  Batch 2985: loss = 4.029254 | LR = 2.236443e-05 | grad_norm = 152.844411
  Batch 2986: loss = 5.335695 | LR = 2.235834e-05 | grad_norm = 216.212250
  Batch 2987: loss = 4.078115 | LR = 2.235224e-05 | grad_norm = 177.431618
  Batch 2988: loss = 6.316540 | LR = 2.234615e-05 | grad_norm = 348.190337
  Batch 2989: loss = 0.000000 | LR = 2.234005e-05 | grad_norm = 0.000013
  Batch 2990: loss = 0.321177 | LR = 2.233396e-05 | grad_norm = 125.763994
  Batch 2991: loss = 3.863200 | LR = 2.232786e-05 | grad_norm = 206.018624
  Batch 2992: loss = 5.482443 | LR = 2.232176e-05 | grad_norm = 175.427354
  Batch 2993: loss = 0.860913 | LR = 2.231566e-05 | grad_norm = 115.078694
  Batch 2994: loss = 1.367647 | LR = 2.230955e-05 | grad_norm = 158.754014
  Batch 2995: loss = 3.347345 | LR = 2.230345e-05 | grad_norm = 153.717418
  Batch 2996: loss = 4.236447 | LR = 2.229735e-05 | grad_norm = 137.236652
  Batch 2997: loss = 0.000000 | LR = 2.229124e-05 | grad_norm = 0.000006
  Batch 2998: loss = 0.165381 | LR = 2.228513e-05 | grad_norm = 56.253613
  Batch 2999: loss = 3.203629 | LR = 2.227902e-05 | grad_norm = 136.067462
  Batch 3000: loss = 3.951195 | LR = 2.227291e-05 | grad_norm = 163.300459
  Batch 3001: loss = 0.701234 | LR = 2.226680e-05 | grad_norm = 172.591087
  Batch 3002: loss = 0.007867 | LR = 2.226069e-05 | grad_norm = 2.524404
  Batch 3003: loss = 3.508962 | LR = 2.225458e-05 | grad_norm = 238.998809
  Batch 3004: loss = 2.554052 | LR = 2.224846e-05 | grad_norm = 208.241337
  Batch 3005: loss = 1.330833 | LR = 2.224235e-05 | grad_norm = 190.222366
  Batch 3006: loss = 0.016065 | LR = 2.223623e-05 | grad_norm = 6.000332
  Batch 3007: loss = 1.761761 | LR = 2.223011e-05 | grad_norm = 159.905641
  Batch 3008: loss = 5.398033 | LR = 2.222399e-05 | grad_norm = 145.468580
  Batch 3009: loss = 0.228009 | LR = 2.221787e-05 | grad_norm = 41.811387
  Batch 3010: loss = 2.435353 | LR = 2.221175e-05 | grad_norm = 226.289826
  Batch 3011: loss = 3.674611 | LR = 2.220562e-05 | grad_norm = 162.930932
  Batch 3012: loss = 4.841342 | LR = 2.219950e-05 | grad_norm = 168.123722
  Batch 3013: loss = 0.010853 | LR = 2.219337e-05 | grad_norm = 3.794758
  Batch 3014: loss = 4.502042 | LR = 2.218725e-05 | grad_norm = 137.731054
  Batch 3015: loss = 4.661821 | LR = 2.218112e-05 | grad_norm = 231.626301
  Batch 3016: loss = 6.934580 | LR = 2.217499e-05 | grad_norm = 215.777913
  Batch 3017: loss = 0.387994 | LR = 2.216886e-05 | grad_norm = 68.784136
  Batch 3018: loss = 0.000427 | LR = 2.216273e-05 | grad_norm = 0.193019
  Batch 3019: loss = 7.217992 | LR = 2.215659e-05 | grad_norm = 146.104411
  Batch 3020: loss = 2.868550 | LR = 2.215046e-05 | grad_norm = 180.804988
  Batch 3021: loss = 4.643801 | LR = 2.214432e-05 | grad_norm = 262.436689
  Batch 3022: loss = 4.376179 | LR = 2.213819e-05 | grad_norm = 140.437584
  Batch 3023: loss = 5.632759 | LR = 2.213205e-05 | grad_norm = 186.515634
  Batch 3024: loss = 2.953619 | LR = 2.212591e-05 | grad_norm = 200.598567
  Batch 3025: loss = 2.792903 | LR = 2.211977e-05 | grad_norm = 181.132918
  Batch 3026: loss = 2.943195 | LR = 2.211363e-05 | grad_norm = 178.633376
  Batch 3027: loss = 3.233079 | LR = 2.210748e-05 | grad_norm = 187.878819
  Batch 3028: loss = 0.000068 | LR = 2.210134e-05 | grad_norm = 0.030040
  Batch 3029: loss = 2.244547 | LR = 2.209519e-05 | grad_norm = 269.850271
  Batch 3030: loss = 6.769565 | LR = 2.208905e-05 | grad_norm = 314.815227
  Batch 3031: loss = 0.000132 | LR = 2.208290e-05 | grad_norm = 0.059682
  Batch 3032: loss = 0.034703 | LR = 2.207675e-05 | grad_norm = 10.720999
  Batch 3033: loss = 0.000000 | LR = 2.207060e-05 | grad_norm = 0.000000
  Batch 3034: loss = 0.483060 | LR = 2.206445e-05 | grad_norm = 121.027688
  Batch 3035: loss = 4.650926 | LR = 2.205830e-05 | grad_norm = 231.928813
  Batch 3036: loss = 3.924949 | LR = 2.205214e-05 | grad_norm = 227.365975
  Batch 3037: loss = 0.000059 | LR = 2.204599e-05 | grad_norm = 0.020982
  Batch 3038: loss = 1.276525 | LR = 2.203983e-05 | grad_norm = 160.333948
  Batch 3039: loss = 3.889642 | LR = 2.203367e-05 | grad_norm = 115.010818
  Batch 3040: loss = 7.778875 | LR = 2.202752e-05 | grad_norm = 182.775950
  Batch 3041: loss = 7.883234 | LR = 2.202136e-05 | grad_norm = 121.336645
  Batch 3042: loss = 4.810564 | LR = 2.201519e-05 | grad_norm = 361.453161
  Batch 3043: loss = 3.641663 | LR = 2.200903e-05 | grad_norm = 253.967557
  Batch 3044: loss = 1.220247 | LR = 2.200287e-05 | grad_norm = 195.850632
  Batch 3045: loss = 0.000000 | LR = 2.199670e-05 | grad_norm = 0.000000
  Batch 3046: loss = 0.929937 | LR = 2.199054e-05 | grad_norm = 125.643516
  Batch 3047: loss = 4.316573 | LR = 2.198437e-05 | grad_norm = 159.918089
  Batch 3048: loss = 0.011829 | LR = 2.197820e-05 | grad_norm = 4.150524
  Batch 3049: loss = 2.705455 | LR = 2.197203e-05 | grad_norm = 149.436938
  Batch 3050: loss = 6.704065 | LR = 2.196586e-05 | grad_norm = 184.608670
  Batch 3051: loss = 0.000000 | LR = 2.195969e-05 | grad_norm = 0.000000
  Batch 3052: loss = 6.550519 | LR = 2.195352e-05 | grad_norm = 262.642834
  Batch 3053: loss = 5.398911 | LR = 2.194735e-05 | grad_norm = 252.194793
  Batch 3054: loss = 2.093983 | LR = 2.194117e-05 | grad_norm = 263.161703
  Batch 3055: loss = 0.764509 | LR = 2.193499e-05 | grad_norm = 105.472948
  Batch 3056: loss = 3.342370 | LR = 2.192882e-05 | grad_norm = 180.174331
  Batch 3057: loss = 0.019179 | LR = 2.192264e-05 | grad_norm = 4.197523
  Batch 3058: loss = 3.476620 | LR = 2.191646e-05 | grad_norm = 152.966627
  Batch 3059: loss = 0.582357 | LR = 2.191028e-05 | grad_norm = 187.373169
  Batch 3060: loss = 3.340198 | LR = 2.190409e-05 | grad_norm = 167.146230
  Batch 3061: loss = 4.970823 | LR = 2.189791e-05 | grad_norm = 224.709698
  Batch 3062: loss = 6.323242 | LR = 2.189173e-05 | grad_norm = 179.887087
  Batch 3063: loss = 3.724503 | LR = 2.188554e-05 | grad_norm = 167.252466
  Batch 3064: loss = 7.189397 | LR = 2.187935e-05 | grad_norm = 175.033061
  Batch 3065: loss = 6.102689 | LR = 2.187317e-05 | grad_norm = 183.413563
  Batch 3066: loss = 0.344501 | LR = 2.186698e-05 | grad_norm = 122.323135
  Batch 3067: loss = 1.674827 | LR = 2.186079e-05 | grad_norm = 379.767048
  Batch 3068: loss = 1.743271 | LR = 2.185459e-05 | grad_norm = 206.822046
  Batch 3069: loss = 0.000000 | LR = 2.184840e-05 | grad_norm = 0.000000
  Batch 3070: loss = 4.679811 | LR = 2.184221e-05 | grad_norm = 254.814399
  Batch 3071: loss = 0.000000 | LR = 2.183601e-05 | grad_norm = 0.000000
  Batch 3072: loss = 0.000293 | LR = 2.182982e-05 | grad_norm = 0.111369
  Batch 3073: loss = 4.155877 | LR = 2.182362e-05 | grad_norm = 225.554445
  Batch 3074: loss = 1.818408 | LR = 2.181742e-05 | grad_norm = 171.187564
  Batch 3075: loss = 4.396702 | LR = 2.181122e-05 | grad_norm = 195.005003
  Batch 3076: loss = 4.707027 | LR = 2.180502e-05 | grad_norm = 203.203298
  Batch 3077: loss = 0.241468 | LR = 2.179882e-05 | grad_norm = 55.905023
  Batch 3078: loss = 4.630753 | LR = 2.179261e-05 | grad_norm = 517.560469
  Batch 3079: loss = 1.901762 | LR = 2.178641e-05 | grad_norm = 224.579389
  Batch 3080: loss = 0.262290 | LR = 2.178020e-05 | grad_norm = 52.732654
  Batch 3081: loss = 3.951354 | LR = 2.177400e-05 | grad_norm = 201.323926
  Batch 3082: loss = 5.155263 | LR = 2.176779e-05 | grad_norm = 163.883464
  Batch 3083: loss = 6.299544 | LR = 2.176158e-05 | grad_norm = 183.473297
  Batch 3084: loss = 5.888629 | LR = 2.175537e-05 | grad_norm = 224.228218
  Batch 3085: loss = 0.078839 | LR = 2.174916e-05 | grad_norm = 26.591763
  Batch 3086: loss = 3.998337 | LR = 2.174295e-05 | grad_norm = 215.855447
  Batch 3087: loss = 4.220876 | LR = 2.173673e-05 | grad_norm = 218.167678
  Batch 3088: loss = 0.000446 | LR = 2.173052e-05 | grad_norm = 0.161639
  Batch 3089: loss = 7.158195 | LR = 2.172430e-05 | grad_norm = 160.567542
  Batch 3090: loss = 6.694537 | LR = 2.171809e-05 | grad_norm = 240.579076
  Batch 3091: loss = 4.328040 | LR = 2.171187e-05 | grad_norm = 183.187300
  Batch 3092: loss = 0.003563 | LR = 2.170565e-05 | grad_norm = 0.982244
  Batch 3093: loss = 6.482831 | LR = 2.169943e-05 | grad_norm = 212.932073
  Batch 3094: loss = 0.003142 | LR = 2.169321e-05 | grad_norm = 1.295497
  Batch 3095: loss = 0.001645 | LR = 2.168698e-05 | grad_norm = 0.641450
  Batch 3096: loss = 2.458758 | LR = 2.168076e-05 | grad_norm = 232.751041
  Batch 3097: loss = 0.541155 | LR = 2.167454e-05 | grad_norm = 183.387940
  Batch 3098: loss = 9.910084 | LR = 2.166831e-05 | grad_norm = 468.897996
  Batch 3099: loss = 7.433501 | LR = 2.166208e-05 | grad_norm = 248.085449
  Batch 3100: loss = 0.625815 | LR = 2.165585e-05 | grad_norm = 115.426437
  Batch 3101: loss = 1.440331 | LR = 2.164963e-05 | grad_norm = 147.075367
  Batch 3102: loss = 4.282021 | LR = 2.164339e-05 | grad_norm = 344.460103
  Batch 3103: loss = 0.000061 | LR = 2.163716e-05 | grad_norm = 0.023929
  Batch 3104: loss = 5.577450 | LR = 2.163093e-05 | grad_norm = 166.385382
  Batch 3105: loss = 0.000000 | LR = 2.162470e-05 | grad_norm = 0.000001
  Batch 3106: loss = 0.691805 | LR = 2.161846e-05 | grad_norm = 121.179992
  Batch 3107: loss = 0.928298 | LR = 2.161223e-05 | grad_norm = 154.487948
  Batch 3108: loss = 0.000000 | LR = 2.160599e-05 | grad_norm = 0.000054
  Batch 3109: loss = 0.000000 | LR = 2.159975e-05 | grad_norm = 0.000000
  Batch 3110: loss = 5.065639 | LR = 2.159351e-05 | grad_norm = 160.281663
  Batch 3111: loss = 5.861837 | LR = 2.158727e-05 | grad_norm = 189.695252
  Batch 3112: loss = 0.000245 | LR = 2.158103e-05 | grad_norm = 0.077589
  Batch 3113: loss = 7.335179 | LR = 2.157479e-05 | grad_norm = 246.341831
  Batch 3114: loss = 4.668749 | LR = 2.156854e-05 | grad_norm = 174.667146
  Batch 3115: loss = 7.787644 | LR = 2.156230e-05 | grad_norm = 690.403570
  Batch 3116: loss = 0.360701 | LR = 2.155605e-05 | grad_norm = 59.655263
  Batch 3117: loss = 2.810101 | LR = 2.154980e-05 | grad_norm = 154.487136
  Batch 3118: loss = 6.726710 | LR = 2.154355e-05 | grad_norm = 337.764960
  Batch 3119: loss = 4.308344 | LR = 2.153731e-05 | grad_norm = 186.401141
  Batch 3120: loss = 3.499440 | LR = 2.153105e-05 | grad_norm = 300.806133
  Batch 3121: loss = 3.594157 | LR = 2.152480e-05 | grad_norm = 253.395878
  Batch 3122: loss = 4.433125 | LR = 2.151855e-05 | grad_norm = 213.948961
  Batch 3123: loss = 4.584228 | LR = 2.151230e-05 | grad_norm = 229.167928
  Batch 3124: loss = 9.979241 | LR = 2.150604e-05 | grad_norm = 261.518249
  Batch 3125: loss = 2.896954 | LR = 2.149979e-05 | grad_norm = 206.292514
  Batch 3126: loss = 2.263144 | LR = 2.149353e-05 | grad_norm = 232.173219
  Batch 3127: loss = 4.475692 | LR = 2.148727e-05 | grad_norm = 154.055470
  Batch 3128: loss = 2.316520 | LR = 2.148101e-05 | grad_norm = 228.980121
  Batch 3129: loss = 0.003449 | LR = 2.147475e-05 | grad_norm = 1.158303
  Batch 3130: loss = 6.005572 | LR = 2.146849e-05 | grad_norm = 131.589827
  Batch 3131: loss = 6.008062 | LR = 2.146223e-05 | grad_norm = 180.338036
  Batch 3132: loss = 1.201458 | LR = 2.145596e-05 | grad_norm = 141.083591
  Batch 3133: loss = 0.062176 | LR = 2.144970e-05 | grad_norm = 16.377228
  Batch 3134: loss = 0.530574 | LR = 2.144343e-05 | grad_norm = 99.581237
  Batch 3135: loss = 2.884023 | LR = 2.143716e-05 | grad_norm = 154.930973
  Batch 3136: loss = 0.000036 | LR = 2.143090e-05 | grad_norm = 0.015733
  Batch 3137: loss = 2.708669 | LR = 2.142463e-05 | grad_norm = 215.374062
  Batch 3138: loss = 5.314791 | LR = 2.141836e-05 | grad_norm = 170.331797
  Batch 3139: loss = 5.635212 | LR = 2.141209e-05 | grad_norm = 175.886291
  Batch 3140: loss = 3.505761 | LR = 2.140581e-05 | grad_norm = 188.623604
  Batch 3141: loss = 7.401916 | LR = 2.139954e-05 | grad_norm = 236.362216
  Batch 3142: loss = 7.036159 | LR = 2.139327e-05 | grad_norm = 300.641812
  Batch 3143: loss = 9.881011 | LR = 2.138699e-05 | grad_norm = 400.301696
  Batch 3144: loss = 4.194596 | LR = 2.138071e-05 | grad_norm = 222.953958
  Batch 3145: loss = 3.297644 | LR = 2.137443e-05 | grad_norm = 232.224524
  Batch 3146: loss = 4.584122 | LR = 2.136816e-05 | grad_norm = 169.360216
  Batch 3147: loss = 7.570447 | LR = 2.136188e-05 | grad_norm = 267.885547
  Batch 3148: loss = 4.033757 | LR = 2.135560e-05 | grad_norm = 254.761200
  Batch 3149: loss = 6.153672 | LR = 2.134931e-05 | grad_norm = 248.467281
  Batch 3150: loss = 3.275899 | LR = 2.134303e-05 | grad_norm = 167.990009
  Batch 3151: loss = 5.076766 | LR = 2.133675e-05 | grad_norm = 160.960606
  Batch 3152: loss = 0.884935 | LR = 2.133046e-05 | grad_norm = 135.507080
  Batch 3153: loss = 6.970638 | LR = 2.132417e-05 | grad_norm = 169.769897
  Batch 3154: loss = 1.599579 | LR = 2.131789e-05 | grad_norm = 256.740597
  Batch 3155: loss = 6.411565 | LR = 2.131160e-05 | grad_norm = 70.776495
  Batch 3156: loss = 1.889119 | LR = 2.130531e-05 | grad_norm = 191.165724
  Batch 3157: loss = 3.496580 | LR = 2.129902e-05 | grad_norm = 132.837023
  Batch 3158: loss = 5.985429 | LR = 2.129273e-05 | grad_norm = 101.474671
  Batch 3159: loss = 3.563831 | LR = 2.128643e-05 | grad_norm = 172.627237
  Batch 3160: loss = 2.649772 | LR = 2.128014e-05 | grad_norm = 171.034448
  Batch 3161: loss = 5.355628 | LR = 2.127385e-05 | grad_norm = 135.992182
  Batch 3162: loss = 5.645146 | LR = 2.126755e-05 | grad_norm = 348.380230
  Batch 3163: loss = 4.757232 | LR = 2.126125e-05 | grad_norm = 127.252115
  Batch 3164: loss = 2.486305 | LR = 2.125495e-05 | grad_norm = 213.543818
  Batch 3165: loss = 7.672360 | LR = 2.124866e-05 | grad_norm = 533.354664
  Batch 3166: loss = 6.495971 | LR = 2.124236e-05 | grad_norm = 199.735103
  Batch 3167: loss = 6.055092 | LR = 2.123605e-05 | grad_norm = 220.566230
  Batch 3168: loss = 5.230955 | LR = 2.122975e-05 | grad_norm = 347.980684
  Batch 3169: loss = 6.661695 | LR = 2.122345e-05 | grad_norm = 190.563718
  Batch 3170: loss = 1.970150 | LR = 2.121714e-05 | grad_norm = 229.506795
  Batch 3171: loss = 4.803479 | LR = 2.121084e-05 | grad_norm = 189.988071
  Batch 3172: loss = 0.244985 | LR = 2.120453e-05 | grad_norm = 60.709618
  Batch 3173: loss = 2.452940 | LR = 2.119823e-05 | grad_norm = 178.549519
  Batch 3174: loss = 0.000031 | LR = 2.119192e-05 | grad_norm = 0.014098
  Batch 3175: loss = 3.644548 | LR = 2.118561e-05 | grad_norm = 123.414693
  Batch 3176: loss = 2.781402 | LR = 2.117930e-05 | grad_norm = 138.121491
  Batch 3177: loss = 2.106398 | LR = 2.117299e-05 | grad_norm = 132.107864
  Batch 3178: loss = 5.974588 | LR = 2.116667e-05 | grad_norm = 97.621107
  Batch 3179: loss = 0.710333 | LR = 2.116036e-05 | grad_norm = 111.166151
  Batch 3180: loss = 0.003845 | LR = 2.115404e-05 | grad_norm = 1.254422
  Batch 3181: loss = 6.610530 | LR = 2.114773e-05 | grad_norm = 133.147099
  Batch 3182: loss = 1.731176 | LR = 2.114141e-05 | grad_norm = 188.056284
  Batch 3183: loss = 4.246453 | LR = 2.113509e-05 | grad_norm = 213.768763
  Batch 3184: loss = 3.804694 | LR = 2.112878e-05 | grad_norm = 205.352339
  Batch 3185: loss = 3.636719 | LR = 2.112246e-05 | grad_norm = 162.708143
  Batch 3186: loss = 2.649621 | LR = 2.111613e-05 | grad_norm = 214.478573
  Batch 3187: loss = 6.577289 | LR = 2.110981e-05 | grad_norm = 292.107673
  Batch 3188: loss = 6.130084 | LR = 2.110349e-05 | grad_norm = 213.529923
  Batch 3189: loss = 1.975684 | LR = 2.109717e-05 | grad_norm = 183.782099
  Batch 3190: loss = 6.317267 | LR = 2.109084e-05 | grad_norm = 116.654310
  Batch 3191: loss = 0.412794 | LR = 2.108452e-05 | grad_norm = 113.371542
  Batch 3192: loss = 2.947658 | LR = 2.107819e-05 | grad_norm = 141.585052
  Batch 3193: loss = 5.631293 | LR = 2.107186e-05 | grad_norm = 135.733893
  Batch 3194: loss = 1.239810 | LR = 2.106553e-05 | grad_norm = 143.540571
  Batch 3195: loss = 3.961222 | LR = 2.105920e-05 | grad_norm = 319.373233
  Batch 3196: loss = 5.890094 | LR = 2.105287e-05 | grad_norm = 153.533011
  Batch 3197: loss = 6.269245 | LR = 2.104654e-05 | grad_norm = 150.141439
  Batch 3198: loss = 0.512554 | LR = 2.104020e-05 | grad_norm = 73.327032
  Batch 3199: loss = 1.134091 | LR = 2.103387e-05 | grad_norm = 186.064603
  Batch 3200: loss = 7.251961 | LR = 2.102754e-05 | grad_norm = 152.449056
  Batch 3201: loss = 4.174834 | LR = 2.102120e-05 | grad_norm = 99.859706
  Batch 3202: loss = 5.688908 | LR = 2.101486e-05 | grad_norm = 204.091224
  Batch 3203: loss = 1.943336 | LR = 2.100852e-05 | grad_norm = 195.835597
  Batch 3204: loss = 4.680068 | LR = 2.100219e-05 | grad_norm = 193.156770
  Batch 3205: loss = 5.290280 | LR = 2.099585e-05 | grad_norm = 126.639186
  Batch 3206: loss = 2.546577 | LR = 2.098950e-05 | grad_norm = 143.377483
  Batch 3207: loss = 4.248216 | LR = 2.098316e-05 | grad_norm = 221.494264
  Batch 3208: loss = 3.378131 | LR = 2.097682e-05 | grad_norm = 136.567871
  Batch 3209: loss = 3.260617 | LR = 2.097047e-05 | grad_norm = 168.331476
  Batch 3210: loss = 1.792118 | LR = 2.096413e-05 | grad_norm = 112.124366
  Batch 3211: loss = 4.911349 | LR = 2.095778e-05 | grad_norm = 144.630112
  Batch 3212: loss = 3.428804 | LR = 2.095144e-05 | grad_norm = 155.335186
  Batch 3213: loss = 1.357243 | LR = 2.094509e-05 | grad_norm = 147.851994
  Batch 3214: loss = 2.974880 | LR = 2.093874e-05 | grad_norm = 142.912240
  Batch 3215: loss = 0.193676 | LR = 2.093239e-05 | grad_norm = 44.248808
  Batch 3216: loss = 2.756517 | LR = 2.092604e-05 | grad_norm = 164.976955
  Batch 3217: loss = 2.611318 | LR = 2.091969e-05 | grad_norm = 154.032298
  Batch 3218: loss = 4.473889 | LR = 2.091333e-05 | grad_norm = 164.958917
  Batch 3219: loss = 7.154983 | LR = 2.090698e-05 | grad_norm = 203.599338
  Batch 3220: loss = 4.049911 | LR = 2.090062e-05 | grad_norm = 163.200403
  Batch 3221: loss = 7.691960 | LR = 2.089427e-05 | grad_norm = 211.870452
  Batch 3222: loss = 5.001220 | LR = 2.088791e-05 | grad_norm = 204.622873
  Batch 3223: loss = 5.460818 | LR = 2.088155e-05 | grad_norm = 214.576023
  Batch 3224: loss = 1.771091 | LR = 2.087519e-05 | grad_norm = 161.894919
  Batch 3225: loss = 3.030254 | LR = 2.086883e-05 | grad_norm = 147.124952
  Batch 3226: loss = 0.238350 | LR = 2.086247e-05 | grad_norm = 53.998026
  Batch 3227: loss = 3.851077 | LR = 2.085611e-05 | grad_norm = 139.429608
  Batch 3228: loss = 12.309633 | LR = 2.084975e-05 | grad_norm = 413.164266
  Batch 3229: loss = 4.335595 | LR = 2.084338e-05 | grad_norm = 225.495984
  Batch 3230: loss = 5.317272 | LR = 2.083702e-05 | grad_norm = 128.935298
  Batch 3231: loss = 0.106767 | LR = 2.083065e-05 | grad_norm = 21.986363
  Batch 3232: loss = 0.721916 | LR = 2.082429e-05 | grad_norm = 199.538621
  Batch 3233: loss = 2.300502 | LR = 2.081792e-05 | grad_norm = 194.620046
  Batch 3234: loss = 0.000000 | LR = 2.081155e-05 | grad_norm = 0.000002
  Batch 3235: loss = 3.566652 | LR = 2.080518e-05 | grad_norm = 176.884967
  Batch 3236: loss = 3.642412 | LR = 2.079881e-05 | grad_norm = 113.605449
  Batch 3237: loss = 5.468806 | LR = 2.079244e-05 | grad_norm = 136.853711
  Batch 3238: loss = 5.634726 | LR = 2.078607e-05 | grad_norm = 143.983156
  Batch 3239: loss = 4.486791 | LR = 2.077969e-05 | grad_norm = 159.059399
  Batch 3240: loss = 0.051001 | LR = 2.077332e-05 | grad_norm = 13.585577
  Batch 3241: loss = 2.714667 | LR = 2.076694e-05 | grad_norm = 200.096915
  Batch 3242: loss = 4.604373 | LR = 2.076057e-05 | grad_norm = 174.532493
  Batch 3243: loss = 0.003673 | LR = 2.075419e-05 | grad_norm = 0.982694
  Batch 3244: loss = 5.997782 | LR = 2.074781e-05 | grad_norm = 184.875760
  Batch 3245: loss = 3.481138 | LR = 2.074143e-05 | grad_norm = 148.560127
  Batch 3246: loss = 0.001548 | LR = 2.073505e-05 | grad_norm = 0.770561
  Batch 3247: loss = 0.000000 | LR = 2.072867e-05 | grad_norm = 0.000018
  Batch 3248: loss = 3.602545 | LR = 2.072229e-05 | grad_norm = 161.155795
  Batch 3249: loss = 7.947577 | LR = 2.071590e-05 | grad_norm = 201.160459
  Batch 3250: loss = 5.364349 | LR = 2.070952e-05 | grad_norm = 136.715738
  Batch 3251: loss = 5.960609 | LR = 2.070313e-05 | grad_norm = 211.624279
  Batch 3252: loss = 0.000005 | LR = 2.069675e-05 | grad_norm = 0.001865
  Batch 3253: loss = 0.654023 | LR = 2.069036e-05 | grad_norm = 131.526410
  Batch 3254: loss = 5.798260 | LR = 2.068397e-05 | grad_norm = 142.816064
  Batch 3255: loss = 2.460977 | LR = 2.067758e-05 | grad_norm = 168.871854
  Batch 3256: loss = 0.000000 | LR = 2.067120e-05 | grad_norm = 0.000060
  Batch 3257: loss = 6.947986 | LR = 2.066480e-05 | grad_norm = 134.234324
  Batch 3258: loss = 5.955483 | LR = 2.065841e-05 | grad_norm = 137.425322
  Batch 3259: loss = 0.000000 | LR = 2.065202e-05 | grad_norm = 0.000000
  Batch 3260: loss = 5.721236 | LR = 2.064563e-05 | grad_norm = 236.332634
  Batch 3261: loss = 1.095225 | LR = 2.063923e-05 | grad_norm = 167.837610
  Batch 3262: loss = 0.026883 | LR = 2.063284e-05 | grad_norm = 9.168308
  Batch 3263: loss = 0.937568 | LR = 2.062644e-05 | grad_norm = 118.777717
  Batch 3264: loss = 2.205169 | LR = 2.062004e-05 | grad_norm = 173.514732
  Batch 3265: loss = 6.967455 | LR = 2.061365e-05 | grad_norm = 151.997031
  Batch 3266: loss = 6.095450 | LR = 2.060725e-05 | grad_norm = 122.689112
  Batch 3267: loss = 0.076486 | LR = 2.060085e-05 | grad_norm = 17.844340
  Batch 3268: loss = 2.676040 | LR = 2.059444e-05 | grad_norm = 232.709971
  Batch 3269: loss = 0.000000 | LR = 2.058804e-05 | grad_norm = 0.000006
  Batch 3270: loss = 4.980045 | LR = 2.058164e-05 | grad_norm = 150.254112
  Batch 3271: loss = 3.507096 | LR = 2.057524e-05 | grad_norm = 226.021546
  Batch 3272: loss = 5.167543 | LR = 2.056883e-05 | grad_norm = 188.645219
  Batch 3273: loss = 1.548927 | LR = 2.056243e-05 | grad_norm = 291.646381
  Batch 3274: loss = 4.762803 | LR = 2.055602e-05 | grad_norm = 348.680883
  Batch 3275: loss = 4.112724 | LR = 2.054961e-05 | grad_norm = 243.251659
  Batch 3276: loss = 6.833739 | LR = 2.054320e-05 | grad_norm = 111.919665
  Batch 3277: loss = 1.868450 | LR = 2.053679e-05 | grad_norm = 189.298431
  Batch 3278: loss = 5.042278 | LR = 2.053038e-05 | grad_norm = 153.062373
  Batch 3279: loss = 0.220980 | LR = 2.052397e-05 | grad_norm = 31.315233
  Batch 3280: loss = 4.551362 | LR = 2.051756e-05 | grad_norm = 164.546168
  Batch 3281: loss = 3.772060 | LR = 2.051115e-05 | grad_norm = 374.881975
  Batch 3282: loss = 2.782822 | LR = 2.050473e-05 | grad_norm = 181.892390
  Batch 3283: loss = 0.239534 | LR = 2.049832e-05 | grad_norm = 69.970450
  Batch 3284: loss = 11.575266 | LR = 2.049190e-05 | grad_norm = 310.123504
  Batch 3285: loss = 2.347970 | LR = 2.048549e-05 | grad_norm = 178.690623
  Batch 3286: loss = 5.950117 | LR = 2.047907e-05 | grad_norm = 199.357450
  Batch 3287: loss = 2.885734 | LR = 2.047265e-05 | grad_norm = 183.761565
  Batch 3288: loss = 0.000000 | LR = 2.046623e-05 | grad_norm = 0.000000
  Batch 3289: loss = 8.011441 | LR = 2.045981e-05 | grad_norm = 162.895512
  Batch 3290: loss = 6.349660 | LR = 2.045339e-05 | grad_norm = 229.882320
  Batch 3291: loss = 1.994923 | LR = 2.044697e-05 | grad_norm = 204.813501
  Batch 3292: loss = 1.265647 | LR = 2.044055e-05 | grad_norm = 186.436179
  Batch 3293: loss = 0.004972 | LR = 2.043412e-05 | grad_norm = 1.662605
  Batch 3294: loss = 7.127223 | LR = 2.042770e-05 | grad_norm = 175.817109
  Batch 3295: loss = 2.370682 | LR = 2.042127e-05 | grad_norm = 165.180211
  Batch 3296: loss = 0.000004 | LR = 2.041484e-05 | grad_norm = 0.002377
  Batch 3297: loss = 0.815095 | LR = 2.040842e-05 | grad_norm = 146.435472
  Batch 3298: loss = 3.766016 | LR = 2.040199e-05 | grad_norm = 156.764962
  Batch 3299: loss = 5.254134 | LR = 2.039556e-05 | grad_norm = 164.913424
  Batch 3300: loss = 0.000368 | LR = 2.038913e-05 | grad_norm = 0.149677
  Batch 3301: loss = 0.000017 | LR = 2.038270e-05 | grad_norm = 0.009612
  Batch 3302: loss = 6.629397 | LR = 2.037627e-05 | grad_norm = 192.225339
  Batch 3303: loss = 4.548898 | LR = 2.036983e-05 | grad_norm = 135.181413
  Batch 3304: loss = 2.072033 | LR = 2.036340e-05 | grad_norm = 183.677342
  Batch 3305: loss = 2.932949 | LR = 2.035697e-05 | grad_norm = 138.414892
  Batch 3306: loss = 4.480445 | LR = 2.035053e-05 | grad_norm = 202.360927
  Batch 3307: loss = 2.157067 | LR = 2.034409e-05 | grad_norm = 247.577762
  Batch 3308: loss = 4.181360 | LR = 2.033766e-05 | grad_norm = 162.628596
  Batch 3309: loss = 4.206091 | LR = 2.033122e-05 | grad_norm = 167.069163
  Batch 3310: loss = 0.014646 | LR = 2.032478e-05 | grad_norm = 4.036122
  Batch 3311: loss = 5.882933 | LR = 2.031834e-05 | grad_norm = 218.245927
  Batch 3312: loss = 2.387754 | LR = 2.031190e-05 | grad_norm = 200.454578
  Batch 3313: loss = 1.749564 | LR = 2.030546e-05 | grad_norm = 271.487591
  Batch 3314: loss = 3.565453 | LR = 2.029902e-05 | grad_norm = 260.826295
  Batch 3315: loss = 0.000000 | LR = 2.029257e-05 | grad_norm = 0.000137
  Batch 3316: loss = 0.000016 | LR = 2.028613e-05 | grad_norm = 0.006539
  Batch 3317: loss = 4.264901 | LR = 2.027968e-05 | grad_norm = 166.074077
  Batch 3318: loss = 7.259077 | LR = 2.027324e-05 | grad_norm = 236.807172
  Batch 3319: loss = 6.368870 | LR = 2.026679e-05 | grad_norm = 163.229379
  Batch 3320: loss = 4.210129 | LR = 2.026034e-05 | grad_norm = 161.799355
  Batch 3321: loss = 5.649415 | LR = 2.025389e-05 | grad_norm = 203.758744
  Batch 3322: loss = 2.980739 | LR = 2.024744e-05 | grad_norm = 144.679470
  Batch 3323: loss = 1.646639 | LR = 2.024099e-05 | grad_norm = 212.850836
  Batch 3324: loss = 6.381422 | LR = 2.023454e-05 | grad_norm = 149.038781
  Batch 3325: loss = 2.456536 | LR = 2.022809e-05 | grad_norm = 166.939062
  Batch 3326: loss = 2.231021 | LR = 2.022164e-05 | grad_norm = 167.915465
  Batch 3327: loss = 3.639465 | LR = 2.021519e-05 | grad_norm = 314.217734
  Batch 3328: loss = 0.827093 | LR = 2.020873e-05 | grad_norm = 159.926893
  Batch 3329: loss = 4.946059 | LR = 2.020228e-05 | grad_norm = 149.417467
  Batch 3330: loss = 5.452842 | LR = 2.019582e-05 | grad_norm = 206.838812
  Batch 3331: loss = 2.272442 | LR = 2.018936e-05 | grad_norm = 252.780332
  Batch 3332: loss = 6.331347 | LR = 2.018290e-05 | grad_norm = 221.541495
  Batch 3333: loss = 4.391246 | LR = 2.017644e-05 | grad_norm = 181.501243
  Batch 3334: loss = 5.066615 | LR = 2.016999e-05 | grad_norm = 161.002062
  Batch 3335: loss = 0.012334 | LR = 2.016352e-05 | grad_norm = 4.281403
  Batch 3336: loss = 0.842389 | LR = 2.015706e-05 | grad_norm = 234.525293
  Batch 3337: loss = 2.560503 | LR = 2.015060e-05 | grad_norm = 204.191488
  Batch 3338: loss = 2.083600 | LR = 2.014414e-05 | grad_norm = 225.985624
  Batch 3339: loss = 0.032965 | LR = 2.013767e-05 | grad_norm = 8.110537
  Batch 3340: loss = 4.936701 | LR = 2.013121e-05 | grad_norm = 565.261655
  Batch 3341: loss = 3.292109 | LR = 2.012474e-05 | grad_norm = 180.686722
  Batch 3342: loss = 4.512282 | LR = 2.011828e-05 | grad_norm = 213.251619
  Batch 3343: loss = 5.521473 | LR = 2.011181e-05 | grad_norm = 275.433192
  Batch 3344: loss = 0.000049 | LR = 2.010534e-05 | grad_norm = 0.016695
  Batch 3345: loss = 5.321428 | LR = 2.009887e-05 | grad_norm = 183.533783
  Batch 3346: loss = 0.000000 | LR = 2.009240e-05 | grad_norm = 0.000013
  Batch 3347: loss = 4.242218 | LR = 2.008593e-05 | grad_norm = 267.344955
  Batch 3348: loss = 7.671075 | LR = 2.007946e-05 | grad_norm = 253.885556
  Batch 3349: loss = 1.692956 | LR = 2.007299e-05 | grad_norm = 163.537375
  Batch 3350: loss = 5.245478 | LR = 2.006652e-05 | grad_norm = 192.482160
  Batch 3351: loss = 0.003346 | LR = 2.006004e-05 | grad_norm = 1.021977
  Batch 3352: loss = 2.052085 | LR = 2.005357e-05 | grad_norm = 161.357966
  Batch 3353: loss = 1.424034 | LR = 2.004709e-05 | grad_norm = 187.161930
  Batch 3354: loss = 0.024121 | LR = 2.004062e-05 | grad_norm = 7.975559
  Batch 3355: loss = 3.365799 | LR = 2.003414e-05 | grad_norm = 205.287819
  Batch 3356: loss = 0.885986 | LR = 2.002766e-05 | grad_norm = 136.447235
  Batch 3357: loss = 5.989157 | LR = 2.002118e-05 | grad_norm = 202.557721
  Batch 3358: loss = 6.357677 | LR = 2.001470e-05 | grad_norm = 199.765287
  Batch 3359: loss = 3.954916 | LR = 2.000822e-05 | grad_norm = 240.228964
  Batch 3360: loss = 2.307952 | LR = 2.000174e-05 | grad_norm = 207.668523
  Batch 3361: loss = 4.600041 | LR = 1.999526e-05 | grad_norm = 249.451138
  Batch 3362: loss = 4.056240 | LR = 1.998877e-05 | grad_norm = 188.248852
  Batch 3363: loss = 6.504301 | LR = 1.998229e-05 | grad_norm = 228.029932
  Batch 3364: loss = 1.032556 | LR = 1.997581e-05 | grad_norm = 146.276196
  Batch 3365: loss = 4.349041 | LR = 1.996932e-05 | grad_norm = 129.926140
  Batch 3366: loss = 0.447430 | LR = 1.996283e-05 | grad_norm = 96.796686
  Batch 3367: loss = 5.709768 | LR = 1.995635e-05 | grad_norm = 210.845028
  Batch 3368: loss = 7.163528 | LR = 1.994986e-05 | grad_norm = 180.280793
  Batch 3369: loss = 5.509417 | LR = 1.994337e-05 | grad_norm = 186.968412
  Batch 3370: loss = 4.616190 | LR = 1.993688e-05 | grad_norm = 120.484506
  Batch 3371: loss = 2.464479 | LR = 1.993039e-05 | grad_norm = 186.540746
  Batch 3372: loss = 3.683666 | LR = 1.992390e-05 | grad_norm = 230.515707
  Batch 3373: loss = 1.796526 | LR = 1.991741e-05 | grad_norm = 147.527150
  Batch 3374: loss = 6.263243 | LR = 1.991092e-05 | grad_norm = 170.452652
  Batch 3375: loss = 0.164389 | LR = 1.990442e-05 | grad_norm = 37.820938
  Batch 3376: loss = 4.635583 | LR = 1.989793e-05 | grad_norm = 238.854082
  Batch 3377: loss = 2.384153 | LR = 1.989143e-05 | grad_norm = 134.064592
  Batch 3378: loss = 0.000000 | LR = 1.988494e-05 | grad_norm = 0.000118
  Batch 3379: loss = 5.048742 | LR = 1.987844e-05 | grad_norm = 118.377062
  Batch 3380: loss = 1.283766 | LR = 1.987194e-05 | grad_norm = 174.766383
  Batch 3381: loss = 1.285066 | LR = 1.986544e-05 | grad_norm = 394.295707
  Batch 3382: loss = 5.145420 | LR = 1.985895e-05 | grad_norm = 179.253126
  Batch 3383: loss = 2.975283 | LR = 1.985245e-05 | grad_norm = 157.140946
  Batch 3384: loss = 8.425761 | LR = 1.984595e-05 | grad_norm = 330.942777
  Batch 3385: loss = 5.208193 | LR = 1.983944e-05 | grad_norm = 222.601518
  Batch 3386: loss = 0.377305 | LR = 1.983294e-05 | grad_norm = 68.632808
  Batch 3387: loss = 3.406894 | LR = 1.982644e-05 | grad_norm = 223.975320
  Batch 3388: loss = 0.000001 | LR = 1.981993e-05 | grad_norm = 0.000428
  Batch 3389: loss = 3.952733 | LR = 1.981343e-05 | grad_norm = 177.819738
  Batch 3390: loss = 5.974635 | LR = 1.980693e-05 | grad_norm = 265.098299
  Batch 3391: loss = 0.330613 | LR = 1.980042e-05 | grad_norm = 78.920402
  Batch 3392: loss = 0.000000 | LR = 1.979391e-05 | grad_norm = 0.000008
  Batch 3393: loss = 0.010133 | LR = 1.978740e-05 | grad_norm = 2.771416
  Batch 3394: loss = 3.451710 | LR = 1.978090e-05 | grad_norm = 191.123300
  Batch 3395: loss = 0.000000 | LR = 1.977439e-05 | grad_norm = 0.000012
  Batch 3396: loss = 0.010085 | LR = 1.976788e-05 | grad_norm = 3.274572
  Batch 3397: loss = 3.495044 | LR = 1.976137e-05 | grad_norm = 143.495701
  Batch 3398: loss = 3.598791 | LR = 1.975485e-05 | grad_norm = 108.809653
  Batch 3399: loss = 3.523795 | LR = 1.974834e-05 | grad_norm = 108.646951
  Batch 3400: loss = 0.159748 | LR = 1.974183e-05 | grad_norm = 33.080482
  Batch 3401: loss = 1.499026 | LR = 1.973532e-05 | grad_norm = 205.034567
  Batch 3402: loss = 5.932967 | LR = 1.972880e-05 | grad_norm = 176.160514
  Batch 3403: loss = 5.191480 | LR = 1.972229e-05 | grad_norm = 147.753250
  Batch 3404: loss = 6.734123 | LR = 1.971577e-05 | grad_norm = 174.128997
  Batch 3405: loss = 0.000005 | LR = 1.970925e-05 | grad_norm = 0.002034
  Batch 3406: loss = 5.275640 | LR = 1.970273e-05 | grad_norm = 334.623873
  Batch 3407: loss = 7.122214 | LR = 1.969622e-05 | grad_norm = 166.989956
  Batch 3408: loss = 6.477541 | LR = 1.968970e-05 | grad_norm = 179.922367
  Batch 3409: loss = 5.155362 | LR = 1.968318e-05 | grad_norm = 229.530186
  Batch 3410: loss = 3.020304 | LR = 1.967666e-05 | grad_norm = 282.572583
  Batch 3411: loss = 6.456276 | LR = 1.967013e-05 | grad_norm = 192.609922
  Batch 3412: loss = 5.769076 | LR = 1.966361e-05 | grad_norm = 306.383863
  Batch 3413: loss = 1.561243 | LR = 1.965709e-05 | grad_norm = 226.152442
  Batch 3414: loss = 5.064673 | LR = 1.965057e-05 | grad_norm = 152.988512
  Batch 3415: loss = 0.000000 | LR = 1.964404e-05 | grad_norm = 0.000006
  Batch 3416: loss = 3.616627 | LR = 1.963752e-05 | grad_norm = 158.686225
  Batch 3417: loss = 4.454690 | LR = 1.963099e-05 | grad_norm = 208.581242
  Batch 3418: loss = 2.467534 | LR = 1.962446e-05 | grad_norm = 167.700703
  Batch 3419: loss = 1.386732 | LR = 1.961794e-05 | grad_norm = 269.167399
  Batch 3420: loss = 6.452668 | LR = 1.961141e-05 | grad_norm = 163.125935
  Batch 3421: loss = 5.726988 | LR = 1.960488e-05 | grad_norm = 142.117635
  Batch 3422: loss = 4.664708 | LR = 1.959835e-05 | grad_norm = 159.092637
  Batch 3423: loss = 0.002743 | LR = 1.959182e-05 | grad_norm = 0.912473
  Batch 3424: loss = 2.961696 | LR = 1.958529e-05 | grad_norm = 225.365225
  Batch 3425: loss = 1.130202 | LR = 1.957876e-05 | grad_norm = 147.472453
  Batch 3426: loss = 6.485424 | LR = 1.957222e-05 | grad_norm = 168.288817
  Batch 3427: loss = 3.584150 | LR = 1.956569e-05 | grad_norm = 266.636017
  Batch 3428: loss = 2.991399 | LR = 1.955915e-05 | grad_norm = 145.036183
  Batch 3429: loss = 3.114722 | LR = 1.955262e-05 | grad_norm = 253.278496
  Batch 3430: loss = 5.307688 | LR = 1.954608e-05 | grad_norm = 164.248450
  Batch 3431: loss = 1.438847 | LR = 1.953955e-05 | grad_norm = 143.823987
  Batch 3432: loss = 8.689750 | LR = 1.953301e-05 | grad_norm = 226.379556
  Batch 3433: loss = 2.486354 | LR = 1.952647e-05 | grad_norm = 204.642726
  Batch 3434: loss = 3.834117 | LR = 1.951993e-05 | grad_norm = 125.238211
  Batch 3435: loss = 3.723974 | LR = 1.951340e-05 | grad_norm = 245.578860
  Batch 3436: loss = 3.072370 | LR = 1.950686e-05 | grad_norm = 155.710658
  Batch 3437: loss = 2.823795 | LR = 1.950031e-05 | grad_norm = 153.386027
  Batch 3438: loss = 3.747510 | LR = 1.949377e-05 | grad_norm = 338.349745
  Batch 3439: loss = 6.170321 | LR = 1.948723e-05 | grad_norm = 113.958916
  Batch 3440: loss = 6.551174 | LR = 1.948069e-05 | grad_norm = 178.020857
  Batch 3441: loss = 0.045761 | LR = 1.947414e-05 | grad_norm = 12.676404
  Batch 3442: loss = 1.955301 | LR = 1.946760e-05 | grad_norm = 183.444708
  Batch 3443: loss = 0.424617 | LR = 1.946106e-05 | grad_norm = 75.471041
  Batch 3444: loss = 0.017999 | LR = 1.945451e-05 | grad_norm = 5.259809
  Batch 3445: loss = 6.123783 | LR = 1.944796e-05 | grad_norm = 202.702874
  Batch 3446: loss = 9.733930 | LR = 1.944142e-05 | grad_norm = 291.653520
  Batch 3447: loss = 1.565532 | LR = 1.943487e-05 | grad_norm = 123.013239
  Batch 3448: loss = 3.807569 | LR = 1.942832e-05 | grad_norm = 126.218236
  Batch 3449: loss = 1.575509 | LR = 1.942177e-05 | grad_norm = 147.552884
  Batch 3450: loss = 7.243692 | LR = 1.941522e-05 | grad_norm = 293.064164
  Batch 3451: loss = 5.359204 | LR = 1.940867e-05 | grad_norm = 246.796993
  Batch 3452: loss = 8.151492 | LR = 1.940212e-05 | grad_norm = 352.598279
  Batch 3453: loss = 4.378399 | LR = 1.939557e-05 | grad_norm = 196.884779
  Batch 3454: loss = 3.013428 | LR = 1.938901e-05 | grad_norm = 215.155132
  Batch 3455: loss = 4.404091 | LR = 1.938246e-05 | grad_norm = 171.453443
  Batch 3456: loss = 3.322819 | LR = 1.937590e-05 | grad_norm = 169.767782
  Batch 3457: loss = 0.000000 | LR = 1.936935e-05 | grad_norm = 0.000000
  Batch 3458: loss = 2.833179 | LR = 1.936279e-05 | grad_norm = 176.491551
  Batch 3459: loss = 4.018592 | LR = 1.935624e-05 | grad_norm = 529.027336
  Batch 3460: loss = 8.496898 | LR = 1.934968e-05 | grad_norm = 255.066013
  Batch 3461: loss = 3.802480 | LR = 1.934312e-05 | grad_norm = 96.308058
  Batch 3462: loss = 3.188424 | LR = 1.933656e-05 | grad_norm = 336.774765
  Batch 3463: loss = 2.138137 | LR = 1.933001e-05 | grad_norm = 222.427635
  Batch 3464: loss = 6.599648 | LR = 1.932345e-05 | grad_norm = 194.366968
  Batch 3465: loss = 0.000000 | LR = 1.931689e-05 | grad_norm = 0.000001
  Batch 3466: loss = 1.380211 | LR = 1.931032e-05 | grad_norm = 182.747254
  Batch 3467: loss = 2.288880 | LR = 1.930376e-05 | grad_norm = 189.747259
  Batch 3468: loss = 5.755598 | LR = 1.929720e-05 | grad_norm = 169.895782
  Batch 3469: loss = 4.621451 | LR = 1.929064e-05 | grad_norm = 172.186586
  Batch 3470: loss = 5.108174 | LR = 1.928407e-05 | grad_norm = 278.790481
  Batch 3471: loss = 7.341422 | LR = 1.927751e-05 | grad_norm = 191.709866
  Batch 3472: loss = 3.216423 | LR = 1.927094e-05 | grad_norm = 191.946080
  Batch 3473: loss = 5.816384 | LR = 1.926438e-05 | grad_norm = 203.320821
  Batch 3474: loss = 3.996409 | LR = 1.925781e-05 | grad_norm = 225.513344
  Batch 3475: loss = 6.516851 | LR = 1.925124e-05 | grad_norm = 134.531562
  Batch 3476: loss = 0.134533 | LR = 1.924467e-05 | grad_norm = 34.215977
  Batch 3477: loss = 5.756712 | LR = 1.923811e-05 | grad_norm = 184.585963
  Batch 3478: loss = 5.824481 | LR = 1.923154e-05 | grad_norm = 138.201694
  Batch 3479: loss = 4.310246 | LR = 1.922497e-05 | grad_norm = 109.444171
  Batch 3480: loss = 7.326015 | LR = 1.921840e-05 | grad_norm = 169.726233
  Batch 3481: loss = 6.358892 | LR = 1.921182e-05 | grad_norm = 167.659519
  Batch 3482: loss = 5.229807 | LR = 1.920525e-05 | grad_norm = 169.290157
  Batch 3483: loss = 5.857676 | LR = 1.919868e-05 | grad_norm = 146.880990
  Batch 3484: loss = 0.000001 | LR = 1.919211e-05 | grad_norm = 0.000289
  Batch 3485: loss = 5.953815 | LR = 1.918553e-05 | grad_norm = 67.489707
  Batch 3486: loss = 0.967567 | LR = 1.917896e-05 | grad_norm = 134.531601
  Batch 3487: loss = 2.750308 | LR = 1.917238e-05 | grad_norm = 214.175879
  Batch 3488: loss = 5.877035 | LR = 1.916581e-05 | grad_norm = 100.763475
  Batch 3489: loss = 3.883936 | LR = 1.915923e-05 | grad_norm = 221.089411
  Batch 3490: loss = 7.339454 | LR = 1.915265e-05 | grad_norm = 136.321976
  Batch 3491: loss = 1.462999 | LR = 1.914607e-05 | grad_norm = 119.654150
  Batch 3492: loss = 6.382120 | LR = 1.913949e-05 | grad_norm = 155.822646
  Batch 3493: loss = 1.288735 | LR = 1.913292e-05 | grad_norm = 214.208050
  Batch 3494: loss = 0.000000 | LR = 1.912634e-05 | grad_norm = 0.000000
  Batch 3495: loss = 3.211521 | LR = 1.911975e-05 | grad_norm = 209.065681
  Batch 3496: loss = 3.331218 | LR = 1.911317e-05 | grad_norm = 121.808901
  Batch 3497: loss = 1.564413 | LR = 1.910659e-05 | grad_norm = 133.020519
  Batch 3498: loss = 3.182847 | LR = 1.910001e-05 | grad_norm = 178.017621
  Batch 3499: loss = 6.140643 | LR = 1.909343e-05 | grad_norm = 209.399983
  Batch 3500: loss = 0.000002 | LR = 1.908684e-05 | grad_norm = 0.000969
  Batch 3501: loss = 0.802183 | LR = 1.908026e-05 | grad_norm = 119.353622
  Batch 3502: loss = 0.000234 | LR = 1.907367e-05 | grad_norm = 0.070456
  Batch 3503: loss = 5.041342 | LR = 1.906709e-05 | grad_norm = 130.551257
  Batch 3504: loss = 0.609172 | LR = 1.906050e-05 | grad_norm = 105.346323
  Batch 3505: loss = 0.607524 | LR = 1.905391e-05 | grad_norm = 117.307028
  Batch 3506: loss = 2.076456 | LR = 1.904732e-05 | grad_norm = 164.273220
  Batch 3507: loss = 3.336708 | LR = 1.904074e-05 | grad_norm = 209.153469
  Batch 3508: loss = 8.773890 | LR = 1.903415e-05 | grad_norm = 327.470206
  Batch 3509: loss = 0.717533 | LR = 1.902756e-05 | grad_norm = 96.753675
  Batch 3510: loss = 0.004630 | LR = 1.902097e-05 | grad_norm = 1.595743
  Batch 3511: loss = 4.480963 | LR = 1.901438e-05 | grad_norm = 218.806944
  Batch 3512: loss = 0.008259 | LR = 1.900778e-05 | grad_norm = 2.566199
  Batch 3513: loss = 3.578163 | LR = 1.900119e-05 | grad_norm = 176.827300
  Batch 3514: loss = 6.691178 | LR = 1.899460e-05 | grad_norm = 226.251741
  Batch 3515: loss = 4.100662 | LR = 1.898801e-05 | grad_norm = 109.364858
  Batch 3516: loss = 4.244248 | LR = 1.898141e-05 | grad_norm = 131.186002
  Batch 3517: loss = 9.306273 | LR = 1.897482e-05 | grad_norm = 219.523666
  Batch 3518: loss = 4.861690 | LR = 1.896822e-05 | grad_norm = 142.417704
  Batch 3519: loss = 2.229463 | LR = 1.896163e-05 | grad_norm = 233.264638
  Batch 3520: loss = 0.460656 | LR = 1.895503e-05 | grad_norm = 72.857074
  Batch 3521: loss = 7.313169 | LR = 1.894843e-05 | grad_norm = 194.102247
  Batch 3522: loss = 4.180440 | LR = 1.894183e-05 | grad_norm = 114.732941
  Batch 3523: loss = 4.265627 | LR = 1.893524e-05 | grad_norm = 231.876024
  Batch 3524: loss = 4.979823 | LR = 1.892864e-05 | grad_norm = 163.740636
  Batch 3525: loss = 1.681277 | LR = 1.892204e-05 | grad_norm = 178.991258
  Batch 3526: loss = 5.245145 | LR = 1.891544e-05 | grad_norm = 99.588016
  Batch 3527: loss = 0.410797 | LR = 1.890884e-05 | grad_norm = 109.603062
  Batch 3528: loss = 5.986940 | LR = 1.890223e-05 | grad_norm = 246.920218
  Batch 3529: loss = 4.674424 | LR = 1.889563e-05 | grad_norm = 173.637815
  Batch 3530: loss = 3.926276 | LR = 1.888903e-05 | grad_norm = 218.610269
  Batch 3531: loss = 2.972727 | LR = 1.888243e-05 | grad_norm = 179.173634
  Batch 3532: loss = 4.436373 | LR = 1.887582e-05 | grad_norm = 113.803440
  Batch 3533: loss = 4.851173 | LR = 1.886922e-05 | grad_norm = 120.812373
  Batch 3534: loss = 5.274508 | LR = 1.886261e-05 | grad_norm = 134.538973
  Batch 3535: loss = 4.870529 | LR = 1.885601e-05 | grad_norm = 148.096797
  Batch 3536: loss = 9.867085 | LR = 1.884940e-05 | grad_norm = 310.685199
  Batch 3537: loss = 4.642214 | LR = 1.884279e-05 | grad_norm = 169.076618
  Batch 3538: loss = 3.743349 | LR = 1.883618e-05 | grad_norm = 180.696750
  Batch 3539: loss = 3.572230 | LR = 1.882958e-05 | grad_norm = 168.644906
  Batch 3540: loss = 4.702435 | LR = 1.882297e-05 | grad_norm = 140.434438
  Batch 3541: loss = 5.447539 | LR = 1.881636e-05 | grad_norm = 220.901002
  Batch 3542: loss = 6.351548 | LR = 1.880975e-05 | grad_norm = 260.025623
  Batch 3543: loss = 0.503336 | LR = 1.880314e-05 | grad_norm = 89.404466
  Batch 3544: loss = 4.462212 | LR = 1.879653e-05 | grad_norm = 137.716620
  Batch 3545: loss = 3.764550 | LR = 1.878991e-05 | grad_norm = 227.726304
  Batch 3546: loss = 4.820522 | LR = 1.878330e-05 | grad_norm = 147.503931
  Batch 3547: loss = 4.123598 | LR = 1.877669e-05 | grad_norm = 277.208869
  Batch 3548: loss = 6.515393 | LR = 1.877008e-05 | grad_norm = 202.359319
  Batch 3549: loss = 2.313819 | LR = 1.876346e-05 | grad_norm = 195.529340
  Batch 3550: loss = 2.676613 | LR = 1.875685e-05 | grad_norm = 146.765942
  Batch 3551: loss = 4.081204 | LR = 1.875023e-05 | grad_norm = 130.849633
  Batch 3552: loss = 7.375027 | LR = 1.874362e-05 | grad_norm = 357.679610
  Batch 3553: loss = 2.540522 | LR = 1.873700e-05 | grad_norm = 141.176889
  Batch 3554: loss = 1.891524 | LR = 1.873038e-05 | grad_norm = 128.128108
  Batch 3555: loss = 1.704911 | LR = 1.872376e-05 | grad_norm = 220.569810
  Batch 3556: loss = 0.740971 | LR = 1.871715e-05 | grad_norm = 107.648377
  Batch 3557: loss = 1.345909 | LR = 1.871053e-05 | grad_norm = 145.630259
  Batch 3558: loss = 4.818192 | LR = 1.870391e-05 | grad_norm = 276.015812
  Batch 3559: loss = 3.155290 | LR = 1.869729e-05 | grad_norm = 152.087216
  Batch 3560: loss = 5.321504 | LR = 1.869067e-05 | grad_norm = 137.377840
  Batch 3561: loss = 0.052389 | LR = 1.868405e-05 | grad_norm = 12.474735
  Batch 3562: loss = 4.508623 | LR = 1.867743e-05 | grad_norm = 140.539013
  Batch 3563: loss = 0.019292 | LR = 1.867080e-05 | grad_norm = 5.699166
  Batch 3564: loss = 6.315881 | LR = 1.866418e-05 | grad_norm = 128.989019
  Batch 3565: loss = 5.960681 | LR = 1.865756e-05 | grad_norm = 134.560711
  Batch 3566: loss = 3.184238 | LR = 1.865093e-05 | grad_norm = 128.423668
  Batch 3567: loss = 3.011198 | LR = 1.864431e-05 | grad_norm = 173.297916
  Batch 3568: loss = 5.703482 | LR = 1.863768e-05 | grad_norm = 188.304465
  Batch 3569: loss = 0.716802 | LR = 1.863106e-05 | grad_norm = 130.569484
  Batch 3570: loss = 6.564067 | LR = 1.862443e-05 | grad_norm = 175.615481
  Batch 3571: loss = 6.655693 | LR = 1.861780e-05 | grad_norm = 162.697759
  Batch 3572: loss = 3.692228 | LR = 1.861118e-05 | grad_norm = 186.454509
  Batch 3573: loss = 0.067088 | LR = 1.860455e-05 | grad_norm = 14.827049
  Batch 3574: loss = 3.058687 | LR = 1.859792e-05 | grad_norm = 219.848623
  Batch 3575: loss = 6.661648 | LR = 1.859129e-05 | grad_norm = 199.733992
  Batch 3576: loss = 6.464165 | LR = 1.858466e-05 | grad_norm = 180.909636
  Batch 3577: loss = 6.404030 | LR = 1.857803e-05 | grad_norm = 149.995622
  Batch 3578: loss = 1.258996 | LR = 1.857140e-05 | grad_norm = 129.362192
  Batch 3579: loss = 3.482050 | LR = 1.856477e-05 | grad_norm = 210.212785
  Batch 3580: loss = 6.443431 | LR = 1.855814e-05 | grad_norm = 135.889808
  Batch 3581: loss = 10.132331 | LR = 1.855151e-05 | grad_norm = 277.352748
  Batch 3582: loss = 5.109737 | LR = 1.854487e-05 | grad_norm = 184.230216
  Batch 3583: loss = 3.855366 | LR = 1.853824e-05 | grad_norm = 140.444190
  Batch 3584: loss = 1.760641 | LR = 1.853161e-05 | grad_norm = 152.692709
  Batch 3585: loss = 2.757668 | LR = 1.852497e-05 | grad_norm = 218.962740
  Batch 3586: loss = 3.223341 | LR = 1.851834e-05 | grad_norm = 232.408026
  Batch 3587: loss = 4.169228 | LR = 1.851170e-05 | grad_norm = 126.079963
  Batch 3588: loss = 3.166813 | LR = 1.850507e-05 | grad_norm = 164.995662
  Batch 3589: loss = 0.002267 | LR = 1.849843e-05 | grad_norm = 0.524386
  Batch 3590: loss = 2.999740 | LR = 1.849179e-05 | grad_norm = 188.565852
  Batch 3591: loss = 5.657961 | LR = 1.848515e-05 | grad_norm = 105.483325
  Batch 3592: loss = 5.876563 | LR = 1.847852e-05 | grad_norm = 327.550981
  Batch 3593: loss = 3.597531 | LR = 1.847188e-05 | grad_norm = 168.297383
  Batch 3594: loss = 3.401937 | LR = 1.846524e-05 | grad_norm = 145.778247
  Batch 3595: loss = 1.534401 | LR = 1.845860e-05 | grad_norm = 201.296938
  Batch 3596: loss = 7.620667 | LR = 1.845196e-05 | grad_norm = 193.494386
  Batch 3597: loss = 2.331314 | LR = 1.844532e-05 | grad_norm = 213.100364
  Batch 3598: loss = 7.377704 | LR = 1.843868e-05 | grad_norm = 163.844403
  Batch 3599: loss = 0.432658 | LR = 1.843203e-05 | grad_norm = 110.355082
  Batch 3600: loss = 0.236536 | LR = 1.842539e-05 | grad_norm = 38.345003
  Batch 3601: loss = 3.336826 | LR = 1.841875e-05 | grad_norm = 163.871175
  Batch 3602: loss = 2.200755 | LR = 1.841210e-05 | grad_norm = 196.057674
  Batch 3603: loss = 4.215499 | LR = 1.840546e-05 | grad_norm = 161.355002
  Batch 3604: loss = 2.116020 | LR = 1.839882e-05 | grad_norm = 125.926049
  Batch 3605: loss = 0.021183 | LR = 1.839217e-05 | grad_norm = 4.840766
  Batch 3606: loss = 0.000150 | LR = 1.838553e-05 | grad_norm = 0.077530
  Batch 3607: loss = 4.691710 | LR = 1.837888e-05 | grad_norm = 152.584535
  Batch 3608: loss = 8.206046 | LR = 1.837223e-05 | grad_norm = 248.127815
  Batch 3609: loss = 7.854451 | LR = 1.836559e-05 | grad_norm = 125.730374
  Batch 3610: loss = 0.040047 | LR = 1.835894e-05 | grad_norm = 13.880093
  Batch 3611: loss = 2.828615 | LR = 1.835229e-05 | grad_norm = 176.971985
  Batch 3612: loss = 3.536290 | LR = 1.834564e-05 | grad_norm = 124.994153
  Batch 3613: loss = 5.238629 | LR = 1.833899e-05 | grad_norm = 231.905784
  Batch 3614: loss = 1.334772 | LR = 1.833234e-05 | grad_norm = 161.855928
  Batch 3615: loss = 5.695395 | LR = 1.832569e-05 | grad_norm = 154.209899
  Batch 3616: loss = 3.453126 | LR = 1.831904e-05 | grad_norm = 167.327942
  Batch 3617: loss = 3.056255 | LR = 1.831239e-05 | grad_norm = 176.527248
  Batch 3618: loss = 2.294959 | LR = 1.830574e-05 | grad_norm = 201.640375
  Batch 3619: loss = 1.247395 | LR = 1.829909e-05 | grad_norm = 155.275755
  Batch 3620: loss = 1.895641 | LR = 1.829243e-05 | grad_norm = 185.663936
  Batch 3621: loss = 7.665945 | LR = 1.828578e-05 | grad_norm = 252.147866
  Batch 3622: loss = 1.770362 | LR = 1.827913e-05 | grad_norm = 210.388028
  Batch 3623: loss = 7.379785 | LR = 1.827247e-05 | grad_norm = 183.330700
  Batch 3624: loss = 2.702621 | LR = 1.826582e-05 | grad_norm = 170.104937
  Batch 3625: loss = 0.001577 | LR = 1.825916e-05 | grad_norm = 0.548755
  Batch 3626: loss = 3.499373 | LR = 1.825251e-05 | grad_norm = 164.973119
  Batch 3627: loss = 0.007151 | LR = 1.824585e-05 | grad_norm = 2.015428
  Batch 3628: loss = 3.108979 | LR = 1.823919e-05 | grad_norm = 165.047056
  Batch 3629: loss = 0.000181 | LR = 1.823254e-05 | grad_norm = 0.062775
  Batch 3630: loss = 2.026323 | LR = 1.822588e-05 | grad_norm = 160.797228
  Batch 3631: loss = 3.373573 | LR = 1.821922e-05 | grad_norm = 235.681444
  Batch 3632: loss = 0.063281 | LR = 1.821256e-05 | grad_norm = 12.603069
  Batch 3633: loss = 0.326491 | LR = 1.820590e-05 | grad_norm = 90.739080
  Batch 3634: loss = 6.653743 | LR = 1.819924e-05 | grad_norm = 151.428495
  Batch 3635: loss = 3.874754 | LR = 1.819258e-05 | grad_norm = 170.758484
  Batch 3636: loss = 0.116570 | LR = 1.818592e-05 | grad_norm = 28.229742
  Batch 3637: loss = 3.426459 | LR = 1.817926e-05 | grad_norm = 120.735425
  Batch 3638: loss = 3.710481 | LR = 1.817260e-05 | grad_norm = 327.220267
  Batch 3639: loss = 1.503389 | LR = 1.816594e-05 | grad_norm = 221.373056
  Batch 3640: loss = 3.662144 | LR = 1.815928e-05 | grad_norm = 300.672989
  Batch 3641: loss = 2.637668 | LR = 1.815261e-05 | grad_norm = 234.751284
  Batch 3642: loss = 4.631379 | LR = 1.814595e-05 | grad_norm = 369.032361
  Batch 3643: loss = 0.001448 | LR = 1.813929e-05 | grad_norm = 0.570192
  Batch 3644: loss = 0.343310 | LR = 1.813262e-05 | grad_norm = 86.349861
  Batch 3645: loss = 0.000460 | LR = 1.812596e-05 | grad_norm = 0.152614
  Batch 3646: loss = 3.876689 | LR = 1.811929e-05 | grad_norm = 165.510589
  Batch 3647: loss = 2.585121 | LR = 1.811263e-05 | grad_norm = 144.034269
  Batch 3648: loss = 5.435744 | LR = 1.810596e-05 | grad_norm = 234.659281
  Batch 3649: loss = 5.448542 | LR = 1.809929e-05 | grad_norm = 258.989815
  Batch 3650: loss = 0.020811 | LR = 1.809263e-05 | grad_norm = 6.494004
  Batch 3651: loss = 5.710395 | LR = 1.808596e-05 | grad_norm = 163.888647
  Batch 3652: loss = 1.482057 | LR = 1.807929e-05 | grad_norm = 159.687830
  Batch 3653: loss = 1.684486 | LR = 1.807262e-05 | grad_norm = 139.011278
  Batch 3654: loss = 2.900525 | LR = 1.806595e-05 | grad_norm = 166.553270
  Batch 3655: loss = 4.538208 | LR = 1.805928e-05 | grad_norm = 119.986839
  Batch 3656: loss = 6.726639 | LR = 1.805261e-05 | grad_norm = 356.181091
  Batch 3657: loss = 3.044045 | LR = 1.804594e-05 | grad_norm = 191.671889
  Batch 3658: loss = 0.111964 | LR = 1.803927e-05 | grad_norm = 29.567355
  Batch 3659: loss = 3.054399 | LR = 1.803260e-05 | grad_norm = 324.360785
  Batch 3660: loss = 6.447033 | LR = 1.802593e-05 | grad_norm = 165.775229
  Batch 3661: loss = 4.060372 | LR = 1.801926e-05 | grad_norm = 147.235787
  Batch 3662: loss = 0.007952 | LR = 1.801259e-05 | grad_norm = 2.224679
  Batch 3663: loss = 4.342244 | LR = 1.800591e-05 | grad_norm = 266.674426
  Batch 3664: loss = 0.359263 | LR = 1.799924e-05 | grad_norm = 73.625741
  Batch 3665: loss = 3.768481 | LR = 1.799257e-05 | grad_norm = 159.572427
  Batch 3666: loss = 5.521207 | LR = 1.798589e-05 | grad_norm = 159.258364
  Batch 3667: loss = 4.338934 | LR = 1.797922e-05 | grad_norm = 198.955462
  Batch 3668: loss = 4.285662 | LR = 1.797254e-05 | grad_norm = 228.859343
  Batch 3669: loss = 0.000000 | LR = 1.796587e-05 | grad_norm = 0.000000
  Batch 3670: loss = 4.336458 | LR = 1.795919e-05 | grad_norm = 171.313068
  Batch 3671: loss = 8.815921 | LR = 1.795251e-05 | grad_norm = 289.940689
  Batch 3672: loss = 10.688757 | LR = 1.794584e-05 | grad_norm = 336.237480
  Batch 3673: loss = 0.000000 | LR = 1.793916e-05 | grad_norm = 0.000000
  Batch 3674: loss = 11.409532 | LR = 1.793248e-05 | grad_norm = 309.298135
  Batch 3675: loss = 0.514789 | LR = 1.792580e-05 | grad_norm = 96.812802
  Batch 3676: loss = 1.342526 | LR = 1.791912e-05 | grad_norm = 136.505517
  Batch 3677: loss = 11.031960 | LR = 1.791245e-05 | grad_norm = 477.601510
  Batch 3678: loss = 0.001784 | LR = 1.790577e-05 | grad_norm = 0.669295
  Batch 3679: loss = 5.014540 | LR = 1.789909e-05 | grad_norm = 165.587163
  Batch 3680: loss = 0.006000 | LR = 1.789241e-05 | grad_norm = 2.071694
  Batch 3681: loss = 7.092580 | LR = 1.788572e-05 | grad_norm = 234.265136
  Batch 3682: loss = 5.796702 | LR = 1.787904e-05 | grad_norm = 224.652588
  Batch 3683: loss = 4.932594 | LR = 1.787236e-05 | grad_norm = 217.981266
  Batch 3684: loss = 4.275662 | LR = 1.786568e-05 | grad_norm = 140.548318
  Batch 3685: loss = 4.039454 | LR = 1.785900e-05 | grad_norm = 260.188618
  Batch 3686: loss = 0.099085 | LR = 1.785231e-05 | grad_norm = 23.362776
  Batch 3687: loss = 1.275927 | LR = 1.784563e-05 | grad_norm = 174.281063
  Batch 3688: loss = 1.531627 | LR = 1.783895e-05 | grad_norm = 137.964925
  Batch 3689: loss = 0.315559 | LR = 1.783226e-05 | grad_norm = 65.281843
  Batch 3690: loss = 5.050620 | LR = 1.782558e-05 | grad_norm = 115.696853
  Batch 3691: loss = 5.551387 | LR = 1.781889e-05 | grad_norm = 155.332581
  Batch 3692: loss = 0.003458 | LR = 1.781221e-05 | grad_norm = 1.086834
  Batch 3693: loss = 1.177846 | LR = 1.780552e-05 | grad_norm = 129.758298
  Batch 3694: loss = 1.959946 | LR = 1.779884e-05 | grad_norm = 141.370719
  Batch 3695: loss = 0.165145 | LR = 1.779215e-05 | grad_norm = 39.747887
  Batch 3696: loss = 8.442680 | LR = 1.778546e-05 | grad_norm = 187.827402
  Batch 3697: loss = 11.067887 | LR = 1.777878e-05 | grad_norm = 323.423314
  Batch 3698: loss = 6.076658 | LR = 1.777209e-05 | grad_norm = 284.346165
  Batch 3699: loss = 3.876170 | LR = 1.776540e-05 | grad_norm = 271.771600
  Batch 3700: loss = 2.482187 | LR = 1.775871e-05 | grad_norm = 178.441908
  Batch 3701: loss = 4.795142 | LR = 1.775202e-05 | grad_norm = 183.664094
  Batch 3702: loss = 4.148141 | LR = 1.774533e-05 | grad_norm = 220.317135
  Batch 3703: loss = 0.003563 | LR = 1.773864e-05 | grad_norm = 0.793882
  Batch 3704: loss = 1.896708 | LR = 1.773195e-05 | grad_norm = 234.275523
  Batch 3705: loss = 5.133822 | LR = 1.772526e-05 | grad_norm = 179.863736
  Batch 3706: loss = 6.872088 | LR = 1.771857e-05 | grad_norm = 397.664120
  Batch 3707: loss = 3.581045 | LR = 1.771188e-05 | grad_norm = 162.843101
  Batch 3708: loss = 0.000519 | LR = 1.770519e-05 | grad_norm = 0.269251
  Batch 3709: loss = 3.174791 | LR = 1.769850e-05 | grad_norm = 278.351860
  Batch 3710: loss = 6.744199 | LR = 1.769180e-05 | grad_norm = 197.087947
  Batch 3711: loss = 4.167426 | LR = 1.768511e-05 | grad_norm = 159.728478
  Batch 3712: loss = 0.999584 | LR = 1.767842e-05 | grad_norm = 147.186319
  Batch 3713: loss = 8.666582 | LR = 1.767172e-05 | grad_norm = 155.123255
  Batch 3714: loss = 3.655053 | LR = 1.766503e-05 | grad_norm = 216.709695
  Batch 3715: loss = 0.032204 | LR = 1.765834e-05 | grad_norm = 9.842074
  Batch 3716: loss = 3.799132 | LR = 1.765164e-05 | grad_norm = 264.959260
  Batch 3717: loss = 3.779559 | LR = 1.764495e-05 | grad_norm = 122.465472
  Batch 3718: loss = 5.151992 | LR = 1.763825e-05 | grad_norm = 205.641473
  Batch 3719: loss = 5.108402 | LR = 1.763155e-05 | grad_norm = 113.482715
  Batch 3720: loss = 2.286025 | LR = 1.762486e-05 | grad_norm = 191.914864
  Batch 3721: loss = 5.893495 | LR = 1.761816e-05 | grad_norm = 248.032572
  Batch 3722: loss = 6.230095 | LR = 1.761146e-05 | grad_norm = 403.563892
  Batch 3723: loss = 3.453289 | LR = 1.760477e-05 | grad_norm = 143.826642
  Batch 3724: loss = 4.326641 | LR = 1.759807e-05 | grad_norm = 185.888370
  Batch 3725: loss = 4.444573 | LR = 1.759137e-05 | grad_norm = 160.282318
  Batch 3726: loss = 3.510017 | LR = 1.758467e-05 | grad_norm = 120.996818
  Batch 3727: loss = 6.167616 | LR = 1.757797e-05 | grad_norm = 201.783730
  Batch 3728: loss = 0.845520 | LR = 1.757127e-05 | grad_norm = 103.514178
  Batch 3729: loss = 5.906021 | LR = 1.756457e-05 | grad_norm = 202.103857
  Batch 3730: loss = 1.097481 | LR = 1.755787e-05 | grad_norm = 202.519009
  Batch 3731: loss = 1.592752 | LR = 1.755117e-05 | grad_norm = 162.063401
  Batch 3732: loss = 4.508988 | LR = 1.754447e-05 | grad_norm = 183.453491
  Batch 3733: loss = 2.025802 | LR = 1.753777e-05 | grad_norm = 176.248680
  Batch 3734: loss = 2.583052 | LR = 1.753107e-05 | grad_norm = 213.053235
  Batch 3735: loss = 3.137707 | LR = 1.752437e-05 | grad_norm = 241.538969
  Batch 3736: loss = 4.753474 | LR = 1.751767e-05 | grad_norm = 218.565224
  Batch 3737: loss = 7.018167 | LR = 1.751096e-05 | grad_norm = 226.483184
  Batch 3738: loss = 7.450111 | LR = 1.750426e-05 | grad_norm = 261.553044
  Batch 3739: loss = 1.460094 | LR = 1.749756e-05 | grad_norm = 158.314795
  Batch 3740: loss = 0.082178 | LR = 1.749085e-05 | grad_norm = 25.139403
  Batch 3741: loss = 2.461842 | LR = 1.748415e-05 | grad_norm = 246.056664
  Batch 3742: loss = 0.087247 | LR = 1.747745e-05 | grad_norm = 24.310526
  Batch 3743: loss = 4.852135 | LR = 1.747074e-05 | grad_norm = 236.831673
  Batch 3744: loss = 5.388240 | LR = 1.746404e-05 | grad_norm = 276.019750
  Batch 3745: loss = 3.738898 | LR = 1.745733e-05 | grad_norm = 585.299911
  Batch 3746: loss = 4.042036 | LR = 1.745063e-05 | grad_norm = 185.626490
  Batch 3747: loss = 0.000000 | LR = 1.744392e-05 | grad_norm = 0.000008
  Batch 3748: loss = 2.990963 | LR = 1.743721e-05 | grad_norm = 349.686138
  Batch 3749: loss = 1.207118 | LR = 1.743051e-05 | grad_norm = 123.143351
  Batch 3750: loss = 6.723578 | LR = 1.742380e-05 | grad_norm = 166.540646
  Batch 3751: loss = 4.475119 | LR = 1.741709e-05 | grad_norm = 194.815449
  Batch 3752: loss = 0.285999 | LR = 1.741038e-05 | grad_norm = 57.482475
  Batch 3753: loss = 2.624671 | LR = 1.740368e-05 | grad_norm = 321.529512
  Batch 3754: loss = 4.309963 | LR = 1.739697e-05 | grad_norm = 178.959932
  Batch 3755: loss = 7.741084 | LR = 1.739026e-05 | grad_norm = 289.746057
  Batch 3756: loss = 5.534825 | LR = 1.738355e-05 | grad_norm = 244.284465
  Batch 3757: loss = 4.669432 | LR = 1.737684e-05 | grad_norm = 155.477032
  Batch 3758: loss = 0.519938 | LR = 1.737013e-05 | grad_norm = 90.596404
  Batch 3759: loss = 0.128762 | LR = 1.736342e-05 | grad_norm = 30.949844
  Batch 3760: loss = 2.890056 | LR = 1.735671e-05 | grad_norm = 137.848864
  Batch 3761: loss = 9.081095 | LR = 1.735000e-05 | grad_norm = 473.614885
  Batch 3762: loss = 0.000000 | LR = 1.734329e-05 | grad_norm = 0.000000
  Batch 3763: loss = 1.978644 | LR = 1.733658e-05 | grad_norm = 149.141615
  Batch 3764: loss = 5.749396 | LR = 1.732987e-05 | grad_norm = 165.709282
  Batch 3765: loss = 0.537329 | LR = 1.732316e-05 | grad_norm = 95.040328
  Batch 3766: loss = 0.000000 | LR = 1.731644e-05 | grad_norm = 0.000220
  Batch 3767: loss = 0.000000 | LR = 1.730973e-05 | grad_norm = 0.000000
  Batch 3768: loss = 2.601647 | LR = 1.730302e-05 | grad_norm = 194.820238
  Batch 3769: loss = 7.932514 | LR = 1.729630e-05 | grad_norm = 185.920151
  Batch 3770: loss = 3.139026 | LR = 1.728959e-05 | grad_norm = 157.649244
  Batch 3771: loss = 1.876253 | LR = 1.728288e-05 | grad_norm = 270.687039
  Batch 3772: loss = 0.000155 | LR = 1.727616e-05 | grad_norm = 0.082795
  Batch 3773: loss = 5.273170 | LR = 1.726945e-05 | grad_norm = 141.251371
  Batch 3774: loss = 6.765962 | LR = 1.726273e-05 | grad_norm = 152.972836
  Batch 3775: loss = 8.499674 | LR = 1.725602e-05 | grad_norm = 269.800479
  Batch 3776: loss = 0.193052 | LR = 1.724930e-05 | grad_norm = 47.947714
  Batch 3777: loss = 6.758023 | LR = 1.724259e-05 | grad_norm = 133.987419
  Batch 3778: loss = 0.084414 | LR = 1.723587e-05 | grad_norm = 33.406111
  Batch 3779: loss = 0.556641 | LR = 1.722916e-05 | grad_norm = 107.076877
  Batch 3780: loss = 1.787620 | LR = 1.722244e-05 | grad_norm = 93.730832
  Batch 3781: loss = 0.000000 | LR = 1.721572e-05 | grad_norm = 0.000056
  Batch 3782: loss = 4.039517 | LR = 1.720901e-05 | grad_norm = 148.382147
  Batch 3783: loss = 4.721237 | LR = 1.720229e-05 | grad_norm = 169.794426
  Batch 3784: loss = 0.240247 | LR = 1.719557e-05 | grad_norm = 51.331609
  Batch 3785: loss = 0.000000 | LR = 1.718885e-05 | grad_norm = 0.000000
  Batch 3786: loss = 2.466887 | LR = 1.718213e-05 | grad_norm = 235.107662
  Batch 3787: loss = 5.587503 | LR = 1.717542e-05 | grad_norm = 245.311216
  Batch 3788: loss = 2.839581 | LR = 1.716870e-05 | grad_norm = 171.975538
  Batch 3789: loss = 1.589837 | LR = 1.716198e-05 | grad_norm = 183.305003
  Batch 3790: loss = 0.000000 | LR = 1.715526e-05 | grad_norm = 0.000000
  Batch 3791: loss = 3.472479 | LR = 1.714854e-05 | grad_norm = 133.312092
  Batch 3792: loss = 3.305834 | LR = 1.714182e-05 | grad_norm = 167.484920
  Batch 3793: loss = 4.551204 | LR = 1.713510e-05 | grad_norm = 237.343921
  Batch 3794: loss = 0.418911 | LR = 1.712838e-05 | grad_norm = 91.693618
  Batch 3795: loss = 0.122500 | LR = 1.712166e-05 | grad_norm = 40.982240
  Batch 3796: loss = 4.047050 | LR = 1.711494e-05 | grad_norm = 232.248217
  Batch 3797: loss = 2.574068 | LR = 1.710821e-05 | grad_norm = 156.597849
  Batch 3798: loss = 0.007980 | LR = 1.710149e-05 | grad_norm = 2.636379
  Batch 3799: loss = 4.040977 | LR = 1.709477e-05 | grad_norm = 227.120417
  Batch 3800: loss = 0.814521 | LR = 1.708805e-05 | grad_norm = 190.543493
  Batch 3801: loss = 3.087969 | LR = 1.708133e-05 | grad_norm = 211.959685
  Batch 3802: loss = 3.770379 | LR = 1.707460e-05 | grad_norm = 121.594796
  Batch 3803: loss = 11.820943 | LR = 1.706788e-05 | grad_norm = 339.611845
  Batch 3804: loss = 2.062249 | LR = 1.706116e-05 | grad_norm = 311.480735
  Batch 3805: loss = 0.570002 | LR = 1.705443e-05 | grad_norm = 157.392457
  Batch 3806: loss = 4.024232 | LR = 1.704771e-05 | grad_norm = 168.570272
  Batch 3807: loss = 12.036467 | LR = 1.704098e-05 | grad_norm = 338.454305
  Batch 3808: loss = 3.117891 | LR = 1.703426e-05 | grad_norm = 343.147545
  Batch 3809: loss = 4.442821 | LR = 1.702754e-05 | grad_norm = 390.256569
  Batch 3810: loss = 5.191176 | LR = 1.702081e-05 | grad_norm = 274.129163
  Batch 3811: loss = 4.404805 | LR = 1.701409e-05 | grad_norm = 260.511925
  Batch 3812: loss = 3.465894 | LR = 1.700736e-05 | grad_norm = 176.488090
  Batch 3813: loss = 5.156421 | LR = 1.700063e-05 | grad_norm = 175.797370
  Batch 3814: loss = 2.392655 | LR = 1.699391e-05 | grad_norm = 218.553073
  Batch 3815: loss = 2.530933 | LR = 1.698718e-05 | grad_norm = 199.388275
  Batch 3816: loss = 3.998732 | LR = 1.698046e-05 | grad_norm = 147.435072
  Batch 3817: loss = 3.533021 | LR = 1.697373e-05 | grad_norm = 184.500026
  Batch 3818: loss = 0.022186 | LR = 1.696700e-05 | grad_norm = 6.866683
  Batch 3819: loss = 5.770584 | LR = 1.696027e-05 | grad_norm = 179.224189
  Batch 3820: loss = 5.439043 | LR = 1.695355e-05 | grad_norm = 212.906271
  Batch 3821: loss = 6.945557 | LR = 1.694682e-05 | grad_norm = 164.914921
  Batch 3822: loss = 0.684285 | LR = 1.694009e-05 | grad_norm = 110.756075
  Batch 3823: loss = 2.368151 | LR = 1.693336e-05 | grad_norm = 197.302384
  Batch 3824: loss = 1.783950 | LR = 1.692663e-05 | grad_norm = 129.070135
  Batch 3825: loss = 0.638038 | LR = 1.691991e-05 | grad_norm = 111.998457
  Batch 3826: loss = 7.550863 | LR = 1.691318e-05 | grad_norm = 161.309826
Epoch 1: Average loss = 4.3007, Train Acc = 19.60%, Duration = 108.81s
Validation Acc = 48.55% (14861/30607)
  Batch 1: loss = 0.097257 | LR = 1.690645e-05 | grad_norm = 20.192242
  Batch 2: loss = 3.544982 | LR = 1.689972e-05 | grad_norm = 286.733798
  Batch 3: loss = 6.392596 | LR = 1.689299e-05 | grad_norm = 87.270845
  Batch 4: loss = 2.008509 | LR = 1.688626e-05 | grad_norm = 231.934792
  Batch 5: loss = 4.212433 | LR = 1.687953e-05 | grad_norm = 367.728409
  Batch 6: loss = 0.201166 | LR = 1.687280e-05 | grad_norm = 44.173247
  Batch 7: loss = 4.307811 | LR = 1.686607e-05 | grad_norm = 208.317287
  Batch 8: loss = 5.243124 | LR = 1.685934e-05 | grad_norm = 326.028834
  Batch 9: loss = 4.484323 | LR = 1.685261e-05 | grad_norm = 171.104623
  Batch 10: loss = 4.515961 | LR = 1.684587e-05 | grad_norm = 172.040504
  Batch 11: loss = 2.314539 | LR = 1.683914e-05 | grad_norm = 158.221452
  Batch 12: loss = 4.424977 | LR = 1.683241e-05 | grad_norm = 107.517431
  Batch 13: loss = 3.953986 | LR = 1.682568e-05 | grad_norm = 225.736967
  Batch 14: loss = 0.020206 | LR = 1.681895e-05 | grad_norm = 5.888335
  Batch 15: loss = 2.470703 | LR = 1.681222e-05 | grad_norm = 191.050846
  Batch 16: loss = 0.401777 | LR = 1.680548e-05 | grad_norm = 103.435404
  Batch 17: loss = 5.466352 | LR = 1.679875e-05 | grad_norm = 166.421520
  Batch 18: loss = 0.326096 | LR = 1.679202e-05 | grad_norm = 81.954370
  Batch 19: loss = 3.350307 | LR = 1.678528e-05 | grad_norm = 412.690830
  Batch 20: loss = 3.348973 | LR = 1.677855e-05 | grad_norm = 202.395554
  Batch 21: loss = 5.137725 | LR = 1.677182e-05 | grad_norm = 138.998151
  Batch 22: loss = 3.441601 | LR = 1.676508e-05 | grad_norm = 272.456530
  Batch 23: loss = 0.176394 | LR = 1.675835e-05 | grad_norm = 62.001427
  Batch 24: loss = 0.325760 | LR = 1.675161e-05 | grad_norm = 61.397345
  Batch 25: loss = 5.178811 | LR = 1.674488e-05 | grad_norm = 200.892850
  Batch 26: loss = 5.939065 | LR = 1.673814e-05 | grad_norm = 269.380881
  Batch 27: loss = 4.965320 | LR = 1.673141e-05 | grad_norm = 163.643738
  Batch 28: loss = 3.628755 | LR = 1.672467e-05 | grad_norm = 171.969553
  Batch 29: loss = 0.306234 | LR = 1.671794e-05 | grad_norm = 49.642659
  Batch 30: loss = 0.015277 | LR = 1.671120e-05 | grad_norm = 5.084287
  Batch 31: loss = 3.351594 | LR = 1.670447e-05 | grad_norm = 189.257331
  Batch 32: loss = 0.006181 | LR = 1.669773e-05 | grad_norm = 1.904345
  Batch 33: loss = 4.133426 | LR = 1.669099e-05 | grad_norm = 388.279333
  Batch 34: loss = 2.494173 | LR = 1.668426e-05 | grad_norm = 137.023289
  Batch 35: loss = 5.599826 | LR = 1.667752e-05 | grad_norm = 241.915392
  Batch 36: loss = 4.437913 | LR = 1.667078e-05 | grad_norm = 152.098771
  Batch 37: loss = 5.381792 | LR = 1.666405e-05 | grad_norm = 165.223807
  Batch 38: loss = 3.939390 | LR = 1.665731e-05 | grad_norm = 142.309935
  Batch 39: loss = 0.188033 | LR = 1.665057e-05 | grad_norm = 38.934618
  Batch 40: loss = 6.707786 | LR = 1.664384e-05 | grad_norm = 252.502738
  Batch 41: loss = 0.080511 | LR = 1.663710e-05 | grad_norm = 29.680770
  Batch 42: loss = 3.977028 | LR = 1.663036e-05 | grad_norm = 133.209668
  Batch 43: loss = 7.445711 | LR = 1.662362e-05 | grad_norm = 250.793904
  Batch 44: loss = 3.458005 | LR = 1.661688e-05 | grad_norm = 212.505943
  Batch 45: loss = 2.266667 | LR = 1.661015e-05 | grad_norm = 212.797442
  Batch 46: loss = 3.002596 | LR = 1.660341e-05 | grad_norm = 194.498873
  Batch 47: loss = 1.267115 | LR = 1.659667e-05 | grad_norm = 140.602289
  Batch 48: loss = 2.624587 | LR = 1.658993e-05 | grad_norm = 200.218425
  Batch 49: loss = 7.144176 | LR = 1.658319e-05 | grad_norm = 194.872635
  Batch 50: loss = 0.242433 | LR = 1.657645e-05 | grad_norm = 56.755993
  Batch 51: loss = 0.000000 | LR = 1.656971e-05 | grad_norm = 0.000194
  Batch 52: loss = 3.802427 | LR = 1.656297e-05 | grad_norm = 202.823157
  Batch 53: loss = 3.873316 | LR = 1.655623e-05 | grad_norm = 197.414775
  Batch 54: loss = 3.189299 | LR = 1.654949e-05 | grad_norm = 235.855016
  Batch 55: loss = 0.938408 | LR = 1.654275e-05 | grad_norm = 146.905457
  Batch 56: loss = 8.298089 | LR = 1.653601e-05 | grad_norm = 256.346028
  Batch 57: loss = 2.308072 | LR = 1.652927e-05 | grad_norm = 225.082848
  Batch 58: loss = 1.642882 | LR = 1.652253e-05 | grad_norm = 176.571926
  Batch 59: loss = 3.292066 | LR = 1.651579e-05 | grad_norm = 232.718265
  Batch 60: loss = 3.477909 | LR = 1.650905e-05 | grad_norm = 339.184282
  Batch 61: loss = 0.000521 | LR = 1.650230e-05 | grad_norm = 0.233438
  Batch 62: loss = 3.152811 | LR = 1.649556e-05 | grad_norm = 494.344954
  Batch 63: loss = 6.721648 | LR = 1.648882e-05 | grad_norm = 276.576615
  Batch 64: loss = 1.688363 | LR = 1.648208e-05 | grad_norm = 212.741135
  Batch 65: loss = 4.468090 | LR = 1.647534e-05 | grad_norm = 244.403924
  Batch 66: loss = 4.344069 | LR = 1.646860e-05 | grad_norm = 240.570901
  Batch 67: loss = 1.283819 | LR = 1.646185e-05 | grad_norm = 219.915403
  Batch 68: loss = 0.985780 | LR = 1.645511e-05 | grad_norm = 154.394006
  Batch 69: loss = 0.015845 | LR = 1.644837e-05 | grad_norm = 4.264793
  Batch 70: loss = 12.090314 | LR = 1.644163e-05 | grad_norm = 382.913760
  Batch 71: loss = 5.013512 | LR = 1.643488e-05 | grad_norm = 211.552161
  Batch 72: loss = 4.307429 | LR = 1.642814e-05 | grad_norm = 223.484785
  Batch 73: loss = 2.290532 | LR = 1.642140e-05 | grad_norm = 140.563193
  Batch 74: loss = 4.293967 | LR = 1.641465e-05 | grad_norm = 289.730967
  Batch 75: loss = 0.347148 | LR = 1.640791e-05 | grad_norm = 57.593804
  Batch 76: loss = 1.984639 | LR = 1.640117e-05 | grad_norm = 159.069834
  Batch 77: loss = 3.039766 | LR = 1.639442e-05 | grad_norm = 230.840396
  Batch 78: loss = 0.001123 | LR = 1.638768e-05 | grad_norm = 0.421754
  Batch 79: loss = 6.687619 | LR = 1.638093e-05 | grad_norm = 335.410806
  Batch 80: loss = 0.299222 | LR = 1.637419e-05 | grad_norm = 59.429248
  Batch 81: loss = 3.297832 | LR = 1.636745e-05 | grad_norm = 231.866955
  Batch 82: loss = 9.847872 | LR = 1.636070e-05 | grad_norm = 428.938929
  Batch 83: loss = 2.697616 | LR = 1.635396e-05 | grad_norm = 531.574148
  Batch 84: loss = 0.077245 | LR = 1.634721e-05 | grad_norm = 17.141097
  Batch 85: loss = 0.000000 | LR = 1.634047e-05 | grad_norm = 0.000292
  Batch 86: loss = 4.102456 | LR = 1.633372e-05 | grad_norm = 187.590769
  Batch 87: loss = 3.376806 | LR = 1.632698e-05 | grad_norm = 199.765962
  Batch 88: loss = 0.006424 | LR = 1.632023e-05 | grad_norm = 2.937102
  Batch 89: loss = 6.135315 | LR = 1.631349e-05 | grad_norm = 240.690033
  Batch 90: loss = 0.598180 | LR = 1.630674e-05 | grad_norm = 151.222308
  Batch 91: loss = 0.002977 | LR = 1.629999e-05 | grad_norm = 0.661799
  Batch 92: loss = 3.171683 | LR = 1.629325e-05 | grad_norm = 391.940236
  Batch 93: loss = 4.100170 | LR = 1.628650e-05 | grad_norm = 313.719627
  Batch 94: loss = 2.679069 | LR = 1.627976e-05 | grad_norm = 313.576343
  Batch 95: loss = 2.080436 | LR = 1.627301e-05 | grad_norm = 330.629382
  Batch 96: loss = 5.046206 | LR = 1.626626e-05 | grad_norm = 284.894901
  Batch 97: loss = 0.002353 | LR = 1.625952e-05 | grad_norm = 0.849084
  Batch 98: loss = 4.283459 | LR = 1.625277e-05 | grad_norm = 406.925305
  Batch 99: loss = 4.094143 | LR = 1.624602e-05 | grad_norm = 156.698589
  Batch 100: loss = 4.996150 | LR = 1.623928e-05 | grad_norm = 147.456391
  Batch 101: loss = 5.704421 | LR = 1.623253e-05 | grad_norm = 308.704830
  Batch 102: loss = 5.633297 | LR = 1.622578e-05 | grad_norm = 203.525796
  Batch 103: loss = 3.533930 | LR = 1.621904e-05 | grad_norm = 170.171324
  Batch 104: loss = 0.248128 | LR = 1.621229e-05 | grad_norm = 83.337726
  Batch 105: loss = 6.958659 | LR = 1.620554e-05 | grad_norm = 249.466807
  Batch 106: loss = 3.449907 | LR = 1.619879e-05 | grad_norm = 183.331539
  Batch 107: loss = 5.456260 | LR = 1.619205e-05 | grad_norm = 407.404591
  Batch 108: loss = 6.559995 | LR = 1.618530e-05 | grad_norm = 314.809806
  Batch 109: loss = 0.295183 | LR = 1.617855e-05 | grad_norm = 51.036681
  Batch 110: loss = 1.260283 | LR = 1.617180e-05 | grad_norm = 136.485150
  Batch 111: loss = 4.247467 | LR = 1.616506e-05 | grad_norm = 266.848326
  Batch 112: loss = 1.942991 | LR = 1.615831e-05 | grad_norm = 186.398036
  Batch 113: loss = 4.881985 | LR = 1.615156e-05 | grad_norm = 237.136400
  Batch 114: loss = 1.360957 | LR = 1.614481e-05 | grad_norm = 250.565964
  Batch 115: loss = 0.957198 | LR = 1.613806e-05 | grad_norm = 141.623599
  Batch 116: loss = 2.296090 | LR = 1.613131e-05 | grad_norm = 238.235574
  Batch 117: loss = 6.353339 | LR = 1.612457e-05 | grad_norm = 216.978529
  Batch 118: loss = 0.179016 | LR = 1.611782e-05 | grad_norm = 34.036238
  Batch 119: loss = 3.687907 | LR = 1.611107e-05 | grad_norm = 233.126333
  Batch 120: loss = 0.050958 | LR = 1.610432e-05 | grad_norm = 19.846145
  Batch 121: loss = 0.022026 | LR = 1.609757e-05 | grad_norm = 7.386343
  Batch 122: loss = 0.937241 | LR = 1.609082e-05 | grad_norm = 144.295980
  Batch 123: loss = 0.855003 | LR = 1.608407e-05 | grad_norm = 132.276398
  Batch 124: loss = 4.217419 | LR = 1.607732e-05 | grad_norm = 191.200180
  Batch 125: loss = 1.101255 | LR = 1.607057e-05 | grad_norm = 186.022204
  Batch 126: loss = 3.409697 | LR = 1.606383e-05 | grad_norm = 151.048587
  Batch 127: loss = 6.834771 | LR = 1.605708e-05 | grad_norm = 203.600864
  Batch 128: loss = 0.450033 | LR = 1.605033e-05 | grad_norm = 90.049829
  Batch 129: loss = 6.285569 | LR = 1.604358e-05 | grad_norm = 254.465774
  Batch 130: loss = 0.017789 | LR = 1.603683e-05 | grad_norm = 7.387549
  Batch 131: loss = 0.489697 | LR = 1.603008e-05 | grad_norm = 148.466311
  Batch 132: loss = 3.361835 | LR = 1.602333e-05 | grad_norm = 207.801215
  Batch 133: loss = 4.687381 | LR = 1.601658e-05 | grad_norm = 170.562844
  Batch 134: loss = 0.369670 | LR = 1.600983e-05 | grad_norm = 117.026847
  Batch 135: loss = 0.797493 | LR = 1.600308e-05 | grad_norm = 160.211630
  Batch 136: loss = 8.190187 | LR = 1.599633e-05 | grad_norm = 218.232056
  Batch 137: loss = 0.942414 | LR = 1.598958e-05 | grad_norm = 199.426785
  Batch 138: loss = 6.950216 | LR = 1.598283e-05 | grad_norm = 328.738808
  Batch 139: loss = 0.443454 | LR = 1.597608e-05 | grad_norm = 91.541018
  Batch 140: loss = 5.956858 | LR = 1.596933e-05 | grad_norm = 175.898592
  Batch 141: loss = 0.000000 | LR = 1.596258e-05 | grad_norm = 0.000002
  Batch 142: loss = 0.772571 | LR = 1.595583e-05 | grad_norm = 123.419341
  Batch 143: loss = 1.109245 | LR = 1.594908e-05 | grad_norm = 172.332300
  Batch 144: loss = 0.000031 | LR = 1.594232e-05 | grad_norm = 0.012932
  Batch 145: loss = 0.000217 | LR = 1.593557e-05 | grad_norm = 0.077521
  Batch 146: loss = 5.971906 | LR = 1.592882e-05 | grad_norm = 206.420018
  Batch 147: loss = 4.268870 | LR = 1.592207e-05 | grad_norm = 338.736250
  Batch 148: loss = 1.454908 | LR = 1.591532e-05 | grad_norm = 200.296512
  Batch 149: loss = 0.000092 | LR = 1.590857e-05 | grad_norm = 0.039966
  Batch 150: loss = 9.098569 | LR = 1.590182e-05 | grad_norm = 250.548207
  Batch 151: loss = 2.918099 | LR = 1.589507e-05 | grad_norm = 257.663510
  Batch 152: loss = 5.630507 | LR = 1.588832e-05 | grad_norm = 100.273743
  Batch 153: loss = 2.820940 | LR = 1.588157e-05 | grad_norm = 228.464510
  Batch 154: loss = 3.972102 | LR = 1.587482e-05 | grad_norm = 231.415437
  Batch 155: loss = 4.276282 | LR = 1.586806e-05 | grad_norm = 288.030193
  Batch 156: loss = 2.364611 | LR = 1.586131e-05 | grad_norm = 280.404623
  Batch 157: loss = 0.004441 | LR = 1.585456e-05 | grad_norm = 1.973837
  Batch 158: loss = 5.464447 | LR = 1.584781e-05 | grad_norm = 174.772984
  Batch 159: loss = 0.000000 | LR = 1.584106e-05 | grad_norm = 0.000327
  Batch 160: loss = 0.005868 | LR = 1.583431e-05 | grad_norm = 2.575882
  Batch 161: loss = 3.727869 | LR = 1.582756e-05 | grad_norm = 367.183003
  Batch 162: loss = 1.850175 | LR = 1.582080e-05 | grad_norm = 130.613374
  Batch 163: loss = 2.320163 | LR = 1.581405e-05 | grad_norm = 255.494134
  Batch 164: loss = 1.319667 | LR = 1.580730e-05 | grad_norm = 146.984704
  Batch 165: loss = 5.967975 | LR = 1.580055e-05 | grad_norm = 439.966437
  Batch 166: loss = 0.308871 | LR = 1.579380e-05 | grad_norm = 73.902505
  Batch 167: loss = 0.836439 | LR = 1.578705e-05 | grad_norm = 183.260770
  Batch 168: loss = 0.587095 | LR = 1.578029e-05 | grad_norm = 191.181990
  Batch 169: loss = 0.004940 | LR = 1.577354e-05 | grad_norm = 2.352741
  Batch 170: loss = 2.027552 | LR = 1.576679e-05 | grad_norm = 246.521568
  Batch 171: loss = 5.282169 | LR = 1.576004e-05 | grad_norm = 241.277666
  Batch 172: loss = 3.124511 | LR = 1.575329e-05 | grad_norm = 155.068019
  Batch 173: loss = 0.038142 | LR = 1.574654e-05 | grad_norm = 13.652573
  Batch 174: loss = 1.725444 | LR = 1.573978e-05 | grad_norm = 143.201871
  Batch 175: loss = 1.041407 | LR = 1.573303e-05 | grad_norm = 179.091125
  Batch 176: loss = 0.741221 | LR = 1.572628e-05 | grad_norm = 115.077639
  Batch 177: loss = 0.322441 | LR = 1.571953e-05 | grad_norm = 61.123573
  Batch 178: loss = 1.698685 | LR = 1.571278e-05 | grad_norm = 211.032728
  Batch 179: loss = 0.066791 | LR = 1.570602e-05 | grad_norm = 23.543404
  Batch 180: loss = 0.000017 | LR = 1.569927e-05 | grad_norm = 0.007539
  Batch 181: loss = 10.335295 | LR = 1.569252e-05 | grad_norm = 624.449692
  Batch 182: loss = 2.679874 | LR = 1.568577e-05 | grad_norm = 259.953818
  Batch 183: loss = 0.000033 | LR = 1.567902e-05 | grad_norm = 0.016107
  Batch 184: loss = 4.534995 | LR = 1.567226e-05 | grad_norm = 328.597433
  Batch 185: loss = 0.491891 | LR = 1.566551e-05 | grad_norm = 108.334548
  Batch 186: loss = 2.283645 | LR = 1.565876e-05 | grad_norm = 191.083463
  Batch 187: loss = 2.955890 | LR = 1.565201e-05 | grad_norm = 500.548002
  Batch 188: loss = 4.375274 | LR = 1.564526e-05 | grad_norm = 346.992970
  Batch 189: loss = 0.000000 | LR = 1.563850e-05 | grad_norm = 0.000000
  Batch 190: loss = 4.581310 | LR = 1.563175e-05 | grad_norm = 200.707052
  Batch 191: loss = 0.000000 | LR = 1.562500e-05 | grad_norm = 0.000000
  Batch 192: loss = 4.359575 | LR = 1.561825e-05 | grad_norm = 282.770897
  Batch 193: loss = 1.648702 | LR = 1.561150e-05 | grad_norm = 148.007906
  Batch 194: loss = 4.379843 | LR = 1.560474e-05 | grad_norm = 376.352833
  Batch 195: loss = 0.012535 | LR = 1.559799e-05 | grad_norm = 5.750160
  Batch 196: loss = 4.243674 | LR = 1.559124e-05 | grad_norm = 140.529702
  Batch 197: loss = 3.026320 | LR = 1.558449e-05 | grad_norm = 300.897708
  Batch 198: loss = 5.749001 | LR = 1.557774e-05 | grad_norm = 166.221039
  Batch 199: loss = 3.189329 | LR = 1.557098e-05 | grad_norm = 180.486639
  Batch 200: loss = 1.370376 | LR = 1.556423e-05 | grad_norm = 283.094509
  Batch 201: loss = 9.611251 | LR = 1.555748e-05 | grad_norm = 348.498396
  Batch 202: loss = 5.476603 | LR = 1.555073e-05 | grad_norm = 253.933501
  Batch 203: loss = 1.416275 | LR = 1.554398e-05 | grad_norm = 244.624037
  Batch 204: loss = 0.000215 | LR = 1.553722e-05 | grad_norm = 0.078714
  Batch 205: loss = 2.739518 | LR = 1.553047e-05 | grad_norm = 283.426875
  Batch 206: loss = 3.543022 | LR = 1.552372e-05 | grad_norm = 502.711988
  Batch 207: loss = 4.370586 | LR = 1.551697e-05 | grad_norm = 205.481263
  Batch 208: loss = 4.738627 | LR = 1.551022e-05 | grad_norm = 193.257409
  Batch 209: loss = 0.802559 | LR = 1.550346e-05 | grad_norm = 140.029637
  Batch 210: loss = 3.300824 | LR = 1.549671e-05 | grad_norm = 221.429823
  Batch 211: loss = 2.177153 | LR = 1.548996e-05 | grad_norm = 297.665709
  Batch 212: loss = 1.935019 | LR = 1.548321e-05 | grad_norm = 319.818657
  Batch 213: loss = 6.375427 | LR = 1.547646e-05 | grad_norm = 150.863351
  Batch 214: loss = 5.369681 | LR = 1.546971e-05 | grad_norm = 212.459770
  Batch 215: loss = 0.001590 | LR = 1.546295e-05 | grad_norm = 0.578067
  Batch 216: loss = 0.212193 | LR = 1.545620e-05 | grad_norm = 45.242265
  Batch 217: loss = 2.733494 | LR = 1.544945e-05 | grad_norm = 263.516340
  Batch 218: loss = 2.918751 | LR = 1.544270e-05 | grad_norm = 275.257841
  Batch 219: loss = 3.992705 | LR = 1.543595e-05 | grad_norm = 191.549092
  Batch 220: loss = 0.000473 | LR = 1.542920e-05 | grad_norm = 0.278863
  Batch 221: loss = 8.089429 | LR = 1.542244e-05 | grad_norm = 398.834619
  Batch 222: loss = 1.010308 | LR = 1.541569e-05 | grad_norm = 124.817536
  Batch 223: loss = 0.000844 | LR = 1.540894e-05 | grad_norm = 0.469189
  Batch 224: loss = 0.929135 | LR = 1.540219e-05 | grad_norm = 184.223937
  Batch 225: loss = 1.893033 | LR = 1.539544e-05 | grad_norm = 220.278727
  Batch 226: loss = 0.233061 | LR = 1.538869e-05 | grad_norm = 111.697763
  Batch 227: loss = 7.376630 | LR = 1.538194e-05 | grad_norm = 257.090219
  Batch 228: loss = 4.011250 | LR = 1.537518e-05 | grad_norm = 182.088022
  Batch 229: loss = 3.247812 | LR = 1.536843e-05 | grad_norm = 131.643149
  Batch 230: loss = 0.000001 | LR = 1.536168e-05 | grad_norm = 0.000688
  Batch 231: loss = 0.000000 | LR = 1.535493e-05 | grad_norm = 0.000000
  Batch 232: loss = 1.811180 | LR = 1.534818e-05 | grad_norm = 188.380468
  Batch 233: loss = 2.614108 | LR = 1.534143e-05 | grad_norm = 213.435076
  Batch 234: loss = 3.332539 | LR = 1.533468e-05 | grad_norm = 167.759916
  Batch 235: loss = 0.000000 | LR = 1.532793e-05 | grad_norm = 0.000191
  Batch 236: loss = 0.685570 | LR = 1.532118e-05 | grad_norm = 111.370142
  Batch 237: loss = 4.828728 | LR = 1.531443e-05 | grad_norm = 202.758874
  Batch 238: loss = 3.709830 | LR = 1.530768e-05 | grad_norm = 205.322821
  Batch 239: loss = 0.688339 | LR = 1.530092e-05 | grad_norm = 111.834810
  Batch 240: loss = 0.742765 | LR = 1.529417e-05 | grad_norm = 131.057065
  Batch 241: loss = 3.264462 | LR = 1.528742e-05 | grad_norm = 158.487487
  Batch 242: loss = 3.646347 | LR = 1.528067e-05 | grad_norm = 206.705649
  Batch 243: loss = 3.768767 | LR = 1.527392e-05 | grad_norm = 239.563905
  Batch 244: loss = 8.697330 | LR = 1.526717e-05 | grad_norm = 258.712279
  Batch 245: loss = 0.000000 | LR = 1.526042e-05 | grad_norm = 0.000002
  Batch 246: loss = 1.532097 | LR = 1.525367e-05 | grad_norm = 201.676698
  Batch 247: loss = 4.744144 | LR = 1.524692e-05 | grad_norm = 144.623755
  Batch 248: loss = 0.134451 | LR = 1.524017e-05 | grad_norm = 37.474934
  Batch 249: loss = 1.601288 | LR = 1.523342e-05 | grad_norm = 232.548258
  Batch 250: loss = 6.724699 | LR = 1.522667e-05 | grad_norm = 423.238081
  Batch 251: loss = 2.696669 | LR = 1.521992e-05 | grad_norm = 275.489377
  Batch 252: loss = 6.783341 | LR = 1.521317e-05 | grad_norm = 461.987080
  Batch 253: loss = 6.145451 | LR = 1.520642e-05 | grad_norm = 327.209458
  Batch 254: loss = 1.496365 | LR = 1.519967e-05 | grad_norm = 208.903603
  Batch 255: loss = 5.103366 | LR = 1.519292e-05 | grad_norm = 435.221300
  Batch 256: loss = 5.058594 | LR = 1.518617e-05 | grad_norm = 659.074225
  Batch 257: loss = 0.931169 | LR = 1.517943e-05 | grad_norm = 164.216548
  Batch 258: loss = 2.391960 | LR = 1.517268e-05 | grad_norm = 300.358364
  Batch 259: loss = 8.293241 | LR = 1.516593e-05 | grad_norm = 386.383630
  Batch 260: loss = 6.615076 | LR = 1.515918e-05 | grad_norm = 142.810642
  Batch 261: loss = 3.716548 | LR = 1.515243e-05 | grad_norm = 175.453871
  Batch 262: loss = 3.293928 | LR = 1.514568e-05 | grad_norm = 288.122344
  Batch 263: loss = 4.653389 | LR = 1.513893e-05 | grad_norm = 162.880256
  Batch 264: loss = 2.572739 | LR = 1.513218e-05 | grad_norm = 230.432160
  Batch 265: loss = 0.606970 | LR = 1.512543e-05 | grad_norm = 133.421319
  Batch 266: loss = 1.863198 | LR = 1.511869e-05 | grad_norm = 199.969168
  Batch 267: loss = 3.942664 | LR = 1.511194e-05 | grad_norm = 193.807962
  Batch 268: loss = 1.072728 | LR = 1.510519e-05 | grad_norm = 112.062574
  Batch 269: loss = 2.129398 | LR = 1.509844e-05 | grad_norm = 195.613511
  Batch 270: loss = 0.028010 | LR = 1.509169e-05 | grad_norm = 7.928851
  Batch 271: loss = 0.000009 | LR = 1.508494e-05 | grad_norm = 0.004582
  Batch 272: loss = 5.855264 | LR = 1.507820e-05 | grad_norm = 236.474829
  Batch 273: loss = 2.227435 | LR = 1.507145e-05 | grad_norm = 152.521875
  Batch 274: loss = 0.000575 | LR = 1.506470e-05 | grad_norm = 0.416316
  Batch 275: loss = 2.731345 | LR = 1.505795e-05 | grad_norm = 249.682979
  Batch 276: loss = 4.356409 | LR = 1.505121e-05 | grad_norm = 137.421383
  Batch 277: loss = 5.258119 | LR = 1.504446e-05 | grad_norm = 185.070023
  Batch 278: loss = 7.076279 | LR = 1.503771e-05 | grad_norm = 258.528355
  Batch 279: loss = 0.639818 | LR = 1.503096e-05 | grad_norm = 85.400344
  Batch 280: loss = 0.000003 | LR = 1.502422e-05 | grad_norm = 0.001719
  Batch 281: loss = 0.059468 | LR = 1.501747e-05 | grad_norm = 15.270056
  Batch 282: loss = 1.501125 | LR = 1.501072e-05 | grad_norm = 155.702764
  Batch 283: loss = 2.557391 | LR = 1.500398e-05 | grad_norm = 231.138402
  Batch 284: loss = 0.235330 | LR = 1.499723e-05 | grad_norm = 88.433436
  Batch 285: loss = 5.368721 | LR = 1.499048e-05 | grad_norm = 232.072697
  Batch 286: loss = 0.417405 | LR = 1.498374e-05 | grad_norm = 95.603338
  Batch 287: loss = 0.390416 | LR = 1.497699e-05 | grad_norm = 138.546437
  Batch 288: loss = 0.028537 | LR = 1.497024e-05 | grad_norm = 13.719956
  Batch 289: loss = 5.729180 | LR = 1.496350e-05 | grad_norm = 224.884185
  Batch 290: loss = 0.004037 | LR = 1.495675e-05 | grad_norm = 1.734638
  Batch 291: loss = 0.189344 | LR = 1.495001e-05 | grad_norm = 67.176011
  Batch 292: loss = 1.206730 | LR = 1.494326e-05 | grad_norm = 225.067981
  Batch 293: loss = 0.746538 | LR = 1.493651e-05 | grad_norm = 188.029749
  Batch 294: loss = 0.027769 | LR = 1.492977e-05 | grad_norm = 10.883612
  Batch 295: loss = 0.856876 | LR = 1.492302e-05 | grad_norm = 152.786143
  Batch 296: loss = 8.116228 | LR = 1.491628e-05 | grad_norm = 214.968914
  Batch 297: loss = 1.477479 | LR = 1.490953e-05 | grad_norm = 158.930814
  Batch 298: loss = 0.004924 | LR = 1.490279e-05 | grad_norm = 1.856068
  Batch 299: loss = 1.160369 | LR = 1.489604e-05 | grad_norm = 148.856531
  Batch 300: loss = 0.506844 | LR = 1.488930e-05 | grad_norm = 166.476093
  Batch 301: loss = 0.030339 | LR = 1.488255e-05 | grad_norm = 10.577713
  Batch 302: loss = 5.747283 | LR = 1.487581e-05 | grad_norm = 625.477029
  Batch 303: loss = 4.277782 | LR = 1.486907e-05 | grad_norm = 249.241350
  Batch 304: loss = 8.061160 | LR = 1.486232e-05 | grad_norm = 248.928436
  Batch 305: loss = 4.471060 | LR = 1.485558e-05 | grad_norm = 208.511591
  Batch 306: loss = 0.000000 | LR = 1.484883e-05 | grad_norm = 0.000000
  Batch 307: loss = 2.630454 | LR = 1.484209e-05 | grad_norm = 168.019828
  Batch 308: loss = 0.397251 | LR = 1.483535e-05 | grad_norm = 93.740192
  Batch 309: loss = 0.015831 | LR = 1.482860e-05 | grad_norm = 5.240076
  Batch 310: loss = 0.266759 | LR = 1.482186e-05 | grad_norm = 57.960170
  Batch 311: loss = 4.296299 | LR = 1.481512e-05 | grad_norm = 188.824906
  Batch 312: loss = 0.060869 | LR = 1.480837e-05 | grad_norm = 17.469083
  Batch 313: loss = 1.927457 | LR = 1.480163e-05 | grad_norm = 422.435469
  Batch 314: loss = 0.000009 | LR = 1.479489e-05 | grad_norm = 0.004237
  Batch 315: loss = 1.033671 | LR = 1.478815e-05 | grad_norm = 154.026713
  Batch 316: loss = 0.614604 | LR = 1.478140e-05 | grad_norm = 111.795287
  Batch 317: loss = 5.002795 | LR = 1.477466e-05 | grad_norm = 252.691588
  Batch 318: loss = 2.076249 | LR = 1.476792e-05 | grad_norm = 280.546035
  Batch 319: loss = 0.833185 | LR = 1.476118e-05 | grad_norm = 122.850090
  Batch 320: loss = 0.001908 | LR = 1.475444e-05 | grad_norm = 1.136057
  Batch 321: loss = 5.628301 | LR = 1.474770e-05 | grad_norm = 303.231061
  Batch 322: loss = 6.001763 | LR = 1.474095e-05 | grad_norm = 315.424306
  Batch 323: loss = 0.349581 | LR = 1.473421e-05 | grad_norm = 93.963370
  Batch 324: loss = 0.051281 | LR = 1.472747e-05 | grad_norm = 18.582321
  Batch 325: loss = 1.808990 | LR = 1.472073e-05 | grad_norm = 293.315028
  Batch 326: loss = 0.000036 | LR = 1.471399e-05 | grad_norm = 0.015678
  Batch 327: loss = 6.429065 | LR = 1.470725e-05 | grad_norm = 240.561143
  Batch 328: loss = 7.925983 | LR = 1.470051e-05 | grad_norm = 529.689493
  Batch 329: loss = 9.493916 | LR = 1.469377e-05 | grad_norm = 286.481025
  Batch 330: loss = 5.342910 | LR = 1.468703e-05 | grad_norm = 249.748063
  Batch 331: loss = 0.016130 | LR = 1.468029e-05 | grad_norm = 5.995323
  Batch 332: loss = 0.000000 | LR = 1.467355e-05 | grad_norm = 0.000000
  Batch 333: loss = 16.783642 | LR = 1.466681e-05 | grad_norm = 526.898225
  Batch 334: loss = 0.020029 | LR = 1.466007e-05 | grad_norm = 8.018496
  Batch 335: loss = 6.290883 | LR = 1.465333e-05 | grad_norm = 277.940072
  Batch 336: loss = 0.933140 | LR = 1.464659e-05 | grad_norm = 151.668714
  Batch 337: loss = 11.940106 | LR = 1.463985e-05 | grad_norm = 488.337621
  Batch 338: loss = 3.370530 | LR = 1.463312e-05 | grad_norm = 159.779683
  Batch 339: loss = 0.290604 | LR = 1.462638e-05 | grad_norm = 77.787414
  Batch 340: loss = 0.121029 | LR = 1.461964e-05 | grad_norm = 37.814623
  Batch 341: loss = 0.000001 | LR = 1.461290e-05 | grad_norm = 0.000542
  Batch 342: loss = 0.180391 | LR = 1.460616e-05 | grad_norm = 59.370895
  Batch 343: loss = 2.489149 | LR = 1.459943e-05 | grad_norm = 319.949684
  Batch 344: loss = 4.051536 | LR = 1.459269e-05 | grad_norm = 160.739400
  Batch 345: loss = 0.019324 | LR = 1.458595e-05 | grad_norm = 8.371713
  Batch 346: loss = 1.263365 | LR = 1.457922e-05 | grad_norm = 138.793939
  Batch 347: loss = 0.000962 | LR = 1.457248e-05 | grad_norm = 0.403843
  Batch 348: loss = 2.384752 | LR = 1.456574e-05 | grad_norm = 216.730248
  Batch 349: loss = 6.239364 | LR = 1.455901e-05 | grad_norm = 219.306152
  Batch 350: loss = 0.004318 | LR = 1.455227e-05 | grad_norm = 1.538416
  Batch 351: loss = 0.901626 | LR = 1.454553e-05 | grad_norm = 237.688434
  Batch 352: loss = 1.044748 | LR = 1.453880e-05 | grad_norm = 164.288735
  Batch 353: loss = 1.054577 | LR = 1.453206e-05 | grad_norm = 140.658462
  Batch 354: loss = 2.333064 | LR = 1.452533e-05 | grad_norm = 222.708494
  Batch 355: loss = 8.048950 | LR = 1.451859e-05 | grad_norm = 528.571360
  Batch 356: loss = 0.968110 | LR = 1.451186e-05 | grad_norm = 144.263334
  Batch 357: loss = 0.265629 | LR = 1.450512e-05 | grad_norm = 97.224548
  Batch 358: loss = 3.606989 | LR = 1.449839e-05 | grad_norm = 159.228038
  Batch 359: loss = 1.797588 | LR = 1.449165e-05 | grad_norm = 226.793817
  Batch 360: loss = 0.020057 | LR = 1.448492e-05 | grad_norm = 5.769957
  Batch 361: loss = 1.938913 | LR = 1.447818e-05 | grad_norm = 284.159549
  Batch 362: loss = 4.925045 | LR = 1.447145e-05 | grad_norm = 240.666919
  Batch 363: loss = 0.952970 | LR = 1.446472e-05 | grad_norm = 185.431931
  Batch 364: loss = 3.687804 | LR = 1.445798e-05 | grad_norm = 277.254841
  Batch 365: loss = 3.844324 | LR = 1.445125e-05 | grad_norm = 182.541178
  Batch 366: loss = 0.000000 | LR = 1.444452e-05 | grad_norm = 0.000181
  Batch 367: loss = 0.000000 | LR = 1.443778e-05 | grad_norm = 0.000000
  Batch 368: loss = 0.000141 | LR = 1.443105e-05 | grad_norm = 0.065417
  Batch 369: loss = 3.028860 | LR = 1.442432e-05 | grad_norm = 287.534501
  Batch 370: loss = 0.125066 | LR = 1.441759e-05 | grad_norm = 34.116616
  Batch 371: loss = 7.122338 | LR = 1.441086e-05 | grad_norm = 698.933342
  Batch 372: loss = 0.005549 | LR = 1.440413e-05 | grad_norm = 2.107291
  Batch 373: loss = 0.141369 | LR = 1.439739e-05 | grad_norm = 32.803331
  Batch 374: loss = 0.138745 | LR = 1.439066e-05 | grad_norm = 28.645528
  Batch 375: loss = 0.201446 | LR = 1.438393e-05 | grad_norm = 55.454056
  Batch 376: loss = 0.564002 | LR = 1.437720e-05 | grad_norm = 91.721213
  Batch 377: loss = 7.285634 | LR = 1.437047e-05 | grad_norm = 193.324525
  Batch 378: loss = 1.528137 | LR = 1.436374e-05 | grad_norm = 221.777880
  Batch 379: loss = 2.174094 | LR = 1.435701e-05 | grad_norm = 324.980164
  Batch 380: loss = 4.628250 | LR = 1.435028e-05 | grad_norm = 148.815157
  Batch 381: loss = 0.175701 | LR = 1.434355e-05 | grad_norm = 55.799538
  Batch 382: loss = 3.427319 | LR = 1.433682e-05 | grad_norm = 195.513695
  Batch 383: loss = 8.384464 | LR = 1.433009e-05 | grad_norm = 322.337861
  Batch 384: loss = 1.656292 | LR = 1.432337e-05 | grad_norm = 303.771381
  Batch 385: loss = 0.062243 | LR = 1.431664e-05 | grad_norm = 38.187440
  Batch 386: loss = 0.869206 | LR = 1.430991e-05 | grad_norm = 317.883888
  Batch 387: loss = 0.069800 | LR = 1.430318e-05 | grad_norm = 27.981504
  Batch 388: loss = 1.580225 | LR = 1.429645e-05 | grad_norm = 172.550441
  Batch 389: loss = 9.955191 | LR = 1.428973e-05 | grad_norm = 422.610621
  Batch 390: loss = 8.001995 | LR = 1.428300e-05 | grad_norm = 261.526206
  Batch 391: loss = 6.681788 | LR = 1.427627e-05 | grad_norm = 501.447762
  Batch 392: loss = 0.181294 | LR = 1.426954e-05 | grad_norm = 47.661219
  Batch 393: loss = 1.170078 | LR = 1.426282e-05 | grad_norm = 217.769922
  Batch 394: loss = 1.292059 | LR = 1.425609e-05 | grad_norm = 205.258712
  Batch 395: loss = 4.544139 | LR = 1.424937e-05 | grad_norm = 292.256022
  Batch 396: loss = 4.066692 | LR = 1.424264e-05 | grad_norm = 223.693883
  Batch 397: loss = 3.895671 | LR = 1.423591e-05 | grad_norm = 303.263408
  Batch 398: loss = 6.498174 | LR = 1.422919e-05 | grad_norm = 303.673193
  Batch 399: loss = 0.000080 | LR = 1.422246e-05 | grad_norm = 0.049229
  Batch 400: loss = 2.604010 | LR = 1.421574e-05 | grad_norm = 200.361926
  Batch 401: loss = 0.607399 | LR = 1.420902e-05 | grad_norm = 180.112584
  Batch 402: loss = 0.000000 | LR = 1.420229e-05 | grad_norm = 0.000000
  Batch 403: loss = 4.205374 | LR = 1.419557e-05 | grad_norm = 209.448914
  Batch 404: loss = 0.300312 | LR = 1.418884e-05 | grad_norm = 117.321827
  Batch 405: loss = 0.023570 | LR = 1.418212e-05 | grad_norm = 6.606021
  Batch 406: loss = 7.083797 | LR = 1.417540e-05 | grad_norm = 472.515309
  Batch 407: loss = 0.802995 | LR = 1.416867e-05 | grad_norm = 255.986118
  Batch 408: loss = 7.497189 | LR = 1.416195e-05 | grad_norm = 532.418725
  Batch 409: loss = 6.015439 | LR = 1.415523e-05 | grad_norm = 557.500675
  Batch 410: loss = 4.814738 | LR = 1.414851e-05 | grad_norm = 350.690909
  Batch 411: loss = 1.524433 | LR = 1.414179e-05 | grad_norm = 189.687424
  Batch 412: loss = 3.314555 | LR = 1.413506e-05 | grad_norm = 172.889126
  Batch 413: loss = 5.978974 | LR = 1.412834e-05 | grad_norm = 341.995270
  Batch 414: loss = 3.542596 | LR = 1.412162e-05 | grad_norm = 255.742803
  Batch 415: loss = 0.828171 | LR = 1.411490e-05 | grad_norm = 243.234418
  Batch 416: loss = 0.012075 | LR = 1.410818e-05 | grad_norm = 4.003924
  Batch 417: loss = 6.052845 | LR = 1.410146e-05 | grad_norm = 317.938317
  Batch 418: loss = 0.110198 | LR = 1.409474e-05 | grad_norm = 53.602344
  Batch 419: loss = 6.722029 | LR = 1.408802e-05 | grad_norm = 355.060125
  Batch 420: loss = 0.000005 | LR = 1.408130e-05 | grad_norm = 0.002075
  Batch 421: loss = 5.726515 | LR = 1.407458e-05 | grad_norm = 260.493908
  Batch 422: loss = 1.109822 | LR = 1.406787e-05 | grad_norm = 174.527792
  Batch 423: loss = 0.647879 | LR = 1.406115e-05 | grad_norm = 122.580696
  Batch 424: loss = 0.001306 | LR = 1.405443e-05 | grad_norm = 0.511107
  Batch 425: loss = 3.172019 | LR = 1.404771e-05 | grad_norm = 250.862236
  Batch 426: loss = 0.000000 | LR = 1.404099e-05 | grad_norm = 0.000016
  Batch 427: loss = 3.077645 | LR = 1.403428e-05 | grad_norm = 265.789623
  Batch 428: loss = 5.760114 | LR = 1.402756e-05 | grad_norm = 479.307905
  Batch 429: loss = 3.449653 | LR = 1.402084e-05 | grad_norm = 390.685803
  Batch 430: loss = 0.220591 | LR = 1.401413e-05 | grad_norm = 151.397963
  Batch 431: loss = 2.976160 | LR = 1.400741e-05 | grad_norm = 357.958993
  Batch 432: loss = 0.984481 | LR = 1.400070e-05 | grad_norm = 186.017903
  Batch 433: loss = 2.537433 | LR = 1.399398e-05 | grad_norm = 424.586406
  Batch 434: loss = 3.826437 | LR = 1.398727e-05 | grad_norm = 278.235112
  Batch 435: loss = 3.030194 | LR = 1.398055e-05 | grad_norm = 211.829313
  Batch 436: loss = 4.806896 | LR = 1.397384e-05 | grad_norm = 405.075827
  Batch 437: loss = 6.021085 | LR = 1.396712e-05 | grad_norm = 211.603152
  Batch 438: loss = 1.545338 | LR = 1.396041e-05 | grad_norm = 244.051383
  Batch 439: loss = 7.974648 | LR = 1.395370e-05 | grad_norm = 432.894218
  Batch 440: loss = 4.606730 | LR = 1.394698e-05 | grad_norm = 197.438427
  Batch 441: loss = 4.910838 | LR = 1.394027e-05 | grad_norm = 177.080655
  Batch 442: loss = 6.290090 | LR = 1.393356e-05 | grad_norm = 259.499269
  Batch 443: loss = 4.878195 | LR = 1.392684e-05 | grad_norm = 186.368934
  Batch 444: loss = 3.948181 | LR = 1.392013e-05 | grad_norm = 359.336739
  Batch 445: loss = 0.280929 | LR = 1.391342e-05 | grad_norm = 110.536306
  Batch 446: loss = 0.363087 | LR = 1.390671e-05 | grad_norm = 95.245200
  Batch 447: loss = 6.931999 | LR = 1.390000e-05 | grad_norm = 269.940099
  Batch 448: loss = 2.347711 | LR = 1.389329e-05 | grad_norm = 166.854896
  Batch 449: loss = 9.336020 | LR = 1.388658e-05 | grad_norm = 242.292643
  Batch 450: loss = 0.084267 | LR = 1.387987e-05 | grad_norm = 27.622193
  Batch 451: loss = 1.454305 | LR = 1.387316e-05 | grad_norm = 198.231889
  Batch 452: loss = 1.241030 | LR = 1.386645e-05 | grad_norm = 210.125705
  Batch 453: loss = 0.180551 | LR = 1.385974e-05 | grad_norm = 41.219952
  Batch 454: loss = 0.208352 | LR = 1.385303e-05 | grad_norm = 67.460967
  Batch 455: loss = 2.824171 | LR = 1.384632e-05 | grad_norm = 182.707942
  Batch 456: loss = 0.000000 | LR = 1.383962e-05 | grad_norm = 0.000000
  Batch 457: loss = 2.707834 | LR = 1.383291e-05 | grad_norm = 204.802625
  Batch 458: loss = 0.047657 | LR = 1.382620e-05 | grad_norm = 15.440844
  Batch 459: loss = 4.252827 | LR = 1.381949e-05 | grad_norm = 221.629424
  Batch 460: loss = 0.010482 | LR = 1.381279e-05 | grad_norm = 5.565533
  Batch 461: loss = 4.034033 | LR = 1.380608e-05 | grad_norm = 189.540970
  Batch 462: loss = 0.259426 | LR = 1.379937e-05 | grad_norm = 108.847404
  Batch 463: loss = 4.558765 | LR = 1.379267e-05 | grad_norm = 470.675054
  Batch 464: loss = 4.454153 | LR = 1.378596e-05 | grad_norm = 316.954235
  Batch 465: loss = 0.022547 | LR = 1.377926e-05 | grad_norm = 7.219609
  Batch 466: loss = 0.008333 | LR = 1.377255e-05 | grad_norm = 3.481335
  Batch 467: loss = 2.489397 | LR = 1.376585e-05 | grad_norm = 279.432205
  Batch 468: loss = 3.081509 | LR = 1.375915e-05 | grad_norm = 133.689136
  Batch 469: loss = 4.954646 | LR = 1.375244e-05 | grad_norm = 250.110400
  Batch 470: loss = 0.000341 | LR = 1.374574e-05 | grad_norm = 0.149180
  Batch 471: loss = 6.744891 | LR = 1.373904e-05 | grad_norm = 264.021121
  Batch 472: loss = 5.747519 | LR = 1.373233e-05 | grad_norm = 389.739807
  Batch 473: loss = 0.658029 | LR = 1.372563e-05 | grad_norm = 266.801600
  Batch 474: loss = 4.935425 | LR = 1.371893e-05 | grad_norm = 257.792501
  Batch 475: loss = 0.000000 | LR = 1.371223e-05 | grad_norm = 0.000000
  Batch 476: loss = 0.180578 | LR = 1.370553e-05 | grad_norm = 53.303882
  Batch 477: loss = 0.983285 | LR = 1.369883e-05 | grad_norm = 165.939274
  Batch 478: loss = 5.702019 | LR = 1.369213e-05 | grad_norm = 353.685581
  Batch 479: loss = 0.074238 | LR = 1.368543e-05 | grad_norm = 26.265963
  Batch 480: loss = 5.583586 | LR = 1.367873e-05 | grad_norm = 171.964738
  Batch 481: loss = 2.718523 | LR = 1.367203e-05 | grad_norm = 255.812152
  Batch 482: loss = 5.527133 | LR = 1.366533e-05 | grad_norm = 330.481977
  Batch 483: loss = 6.840487 | LR = 1.365863e-05 | grad_norm = 213.232162
  Batch 484: loss = 5.021192 | LR = 1.365193e-05 | grad_norm = 220.770163
  Batch 485: loss = 0.000000 | LR = 1.364523e-05 | grad_norm = 0.000000
  Batch 486: loss = 0.000000 | LR = 1.363854e-05 | grad_norm = 0.000016
  Batch 487: loss = 4.120326 | LR = 1.363184e-05 | grad_norm = 214.258105
  Batch 488: loss = 0.000501 | LR = 1.362514e-05 | grad_norm = 0.173515
  Batch 489: loss = 2.059735 | LR = 1.361845e-05 | grad_norm = 311.973327
  Batch 490: loss = 9.195683 | LR = 1.361175e-05 | grad_norm = 282.938080
  Batch 491: loss = 4.196510 | LR = 1.360505e-05 | grad_norm = 299.803613
  Batch 492: loss = 8.668436 | LR = 1.359836e-05 | grad_norm = 313.007447
  Batch 493: loss = 1.773618 | LR = 1.359166e-05 | grad_norm = 210.619355
  Batch 494: loss = 0.273680 | LR = 1.358497e-05 | grad_norm = 62.608901
  Batch 495: loss = 2.425998 | LR = 1.357828e-05 | grad_norm = 323.758666
  Batch 496: loss = 5.283757 | LR = 1.357158e-05 | grad_norm = 401.471513
  Batch 497: loss = 3.864556 | LR = 1.356489e-05 | grad_norm = 235.625307
  Batch 498: loss = 0.904323 | LR = 1.355820e-05 | grad_norm = 180.492597
  Batch 499: loss = 3.926215 | LR = 1.355150e-05 | grad_norm = 190.187279
  Batch 500: loss = 2.466895 | LR = 1.354481e-05 | grad_norm = 252.096267
  Batch 501: loss = 8.127975 | LR = 1.353812e-05 | grad_norm = 306.553244
  Batch 502: loss = 0.000769 | LR = 1.353143e-05 | grad_norm = 0.346073
  Batch 503: loss = 0.427756 | LR = 1.352474e-05 | grad_norm = 110.805149
  Batch 504: loss = 2.391087 | LR = 1.351805e-05 | grad_norm = 380.025582
  Batch 505: loss = 3.350737 | LR = 1.351136e-05 | grad_norm = 255.628000
  Batch 506: loss = 0.181129 | LR = 1.350467e-05 | grad_norm = 57.267614
  Batch 507: loss = 0.818726 | LR = 1.349798e-05 | grad_norm = 221.634167
  Batch 508: loss = 0.021204 | LR = 1.349129e-05 | grad_norm = 7.452241
  Batch 509: loss = 0.608563 | LR = 1.348460e-05 | grad_norm = 99.632011
  Batch 510: loss = 5.207869 | LR = 1.347791e-05 | grad_norm = 272.429947
  Batch 511: loss = 5.980110 | LR = 1.347122e-05 | grad_norm = 359.465812
  Batch 512: loss = 0.009761 | LR = 1.346454e-05 | grad_norm = 2.722038
  Batch 513: loss = 8.388907 | LR = 1.345785e-05 | grad_norm = 272.206754
  Batch 514: loss = 4.971423 | LR = 1.345116e-05 | grad_norm = 178.298100
  Batch 515: loss = 0.566804 | LR = 1.344448e-05 | grad_norm = 196.651250
  Batch 516: loss = 3.174515 | LR = 1.343779e-05 | grad_norm = 161.075351
  Batch 517: loss = 3.893034 | LR = 1.343111e-05 | grad_norm = 251.473464
  Batch 518: loss = 0.132685 | LR = 1.342442e-05 | grad_norm = 38.196422
  Batch 519: loss = 3.091467 | LR = 1.341774e-05 | grad_norm = 197.566195
  Batch 520: loss = 4.858827 | LR = 1.341105e-05 | grad_norm = 272.292973
  Batch 521: loss = 1.114663 | LR = 1.340437e-05 | grad_norm = 259.310290
  Batch 522: loss = 2.989026 | LR = 1.339769e-05 | grad_norm = 206.842967
  Batch 523: loss = 0.439449 | LR = 1.339100e-05 | grad_norm = 103.837019
  Batch 524: loss = 3.325929 | LR = 1.338432e-05 | grad_norm = 360.764965
  Batch 525: loss = 5.623991 | LR = 1.337764e-05 | grad_norm = 166.967807
  Batch 526: loss = 0.000087 | LR = 1.337096e-05 | grad_norm = 0.043015
  Batch 527: loss = 0.000000 | LR = 1.336428e-05 | grad_norm = 0.000000
  Batch 528: loss = 3.630889 | LR = 1.335759e-05 | grad_norm = 212.537763
  Batch 529: loss = 0.032682 | LR = 1.335091e-05 | grad_norm = 10.888779
  Batch 530: loss = 0.002776 | LR = 1.334423e-05 | grad_norm = 0.902930
  Batch 531: loss = 2.172018 | LR = 1.333755e-05 | grad_norm = 258.543189
  Batch 532: loss = 6.949491 | LR = 1.333088e-05 | grad_norm = 229.457006
  Batch 533: loss = 3.150137 | LR = 1.332420e-05 | grad_norm = 184.528466
  Batch 534: loss = 2.739775 | LR = 1.331752e-05 | grad_norm = 266.197837
  Batch 535: loss = 1.315450 | LR = 1.331084e-05 | grad_norm = 204.057631
  Batch 536: loss = 0.852241 | LR = 1.330416e-05 | grad_norm = 130.236417
  Batch 537: loss = 4.813210 | LR = 1.329749e-05 | grad_norm = 421.704015
  Batch 538: loss = 2.152940 | LR = 1.329081e-05 | grad_norm = 285.868122
  Batch 539: loss = 0.002101 | LR = 1.328413e-05 | grad_norm = 0.742471
  Batch 540: loss = 1.200951 | LR = 1.327746e-05 | grad_norm = 274.838890
  Batch 541: loss = 8.627733 | LR = 1.327078e-05 | grad_norm = 397.022195
  Batch 542: loss = 10.495433 | LR = 1.326411e-05 | grad_norm = 340.872751
  Batch 543: loss = 0.146865 | LR = 1.325743e-05 | grad_norm = 64.613154
  Batch 544: loss = 0.048216 | LR = 1.325076e-05 | grad_norm = 22.186643
  Batch 545: loss = 0.804473 | LR = 1.324409e-05 | grad_norm = 220.659282
  Batch 546: loss = 0.219573 | LR = 1.323741e-05 | grad_norm = 63.703755
  Batch 547: loss = 4.292434 | LR = 1.323074e-05 | grad_norm = 249.418466
  Batch 548: loss = 20.534164 | LR = 1.322407e-05 | grad_norm = 948.528088
  Batch 549: loss = 0.000001 | LR = 1.321740e-05 | grad_norm = 0.000372
  Batch 550: loss = 7.604334 | LR = 1.321073e-05 | grad_norm = 407.412077
  Batch 551: loss = 0.000847 | LR = 1.320406e-05 | grad_norm = 0.380271
  Batch 552: loss = 4.037316 | LR = 1.319739e-05 | grad_norm = 176.814180
  Batch 553: loss = 2.374628 | LR = 1.319072e-05 | grad_norm = 322.833110
  Batch 554: loss = 2.215251 | LR = 1.318405e-05 | grad_norm = 208.890587
  Batch 555: loss = 3.890806 | LR = 1.317738e-05 | grad_norm = 234.508220
  Batch 556: loss = 9.397811 | LR = 1.317071e-05 | grad_norm = 592.060290
  Batch 557: loss = 4.736037 | LR = 1.316404e-05 | grad_norm = 224.697477
  Batch 558: loss = 1.222468 | LR = 1.315737e-05 | grad_norm = 262.686918
  Batch 559: loss = 0.001942 | LR = 1.315071e-05 | grad_norm = 1.147693
  Batch 560: loss = 0.000000 | LR = 1.314404e-05 | grad_norm = 0.000000
  Batch 561: loss = 9.477593 | LR = 1.313737e-05 | grad_norm = 437.257723
  Batch 562: loss = 2.837019 | LR = 1.313071e-05 | grad_norm = 190.131093
  Batch 563: loss = 0.000000 | LR = 1.312404e-05 | grad_norm = 0.000012
  Batch 564: loss = 0.735983 | LR = 1.311738e-05 | grad_norm = 159.520318
  Batch 565: loss = 0.383263 | LR = 1.311071e-05 | grad_norm = 84.270648
  Batch 566: loss = 3.715863 | LR = 1.310405e-05 | grad_norm = 221.468103
  Batch 567: loss = 0.009285 | LR = 1.309739e-05 | grad_norm = 2.780043
  Batch 568: loss = 0.676502 | LR = 1.309072e-05 | grad_norm = 192.367466
  Batch 569: loss = 0.004077 | LR = 1.308406e-05 | grad_norm = 1.916856
  Batch 570: loss = 2.093118 | LR = 1.307740e-05 | grad_norm = 257.457315
  Batch 571: loss = 2.244869 | LR = 1.307074e-05 | grad_norm = 153.454327
  Batch 572: loss = 5.580394 | LR = 1.306408e-05 | grad_norm = 197.545606
  Batch 573: loss = 0.000000 | LR = 1.305742e-05 | grad_norm = 0.000065
  Batch 574: loss = 5.012479 | LR = 1.305076e-05 | grad_norm = 226.112135
  Batch 575: loss = 0.313858 | LR = 1.304410e-05 | grad_norm = 72.568255
  Batch 576: loss = 0.133558 | LR = 1.303744e-05 | grad_norm = 61.050500
  Batch 577: loss = 4.965264 | LR = 1.303078e-05 | grad_norm = 291.936161
  Batch 578: loss = 0.729030 | LR = 1.302412e-05 | grad_norm = 160.095731
  Batch 579: loss = 1.026291 | LR = 1.301746e-05 | grad_norm = 123.534199
  Batch 580: loss = 3.002815 | LR = 1.301081e-05 | grad_norm = 219.015115
  Batch 581: loss = 0.000000 | LR = 1.300415e-05 | grad_norm = 0.000006
  Batch 582: loss = 5.171254 | LR = 1.299749e-05 | grad_norm = 237.891189
  Batch 583: loss = 3.183778 | LR = 1.299084e-05 | grad_norm = 318.576477
  Batch 584: loss = 0.558932 | LR = 1.298418e-05 | grad_norm = 100.757860
  Batch 585: loss = 4.642081 | LR = 1.297753e-05 | grad_norm = 349.723314
  Batch 586: loss = 7.130052 | LR = 1.297087e-05 | grad_norm = 247.065884
  Batch 587: loss = 6.495418 | LR = 1.296422e-05 | grad_norm = 407.930390
  Batch 588: loss = 3.232279 | LR = 1.295757e-05 | grad_norm = 177.351160
  Batch 589: loss = 1.991572 | LR = 1.295091e-05 | grad_norm = 190.434314
  Batch 590: loss = 5.581257 | LR = 1.294426e-05 | grad_norm = 183.660638
  Batch 591: loss = 0.000000 | LR = 1.293761e-05 | grad_norm = 0.000023
  Batch 592: loss = 0.000015 | LR = 1.293096e-05 | grad_norm = 0.007445
  Batch 593: loss = 3.042391 | LR = 1.292431e-05 | grad_norm = 266.886291
  Batch 594: loss = 2.546174 | LR = 1.291766e-05 | grad_norm = 188.604513
  Batch 595: loss = 1.324817 | LR = 1.291101e-05 | grad_norm = 191.878910
  Batch 596: loss = 4.974064 | LR = 1.290436e-05 | grad_norm = 400.518463
  Batch 597: loss = 5.699152 | LR = 1.289771e-05 | grad_norm = 197.935960
  Batch 598: loss = 3.957323 | LR = 1.289106e-05 | grad_norm = 246.705589
  Batch 599: loss = 0.004910 | LR = 1.288441e-05 | grad_norm = 2.227824
  Batch 600: loss = 0.000000 | LR = 1.287777e-05 | grad_norm = 0.000002
  Batch 601: loss = 6.407516 | LR = 1.287112e-05 | grad_norm = 271.149008
  Batch 602: loss = 0.033484 | LR = 1.286447e-05 | grad_norm = 8.570834
  Batch 603: loss = 6.163205 | LR = 1.285783e-05 | grad_norm = 270.439317
  Batch 604: loss = 4.265882 | LR = 1.285118e-05 | grad_norm = 307.794539
  Batch 605: loss = 0.568447 | LR = 1.284454e-05 | grad_norm = 138.541497
  Batch 606: loss = 2.918026 | LR = 1.283790e-05 | grad_norm = 150.582576
  Batch 607: loss = 3.500146 | LR = 1.283125e-05 | grad_norm = 219.954243
  Batch 608: loss = 5.743160 | LR = 1.282461e-05 | grad_norm = 189.530531
  Batch 609: loss = 0.062996 | LR = 1.281797e-05 | grad_norm = 29.017378
  Batch 610: loss = 0.077824 | LR = 1.281132e-05 | grad_norm = 19.539944
  Batch 611: loss = 0.006300 | LR = 1.280468e-05 | grad_norm = 2.612161
  Batch 612: loss = 3.810839 | LR = 1.279804e-05 | grad_norm = 297.563358
  Batch 613: loss = 3.435483 | LR = 1.279140e-05 | grad_norm = 233.839436
  Batch 614: loss = 5.629333 | LR = 1.278476e-05 | grad_norm = 291.118167
  Batch 615: loss = 0.000020 | LR = 1.277812e-05 | grad_norm = 0.014991
  Batch 616: loss = 0.088584 | LR = 1.277148e-05 | grad_norm = 30.981392
  Batch 617: loss = 0.085568 | LR = 1.276485e-05 | grad_norm = 28.448426
  Batch 618: loss = 0.000000 | LR = 1.275821e-05 | grad_norm = 0.000000
  Batch 619: loss = 6.429419 | LR = 1.275157e-05 | grad_norm = 309.841312
  Batch 620: loss = 3.625335 | LR = 1.274493e-05 | grad_norm = 403.143987
  Batch 621: loss = 0.000890 | LR = 1.273830e-05 | grad_norm = 0.441357
  Batch 622: loss = 0.069156 | LR = 1.273166e-05 | grad_norm = 38.253158
  Batch 623: loss = 0.656154 | LR = 1.272503e-05 | grad_norm = 181.353426
  Batch 624: loss = 2.411503 | LR = 1.271839e-05 | grad_norm = 277.690086
  Batch 625: loss = 0.000000 | LR = 1.271176e-05 | grad_norm = 0.000000
  Batch 626: loss = 7.115205 | LR = 1.270513e-05 | grad_norm = 192.413215
  Batch 627: loss = 0.000000 | LR = 1.269849e-05 | grad_norm = 0.000000
  Batch 628: loss = 0.000000 | LR = 1.269186e-05 | grad_norm = 0.000215
  Batch 629: loss = 5.047902 | LR = 1.268523e-05 | grad_norm = 414.634354
  Batch 630: loss = 2.211380 | LR = 1.267860e-05 | grad_norm = 250.641200
  Batch 631: loss = 0.043431 | LR = 1.267197e-05 | grad_norm = 13.007420
  Batch 632: loss = 1.397547 | LR = 1.266534e-05 | grad_norm = 179.103016
  Batch 633: loss = 2.113442 | LR = 1.265871e-05 | grad_norm = 244.369162
  Batch 634: loss = 0.000000 | LR = 1.265208e-05 | grad_norm = 0.000000
  Batch 635: loss = 3.204090 | LR = 1.264545e-05 | grad_norm = 140.784513
  Batch 636: loss = 2.274906 | LR = 1.263882e-05 | grad_norm = 224.543944
  Batch 637: loss = 0.016444 | LR = 1.263220e-05 | grad_norm = 8.596194
  Batch 638: loss = 0.707343 | LR = 1.262557e-05 | grad_norm = 159.818712
  Batch 639: loss = 0.000146 | LR = 1.261894e-05 | grad_norm = 0.070490
  Batch 640: loss = 6.680130 | LR = 1.261232e-05 | grad_norm = 272.986226
  Batch 641: loss = 0.431279 | LR = 1.260569e-05 | grad_norm = 115.984885
  Batch 642: loss = 10.919178 | LR = 1.259907e-05 | grad_norm = 400.474179
  Batch 643: loss = 0.274469 | LR = 1.259244e-05 | grad_norm = 60.799245
  Batch 644: loss = 8.375301 | LR = 1.258582e-05 | grad_norm = 407.637561
  Batch 645: loss = 0.455180 | LR = 1.257920e-05 | grad_norm = 147.848722
  Batch 646: loss = 5.982107 | LR = 1.257257e-05 | grad_norm = 299.923559
  Batch 647: loss = 3.847693 | LR = 1.256595e-05 | grad_norm = 399.495646
  Batch 648: loss = 4.303357 | LR = 1.255933e-05 | grad_norm = 309.135006
  Batch 649: loss = 0.219257 | LR = 1.255271e-05 | grad_norm = 76.649671
  Batch 650: loss = 1.360693 | LR = 1.254609e-05 | grad_norm = 208.312278
  Batch 651: loss = 0.000097 | LR = 1.253947e-05 | grad_norm = 0.026313
  Batch 652: loss = 4.851769 | LR = 1.253285e-05 | grad_norm = 205.383506
  Batch 653: loss = 4.947709 | LR = 1.252624e-05 | grad_norm = 180.852913
  Batch 654: loss = 0.601377 | LR = 1.251962e-05 | grad_norm = 167.227649
  Batch 655: loss = 5.174252 | LR = 1.251300e-05 | grad_norm = 390.012472
  Batch 656: loss = 3.532159 | LR = 1.250638e-05 | grad_norm = 222.934362
  Batch 657: loss = 4.734155 | LR = 1.249977e-05 | grad_norm = 291.425887
  Batch 658: loss = 0.483844 | LR = 1.249315e-05 | grad_norm = 128.490624
  Batch 659: loss = 4.662729 | LR = 1.248654e-05 | grad_norm = 254.820781
  Batch 660: loss = 3.665754 | LR = 1.247992e-05 | grad_norm = 254.638187
  Batch 661: loss = 1.166700 | LR = 1.247331e-05 | grad_norm = 260.229109
  Batch 662: loss = 0.000000 | LR = 1.246670e-05 | grad_norm = 0.000000
  Batch 663: loss = 2.975768 | LR = 1.246009e-05 | grad_norm = 195.970066
  Batch 664: loss = 0.191971 | LR = 1.245347e-05 | grad_norm = 79.900702
  Batch 665: loss = 5.253280 | LR = 1.244686e-05 | grad_norm = 205.033538
  Batch 666: loss = 3.776513 | LR = 1.244025e-05 | grad_norm = 125.877992
  Batch 667: loss = 0.005559 | LR = 1.243364e-05 | grad_norm = 2.087902
  Batch 668: loss = 5.245202 | LR = 1.242703e-05 | grad_norm = 310.577422
  Batch 669: loss = 1.895564 | LR = 1.242042e-05 | grad_norm = 109.709265
  Batch 670: loss = 3.650374 | LR = 1.241382e-05 | grad_norm = 194.047438
  Batch 671: loss = 0.008757 | LR = 1.240721e-05 | grad_norm = 2.309646
  Batch 672: loss = 0.327090 | LR = 1.240060e-05 | grad_norm = 125.352928
  Batch 673: loss = 2.260652 | LR = 1.239399e-05 | grad_norm = 167.036736
  Batch 674: loss = 3.704060 | LR = 1.238739e-05 | grad_norm = 202.995869
  Batch 675: loss = 2.037527 | LR = 1.238078e-05 | grad_norm = 217.127713
  Batch 676: loss = 5.158035 | LR = 1.237418e-05 | grad_norm = 253.217485
  Batch 677: loss = 0.000000 | LR = 1.236757e-05 | grad_norm = 0.000000
  Batch 678: loss = 3.553798 | LR = 1.236097e-05 | grad_norm = 373.982228
  Batch 679: loss = 7.563808 | LR = 1.235437e-05 | grad_norm = 338.075459
  Batch 680: loss = 3.080432 | LR = 1.234777e-05 | grad_norm = 211.935502
  Batch 681: loss = 2.758460 | LR = 1.234116e-05 | grad_norm = 205.416895
  Batch 682: loss = 2.879938 | LR = 1.233456e-05 | grad_norm = 174.685502
  Batch 683: loss = 7.946348 | LR = 1.232796e-05 | grad_norm = 274.520020
  Batch 684: loss = 0.126469 | LR = 1.232136e-05 | grad_norm = 34.002443
  Batch 685: loss = 0.069451 | LR = 1.231476e-05 | grad_norm = 25.896594
  Batch 686: loss = 4.734677 | LR = 1.230817e-05 | grad_norm = 255.934603
  Batch 687: loss = 0.592968 | LR = 1.230157e-05 | grad_norm = 106.220535
  Batch 688: loss = 5.464530 | LR = 1.229497e-05 | grad_norm = 198.316300
  Batch 689: loss = 0.011994 | LR = 1.228837e-05 | grad_norm = 4.095809
  Batch 690: loss = 0.061592 | LR = 1.228178e-05 | grad_norm = 34.547105
  Batch 691: loss = 1.407553 | LR = 1.227518e-05 | grad_norm = 181.833956
  Batch 692: loss = 0.104415 | LR = 1.226859e-05 | grad_norm = 25.267164
  Batch 693: loss = 1.675972 | LR = 1.226199e-05 | grad_norm = 210.429051
  Batch 694: loss = 0.000000 | LR = 1.225540e-05 | grad_norm = 0.000010
  Batch 695: loss = 5.785996 | LR = 1.224881e-05 | grad_norm = 215.124993
  Batch 696: loss = 1.319326 | LR = 1.224222e-05 | grad_norm = 338.537579
  Batch 697: loss = 8.098112 | LR = 1.223562e-05 | grad_norm = 414.695346
  Batch 698: loss = 4.468306 | LR = 1.222903e-05 | grad_norm = 254.854832
  Batch 699: loss = 0.920941 | LR = 1.222244e-05 | grad_norm = 187.870345
  Batch 700: loss = 3.247129 | LR = 1.221585e-05 | grad_norm = 207.334503
  Batch 701: loss = 6.447981 | LR = 1.220926e-05 | grad_norm = 326.179140
  Batch 702: loss = 2.657332 | LR = 1.220268e-05 | grad_norm = 293.416665
  Batch 703: loss = 6.328009 | LR = 1.219609e-05 | grad_norm = 283.754005
  Batch 704: loss = 5.906420 | LR = 1.218950e-05 | grad_norm = 217.690160
  Batch 705: loss = 4.065048 | LR = 1.218291e-05 | grad_norm = 250.694115
  Batch 706: loss = 4.122828 | LR = 1.217633e-05 | grad_norm = 162.392830
  Batch 707: loss = 1.059709 | LR = 1.216974e-05 | grad_norm = 221.747663
  Batch 708: loss = 0.059399 | LR = 1.216316e-05 | grad_norm = 30.755364
  Batch 709: loss = 0.126005 | LR = 1.215657e-05 | grad_norm = 45.721869
  Batch 710: loss = 3.108239 | LR = 1.214999e-05 | grad_norm = 287.560012
  Batch 711: loss = 0.000028 | LR = 1.214341e-05 | grad_norm = 0.012588
  Batch 712: loss = 0.000031 | LR = 1.213683e-05 | grad_norm = 0.019168
  Batch 713: loss = 0.046783 | LR = 1.213025e-05 | grad_norm = 15.071712
  Batch 714: loss = 4.141436 | LR = 1.212366e-05 | grad_norm = 407.300481
  Batch 715: loss = 3.779442 | LR = 1.211708e-05 | grad_norm = 278.920947
  Batch 716: loss = 5.100485 | LR = 1.211051e-05 | grad_norm = 271.948444
  Batch 717: loss = 6.297029 | LR = 1.210393e-05 | grad_norm = 149.158563
  Batch 718: loss = 0.019741 | LR = 1.209735e-05 | grad_norm = 6.716995
  Batch 719: loss = 2.480625 | LR = 1.209077e-05 | grad_norm = 284.083985
  Batch 720: loss = 2.983078 | LR = 1.208419e-05 | grad_norm = 202.585934
  Batch 721: loss = 1.430194 | LR = 1.207762e-05 | grad_norm = 279.569489
  Batch 722: loss = 0.876234 | LR = 1.207104e-05 | grad_norm = 189.995269
  Batch 723: loss = 0.005324 | LR = 1.206447e-05 | grad_norm = 2.033786
  Batch 724: loss = 2.308671 | LR = 1.205789e-05 | grad_norm = 229.978169
  Batch 725: loss = 0.439201 | LR = 1.205132e-05 | grad_norm = 219.693611
  Batch 726: loss = 0.000000 | LR = 1.204475e-05 | grad_norm = 0.000004
  Batch 727: loss = 1.176987 | LR = 1.203818e-05 | grad_norm = 192.893907
  Batch 728: loss = 3.586999 | LR = 1.203160e-05 | grad_norm = 161.417762
  Batch 729: loss = 4.064016 | LR = 1.202503e-05 | grad_norm = 208.669314
  Batch 730: loss = 4.570630 | LR = 1.201846e-05 | grad_norm = 394.733194
  Batch 731: loss = 0.035428 | LR = 1.201189e-05 | grad_norm = 24.050596
  Batch 732: loss = 3.713033 | LR = 1.200533e-05 | grad_norm = 398.418426
  Batch 733: loss = 2.091300 | LR = 1.199876e-05 | grad_norm = 338.418654
  Batch 734: loss = 3.500895 | LR = 1.199219e-05 | grad_norm = 345.966049
  Batch 735: loss = 4.886900 | LR = 1.198562e-05 | grad_norm = 156.478094
  Batch 736: loss = 0.232412 | LR = 1.197906e-05 | grad_norm = 153.709406
  Batch 737: loss = 1.691253 | LR = 1.197249e-05 | grad_norm = 229.764292
  Batch 738: loss = 0.293025 | LR = 1.196593e-05 | grad_norm = 113.210196
  Batch 739: loss = 3.053556 | LR = 1.195936e-05 | grad_norm = 154.657811
  Batch 740: loss = 0.124015 | LR = 1.195280e-05 | grad_norm = 24.479245
  Batch 741: loss = 4.237942 | LR = 1.194624e-05 | grad_norm = 428.908434
  Batch 742: loss = 0.000000 | LR = 1.193968e-05 | grad_norm = 0.000012
  Batch 743: loss = 1.760571 | LR = 1.193311e-05 | grad_norm = 316.201030
  Batch 744: loss = 0.011942 | LR = 1.192655e-05 | grad_norm = 6.895426
  Batch 745: loss = 2.698655 | LR = 1.191999e-05 | grad_norm = 252.834374
  Batch 746: loss = 0.203944 | LR = 1.191344e-05 | grad_norm = 61.323266
  Batch 747: loss = 2.243447 | LR = 1.190688e-05 | grad_norm = 254.227109
  Batch 748: loss = 4.187639 | LR = 1.190032e-05 | grad_norm = 193.072013
  Batch 749: loss = 2.131862 | LR = 1.189376e-05 | grad_norm = 179.981582
  Batch 750: loss = 1.998055 | LR = 1.188721e-05 | grad_norm = 212.945767
  Batch 751: loss = 0.917592 | LR = 1.188065e-05 | grad_norm = 158.672282
  Batch 752: loss = 5.771457 | LR = 1.187410e-05 | grad_norm = 192.490138
  Batch 753: loss = 5.050498 | LR = 1.186754e-05 | grad_norm = 465.282854
  Batch 754: loss = 3.246490 | LR = 1.186099e-05 | grad_norm = 264.964642
  Batch 755: loss = 4.678030 | LR = 1.185443e-05 | grad_norm = 163.000243
  Batch 756: loss = 2.611238 | LR = 1.184788e-05 | grad_norm = 177.253965
  Batch 757: loss = 1.108733 | LR = 1.184133e-05 | grad_norm = 166.617383
  Batch 758: loss = 0.000000 | LR = 1.183478e-05 | grad_norm = 0.000000
  Batch 759: loss = 4.703784 | LR = 1.182823e-05 | grad_norm = 210.982587
  Batch 760: loss = 1.236843 | LR = 1.182168e-05 | grad_norm = 243.224641
  Batch 761: loss = 5.062059 | LR = 1.181513e-05 | grad_norm = 225.800290
  Batch 762: loss = 1.187140 | LR = 1.180858e-05 | grad_norm = 211.482589
  Batch 763: loss = 0.193940 | LR = 1.180204e-05 | grad_norm = 71.001602
  Batch 764: loss = 10.909952 | LR = 1.179549e-05 | grad_norm = 326.173247
  Batch 765: loss = 1.039488 | LR = 1.178894e-05 | grad_norm = 143.384687
  Batch 766: loss = 0.004905 | LR = 1.178240e-05 | grad_norm = 1.763445
  Batch 767: loss = 4.894561 | LR = 1.177586e-05 | grad_norm = 198.584772
  Batch 768: loss = 9.549388 | LR = 1.176931e-05 | grad_norm = 464.904005
  Batch 769: loss = 0.037748 | LR = 1.176277e-05 | grad_norm = 21.882272
  Batch 770: loss = 0.000009 | LR = 1.175623e-05 | grad_norm = 0.004292
  Batch 771: loss = 0.203990 | LR = 1.174969e-05 | grad_norm = 39.857401
  Batch 772: loss = 4.744579 | LR = 1.174314e-05 | grad_norm = 245.580855
  Batch 773: loss = 6.264987 | LR = 1.173660e-05 | grad_norm = 402.855175
  Batch 774: loss = 2.324801 | LR = 1.173007e-05 | grad_norm = 253.087912
  Batch 775: loss = 1.420903 | LR = 1.172353e-05 | grad_norm = 187.799359
  Batch 776: loss = 0.040529 | LR = 1.171699e-05 | grad_norm = 11.005924
  Batch 777: loss = 6.096900 | LR = 1.171045e-05 | grad_norm = 101.273398
  Batch 778: loss = 2.090531 | LR = 1.170392e-05 | grad_norm = 171.304152
  Batch 779: loss = 3.697854 | LR = 1.169738e-05 | grad_norm = 217.332947
  Batch 780: loss = 7.290009 | LR = 1.169085e-05 | grad_norm = 339.711502
  Batch 781: loss = 6.479835 | LR = 1.168431e-05 | grad_norm = 327.496560
  Batch 782: loss = 0.014803 | LR = 1.167778e-05 | grad_norm = 5.321629
  Batch 783: loss = 1.223631 | LR = 1.167124e-05 | grad_norm = 241.522538
  Batch 784: loss = 1.918418 | LR = 1.166471e-05 | grad_norm = 377.309588
  Batch 785: loss = 7.311741 | LR = 1.165818e-05 | grad_norm = 282.226327
  Batch 786: loss = 4.289419 | LR = 1.165165e-05 | grad_norm = 220.931102
  Batch 787: loss = 0.206294 | LR = 1.164512e-05 | grad_norm = 66.413515
  Batch 788: loss = 0.953833 | LR = 1.163859e-05 | grad_norm = 306.171950
  Batch 789: loss = 2.371087 | LR = 1.163206e-05 | grad_norm = 235.276288
  Batch 790: loss = 2.592348 | LR = 1.162554e-05 | grad_norm = 165.865315
  Batch 791: loss = 0.002226 | LR = 1.161901e-05 | grad_norm = 0.748347
  Batch 792: loss = 5.499315 | LR = 1.161248e-05 | grad_norm = 177.020507
  Batch 793: loss = 1.983425 | LR = 1.160596e-05 | grad_norm = 359.990427
  Batch 794: loss = 1.766162 | LR = 1.159943e-05 | grad_norm = 217.125179
  Batch 795: loss = 0.000000 | LR = 1.159291e-05 | grad_norm = 0.000004
  Batch 796: loss = 0.000000 | LR = 1.158639e-05 | grad_norm = 0.000000
  Batch 797: loss = 2.629230 | LR = 1.157987e-05 | grad_norm = 365.092825
  Batch 798: loss = 8.644114 | LR = 1.157334e-05 | grad_norm = 387.202408
  Batch 799: loss = 1.796708 | LR = 1.156682e-05 | grad_norm = 180.190637
  Batch 800: loss = 4.660179 | LR = 1.156030e-05 | grad_norm = 132.095878
  Batch 801: loss = 0.000000 | LR = 1.155378e-05 | grad_norm = 0.000146
  Batch 802: loss = 0.011255 | LR = 1.154727e-05 | grad_norm = 5.720288
  Batch 803: loss = 1.503922 | LR = 1.154075e-05 | grad_norm = 216.383180
  Batch 804: loss = 4.551369 | LR = 1.153423e-05 | grad_norm = 254.776781
  Batch 805: loss = 0.567194 | LR = 1.152771e-05 | grad_norm = 81.303782
  Batch 806: loss = 0.000003 | LR = 1.152120e-05 | grad_norm = 0.001932
  Batch 807: loss = 4.470125 | LR = 1.151468e-05 | grad_norm = 185.006540
  Batch 808: loss = 1.041660 | LR = 1.150817e-05 | grad_norm = 218.928116
  Batch 809: loss = 1.406774 | LR = 1.150166e-05 | grad_norm = 267.139283
  Batch 810: loss = 7.149026 | LR = 1.149515e-05 | grad_norm = 258.908472
  Batch 811: loss = 7.511463 | LR = 1.148863e-05 | grad_norm = 224.619809
  Batch 812: loss = 0.512884 | LR = 1.148212e-05 | grad_norm = 176.647347
  Batch 813: loss = 0.003372 | LR = 1.147561e-05 | grad_norm = 1.020880
  Batch 814: loss = 5.145315 | LR = 1.146910e-05 | grad_norm = 307.536990
  Batch 815: loss = 4.058976 | LR = 1.146260e-05 | grad_norm = 289.455129
  Batch 816: loss = 1.390183 | LR = 1.145609e-05 | grad_norm = 262.917971
  Batch 817: loss = 4.280881 | LR = 1.144958e-05 | grad_norm = 222.351124
  Batch 818: loss = 1.149250 | LR = 1.144307e-05 | grad_norm = 212.397180
  Batch 819: loss = 0.239700 | LR = 1.143657e-05 | grad_norm = 87.286667
  Batch 820: loss = 0.194604 | LR = 1.143007e-05 | grad_norm = 48.260375
  Batch 821: loss = 3.267347 | LR = 1.142356e-05 | grad_norm = 376.746088
  Batch 822: loss = 3.358567 | LR = 1.141706e-05 | grad_norm = 250.527762
  Batch 823: loss = 0.001707 | LR = 1.141056e-05 | grad_norm = 0.933638
  Batch 824: loss = 4.754152 | LR = 1.140405e-05 | grad_norm = 219.337605
  Batch 825: loss = 0.000000 | LR = 1.139755e-05 | grad_norm = 0.000000
  Batch 826: loss = 2.809923 | LR = 1.139105e-05 | grad_norm = 128.450334
  Batch 827: loss = 0.185029 | LR = 1.138456e-05 | grad_norm = 100.564355
  Batch 828: loss = 12.567829 | LR = 1.137806e-05 | grad_norm = 351.191199
  Batch 829: loss = 1.643019 | LR = 1.137156e-05 | grad_norm = 247.025561
  Batch 830: loss = 0.000001 | LR = 1.136506e-05 | grad_norm = 0.000551
  Batch 831: loss = 2.452131 | LR = 1.135857e-05 | grad_norm = 166.138783
  Batch 832: loss = 3.514452 | LR = 1.135207e-05 | grad_norm = 155.078420
  Batch 833: loss = 6.674856 | LR = 1.134558e-05 | grad_norm = 236.805276
  Batch 834: loss = 0.000000 | LR = 1.133908e-05 | grad_norm = 0.000000
  Batch 835: loss = 4.009280 | LR = 1.133259e-05 | grad_norm = 269.033947
  Batch 836: loss = 2.634809 | LR = 1.132610e-05 | grad_norm = 367.025735
  Batch 837: loss = 4.517947 | LR = 1.131961e-05 | grad_norm = 336.656109
  Batch 838: loss = 4.562141 | LR = 1.131312e-05 | grad_norm = 227.540568
  Batch 839: loss = 1.339543 | LR = 1.130663e-05 | grad_norm = 191.905332
  Batch 840: loss = 0.077421 | LR = 1.130014e-05 | grad_norm = 18.481791
  Batch 841: loss = 0.000000 | LR = 1.129365e-05 | grad_norm = 0.000000
  Batch 842: loss = 4.200538 | LR = 1.128717e-05 | grad_norm = 518.110041
  Batch 843: loss = 4.889597 | LR = 1.128068e-05 | grad_norm = 360.731924
  Batch 844: loss = 7.597224 | LR = 1.127419e-05 | grad_norm = 327.949264
  Batch 845: loss = 0.273349 | LR = 1.126771e-05 | grad_norm = 85.508107
  Batch 846: loss = 5.108607 | LR = 1.126123e-05 | grad_norm = 210.183953
  Batch 847: loss = 2.734781 | LR = 1.125474e-05 | grad_norm = 259.608706
  Batch 848: loss = 0.701023 | LR = 1.124826e-05 | grad_norm = 155.015377
  Batch 849: loss = 0.000732 | LR = 1.124178e-05 | grad_norm = 0.386653
  Batch 850: loss = 2.608263 | LR = 1.123530e-05 | grad_norm = 281.419366
  Batch 851: loss = 0.000955 | LR = 1.122882e-05 | grad_norm = 0.445789
  Batch 852: loss = 0.026117 | LR = 1.122234e-05 | grad_norm = 10.028884
  Batch 853: loss = 1.883409 | LR = 1.121586e-05 | grad_norm = 370.211017
  Batch 854: loss = 4.106338 | LR = 1.120938e-05 | grad_norm = 212.505848
  Batch 855: loss = 0.165448 | LR = 1.120291e-05 | grad_norm = 58.419176
  Batch 856: loss = 0.000076 | LR = 1.119643e-05 | grad_norm = 0.048129
  Batch 857: loss = 5.794094 | LR = 1.118996e-05 | grad_norm = 434.575742
  Batch 858: loss = 8.944982 | LR = 1.118348e-05 | grad_norm = 423.819253
  Batch 859: loss = 0.024027 | LR = 1.117701e-05 | grad_norm = 7.847399
  Batch 860: loss = 0.303678 | LR = 1.117054e-05 | grad_norm = 67.613696
  Batch 861: loss = 9.288648 | LR = 1.116407e-05 | grad_norm = 450.871133
  Batch 862: loss = 0.006564 | LR = 1.115760e-05 | grad_norm = 2.390052
  Batch 863: loss = 2.793664 | LR = 1.115113e-05 | grad_norm = 286.030527
  Batch 864: loss = 0.023520 | LR = 1.114466e-05 | grad_norm = 7.846108
  Batch 865: loss = 0.111549 | LR = 1.113819e-05 | grad_norm = 23.573335
  Batch 866: loss = 5.621562 | LR = 1.113172e-05 | grad_norm = 203.627666
  Batch 867: loss = 4.765129 | LR = 1.112526e-05 | grad_norm = 132.310976
  Batch 868: loss = 0.000307 | LR = 1.111879e-05 | grad_norm = 0.113280
  Batch 869: loss = 0.039005 | LR = 1.111233e-05 | grad_norm = 8.551487
  Batch 870: loss = 0.048950 | LR = 1.110586e-05 | grad_norm = 21.017008
  Batch 871: loss = 0.995311 | LR = 1.109940e-05 | grad_norm = 187.091356
  Batch 872: loss = 2.316694 | LR = 1.109294e-05 | grad_norm = 210.964282
  Batch 873: loss = 0.048531 | LR = 1.108648e-05 | grad_norm = 25.309430
  Batch 874: loss = 0.254810 | LR = 1.108001e-05 | grad_norm = 92.494685
  Batch 875: loss = 1.650169 | LR = 1.107356e-05 | grad_norm = 196.499575
  Batch 876: loss = 8.637828 | LR = 1.106710e-05 | grad_norm = 300.972583
  Batch 877: loss = 0.145137 | LR = 1.106064e-05 | grad_norm = 45.221904
  Batch 878: loss = 5.459069 | LR = 1.105418e-05 | grad_norm = 300.283256
  Batch 879: loss = 8.643612 | LR = 1.104772e-05 | grad_norm = 339.918104
  Batch 880: loss = 1.017214 | LR = 1.104127e-05 | grad_norm = 237.224838
  Batch 881: loss = 4.084299 | LR = 1.103481e-05 | grad_norm = 228.499690
  Batch 882: loss = 4.627528 | LR = 1.102836e-05 | grad_norm = 229.851303
  Batch 883: loss = 0.000057 | LR = 1.102191e-05 | grad_norm = 0.026832
  Batch 884: loss = 4.190572 | LR = 1.101546e-05 | grad_norm = 314.648386
  Batch 885: loss = 0.753085 | LR = 1.100901e-05 | grad_norm = 257.251694
  Batch 886: loss = 4.890697 | LR = 1.100256e-05 | grad_norm = 285.728248
  Batch 887: loss = 4.388711 | LR = 1.099611e-05 | grad_norm = 224.102850
  Batch 888: loss = 7.461217 | LR = 1.098966e-05 | grad_norm = 311.477320
  Batch 889: loss = 0.034474 | LR = 1.098321e-05 | grad_norm = 9.525080
  Batch 890: loss = 7.682393 | LR = 1.097676e-05 | grad_norm = 371.782407
  Batch 891: loss = 1.187332 | LR = 1.097032e-05 | grad_norm = 311.989189
  Batch 892: loss = 4.431684 | LR = 1.096387e-05 | grad_norm = 225.831517
  Batch 893: loss = 3.554170 | LR = 1.095743e-05 | grad_norm = 279.718826
  Batch 894: loss = 1.193889 | LR = 1.095098e-05 | grad_norm = 189.737461
  Batch 895: loss = 0.000000 | LR = 1.094454e-05 | grad_norm = 0.000002
  Batch 896: loss = 2.472628 | LR = 1.093810e-05 | grad_norm = 401.367741
  Batch 897: loss = 1.378595 | LR = 1.093166e-05 | grad_norm = 151.608538
  Batch 898: loss = 0.000015 | LR = 1.092522e-05 | grad_norm = 0.007272
  Batch 899: loss = 0.013198 | LR = 1.091878e-05 | grad_norm = 4.959245
  Batch 900: loss = 3.271214 | LR = 1.091234e-05 | grad_norm = 264.650623
  Batch 901: loss = 0.000001 | LR = 1.090591e-05 | grad_norm = 0.000641
  Batch 902: loss = 5.383023 | LR = 1.089947e-05 | grad_norm = 157.012518
  Batch 903: loss = 1.832782 | LR = 1.089303e-05 | grad_norm = 224.973518
  Batch 904: loss = 3.761129 | LR = 1.088660e-05 | grad_norm = 508.268031
  Batch 905: loss = 0.000000 | LR = 1.088017e-05 | grad_norm = 0.000001
  Batch 906: loss = 0.000046 | LR = 1.087373e-05 | grad_norm = 0.024970
  Batch 907: loss = 6.908178 | LR = 1.086730e-05 | grad_norm = 442.095366
  Batch 908: loss = 5.632644 | LR = 1.086087e-05 | grad_norm = 267.635243
  Batch 909: loss = 0.943801 | LR = 1.085444e-05 | grad_norm = 211.577633
  Batch 910: loss = 0.013078 | LR = 1.084801e-05 | grad_norm = 4.520227
  Batch 911: loss = 0.376082 | LR = 1.084158e-05 | grad_norm = 101.524823
  Batch 912: loss = 4.113572 | LR = 1.083516e-05 | grad_norm = 120.169629
  Batch 913: loss = 0.578567 | LR = 1.082873e-05 | grad_norm = 109.124323
  Batch 914: loss = 1.246360 | LR = 1.082230e-05 | grad_norm = 220.004769
  Batch 915: loss = 2.979621 | LR = 1.081588e-05 | grad_norm = 420.672992
  Batch 916: loss = 9.045713 | LR = 1.080945e-05 | grad_norm = 318.631497
  Batch 917: loss = 0.093209 | LR = 1.080303e-05 | grad_norm = 74.719721
  Batch 918: loss = 3.421575 | LR = 1.079661e-05 | grad_norm = 114.418311
  Batch 919: loss = 0.000000 | LR = 1.079019e-05 | grad_norm = 0.000001
  Batch 920: loss = 3.037477 | LR = 1.078377e-05 | grad_norm = 268.244530
  Batch 921: loss = 0.020413 | LR = 1.077735e-05 | grad_norm = 7.568352
  Batch 922: loss = 5.800692 | LR = 1.077093e-05 | grad_norm = 234.170795
  Batch 923: loss = 0.377073 | LR = 1.076451e-05 | grad_norm = 154.066891
  Batch 924: loss = 0.000226 | LR = 1.075810e-05 | grad_norm = 0.098904
  Batch 925: loss = 0.000121 | LR = 1.075168e-05 | grad_norm = 0.053413
  Batch 926: loss = 0.035178 | LR = 1.074527e-05 | grad_norm = 14.854195
  Batch 927: loss = 2.487818 | LR = 1.073885e-05 | grad_norm = 233.423228
  Batch 928: loss = 0.555425 | LR = 1.073244e-05 | grad_norm = 208.830841
  Batch 929: loss = 6.358384 | LR = 1.072603e-05 | grad_norm = 249.547952
  Batch 930: loss = 2.771678 | LR = 1.071962e-05 | grad_norm = 275.059976
  Batch 931: loss = 0.626635 | LR = 1.071321e-05 | grad_norm = 289.327295
  Batch 932: loss = 0.884311 | LR = 1.070680e-05 | grad_norm = 182.441495
  Batch 933: loss = 4.641250 | LR = 1.070039e-05 | grad_norm = 263.913844
  Batch 934: loss = 0.000203 | LR = 1.069398e-05 | grad_norm = 0.120368
  Batch 935: loss = 0.031732 | LR = 1.068757e-05 | grad_norm = 11.275947
  Batch 936: loss = 8.524553 | LR = 1.068117e-05 | grad_norm = 443.601202
  Batch 937: loss = 2.271998 | LR = 1.067476e-05 | grad_norm = 275.409440
  Batch 938: loss = 2.115019 | LR = 1.066836e-05 | grad_norm = 217.528631
  Batch 939: loss = 2.580131 | LR = 1.066196e-05 | grad_norm = 254.708364
  Batch 940: loss = 4.087079 | LR = 1.065556e-05 | grad_norm = 319.403848
  Batch 941: loss = 8.490608 | LR = 1.064915e-05 | grad_norm = 338.224067
  Batch 942: loss = 6.214632 | LR = 1.064275e-05 | grad_norm = 267.778556
  Batch 943: loss = 0.007270 | LR = 1.063635e-05 | grad_norm = 2.405041
  Batch 944: loss = 6.059702 | LR = 1.062996e-05 | grad_norm = 243.748164
  Batch 945: loss = 4.361486 | LR = 1.062356e-05 | grad_norm = 255.203237
  Batch 946: loss = 3.746167 | LR = 1.061716e-05 | grad_norm = 219.512394
  Batch 947: loss = 1.580648 | LR = 1.061077e-05 | grad_norm = 197.019022
  Batch 948: loss = 2.100959 | LR = 1.060437e-05 | grad_norm = 211.402244
  Batch 949: loss = 1.034966 | LR = 1.059798e-05 | grad_norm = 158.531478
  Batch 950: loss = 3.599308 | LR = 1.059159e-05 | grad_norm = 919.495069
  Batch 951: loss = 0.035887 | LR = 1.058520e-05 | grad_norm = 11.411934
  Batch 952: loss = 0.011065 | LR = 1.057880e-05 | grad_norm = 6.082374
  Batch 953: loss = 5.769923 | LR = 1.057242e-05 | grad_norm = 228.503377
  Batch 954: loss = 5.576773 | LR = 1.056603e-05 | grad_norm = 653.346004
  Batch 955: loss = 1.990057 | LR = 1.055964e-05 | grad_norm = 224.401754
  Batch 956: loss = 0.000005 | LR = 1.055325e-05 | grad_norm = 0.003499
  Batch 957: loss = 2.034604 | LR = 1.054687e-05 | grad_norm = 318.621770
  Batch 958: loss = 1.390323 | LR = 1.054048e-05 | grad_norm = 156.656102
  Batch 959: loss = 0.007693 | LR = 1.053410e-05 | grad_norm = 3.641381
  Batch 960: loss = 1.442643 | LR = 1.052771e-05 | grad_norm = 376.850894
  Batch 961: loss = 1.503070 | LR = 1.052133e-05 | grad_norm = 180.868657
  Batch 962: loss = 5.590053 | LR = 1.051495e-05 | grad_norm = 307.684774
  Batch 963: loss = 0.000005 | LR = 1.050857e-05 | grad_norm = 0.002781
  Batch 964: loss = 2.005432 | LR = 1.050219e-05 | grad_norm = 256.744233
  Batch 965: loss = 0.208446 | LR = 1.049581e-05 | grad_norm = 56.676084
  Batch 966: loss = 2.460981 | LR = 1.048943e-05 | grad_norm = 323.978102
  Batch 967: loss = 6.510160 | LR = 1.048306e-05 | grad_norm = 351.587498
  Batch 968: loss = 7.212526 | LR = 1.047668e-05 | grad_norm = 511.588242
  Batch 969: loss = 5.703728 | LR = 1.047031e-05 | grad_norm = 271.253954
  Batch 970: loss = 0.721227 | LR = 1.046393e-05 | grad_norm = 118.272418
  Batch 971: loss = 0.000360 | LR = 1.045756e-05 | grad_norm = 0.184378
  Batch 972: loss = 2.036029 | LR = 1.045119e-05 | grad_norm = 214.294514
  Batch 973: loss = 4.352869 | LR = 1.044482e-05 | grad_norm = 293.692006
  Batch 974: loss = 0.003869 | LR = 1.043845e-05 | grad_norm = 1.722593
  Batch 975: loss = 9.054641 | LR = 1.043208e-05 | grad_norm = 312.491024
  Batch 976: loss = 0.087908 | LR = 1.042571e-05 | grad_norm = 38.794544
  Batch 977: loss = 2.774594 | LR = 1.041935e-05 | grad_norm = 224.447126
  Batch 978: loss = 0.000000 | LR = 1.041298e-05 | grad_norm = 0.000000
  Batch 979: loss = 0.031508 | LR = 1.040662e-05 | grad_norm = 11.061822
  Batch 980: loss = 3.310592 | LR = 1.040025e-05 | grad_norm = 449.778519
  Batch 981: loss = 5.165509 | LR = 1.039389e-05 | grad_norm = 308.430959
  Batch 982: loss = 0.000000 | LR = 1.038753e-05 | grad_norm = 0.000000
  Batch 983: loss = 1.445272 | LR = 1.038117e-05 | grad_norm = 373.751908
  Batch 984: loss = 4.875752 | LR = 1.037481e-05 | grad_norm = 317.796970
  Batch 985: loss = 2.651286 | LR = 1.036845e-05 | grad_norm = 291.894422
  Batch 986: loss = 3.317189 | LR = 1.036209e-05 | grad_norm = 521.505371
  Batch 987: loss = 0.353251 | LR = 1.035573e-05 | grad_norm = 105.464406
  Batch 988: loss = 0.000000 | LR = 1.034938e-05 | grad_norm = 0.000088
  Batch 989: loss = 1.391343 | LR = 1.034302e-05 | grad_norm = 341.834676
  Batch 990: loss = 6.664461 | LR = 1.033667e-05 | grad_norm = 137.981523
  Batch 991: loss = 0.002091 | LR = 1.033031e-05 | grad_norm = 0.790544
  Batch 992: loss = 2.304292 | LR = 1.032396e-05 | grad_norm = 215.295021
  Batch 993: loss = 3.766475 | LR = 1.031761e-05 | grad_norm = 222.555342
  Batch 994: loss = 0.096749 | LR = 1.031126e-05 | grad_norm = 38.376515
  Batch 995: loss = 0.591882 | LR = 1.030491e-05 | grad_norm = 94.272433
  Batch 996: loss = 6.360848 | LR = 1.029856e-05 | grad_norm = 615.671236
  Batch 997: loss = 3.636730 | LR = 1.029222e-05 | grad_norm = 213.134267
  Batch 998: loss = 0.000007 | LR = 1.028587e-05 | grad_norm = 0.003767
  Batch 999: loss = 0.070994 | LR = 1.027953e-05 | grad_norm = 26.941724
  Batch 1000: loss = 0.003412 | LR = 1.027318e-05 | grad_norm = 0.980013
  Batch 1001: loss = 2.148101 | LR = 1.026684e-05 | grad_norm = 210.463534
  Batch 1002: loss = 5.611715 | LR = 1.026050e-05 | grad_norm = 439.581787
  Batch 1003: loss = 0.646785 | LR = 1.025415e-05 | grad_norm = 220.178929
  Batch 1004: loss = 0.000035 | LR = 1.024781e-05 | grad_norm = 0.018733
  Batch 1005: loss = 0.931236 | LR = 1.024148e-05 | grad_norm = 137.047870
  Batch 1006: loss = 2.143273 | LR = 1.023514e-05 | grad_norm = 509.136054
  Batch 1007: loss = 0.035824 | LR = 1.022880e-05 | grad_norm = 9.545952
  Batch 1008: loss = 4.044294 | LR = 1.022246e-05 | grad_norm = 229.626674
  Batch 1009: loss = 0.000000 | LR = 1.021613e-05 | grad_norm = 0.000073
  Batch 1010: loss = 2.107415 | LR = 1.020980e-05 | grad_norm = 321.104545
  Batch 1011: loss = 0.583469 | LR = 1.020346e-05 | grad_norm = 110.792782
  Batch 1012: loss = 0.002828 | LR = 1.019713e-05 | grad_norm = 1.739520
  Batch 1013: loss = 2.639766 | LR = 1.019080e-05 | grad_norm = 228.641509
  Batch 1014: loss = 2.919678 | LR = 1.018447e-05 | grad_norm = 212.699660
  Batch 1015: loss = 0.455242 | LR = 1.017814e-05 | grad_norm = 119.070384
  Batch 1016: loss = 0.000007 | LR = 1.017181e-05 | grad_norm = 0.003631
  Batch 1017: loss = 6.232365 | LR = 1.016548e-05 | grad_norm = 455.898501
  Batch 1018: loss = 0.406536 | LR = 1.015916e-05 | grad_norm = 110.490337
  Batch 1019: loss = 4.232792 | LR = 1.015283e-05 | grad_norm = 270.784742
  Batch 1020: loss = 1.976650 | LR = 1.014651e-05 | grad_norm = 456.584945
  Batch 1021: loss = 2.788517 | LR = 1.014019e-05 | grad_norm = 318.797729
  Batch 1022: loss = 0.000000 | LR = 1.013387e-05 | grad_norm = 0.000000
  Batch 1023: loss = 0.000189 | LR = 1.012754e-05 | grad_norm = 0.098381
  Batch 1024: loss = 5.138478 | LR = 1.012122e-05 | grad_norm = 286.903504
  Batch 1025: loss = 2.315989 | LR = 1.011491e-05 | grad_norm = 471.552040
  Batch 1026: loss = 0.000689 | LR = 1.010859e-05 | grad_norm = 0.396402
  Batch 1027: loss = 1.495174 | LR = 1.010227e-05 | grad_norm = 219.148445
  Batch 1028: loss = 0.003211 | LR = 1.009596e-05 | grad_norm = 1.482795
  Batch 1029: loss = 3.725548 | LR = 1.008964e-05 | grad_norm = 596.937908
  Batch 1030: loss = 3.122149 | LR = 1.008333e-05 | grad_norm = 296.968247
  Batch 1031: loss = 0.000027 | LR = 1.007701e-05 | grad_norm = 0.012143
  Batch 1032: loss = 8.866914 | LR = 1.007070e-05 | grad_norm = 369.933139
  Batch 1033: loss = 2.395496 | LR = 1.006439e-05 | grad_norm = 163.570323
  Batch 1034: loss = 1.280056 | LR = 1.005808e-05 | grad_norm = 186.558205
  Batch 1035: loss = 0.000000 | LR = 1.005177e-05 | grad_norm = 0.000000
  Batch 1036: loss = 0.459754 | LR = 1.004547e-05 | grad_norm = 103.705363
  Batch 1037: loss = 1.245554 | LR = 1.003916e-05 | grad_norm = 206.279806
  Batch 1038: loss = 0.149870 | LR = 1.003286e-05 | grad_norm = 39.337328
  Batch 1039: loss = 4.472137 | LR = 1.002655e-05 | grad_norm = 407.636072
  Batch 1040: loss = 0.000135 | LR = 1.002025e-05 | grad_norm = 0.068665
  Batch 1041: loss = 0.732378 | LR = 1.001395e-05 | grad_norm = 131.391468
  Batch 1042: loss = 0.004706 | LR = 1.000764e-05 | grad_norm = 1.644221
  Batch 1043: loss = 2.808816 | LR = 1.000134e-05 | grad_norm = 258.588549
  Batch 1044: loss = 0.468970 | LR = 9.995046e-06 | grad_norm = 146.784157
  Batch 1045: loss = 0.000000 | LR = 9.988748e-06 | grad_norm = 0.000000
  Batch 1046: loss = 0.000000 | LR = 9.982451e-06 | grad_norm = 0.000000
  Batch 1047: loss = 0.000011 | LR = 9.976155e-06 | grad_norm = 0.007763
  Batch 1048: loss = 2.141634 | LR = 9.969860e-06 | grad_norm = 219.746199
  Batch 1049: loss = 4.940584 | LR = 9.963566e-06 | grad_norm = 398.040699
  Batch 1050: loss = 0.045472 | LR = 9.957274e-06 | grad_norm = 17.997921
  Batch 1051: loss = 0.000000 | LR = 9.950982e-06 | grad_norm = 0.000002
  Batch 1052: loss = 2.496222 | LR = 9.944691e-06 | grad_norm = 245.491978
  Batch 1053: loss = 2.059811 | LR = 9.938402e-06 | grad_norm = 218.084144
  Batch 1054: loss = 0.209085 | LR = 9.932113e-06 | grad_norm = 68.110783
  Batch 1055: loss = 3.989479 | LR = 9.925826e-06 | grad_norm = 217.375939
  Batch 1056: loss = 4.939032 | LR = 9.919540e-06 | grad_norm = 176.821651
  Batch 1057: loss = 0.000000 | LR = 9.913254e-06 | grad_norm = 0.000022
  Batch 1058: loss = 0.271921 | LR = 9.906970e-06 | grad_norm = 94.646144
  Batch 1059: loss = 8.155219 | LR = 9.900687e-06 | grad_norm = 491.341734
  Batch 1060: loss = 1.093210 | LR = 9.894405e-06 | grad_norm = 586.609679
  Batch 1061: loss = 2.498015 | LR = 9.888124e-06 | grad_norm = 292.589062
  Batch 1062: loss = 5.771957 | LR = 9.881844e-06 | grad_norm = 356.368850
  Batch 1063: loss = 1.178550 | LR = 9.875565e-06 | grad_norm = 210.426675
  Batch 1064: loss = 3.102389 | LR = 9.869287e-06 | grad_norm = 212.656499
  Batch 1065: loss = 2.294151 | LR = 9.863011e-06 | grad_norm = 318.541835
  Batch 1066: loss = 1.814808 | LR = 9.856735e-06 | grad_norm = 289.659416
  Batch 1067: loss = 11.713205 | LR = 9.850460e-06 | grad_norm = 487.531523
  Batch 1068: loss = 1.535792 | LR = 9.844187e-06 | grad_norm = 228.226900
  Batch 1069: loss = 0.000000 | LR = 9.837915e-06 | grad_norm = 0.000000
  Batch 1070: loss = 1.311940 | LR = 9.831643e-06 | grad_norm = 257.800014
  Batch 1071: loss = 0.128110 | LR = 9.825373e-06 | grad_norm = 51.862677
  Batch 1072: loss = 0.131796 | LR = 9.819104e-06 | grad_norm = 37.691128
  Batch 1073: loss = 7.545399 | LR = 9.812836e-06 | grad_norm = 362.315317
  Batch 1074: loss = 1.487781 | LR = 9.806569e-06 | grad_norm = 392.108019
  Batch 1075: loss = 0.611522 | LR = 9.800303e-06 | grad_norm = 187.952326
  Batch 1076: loss = 0.628303 | LR = 9.794038e-06 | grad_norm = 135.672012
  Batch 1077: loss = 5.984488 | LR = 9.787774e-06 | grad_norm = 151.589445
  Batch 1078: loss = 0.117235 | LR = 9.781512e-06 | grad_norm = 57.949605
  Batch 1079: loss = 2.529039 | LR = 9.775250e-06 | grad_norm = 307.323658
  Batch 1080: loss = 1.674230 | LR = 9.768990e-06 | grad_norm = 244.433931
  Batch 1081: loss = 4.424395 | LR = 9.762730e-06 | grad_norm = 307.231827
  Batch 1082: loss = 1.582082 | LR = 9.756472e-06 | grad_norm = 434.558082
  Batch 1083: loss = 8.522292 | LR = 9.750215e-06 | grad_norm = 353.480760
  Batch 1084: loss = 9.563246 | LR = 9.743959e-06 | grad_norm = 461.445632
  Batch 1085: loss = 0.012551 | LR = 9.737704e-06 | grad_norm = 4.006086
  Batch 1086: loss = 0.000000 | LR = 9.731450e-06 | grad_norm = 0.000148
  Batch 1087: loss = 0.011598 | LR = 9.725197e-06 | grad_norm = 5.071487
  Batch 1088: loss = 0.000436 | LR = 9.718946e-06 | grad_norm = 0.247686
  Batch 1089: loss = 2.581367 | LR = 9.712695e-06 | grad_norm = 200.771078
  Batch 1090: loss = 0.001529 | LR = 9.706446e-06 | grad_norm = 0.578750
  Batch 1091: loss = 0.974296 | LR = 9.700197e-06 | grad_norm = 168.627294
  Batch 1092: loss = 0.386971 | LR = 9.693950e-06 | grad_norm = 87.793482
  Batch 1093: loss = 0.027854 | LR = 9.687704e-06 | grad_norm = 13.796432
  Batch 1094: loss = 8.544833 | LR = 9.681459e-06 | grad_norm = 485.389915
  Batch 1095: loss = 0.017982 | LR = 9.675215e-06 | grad_norm = 6.223263
  Batch 1096: loss = 5.544504 | LR = 9.668972e-06 | grad_norm = 306.194856
  Batch 1097: loss = 0.371792 | LR = 9.662730e-06 | grad_norm = 86.461695
  Batch 1098: loss = 3.868854 | LR = 9.656490e-06 | grad_norm = 228.066560
  Batch 1099: loss = 5.572154 | LR = 9.650250e-06 | grad_norm = 357.996172
  Batch 1100: loss = 4.983811 | LR = 9.644012e-06 | grad_norm = 219.146787
  Batch 1101: loss = 3.690605 | LR = 9.637775e-06 | grad_norm = 586.454952
  Batch 1102: loss = 0.293846 | LR = 9.631539e-06 | grad_norm = 74.946543
  Batch 1103: loss = 1.009339 | LR = 9.625304e-06 | grad_norm = 323.124030
  Batch 1104: loss = 7.579184 | LR = 9.619070e-06 | grad_norm = 189.028625
  Batch 1105: loss = 3.875750 | LR = 9.612837e-06 | grad_norm = 354.851937
  Batch 1106: loss = 0.857743 | LR = 9.606605e-06 | grad_norm = 212.385384
  Batch 1107: loss = 0.023457 | LR = 9.600375e-06 | grad_norm = 10.343575
  Batch 1108: loss = 0.027976 | LR = 9.594145e-06 | grad_norm = 15.496485
  Batch 1109: loss = 8.738154 | LR = 9.587917e-06 | grad_norm = 340.398708
  Batch 1110: loss = 0.009338 | LR = 9.581690e-06 | grad_norm = 4.057914
  Batch 1111: loss = 5.062047 | LR = 9.575464e-06 | grad_norm = 240.181716
  Batch 1112: loss = 0.058964 | LR = 9.569239e-06 | grad_norm = 28.620689
  Batch 1113: loss = 0.014463 | LR = 9.563015e-06 | grad_norm = 7.580158
  Batch 1114: loss = 3.620527 | LR = 9.556793e-06 | grad_norm = 343.581898
  Batch 1115: loss = 0.249852 | LR = 9.550571e-06 | grad_norm = 67.942942
  Batch 1116: loss = 2.551098 | LR = 9.544351e-06 | grad_norm = 336.277422
  Batch 1117: loss = 0.901608 | LR = 9.538132e-06 | grad_norm = 274.391842
  Batch 1118: loss = 6.220526 | LR = 9.531914e-06 | grad_norm = 350.490283
  Batch 1119: loss = 0.000098 | LR = 9.525697e-06 | grad_norm = 0.079489
  Batch 1120: loss = 2.107537 | LR = 9.519481e-06 | grad_norm = 255.446922
  Batch 1121: loss = 12.500897 | LR = 9.513266e-06 | grad_norm = 473.501414
  Batch 1122: loss = 5.278914 | LR = 9.507053e-06 | grad_norm = 570.605401
  Batch 1123: loss = 0.010237 | LR = 9.500840e-06 | grad_norm = 3.128364
  Batch 1124: loss = 0.146092 | LR = 9.494629e-06 | grad_norm = 35.686594
  Batch 1125: loss = 0.179572 | LR = 9.488419e-06 | grad_norm = 54.860485
  Batch 1126: loss = 4.274937 | LR = 9.482210e-06 | grad_norm = 240.284697
  Batch 1127: loss = 0.772253 | LR = 9.476002e-06 | grad_norm = 166.681029
  Batch 1128: loss = 0.028327 | LR = 9.469796e-06 | grad_norm = 13.154466
  Batch 1129: loss = 4.397850 | LR = 9.463590e-06 | grad_norm = 409.771448
  Batch 1130: loss = 0.261383 | LR = 9.457386e-06 | grad_norm = 102.452022
  Batch 1131: loss = 6.579448 | LR = 9.451183e-06 | grad_norm = 323.479751
  Batch 1132: loss = 6.782738 | LR = 9.444980e-06 | grad_norm = 465.157917
  Batch 1133: loss = 0.809243 | LR = 9.438780e-06 | grad_norm = 90.860549
  Batch 1134: loss = 0.000346 | LR = 9.432580e-06 | grad_norm = 0.126389
  Batch 1135: loss = 7.057592 | LR = 9.426381e-06 | grad_norm = 309.522003
  Batch 1136: loss = 0.542094 | LR = 9.420184e-06 | grad_norm = 165.901017
  Batch 1137: loss = 5.903905 | LR = 9.413988e-06 | grad_norm = 411.211453
  Batch 1138: loss = 0.585345 | LR = 9.407793e-06 | grad_norm = 206.925335
  Batch 1139: loss = 0.054570 | LR = 9.401599e-06 | grad_norm = 17.337473
  Batch 1140: loss = 2.080208 | LR = 9.395406e-06 | grad_norm = 297.715662
  Batch 1141: loss = 0.020115 | LR = 9.389214e-06 | grad_norm = 12.110797
  Batch 1142: loss = 1.465917 | LR = 9.383024e-06 | grad_norm = 437.363546
  Batch 1143: loss = 5.919735 | LR = 9.376834e-06 | grad_norm = 320.182602
  Batch 1144: loss = 2.125755 | LR = 9.370646e-06 | grad_norm = 214.548615
  Batch 1145: loss = 5.067286 | LR = 9.364459e-06 | grad_norm = 313.551125
  Batch 1146: loss = 0.000082 | LR = 9.358274e-06 | grad_norm = 0.028719
  Batch 1147: loss = 5.595431 | LR = 9.352089e-06 | grad_norm = 237.834232
  Batch 1148: loss = 0.000000 | LR = 9.345906e-06 | grad_norm = 0.000016
  Batch 1149: loss = 5.599967 | LR = 9.339723e-06 | grad_norm = 215.603911
  Batch 1150: loss = 0.000000 | LR = 9.333542e-06 | grad_norm = 0.000000
  Batch 1151: loss = 0.157664 | LR = 9.327362e-06 | grad_norm = 88.492019
  Batch 1152: loss = 4.216422 | LR = 9.321184e-06 | grad_norm = 264.625045
  Batch 1153: loss = 1.214371 | LR = 9.315006e-06 | grad_norm = 186.369266
  Batch 1154: loss = 0.000028 | LR = 9.308830e-06 | grad_norm = 0.017416
  Batch 1155: loss = 0.192941 | LR = 9.302654e-06 | grad_norm = 61.197985
  Batch 1156: loss = 3.798204 | LR = 9.296480e-06 | grad_norm = 425.351520
  Batch 1157: loss = 1.006962 | LR = 9.290308e-06 | grad_norm = 194.438890
  Batch 1158: loss = 1.351750 | LR = 9.284136e-06 | grad_norm = 251.235632
  Batch 1159: loss = 1.941568 | LR = 9.277965e-06 | grad_norm = 222.329449
  Batch 1160: loss = 0.052263 | LR = 9.271796e-06 | grad_norm = 17.090861
  Batch 1161: loss = 4.469613 | LR = 9.265628e-06 | grad_norm = 238.878683
  Batch 1162: loss = 1.263515 | LR = 9.259461e-06 | grad_norm = 438.799758
  Batch 1163: loss = 7.846302 | LR = 9.253295e-06 | grad_norm = 307.519169
  Batch 1164: loss = 7.945859 | LR = 9.247131e-06 | grad_norm = 384.782718
  Batch 1165: loss = 0.004933 | LR = 9.240967e-06 | grad_norm = 1.992712
  Batch 1166: loss = 0.684257 | LR = 9.234805e-06 | grad_norm = 334.900281
  Batch 1167: loss = 0.023305 | LR = 9.228644e-06 | grad_norm = 7.964340
  Batch 1168: loss = 9.263149 | LR = 9.222485e-06 | grad_norm = 269.670200
  Batch 1169: loss = 3.632257 | LR = 9.216326e-06 | grad_norm = 470.766600
  Batch 1170: loss = 2.597346 | LR = 9.210169e-06 | grad_norm = 628.989154
  Batch 1171: loss = 1.083580 | LR = 9.204012e-06 | grad_norm = 193.669352
  Batch 1172: loss = 7.018920 | LR = 9.197857e-06 | grad_norm = 85.963233
  Batch 1173: loss = 2.561895 | LR = 9.191704e-06 | grad_norm = 208.490757
  Batch 1174: loss = 0.000000 | LR = 9.185551e-06 | grad_norm = 0.000058
  Batch 1175: loss = 0.069970 | LR = 9.179400e-06 | grad_norm = 20.186252
  Batch 1176: loss = 9.282571 | LR = 9.173250e-06 | grad_norm = 631.554702
  Batch 1177: loss = 2.543627 | LR = 9.167101e-06 | grad_norm = 389.746324
  Batch 1178: loss = 2.711791 | LR = 9.160953e-06 | grad_norm = 299.974180
  Batch 1179: loss = 2.299478 | LR = 9.154806e-06 | grad_norm = 369.753533
  Batch 1180: loss = 2.315462 | LR = 9.148661e-06 | grad_norm = 305.362821
  Batch 1181: loss = 0.061252 | LR = 9.142517e-06 | grad_norm = 24.196468
  Batch 1182: loss = 5.709013 | LR = 9.136374e-06 | grad_norm = 578.581404
  Batch 1183: loss = 0.272229 | LR = 9.130232e-06 | grad_norm = 75.901806
  Batch 1184: loss = 0.056586 | LR = 9.124092e-06 | grad_norm = 23.789985
  Batch 1185: loss = 2.483414 | LR = 9.117952e-06 | grad_norm = 304.608926
  Batch 1186: loss = 0.228061 | LR = 9.111814e-06 | grad_norm = 80.544539
  Batch 1187: loss = 2.620184 | LR = 9.105677e-06 | grad_norm = 228.701372
  Batch 1188: loss = 8.604194 | LR = 9.099542e-06 | grad_norm = 519.624056
  Batch 1189: loss = 5.182906 | LR = 9.093407e-06 | grad_norm = 304.668664
  Batch 1190: loss = 0.300146 | LR = 9.087274e-06 | grad_norm = 113.994957
  Batch 1191: loss = 0.719593 | LR = 9.081142e-06 | grad_norm = 111.994550
  Batch 1192: loss = 0.122286 | LR = 9.075011e-06 | grad_norm = 34.779978
  Batch 1193: loss = 5.169518 | LR = 9.068882e-06 | grad_norm = 390.685376
  Batch 1194: loss = 0.000796 | LR = 9.062754e-06 | grad_norm = 0.335063
  Batch 1195: loss = 1.834463 | LR = 9.056627e-06 | grad_norm = 282.933271
  Batch 1196: loss = 0.159979 | LR = 9.050501e-06 | grad_norm = 53.497336
  Batch 1197: loss = 0.278637 | LR = 9.044376e-06 | grad_norm = 100.106614
  Batch 1198: loss = 1.612820 | LR = 9.038253e-06 | grad_norm = 248.119336
  Batch 1199: loss = 5.207721 | LR = 9.032131e-06 | grad_norm = 97.237621
  Batch 1200: loss = 2.911113 | LR = 9.026010e-06 | grad_norm = 690.383624
  Batch 1201: loss = 0.611094 | LR = 9.019890e-06 | grad_norm = 122.699041
  Batch 1202: loss = 5.805987 | LR = 9.013771e-06 | grad_norm = 471.816531
  Batch 1203: loss = 0.000003 | LR = 9.007654e-06 | grad_norm = 0.001501
  Batch 1204: loss = 4.869781 | LR = 9.001538e-06 | grad_norm = 348.034473
  Batch 1205: loss = 0.064013 | LR = 8.995423e-06 | grad_norm = 17.164257
  Batch 1206: loss = 1.443472 | LR = 8.989310e-06 | grad_norm = 511.046345
  Batch 1207: loss = 2.632482 | LR = 8.983198e-06 | grad_norm = 408.269914
  Batch 1208: loss = 0.275605 | LR = 8.977087e-06 | grad_norm = 85.762703
  Batch 1209: loss = 0.001061 | LR = 8.970977e-06 | grad_norm = 0.632530
  Batch 1210: loss = 7.983325 | LR = 8.964868e-06 | grad_norm = 135.206887
  Batch 1211: loss = 3.518102 | LR = 8.958761e-06 | grad_norm = 200.082383
  Batch 1212: loss = 0.000193 | LR = 8.952655e-06 | grad_norm = 0.068907
  Batch 1213: loss = 0.000000 | LR = 8.946550e-06 | grad_norm = 0.000000
  Batch 1214: loss = 6.235563 | LR = 8.940446e-06 | grad_norm = 479.905929
  Batch 1215: loss = 5.227427 | LR = 8.934344e-06 | grad_norm = 224.612920
  Batch 1216: loss = 3.701561 | LR = 8.928243e-06 | grad_norm = 300.426899
  Batch 1217: loss = 2.530292 | LR = 8.922143e-06 | grad_norm = 192.014079
  Batch 1218: loss = 0.143733 | LR = 8.916044e-06 | grad_norm = 54.824398
  Batch 1219: loss = 0.000002 | LR = 8.909947e-06 | grad_norm = 0.000952
  Batch 1220: loss = 0.333235 | LR = 8.903851e-06 | grad_norm = 103.132411
  Batch 1221: loss = 0.087057 | LR = 8.897756e-06 | grad_norm = 25.173060
  Batch 1222: loss = 1.103350 | LR = 8.891663e-06 | grad_norm = 300.978698
  Batch 1223: loss = 0.633582 | LR = 8.885570e-06 | grad_norm = 197.238973
  Batch 1224: loss = 2.741017 | LR = 8.879479e-06 | grad_norm = 249.175191
  Batch 1225: loss = 12.343813 | LR = 8.873390e-06 | grad_norm = 511.829487
  Batch 1226: loss = 3.102278 | LR = 8.867301e-06 | grad_norm = 177.230898
  Batch 1227: loss = 6.031413 | LR = 8.861214e-06 | grad_norm = 305.012997
  Batch 1228: loss = 0.000940 | LR = 8.855128e-06 | grad_norm = 0.555978
  Batch 1229: loss = 4.387691 | LR = 8.849043e-06 | grad_norm = 236.469819
  Batch 1230: loss = 5.767483 | LR = 8.842960e-06 | grad_norm = 308.288349
  Batch 1231: loss = 0.102663 | LR = 8.836877e-06 | grad_norm = 43.265867
  Batch 1232: loss = 4.713137 | LR = 8.830796e-06 | grad_norm = 263.325023
  Batch 1233: loss = 2.416794 | LR = 8.824717e-06 | grad_norm = 339.176528
  Batch 1234: loss = 1.920033 | LR = 8.818638e-06 | grad_norm = 190.000398
  Batch 1235: loss = 9.657014 | LR = 8.812561e-06 | grad_norm = 310.650955
  Batch 1236: loss = 0.000015 | LR = 8.806485e-06 | grad_norm = 0.010371
  Batch 1237: loss = 0.071548 | LR = 8.800411e-06 | grad_norm = 19.762424
  Batch 1238: loss = 0.029819 | LR = 8.794337e-06 | grad_norm = 11.439802
  Batch 1239: loss = 0.012259 | LR = 8.788265e-06 | grad_norm = 5.666194
  Batch 1240: loss = 5.064319 | LR = 8.782195e-06 | grad_norm = 134.812619
  Batch 1241: loss = 5.220716 | LR = 8.776125e-06 | grad_norm = 495.861829
  Batch 1242: loss = 0.465713 | LR = 8.770057e-06 | grad_norm = 97.078877
  Batch 1243: loss = 0.000000 | LR = 8.763990e-06 | grad_norm = 0.000085
  Batch 1244: loss = 5.426209 | LR = 8.757924e-06 | grad_norm = 396.793134
  Batch 1245: loss = 0.038990 | LR = 8.751860e-06 | grad_norm = 17.703169
  Batch 1246: loss = 1.837613 | LR = 8.745797e-06 | grad_norm = 378.091182
  Batch 1247: loss = 10.341560 | LR = 8.739735e-06 | grad_norm = 512.480527
  Batch 1248: loss = 0.521314 | LR = 8.733675e-06 | grad_norm = 142.838849
  Batch 1249: loss = 0.000000 | LR = 8.727615e-06 | grad_norm = 0.000006
  Batch 1250: loss = 2.196663 | LR = 8.721557e-06 | grad_norm = 191.246309
  Batch 1251: loss = 1.294981 | LR = 8.715501e-06 | grad_norm = 179.615739
  Batch 1252: loss = 6.601360 | LR = 8.709446e-06 | grad_norm = 353.614110
  Batch 1253: loss = 0.415987 | LR = 8.703391e-06 | grad_norm = 88.576203
  Batch 1254: loss = 2.566903 | LR = 8.697339e-06 | grad_norm = 228.983560
  Batch 1255: loss = 4.083509 | LR = 8.691287e-06 | grad_norm = 169.718223
  Batch 1256: loss = 1.845950 | LR = 8.685237e-06 | grad_norm = 252.681731
  Batch 1257: loss = 0.357395 | LR = 8.679188e-06 | grad_norm = 82.152879
  Batch 1258: loss = 0.000000 | LR = 8.673141e-06 | grad_norm = 0.000000
  Batch 1259: loss = 0.035668 | LR = 8.667094e-06 | grad_norm = 28.335214
  Batch 1260: loss = 0.187431 | LR = 8.661049e-06 | grad_norm = 51.853011
  Batch 1261: loss = 2.053820 | LR = 8.655006e-06 | grad_norm = 300.603214
  Batch 1262: loss = 0.000086 | LR = 8.648963e-06 | grad_norm = 0.054750
  Batch 1263: loss = 0.038704 | LR = 8.642922e-06 | grad_norm = 17.989233
  Batch 1264: loss = 6.056395 | LR = 8.636882e-06 | grad_norm = 557.082949
  Batch 1265: loss = 2.650127 | LR = 8.630844e-06 | grad_norm = 397.984583
  Batch 1266: loss = 1.184496 | LR = 8.624807e-06 | grad_norm = 195.353948
  Batch 1267: loss = 0.003320 | LR = 8.618771e-06 | grad_norm = 1.909243
  Batch 1268: loss = 0.002662 | LR = 8.612736e-06 | grad_norm = 1.160227
  Batch 1269: loss = 2.128264 | LR = 8.606703e-06 | grad_norm = 188.084196
  Batch 1270: loss = 5.192776 | LR = 8.600671e-06 | grad_norm = 325.148511
  Batch 1271: loss = 0.000486 | LR = 8.594640e-06 | grad_norm = 0.411045
  Batch 1272: loss = 7.545290 | LR = 8.588611e-06 | grad_norm = 381.725184
  Batch 1273: loss = 1.612157 | LR = 8.582583e-06 | grad_norm = 264.433662
  Batch 1274: loss = 1.243752 | LR = 8.576557e-06 | grad_norm = 244.911539
  Batch 1275: loss = 0.000000 | LR = 8.570531e-06 | grad_norm = 0.000083
  Batch 1276: loss = 0.021049 | LR = 8.564507e-06 | grad_norm = 7.185401
  Batch 1277: loss = 0.000001 | LR = 8.558484e-06 | grad_norm = 0.000320
  Batch 1278: loss = 1.316336 | LR = 8.552463e-06 | grad_norm = 192.368205
  Batch 1279: loss = 3.637846 | LR = 8.546443e-06 | grad_norm = 258.366449
  Batch 1280: loss = 0.000104 | LR = 8.540424e-06 | grad_norm = 0.040333
  Batch 1281: loss = 0.000004 | LR = 8.534407e-06 | grad_norm = 0.001854
  Batch 1282: loss = 0.004897 | LR = 8.528391e-06 | grad_norm = 1.422996
  Batch 1283: loss = 1.287122 | LR = 8.522376e-06 | grad_norm = 459.551626
  Batch 1284: loss = 0.000046 | LR = 8.516362e-06 | grad_norm = 0.017203
  Batch 1285: loss = 1.298395 | LR = 8.510350e-06 | grad_norm = 231.161871
  Batch 1286: loss = 8.182253 | LR = 8.504339e-06 | grad_norm = 184.577914
  Batch 1287: loss = 0.000044 | LR = 8.498330e-06 | grad_norm = 0.018340
  Batch 1288: loss = 0.882467 | LR = 8.492322e-06 | grad_norm = 204.809326
  Batch 1289: loss = 0.000000 | LR = 8.486315e-06 | grad_norm = 0.000000
  Batch 1290: loss = 0.000000 | LR = 8.480309e-06 | grad_norm = 0.000340
  Batch 1291: loss = 3.082768 | LR = 8.474305e-06 | grad_norm = 347.536809
  Batch 1292: loss = 3.188502 | LR = 8.468302e-06 | grad_norm = 251.857825
  Batch 1293: loss = 0.028855 | LR = 8.462301e-06 | grad_norm = 18.006351
  Batch 1294: loss = 3.736588 | LR = 8.456301e-06 | grad_norm = 137.528447
  Batch 1295: loss = 5.141891 | LR = 8.450302e-06 | grad_norm = 200.948344
  Batch 1296: loss = 0.065464 | LR = 8.444305e-06 | grad_norm = 18.238983
  Batch 1297: loss = 0.579909 | LR = 8.438308e-06 | grad_norm = 165.781335
  Batch 1298: loss = 2.040180 | LR = 8.432314e-06 | grad_norm = 172.667944
  Batch 1299: loss = 4.247746 | LR = 8.426320e-06 | grad_norm = 523.206440
  Batch 1300: loss = 1.125276 | LR = 8.420328e-06 | grad_norm = 151.092535
  Batch 1301: loss = 3.080307 | LR = 8.414337e-06 | grad_norm = 196.601549
  Batch 1302: loss = 4.891103 | LR = 8.408348e-06 | grad_norm = 213.597945
  Batch 1303: loss = 0.011218 | LR = 8.402360e-06 | grad_norm = 5.000116
  Batch 1304: loss = 3.838650 | LR = 8.396373e-06 | grad_norm = 198.788576
  Batch 1305: loss = 0.762844 | LR = 8.390388e-06 | grad_norm = 251.185845
  Batch 1306: loss = 0.000410 | LR = 8.384404e-06 | grad_norm = 0.174343
  Batch 1307: loss = 5.945786 | LR = 8.378421e-06 | grad_norm = 236.806876
  Batch 1308: loss = 3.275458 | LR = 8.372440e-06 | grad_norm = 272.887223
  Batch 1309: loss = 5.163263 | LR = 8.366460e-06 | grad_norm = 201.750500
  Batch 1310: loss = 0.342763 | LR = 8.360481e-06 | grad_norm = 131.698359
  Batch 1311: loss = 0.006313 | LR = 8.354504e-06 | grad_norm = 2.529028
  Batch 1312: loss = 2.073854 | LR = 8.348528e-06 | grad_norm = 290.222198
  Batch 1313: loss = 13.396972 | LR = 8.342554e-06 | grad_norm = 507.993978
  Batch 1314: loss = 4.887187 | LR = 8.336581e-06 | grad_norm = 351.924605
  Batch 1315: loss = 0.059549 | LR = 8.330609e-06 | grad_norm = 30.533111
  Batch 1316: loss = 4.977528 | LR = 8.324638e-06 | grad_norm = 374.411275
  Batch 1317: loss = 0.010721 | LR = 8.318669e-06 | grad_norm = 6.939594
  Batch 1318: loss = 0.000055 | LR = 8.312702e-06 | grad_norm = 0.027147
  Batch 1319: loss = 1.837738 | LR = 8.306735e-06 | grad_norm = 216.064269
  Batch 1320: loss = 0.482623 | LR = 8.300770e-06 | grad_norm = 213.246363
  Batch 1321: loss = 3.448896 | LR = 8.294807e-06 | grad_norm = 214.635165
  Batch 1322: loss = 2.377099 | LR = 8.288844e-06 | grad_norm = 408.507153
  Batch 1323: loss = 2.096400 | LR = 8.282884e-06 | grad_norm = 205.682590
  Batch 1324: loss = 0.271775 | LR = 8.276924e-06 | grad_norm = 77.324908
  Batch 1325: loss = 0.026138 | LR = 8.270966e-06 | grad_norm = 11.464923
  Batch 1326: loss = 3.600771 | LR = 8.265009e-06 | grad_norm = 344.208951
  Batch 1327: loss = 1.504661 | LR = 8.259054e-06 | grad_norm = 215.600785
  Batch 1328: loss = 1.778082 | LR = 8.253100e-06 | grad_norm = 268.590043
  Batch 1329: loss = 0.000236 | LR = 8.247147e-06 | grad_norm = 0.135410
  Batch 1330: loss = 0.004563 | LR = 8.241196e-06 | grad_norm = 2.021763
  Batch 1331: loss = 2.319975 | LR = 8.235246e-06 | grad_norm = 195.250217
  Batch 1332: loss = 1.891636 | LR = 8.229298e-06 | grad_norm = 224.191461
  Batch 1333: loss = 0.079042 | LR = 8.223350e-06 | grad_norm = 30.339273
  Batch 1334: loss = 1.684715 | LR = 8.217405e-06 | grad_norm = 256.190952
  Batch 1335: loss = 6.738558 | LR = 8.211460e-06 | grad_norm = 274.632425
  Batch 1336: loss = 1.608461 | LR = 8.205517e-06 | grad_norm = 271.879380
  Batch 1337: loss = 0.247698 | LR = 8.199576e-06 | grad_norm = 84.964847
  Batch 1338: loss = 4.939418 | LR = 8.193636e-06 | grad_norm = 235.690509
  Batch 1339: loss = 0.000005 | LR = 8.187697e-06 | grad_norm = 0.003222
  Batch 1340: loss = 0.254658 | LR = 8.181760e-06 | grad_norm = 127.164930
  Batch 1341: loss = 7.353277 | LR = 8.175823e-06 | grad_norm = 277.964448
  Batch 1342: loss = 3.880771 | LR = 8.169889e-06 | grad_norm = 344.077456
  Batch 1343: loss = 4.992664 | LR = 8.163956e-06 | grad_norm = 314.360571
  Batch 1344: loss = 0.089994 | LR = 8.158024e-06 | grad_norm = 44.765646
  Batch 1345: loss = 0.070664 | LR = 8.152093e-06 | grad_norm = 25.695142
  Batch 1346: loss = 6.224621 | LR = 8.146164e-06 | grad_norm = 321.903266
  Batch 1347: loss = 0.275179 | LR = 8.140237e-06 | grad_norm = 76.219767
  Batch 1348: loss = 0.000316 | LR = 8.134310e-06 | grad_norm = 0.152350
  Batch 1349: loss = 0.000004 | LR = 8.128386e-06 | grad_norm = 0.002356
  Batch 1350: loss = 1.755960 | LR = 8.122462e-06 | grad_norm = 377.557971
  Batch 1351: loss = 0.479970 | LR = 8.116540e-06 | grad_norm = 153.491324
  Batch 1352: loss = 0.000099 | LR = 8.110619e-06 | grad_norm = 0.041566
  Batch 1353: loss = 1.864362 | LR = 8.104700e-06 | grad_norm = 255.832956
  Batch 1354: loss = 7.803761 | LR = 8.098782e-06 | grad_norm = 515.099870
  Batch 1355: loss = 4.123280 | LR = 8.092866e-06 | grad_norm = 294.109607
  Batch 1356: loss = 6.021270 | LR = 8.086951e-06 | grad_norm = 211.048960
  Batch 1357: loss = 0.130841 | LR = 8.081037e-06 | grad_norm = 51.898394
  Batch 1358: loss = 7.467243 | LR = 8.075125e-06 | grad_norm = 538.933788
  Batch 1359: loss = 2.272263 | LR = 8.069214e-06 | grad_norm = 232.984327
  Batch 1360: loss = 2.058267 | LR = 8.063305e-06 | grad_norm = 261.371433
  Batch 1361: loss = 3.123177 | LR = 8.057397e-06 | grad_norm = 197.859393
  Batch 1362: loss = 0.571906 | LR = 8.051490e-06 | grad_norm = 214.466643
  Batch 1363: loss = 0.000000 | LR = 8.045585e-06 | grad_norm = 0.000066
  Batch 1364: loss = 0.000169 | LR = 8.039681e-06 | grad_norm = 0.066764
  Batch 1365: loss = 1.794472 | LR = 8.033779e-06 | grad_norm = 290.354102
  Batch 1366: loss = 0.318061 | LR = 8.027878e-06 | grad_norm = 145.310392
  Batch 1367: loss = 0.009600 | LR = 8.021979e-06 | grad_norm = 4.343691
  Batch 1368: loss = 0.674088 | LR = 8.016080e-06 | grad_norm = 161.534706
  Batch 1369: loss = 17.496920 | LR = 8.010184e-06 | grad_norm = 726.305111
  Batch 1370: loss = 0.000000 | LR = 8.004289e-06 | grad_norm = 0.000002
  Batch 1371: loss = 2.154043 | LR = 7.998395e-06 | grad_norm = 439.732519
  Batch 1372: loss = 0.054073 | LR = 7.992502e-06 | grad_norm = 18.102641
  Batch 1373: loss = 7.251475 | LR = 7.986611e-06 | grad_norm = 294.174943
  Batch 1374: loss = 0.050977 | LR = 7.980722e-06 | grad_norm = 20.896346
  Batch 1375: loss = 1.322743 | LR = 7.974834e-06 | grad_norm = 168.759324
  Batch 1376: loss = 2.052259 | LR = 7.968947e-06 | grad_norm = 432.927851
  Batch 1377: loss = 0.135275 | LR = 7.963062e-06 | grad_norm = 57.910234
  Batch 1378: loss = 6.002162 | LR = 7.957178e-06 | grad_norm = 467.613200
  Batch 1379: loss = 2.765758 | LR = 7.951296e-06 | grad_norm = 549.207557
  Batch 1380: loss = 2.257862 | LR = 7.945415e-06 | grad_norm = 364.240871
  Batch 1381: loss = 2.731484 | LR = 7.939535e-06 | grad_norm = 174.100758
  Batch 1382: loss = 1.896236 | LR = 7.933657e-06 | grad_norm = 305.012566
  Batch 1383: loss = 0.137211 | LR = 7.927780e-06 | grad_norm = 36.652197
  Batch 1384: loss = 0.965833 | LR = 7.921905e-06 | grad_norm = 212.516942
  Batch 1385: loss = 0.009281 | LR = 7.916032e-06 | grad_norm = 3.930929
  Batch 1386: loss = 2.456872 | LR = 7.910159e-06 | grad_norm = 369.719781
  Batch 1387: loss = 3.818341 | LR = 7.904288e-06 | grad_norm = 225.389690
  Batch 1388: loss = 6.090710 | LR = 7.898419e-06 | grad_norm = 612.049680
  Batch 1389: loss = 4.961104 | LR = 7.892551e-06 | grad_norm = 407.606886
  Batch 1390: loss = 0.000000 | LR = 7.886684e-06 | grad_norm = 0.000006
  Batch 1391: loss = 0.794353 | LR = 7.880819e-06 | grad_norm = 268.079792
  Batch 1392: loss = 0.000012 | LR = 7.874956e-06 | grad_norm = 0.006859
  Batch 1393: loss = 0.943444 | LR = 7.869093e-06 | grad_norm = 213.826995
  Batch 1394: loss = 0.003081 | LR = 7.863233e-06 | grad_norm = 0.982097
  Batch 1395: loss = 1.839544 | LR = 7.857373e-06 | grad_norm = 170.724126
  Batch 1396: loss = 2.143417 | LR = 7.851515e-06 | grad_norm = 239.901141
  Batch 1397: loss = 5.848105 | LR = 7.845659e-06 | grad_norm = 150.008270
  Batch 1398: loss = 0.000012 | LR = 7.839804e-06 | grad_norm = 0.008634
  Batch 1399: loss = 5.262404 | LR = 7.833950e-06 | grad_norm = 291.858547
  Batch 1400: loss = 4.591020 | LR = 7.828098e-06 | grad_norm = 337.555355
  Batch 1401: loss = 2.141489 | LR = 7.822248e-06 | grad_norm = 285.336514
  Batch 1402: loss = 2.115729 | LR = 7.816399e-06 | grad_norm = 227.312292
  Batch 1403: loss = 0.435803 | LR = 7.810551e-06 | grad_norm = 84.371058
  Batch 1404: loss = 0.115667 | LR = 7.804705e-06 | grad_norm = 56.320768
  Batch 1405: loss = 1.330812 | LR = 7.798860e-06 | grad_norm = 224.307971
  Batch 1406: loss = 2.264735 | LR = 7.793017e-06 | grad_norm = 257.211454
  Batch 1407: loss = 0.007739 | LR = 7.787175e-06 | grad_norm = 2.739032
  Batch 1408: loss = 9.536289 | LR = 7.781334e-06 | grad_norm = 351.679625
  Batch 1409: loss = 0.298587 | LR = 7.775495e-06 | grad_norm = 84.428841
  Batch 1410: loss = 0.001521 | LR = 7.769658e-06 | grad_norm = 0.719642
  Batch 1411: loss = 0.000000 | LR = 7.763822e-06 | grad_norm = 0.000000
  Batch 1412: loss = 0.035838 | LR = 7.757988e-06 | grad_norm = 22.622884
  Batch 1413: loss = 3.711554 | LR = 7.752154e-06 | grad_norm = 196.714008
  Batch 1414: loss = 0.071682 | LR = 7.746323e-06 | grad_norm = 22.250074
  Batch 1415: loss = 3.153660 | LR = 7.740493e-06 | grad_norm = 296.858037
  Batch 1416: loss = 0.116994 | LR = 7.734664e-06 | grad_norm = 35.127768
  Batch 1417: loss = 6.098407 | LR = 7.728837e-06 | grad_norm = 307.295794
  Batch 1418: loss = 0.893141 | LR = 7.723011e-06 | grad_norm = 161.559405
  Batch 1419: loss = 9.883353 | LR = 7.717187e-06 | grad_norm = 349.675414
  Batch 1420: loss = 0.000000 | LR = 7.711364e-06 | grad_norm = 0.000000
  Batch 1421: loss = 4.615599 | LR = 7.705543e-06 | grad_norm = 494.211360
  Batch 1422: loss = 0.000000 | LR = 7.699723e-06 | grad_norm = 0.000225
  Batch 1423: loss = 2.205263 | LR = 7.693905e-06 | grad_norm = 253.688517
  Batch 1424: loss = 3.018488 | LR = 7.688088e-06 | grad_norm = 301.991620
  Batch 1425: loss = 8.713376 | LR = 7.682273e-06 | grad_norm = 471.626516
  Batch 1426: loss = 7.501348 | LR = 7.676459e-06 | grad_norm = 180.942984
  Batch 1427: loss = 0.857179 | LR = 7.670647e-06 | grad_norm = 214.334895
  Batch 1428: loss = 2.271011 | LR = 7.664836e-06 | grad_norm = 299.046746
  Batch 1429: loss = 7.712073 | LR = 7.659026e-06 | grad_norm = 204.009204
  Batch 1430: loss = 0.001324 | LR = 7.653219e-06 | grad_norm = 0.534718
  Batch 1431: loss = 0.268815 | LR = 7.647412e-06 | grad_norm = 96.813966
  Batch 1432: loss = 0.000663 | LR = 7.641607e-06 | grad_norm = 0.387223
  Batch 1433: loss = 0.090387 | LR = 7.635804e-06 | grad_norm = 32.665305
  Batch 1434: loss = 0.033149 | LR = 7.630002e-06 | grad_norm = 11.335665
  Batch 1435: loss = 1.773102 | LR = 7.624201e-06 | grad_norm = 359.191788
  Batch 1436: loss = 5.809560 | LR = 7.618402e-06 | grad_norm = 294.470274
  Batch 1437: loss = 0.339102 | LR = 7.612605e-06 | grad_norm = 184.885883
  Batch 1438: loss = 4.291459 | LR = 7.606809e-06 | grad_norm = 535.247695
  Batch 1439: loss = 3.909351 | LR = 7.601014e-06 | grad_norm = 287.806666
  Batch 1440: loss = 0.000233 | LR = 7.595222e-06 | grad_norm = 0.099678
  Batch 1441: loss = 4.305092 | LR = 7.589430e-06 | grad_norm = 210.158160
  Batch 1442: loss = 0.038288 | LR = 7.583640e-06 | grad_norm = 16.308378
  Batch 1443: loss = 8.503303 | LR = 7.577852e-06 | grad_norm = 373.317448
  Batch 1444: loss = 2.002294 | LR = 7.572065e-06 | grad_norm = 276.380158
  Batch 1445: loss = 4.347845 | LR = 7.566279e-06 | grad_norm = 75.098903
  Batch 1446: loss = 5.684748 | LR = 7.560495e-06 | grad_norm = 348.063462
  Batch 1447: loss = 0.000374 | LR = 7.554713e-06 | grad_norm = 0.230060
  Batch 1448: loss = 4.229771 | LR = 7.548932e-06 | grad_norm = 170.344289
  Batch 1449: loss = 2.090706 | LR = 7.543152e-06 | grad_norm = 199.593481
  Batch 1450: loss = 3.916874 | LR = 7.537374e-06 | grad_norm = 287.002319
  Batch 1451: loss = 0.668720 | LR = 7.531598e-06 | grad_norm = 155.211862
  Batch 1452: loss = 0.496578 | LR = 7.525823e-06 | grad_norm = 185.904520
  Batch 1453: loss = 0.000051 | LR = 7.520050e-06 | grad_norm = 0.030278
  Batch 1454: loss = 4.131735 | LR = 7.514278e-06 | grad_norm = 338.416662
  Batch 1455: loss = 0.008164 | LR = 7.508508e-06 | grad_norm = 3.720371
  Batch 1456: loss = 3.710479 | LR = 7.502739e-06 | grad_norm = 356.100927
  Batch 1457: loss = 0.860040 | LR = 7.496971e-06 | grad_norm = 202.847559
  Batch 1458: loss = 0.000912 | LR = 7.491206e-06 | grad_norm = 0.378118
  Batch 1459: loss = 0.291819 | LR = 7.485441e-06 | grad_norm = 93.065310
  Batch 1460: loss = 6.937191 | LR = 7.479678e-06 | grad_norm = 204.354309
  Batch 1461: loss = 0.000000 | LR = 7.473917e-06 | grad_norm = 0.000260
  Batch 1462: loss = 0.000035 | LR = 7.468157e-06 | grad_norm = 0.025054
  Batch 1463: loss = 4.433151 | LR = 7.462399e-06 | grad_norm = 327.295410
  Batch 1464: loss = 2.839775 | LR = 7.456643e-06 | grad_norm = 454.739379
  Batch 1465: loss = 0.587630 | LR = 7.450887e-06 | grad_norm = 169.399140
  Batch 1466: loss = 2.770658 | LR = 7.445134e-06 | grad_norm = 268.153643
  Batch 1467: loss = 0.004469 | LR = 7.439382e-06 | grad_norm = 1.786175
  Batch 1468: loss = 0.018859 | LR = 7.433631e-06 | grad_norm = 6.762267
  Batch 1469: loss = 0.000334 | LR = 7.427882e-06 | grad_norm = 0.189216
  Batch 1470: loss = 4.431301 | LR = 7.422135e-06 | grad_norm = 305.607668
  Batch 1471: loss = 0.000455 | LR = 7.416389e-06 | grad_norm = 0.249442
  Batch 1472: loss = 0.043145 | LR = 7.410644e-06 | grad_norm = 15.236225
  Batch 1473: loss = 12.469617 | LR = 7.404901e-06 | grad_norm = 383.243467
  Batch 1474: loss = 1.559725 | LR = 7.399160e-06 | grad_norm = 183.000858
  Batch 1475: loss = 3.095684 | LR = 7.393420e-06 | grad_norm = 233.999551
  Batch 1476: loss = 0.039504 | LR = 7.387682e-06 | grad_norm = 14.601254
  Batch 1477: loss = 1.374687 | LR = 7.381945e-06 | grad_norm = 204.823319
  Batch 1478: loss = 0.522654 | LR = 7.376210e-06 | grad_norm = 143.622533
  Batch 1479: loss = 4.949416 | LR = 7.370476e-06 | grad_norm = 211.740126
  Batch 1480: loss = 4.454453 | LR = 7.364744e-06 | grad_norm = 163.582312
  Batch 1481: loss = 3.505225 | LR = 7.359013e-06 | grad_norm = 284.480228
  Batch 1482: loss = 0.955889 | LR = 7.353284e-06 | grad_norm = 236.727498
  Batch 1483: loss = 0.051872 | LR = 7.347557e-06 | grad_norm = 24.583005
  Batch 1484: loss = 6.139846 | LR = 7.341831e-06 | grad_norm = 279.083865
  Batch 1485: loss = 0.009746 | LR = 7.336106e-06 | grad_norm = 3.064370
  Batch 1486: loss = 0.028305 | LR = 7.330383e-06 | grad_norm = 11.490361
  Batch 1487: loss = 0.000002 | LR = 7.324662e-06 | grad_norm = 0.001329
  Batch 1488: loss = 2.437952 | LR = 7.318942e-06 | grad_norm = 295.369440
  Batch 1489: loss = 0.364401 | LR = 7.313224e-06 | grad_norm = 163.422553
  Batch 1490: loss = 3.703964 | LR = 7.307507e-06 | grad_norm = 261.967793
  Batch 1491: loss = 2.070099 | LR = 7.301792e-06 | grad_norm = 195.082339
  Batch 1492: loss = 2.753013 | LR = 7.296079e-06 | grad_norm = 344.168972
  Batch 1493: loss = 3.838014 | LR = 7.290367e-06 | grad_norm = 371.101097
  Batch 1494: loss = 1.205468 | LR = 7.284656e-06 | grad_norm = 237.608068
  Batch 1495: loss = 1.210218 | LR = 7.278947e-06 | grad_norm = 266.788300
  Batch 1496: loss = 1.011744 | LR = 7.273240e-06 | grad_norm = 171.797281
  Batch 1497: loss = 0.435490 | LR = 7.267534e-06 | grad_norm = 118.088527
  Batch 1498: loss = 4.892946 | LR = 7.261830e-06 | grad_norm = 266.451957
  Batch 1499: loss = 3.749202 | LR = 7.256127e-06 | grad_norm = 401.057513
  Batch 1500: loss = 2.071209 | LR = 7.250426e-06 | grad_norm = 281.693086
  Batch 1501: loss = 2.696291 | LR = 7.244727e-06 | grad_norm = 265.908151
  Batch 1502: loss = 0.043524 | LR = 7.239029e-06 | grad_norm = 20.700165
  Batch 1503: loss = 0.000171 | LR = 7.233332e-06 | grad_norm = 0.066996
  Batch 1504: loss = 3.061831 | LR = 7.227637e-06 | grad_norm = 310.086056
  Batch 1505: loss = 0.724297 | LR = 7.221944e-06 | grad_norm = 168.123600
  Batch 1506: loss = 7.033272 | LR = 7.216252e-06 | grad_norm = 190.363979
  Batch 1507: loss = 0.005499 | LR = 7.210562e-06 | grad_norm = 2.067536
  Batch 1508: loss = 4.778482 | LR = 7.204874e-06 | grad_norm = 269.612301
  Batch 1509: loss = 0.004861 | LR = 7.199187e-06 | grad_norm = 1.951018
  Batch 1510: loss = 7.853438 | LR = 7.193501e-06 | grad_norm = 443.403453
  Batch 1511: loss = 0.076052 | LR = 7.187817e-06 | grad_norm = 31.295431
  Batch 1512: loss = 0.347798 | LR = 7.182135e-06 | grad_norm = 83.126193
  Batch 1513: loss = 0.806235 | LR = 7.176454e-06 | grad_norm = 170.761812
  Batch 1514: loss = 0.000000 | LR = 7.170775e-06 | grad_norm = 0.000000
  Batch 1515: loss = 3.650551 | LR = 7.165098e-06 | grad_norm = 439.395379
  Batch 1516: loss = 4.482613 | LR = 7.159422e-06 | grad_norm = 224.091503
  Batch 1517: loss = 4.203797 | LR = 7.153748e-06 | grad_norm = 329.716564
  Batch 1518: loss = 0.733331 | LR = 7.148075e-06 | grad_norm = 267.212001
  Batch 1519: loss = 0.000293 | LR = 7.142404e-06 | grad_norm = 0.169416
  Batch 1520: loss = 0.000000 | LR = 7.136734e-06 | grad_norm = 0.000000
  Batch 1521: loss = 0.000145 | LR = 7.131066e-06 | grad_norm = 0.061418
  Batch 1522: loss = 0.000001 | LR = 7.125399e-06 | grad_norm = 0.000581
  Batch 1523: loss = 0.010472 | LR = 7.119735e-06 | grad_norm = 7.977817
  Batch 1524: loss = 0.000000 | LR = 7.114071e-06 | grad_norm = 0.000016
  Batch 1525: loss = 5.385630 | LR = 7.108410e-06 | grad_norm = 235.934592
  Batch 1526: loss = 3.155135 | LR = 7.102750e-06 | grad_norm = 203.645649
  Batch 1527: loss = 0.000000 | LR = 7.097091e-06 | grad_norm = 0.000001
  Batch 1528: loss = 1.423839 | LR = 7.091434e-06 | grad_norm = 229.311825
  Batch 1529: loss = 2.898268 | LR = 7.085779e-06 | grad_norm = 421.327406
  Batch 1530: loss = 0.000034 | LR = 7.080125e-06 | grad_norm = 0.014972
  Batch 1531: loss = 0.496285 | LR = 7.074473e-06 | grad_norm = 218.495906
  Batch 1532: loss = 5.009934 | LR = 7.068822e-06 | grad_norm = 325.698968
  Batch 1533: loss = 5.663421 | LR = 7.063173e-06 | grad_norm = 171.037495
  Batch 1534: loss = 3.354384 | LR = 7.057526e-06 | grad_norm = 310.281863
  Batch 1535: loss = 0.000000 | LR = 7.051880e-06 | grad_norm = 0.000059
  Batch 1536: loss = 0.001462 | LR = 7.046236e-06 | grad_norm = 0.538914
  Batch 1537: loss = 5.473363 | LR = 7.040594e-06 | grad_norm = 256.947808
  Batch 1538: loss = 1.940426 | LR = 7.034953e-06 | grad_norm = 417.724241
  Batch 1539: loss = 0.000000 | LR = 7.029314e-06 | grad_norm = 0.000000
  Batch 1540: loss = 2.699165 | LR = 7.023676e-06 | grad_norm = 425.861737
  Batch 1541: loss = 4.679770 | LR = 7.018040e-06 | grad_norm = 280.393791
  Batch 1542: loss = 1.977864 | LR = 7.012405e-06 | grad_norm = 333.814032
  Batch 1543: loss = 0.948717 | LR = 7.006772e-06 | grad_norm = 219.625506
  Batch 1544: loss = 0.557258 | LR = 7.001141e-06 | grad_norm = 88.969061
  Batch 1545: loss = 4.459688 | LR = 6.995511e-06 | grad_norm = 316.833437
  Batch 1546: loss = 2.051792 | LR = 6.989883e-06 | grad_norm = 220.287767
  Batch 1547: loss = 3.079814 | LR = 6.984257e-06 | grad_norm = 116.404847
  Batch 1548: loss = 0.000046 | LR = 6.978632e-06 | grad_norm = 0.017813
  Batch 1549: loss = 0.273089 | LR = 6.973009e-06 | grad_norm = 131.440249
  Batch 1550: loss = 0.110642 | LR = 6.967387e-06 | grad_norm = 47.913972
  Batch 1551: loss = 0.008414 | LR = 6.961767e-06 | grad_norm = 3.395309
  Batch 1552: loss = 6.585019 | LR = 6.956149e-06 | grad_norm = 290.918731
  Batch 1553: loss = 0.641528 | LR = 6.950532e-06 | grad_norm = 200.683829
  Batch 1554: loss = 6.757849 | LR = 6.944917e-06 | grad_norm = 267.518571
  Batch 1555: loss = 6.496426 | LR = 6.939303e-06 | grad_norm = 300.511323
  Batch 1556: loss = 0.879760 | LR = 6.933691e-06 | grad_norm = 316.759369
  Batch 1557: loss = 0.000031 | LR = 6.928081e-06 | grad_norm = 0.020529
  Batch 1558: loss = 1.022345 | LR = 6.922473e-06 | grad_norm = 483.106062
  Batch 1559: loss = 0.002742 | LR = 6.916866e-06 | grad_norm = 1.103741
  Batch 1560: loss = 1.956924 | LR = 6.911260e-06 | grad_norm = 202.246401
  Batch 1561: loss = 0.002875 | LR = 6.905656e-06 | grad_norm = 1.454201
  Batch 1562: loss = 10.057050 | LR = 6.900054e-06 | grad_norm = 239.613388
  Batch 1563: loss = 2.661495 | LR = 6.894454e-06 | grad_norm = 324.406705
  Batch 1564: loss = 7.711609 | LR = 6.888855e-06 | grad_norm = 487.171210
  Batch 1565: loss = 0.000000 | LR = 6.883258e-06 | grad_norm = 0.000000
  Batch 1566: loss = 9.618629 | LR = 6.877662e-06 | grad_norm = 418.320717
  Batch 1567: loss = 3.098008 | LR = 6.872068e-06 | grad_norm = 393.658530
  Batch 1568: loss = 3.703662 | LR = 6.866476e-06 | grad_norm = 176.301868
  Batch 1569: loss = 1.289302 | LR = 6.860885e-06 | grad_norm = 134.155607
  Batch 1570: loss = 4.249174 | LR = 6.855296e-06 | grad_norm = 301.108412
  Batch 1571: loss = 4.446641 | LR = 6.849708e-06 | grad_norm = 169.816015
  Batch 1572: loss = 9.896585 | LR = 6.844123e-06 | grad_norm = 548.798048
  Batch 1573: loss = 0.368014 | LR = 6.838538e-06 | grad_norm = 165.830347
  Batch 1574: loss = 2.544105 | LR = 6.832956e-06 | grad_norm = 247.854575
  Batch 1575: loss = 0.000000 | LR = 6.827375e-06 | grad_norm = 0.000000
  Batch 1576: loss = 3.498179 | LR = 6.821796e-06 | grad_norm = 325.481227
  Batch 1577: loss = 8.840137 | LR = 6.816218e-06 | grad_norm = 425.477316
  Batch 1578: loss = 1.654934 | LR = 6.810642e-06 | grad_norm = 245.392485
  Batch 1579: loss = 0.046944 | LR = 6.805068e-06 | grad_norm = 17.062785
  Batch 1580: loss = 3.420936 | LR = 6.799495e-06 | grad_norm = 329.145154
  Batch 1581: loss = 0.804917 | LR = 6.793924e-06 | grad_norm = 250.281304
  Batch 1582: loss = 6.949890 | LR = 6.788355e-06 | grad_norm = 205.401095
  Batch 1583: loss = 0.000946 | LR = 6.782787e-06 | grad_norm = 0.576032
  Batch 1584: loss = 18.172907 | LR = 6.777221e-06 | grad_norm = 757.890851
  Batch 1585: loss = 3.117244 | LR = 6.771657e-06 | grad_norm = 329.950483
  Batch 1586: loss = 7.471984 | LR = 6.766094e-06 | grad_norm = 314.977327
  Batch 1587: loss = 0.438171 | LR = 6.760533e-06 | grad_norm = 135.275691
  Batch 1588: loss = 0.726675 | LR = 6.754974e-06 | grad_norm = 174.879487
  Batch 1589: loss = 0.299139 | LR = 6.749416e-06 | grad_norm = 64.898202
  Batch 1590: loss = 0.379531 | LR = 6.743860e-06 | grad_norm = 101.812764
  Batch 1591: loss = 1.214903 | LR = 6.738305e-06 | grad_norm = 208.982112
  Batch 1592: loss = 0.000000 | LR = 6.732752e-06 | grad_norm = 0.000000
  Batch 1593: loss = 0.094912 | LR = 6.727201e-06 | grad_norm = 24.901327
  Batch 1594: loss = 3.696505 | LR = 6.721652e-06 | grad_norm = 324.978693
  Batch 1595: loss = 0.261447 | LR = 6.716104e-06 | grad_norm = 67.147882
  Batch 1596: loss = 0.422244 | LR = 6.710558e-06 | grad_norm = 115.823533
  Batch 1597: loss = 4.326456 | LR = 6.705013e-06 | grad_norm = 180.508133
  Batch 1598: loss = 3.987964 | LR = 6.699470e-06 | grad_norm = 216.519270
  Batch 1599: loss = 0.000000 | LR = 6.693929e-06 | grad_norm = 0.000057
  Batch 1600: loss = 0.749093 | LR = 6.688390e-06 | grad_norm = 102.050513
  Batch 1601: loss = 3.322701 | LR = 6.682852e-06 | grad_norm = 290.054200
  Batch 1602: loss = 1.143637 | LR = 6.677316e-06 | grad_norm = 168.122198
  Batch 1603: loss = 1.070334 | LR = 6.671781e-06 | grad_norm = 103.791435
  Batch 1604: loss = 1.413859 | LR = 6.666249e-06 | grad_norm = 200.954912
  Batch 1605: loss = 2.972109 | LR = 6.660717e-06 | grad_norm = 379.548221
  Batch 1606: loss = 1.231093 | LR = 6.655188e-06 | grad_norm = 252.760688
  Batch 1607: loss = 0.677606 | LR = 6.649660e-06 | grad_norm = 194.327125
  Batch 1608: loss = 0.236143 | LR = 6.644134e-06 | grad_norm = 73.498714
  Batch 1609: loss = 2.829351 | LR = 6.638610e-06 | grad_norm = 215.495546
  Batch 1610: loss = 1.241861 | LR = 6.633087e-06 | grad_norm = 165.937267
  Batch 1611: loss = 4.947717 | LR = 6.627566e-06 | grad_norm = 452.863399
  Batch 1612: loss = 0.000003 | LR = 6.622046e-06 | grad_norm = 0.001531
  Batch 1613: loss = 4.246278 | LR = 6.616529e-06 | grad_norm = 316.867941
  Batch 1614: loss = 11.350831 | LR = 6.611013e-06 | grad_norm = 331.137187
  Batch 1615: loss = 0.913760 | LR = 6.605498e-06 | grad_norm = 168.786397
  Batch 1616: loss = 0.983641 | LR = 6.599986e-06 | grad_norm = 273.879791
  Batch 1617: loss = 3.518354 | LR = 6.594475e-06 | grad_norm = 404.683339
  Batch 1618: loss = 0.000001 | LR = 6.588965e-06 | grad_norm = 0.000413
  Batch 1619: loss = 4.563577 | LR = 6.583458e-06 | grad_norm = 226.528901
  Batch 1620: loss = 2.402620 | LR = 6.577952e-06 | grad_norm = 421.162379
  Batch 1621: loss = 0.376108 | LR = 6.572448e-06 | grad_norm = 106.697907
  Batch 1622: loss = 6.396591 | LR = 6.566945e-06 | grad_norm = 194.834934
  Batch 1623: loss = 3.329006 | LR = 6.561444e-06 | grad_norm = 236.475146
  Batch 1624: loss = 0.000006 | LR = 6.555945e-06 | grad_norm = 0.003676
  Batch 1625: loss = 6.392070 | LR = 6.550447e-06 | grad_norm = 383.466910
  Batch 1626: loss = 6.612189 | LR = 6.544952e-06 | grad_norm = 285.182109
  Batch 1627: loss = 0.238838 | LR = 6.539458e-06 | grad_norm = 48.894629
  Batch 1628: loss = 5.064365 | LR = 6.533965e-06 | grad_norm = 241.968048
  Batch 1629: loss = 1.956401 | LR = 6.528475e-06 | grad_norm = 298.031427
  Batch 1630: loss = 2.536522 | LR = 6.522986e-06 | grad_norm = 304.144248
  Batch 1631: loss = 2.555708 | LR = 6.517498e-06 | grad_norm = 176.253004
  Batch 1632: loss = 0.267248 | LR = 6.512013e-06 | grad_norm = 68.227406
  Batch 1633: loss = 5.472296 | LR = 6.506529e-06 | grad_norm = 245.152154
  Batch 1634: loss = 4.304469 | LR = 6.501047e-06 | grad_norm = 204.662134
  Batch 1635: loss = 0.791097 | LR = 6.495566e-06 | grad_norm = 164.695065
  Batch 1636: loss = 4.996167 | LR = 6.490087e-06 | grad_norm = 115.579945
  Batch 1637: loss = 3.018299 | LR = 6.484610e-06 | grad_norm = 301.299418
  Batch 1638: loss = 4.603139 | LR = 6.479135e-06 | grad_norm = 187.592432
  Batch 1639: loss = 0.069389 | LR = 6.473661e-06 | grad_norm = 29.140701
  Batch 1640: loss = 2.920181 | LR = 6.468189e-06 | grad_norm = 357.148620
  Batch 1641: loss = 0.000613 | LR = 6.462719e-06 | grad_norm = 0.354149
  Batch 1642: loss = 0.000034 | LR = 6.457251e-06 | grad_norm = 0.020997
  Batch 1643: loss = 3.167778 | LR = 6.451784e-06 | grad_norm = 343.765778
  Batch 1644: loss = 0.000186 | LR = 6.446319e-06 | grad_norm = 0.091255
  Batch 1645: loss = 2.817337 | LR = 6.440855e-06 | grad_norm = 225.861597
  Batch 1646: loss = 10.639682 | LR = 6.435394e-06 | grad_norm = 411.133487
  Batch 1647: loss = 3.064751 | LR = 6.429934e-06 | grad_norm = 260.967031
  Batch 1648: loss = 0.114591 | LR = 6.424476e-06 | grad_norm = 30.705397
  Batch 1649: loss = 0.691217 | LR = 6.419019e-06 | grad_norm = 164.491254
  Batch 1650: loss = 0.001381 | LR = 6.413564e-06 | grad_norm = 0.806631
  Batch 1651: loss = 3.543312 | LR = 6.408111e-06 | grad_norm = 187.784551
  Batch 1652: loss = 7.840254 | LR = 6.402660e-06 | grad_norm = 602.697326
  Batch 1653: loss = 7.299979 | LR = 6.397210e-06 | grad_norm = 394.863908
  Batch 1654: loss = 0.261004 | LR = 6.391762e-06 | grad_norm = 44.479722
  Batch 1655: loss = 4.750838 | LR = 6.386316e-06 | grad_norm = 370.395050
  Batch 1656: loss = 10.658505 | LR = 6.380872e-06 | grad_norm = 509.986263
  Batch 1657: loss = 8.307096 | LR = 6.375429e-06 | grad_norm = 374.325114
  Batch 1658: loss = 2.159209 | LR = 6.369988e-06 | grad_norm = 260.134306
  Batch 1659: loss = 0.394742 | LR = 6.364549e-06 | grad_norm = 139.991018
  Batch 1660: loss = 0.004772 | LR = 6.359111e-06 | grad_norm = 1.283426
  Batch 1661: loss = 0.000085 | LR = 6.353675e-06 | grad_norm = 0.041819
  Batch 1662: loss = 1.138630 | LR = 6.348241e-06 | grad_norm = 299.746411
  Batch 1663: loss = 1.388477 | LR = 6.342809e-06 | grad_norm = 198.127589
  Batch 1664: loss = 3.046950 | LR = 6.337378e-06 | grad_norm = 278.479875
  Batch 1665: loss = 3.562686 | LR = 6.331949e-06 | grad_norm = 175.900750
  Batch 1666: loss = 0.400177 | LR = 6.326522e-06 | grad_norm = 208.957922
  Batch 1667: loss = 5.014058 | LR = 6.321097e-06 | grad_norm = 216.155785
  Batch 1668: loss = 0.924187 | LR = 6.315673e-06 | grad_norm = 231.609617
  Batch 1669: loss = 1.387933 | LR = 6.310251e-06 | grad_norm = 314.021542
  Batch 1670: loss = 1.849177 | LR = 6.304831e-06 | grad_norm = 230.068117
  Batch 1671: loss = 9.281002 | LR = 6.299413e-06 | grad_norm = 377.040628
  Batch 1672: loss = 0.007717 | LR = 6.293996e-06 | grad_norm = 5.083934
  Batch 1673: loss = 0.820780 | LR = 6.288581e-06 | grad_norm = 267.512601
  Batch 1674: loss = 0.000737 | LR = 6.283168e-06 | grad_norm = 0.302040
  Batch 1675: loss = 5.874371 | LR = 6.277756e-06 | grad_norm = 325.253675
  Batch 1676: loss = 0.353829 | LR = 6.272346e-06 | grad_norm = 95.727171
  Batch 1677: loss = 2.359743 | LR = 6.266938e-06 | grad_norm = 206.735368
  Batch 1678: loss = 3.051955 | LR = 6.261532e-06 | grad_norm = 290.368248
  Batch 1679: loss = 3.898603 | LR = 6.256128e-06 | grad_norm = 413.580748
  Batch 1680: loss = 0.055965 | LR = 6.250725e-06 | grad_norm = 24.432692
  Batch 1681: loss = 7.738687 | LR = 6.245324e-06 | grad_norm = 467.864719
  Batch 1682: loss = 6.753995 | LR = 6.239925e-06 | grad_norm = 533.741623
  Batch 1683: loss = 0.000445 | LR = 6.234527e-06 | grad_norm = 0.209822
  Batch 1684: loss = 0.858874 | LR = 6.229131e-06 | grad_norm = 85.732729
  Batch 1685: loss = 2.474439 | LR = 6.223737e-06 | grad_norm = 275.471411
  Batch 1686: loss = 0.468087 | LR = 6.218345e-06 | grad_norm = 92.500753
  Batch 1687: loss = 3.164834 | LR = 6.212955e-06 | grad_norm = 329.684631
  Batch 1688: loss = 0.075906 | LR = 6.207566e-06 | grad_norm = 23.533840
  Batch 1689: loss = 0.793639 | LR = 6.202179e-06 | grad_norm = 136.753693
  Batch 1690: loss = 0.363852 | LR = 6.196794e-06 | grad_norm = 84.346085
  Batch 1691: loss = 5.048438 | LR = 6.191410e-06 | grad_norm = 235.429991
  Batch 1692: loss = 0.604796 | LR = 6.186029e-06 | grad_norm = 121.401011
  Batch 1693: loss = 0.090206 | LR = 6.180649e-06 | grad_norm = 49.773992
  Batch 1694: loss = 7.538216 | LR = 6.175271e-06 | grad_norm = 294.038965
  Batch 1695: loss = 0.818212 | LR = 6.169894e-06 | grad_norm = 200.611581
  Batch 1696: loss = 5.874816 | LR = 6.164520e-06 | grad_norm = 248.347065
  Batch 1697: loss = 1.844586 | LR = 6.159147e-06 | grad_norm = 413.824893
  Batch 1698: loss = 5.333617 | LR = 6.153776e-06 | grad_norm = 425.547264
  Batch 1699: loss = 0.884407 | LR = 6.148406e-06 | grad_norm = 191.833622
  Batch 1700: loss = 0.035730 | LR = 6.143039e-06 | grad_norm = 12.592595
  Batch 1701: loss = 2.906062 | LR = 6.137673e-06 | grad_norm = 270.846126
  Batch 1702: loss = 4.071709 | LR = 6.132309e-06 | grad_norm = 276.585451
  Batch 1703: loss = 4.209072 | LR = 6.126947e-06 | grad_norm = 179.964663
  Batch 1704: loss = 5.046250 | LR = 6.121586e-06 | grad_norm = 248.475813
  Batch 1705: loss = 1.743375 | LR = 6.116228e-06 | grad_norm = 267.329392
  Batch 1706: loss = 0.171036 | LR = 6.110871e-06 | grad_norm = 96.013322
  Batch 1707: loss = 0.000103 | LR = 6.105516e-06 | grad_norm = 0.049680
  Batch 1708: loss = 6.963820 | LR = 6.100162e-06 | grad_norm = 247.251966
  Batch 1709: loss = 0.000852 | LR = 6.094811e-06 | grad_norm = 0.447216
  Batch 1710: loss = 4.860727 | LR = 6.089461e-06 | grad_norm = 206.688731
  Batch 1711: loss = 0.241300 | LR = 6.084113e-06 | grad_norm = 141.295057
  Batch 1712: loss = 2.151414 | LR = 6.078767e-06 | grad_norm = 247.358472
  Batch 1713: loss = 0.420954 | LR = 6.073422e-06 | grad_norm = 131.388440
  Batch 1714: loss = 0.442468 | LR = 6.068080e-06 | grad_norm = 91.980224
  Batch 1715: loss = 4.689859 | LR = 6.062739e-06 | grad_norm = 561.198694
  Batch 1716: loss = 0.000000 | LR = 6.057400e-06 | grad_norm = 0.000000
  Batch 1717: loss = 3.059520 | LR = 6.052062e-06 | grad_norm = 333.384918
  Batch 1718: loss = 0.294256 | LR = 6.046727e-06 | grad_norm = 80.245521
  Batch 1719: loss = 4.742707 | LR = 6.041393e-06 | grad_norm = 182.685785
  Batch 1720: loss = 4.679862 | LR = 6.036061e-06 | grad_norm = 107.206808
  Batch 1721: loss = 4.943757 | LR = 6.030731e-06 | grad_norm = 466.463162
  Batch 1722: loss = 0.159307 | LR = 6.025403e-06 | grad_norm = 34.199859
  Batch 1723: loss = 2.428054 | LR = 6.020076e-06 | grad_norm = 195.961607
  Batch 1724: loss = 5.765577 | LR = 6.014751e-06 | grad_norm = 185.239685
  Batch 1725: loss = 4.112847 | LR = 6.009428e-06 | grad_norm = 207.693311
  Batch 1726: loss = 0.818134 | LR = 6.004107e-06 | grad_norm = 163.947508
  Batch 1727: loss = 1.596415 | LR = 5.998788e-06 | grad_norm = 216.949951
  Batch 1728: loss = 0.131512 | LR = 5.993470e-06 | grad_norm = 31.407200
  Batch 1729: loss = 4.038763 | LR = 5.988154e-06 | grad_norm = 403.389286
  Batch 1730: loss = 0.000000 | LR = 5.982840e-06 | grad_norm = 0.000003
  Batch 1731: loss = 1.698751 | LR = 5.977528e-06 | grad_norm = 211.914676
  Batch 1732: loss = 3.451395 | LR = 5.972218e-06 | grad_norm = 436.836004
  Batch 1733: loss = 1.182922 | LR = 5.966909e-06 | grad_norm = 236.720454
  Batch 1734: loss = 5.453135 | LR = 5.961602e-06 | grad_norm = 283.438282
  Batch 1735: loss = 0.039534 | LR = 5.956297e-06 | grad_norm = 13.578730
  Batch 1736: loss = 0.483625 | LR = 5.950994e-06 | grad_norm = 100.930721
  Batch 1737: loss = 0.009019 | LR = 5.945693e-06 | grad_norm = 3.478838
  Batch 1738: loss = 2.993666 | LR = 5.940393e-06 | grad_norm = 286.862359
  Batch 1739: loss = 7.646739 | LR = 5.935096e-06 | grad_norm = 477.650445
  Batch 1740: loss = 3.210850 | LR = 5.929800e-06 | grad_norm = 323.073184
  Batch 1741: loss = 6.778797 | LR = 5.924505e-06 | grad_norm = 395.824436
  Batch 1742: loss = 1.950358 | LR = 5.919213e-06 | grad_norm = 214.160989
  Batch 1743: loss = 2.788493 | LR = 5.913923e-06 | grad_norm = 186.934844
  Batch 1744: loss = 0.001304 | LR = 5.908634e-06 | grad_norm = 0.555973
  Batch 1745: loss = 0.041043 | LR = 5.903347e-06 | grad_norm = 15.863116
  Batch 1746: loss = 0.175521 | LR = 5.898062e-06 | grad_norm = 71.368696
  Batch 1747: loss = 0.091386 | LR = 5.892779e-06 | grad_norm = 27.782429
  Batch 1748: loss = 0.564142 | LR = 5.887497e-06 | grad_norm = 181.276975
  Batch 1749: loss = 0.005215 | LR = 5.882218e-06 | grad_norm = 2.141513
  Batch 1750: loss = 0.003153 | LR = 5.876940e-06 | grad_norm = 2.106240
  Batch 1751: loss = 6.529975 | LR = 5.871664e-06 | grad_norm = 337.523492
  Batch 1752: loss = 4.966003 | LR = 5.866390e-06 | grad_norm = 276.021595
  Batch 1753: loss = 1.622422 | LR = 5.861117e-06 | grad_norm = 143.835054
  Batch 1754: loss = 0.002542 | LR = 5.855847e-06 | grad_norm = 1.305312
  Batch 1755: loss = 0.982888 | LR = 5.850578e-06 | grad_norm = 172.285595
  Batch 1756: loss = 4.007018 | LR = 5.845311e-06 | grad_norm = 257.676393
  Batch 1757: loss = 0.066272 | LR = 5.840046e-06 | grad_norm = 28.593292
  Batch 1758: loss = 8.291023 | LR = 5.834783e-06 | grad_norm = 242.416890
  Batch 1759: loss = 0.292024 | LR = 5.829522e-06 | grad_norm = 60.054459
  Batch 1760: loss = 4.815331 | LR = 5.824262e-06 | grad_norm = 298.206469
  Batch 1761: loss = 6.824277 | LR = 5.819005e-06 | grad_norm = 325.725468
  Batch 1762: loss = 0.000403 | LR = 5.813749e-06 | grad_norm = 0.214792
  Batch 1763: loss = 4.429816 | LR = 5.808495e-06 | grad_norm = 248.158323
  Batch 1764: loss = 0.060102 | LR = 5.803242e-06 | grad_norm = 30.030639
  Batch 1765: loss = 0.002326 | LR = 5.797992e-06 | grad_norm = 0.970921
  Batch 1766: loss = 5.341833 | LR = 5.792743e-06 | grad_norm = 339.486249
  Batch 1767: loss = 6.585806 | LR = 5.787497e-06 | grad_norm = 395.177833
  Batch 1768: loss = 0.045211 | LR = 5.782252e-06 | grad_norm = 18.196082
  Batch 1769: loss = 5.604502 | LR = 5.777009e-06 | grad_norm = 207.419466
  Batch 1770: loss = 4.032031 | LR = 5.771768e-06 | grad_norm = 439.850058
  Batch 1771: loss = 4.228081 | LR = 5.766528e-06 | grad_norm = 315.526726
  Batch 1772: loss = 0.000000 | LR = 5.761291e-06 | grad_norm = 0.000028
  Batch 1773: loss = 2.342337 | LR = 5.756055e-06 | grad_norm = 280.647152
  Batch 1774: loss = 0.097223 | LR = 5.750821e-06 | grad_norm = 30.810448
  Batch 1775: loss = 0.001456 | LR = 5.745589e-06 | grad_norm = 0.629736
  Batch 1776: loss = 0.002782 | LR = 5.740359e-06 | grad_norm = 1.032729
  Batch 1777: loss = 0.733509 | LR = 5.735131e-06 | grad_norm = 136.141563
  Batch 1778: loss = 1.010502 | LR = 5.729904e-06 | grad_norm = 178.585315
  Batch 1779: loss = 2.196350 | LR = 5.724680e-06 | grad_norm = 230.551539
  Batch 1780: loss = 0.200391 | LR = 5.719457e-06 | grad_norm = 92.115890
  Batch 1781: loss = 7.819007 | LR = 5.714236e-06 | grad_norm = 333.678366
  Batch 1782: loss = 7.521626 | LR = 5.709017e-06 | grad_norm = 336.374611
  Batch 1783: loss = 0.001647 | LR = 5.703800e-06 | grad_norm = 0.918543
  Batch 1784: loss = 0.001085 | LR = 5.698584e-06 | grad_norm = 0.580631
  Batch 1785: loss = 0.752043 | LR = 5.693371e-06 | grad_norm = 142.556746
  Batch 1786: loss = 6.188305 | LR = 5.688159e-06 | grad_norm = 250.172920
  Batch 1787: loss = 0.099651 | LR = 5.682950e-06 | grad_norm = 41.655877
  Batch 1788: loss = 2.347182 | LR = 5.677742e-06 | grad_norm = 418.729291
  Batch 1789: loss = 2.970926 | LR = 5.672536e-06 | grad_norm = 166.938236
  Batch 1790: loss = 2.461393 | LR = 5.667331e-06 | grad_norm = 195.741074
  Batch 1791: loss = 2.940138 | LR = 5.662129e-06 | grad_norm = 177.039923
  Batch 1792: loss = 0.164340 | LR = 5.656928e-06 | grad_norm = 56.622302
  Batch 1793: loss = 0.000000 | LR = 5.651730e-06 | grad_norm = 0.000097
  Batch 1794: loss = 4.132088 | LR = 5.646533e-06 | grad_norm = 266.195048
  Batch 1795: loss = 2.389490 | LR = 5.641338e-06 | grad_norm = 182.979036
  Batch 1796: loss = 0.000005 | LR = 5.636145e-06 | grad_norm = 0.003755
  Batch 1797: loss = 0.000000 | LR = 5.630954e-06 | grad_norm = 0.000000
  Batch 1798: loss = 0.031982 | LR = 5.625765e-06 | grad_norm = 15.960729
  Batch 1799: loss = 0.103533 | LR = 5.620577e-06 | grad_norm = 38.573427
  Batch 1800: loss = 4.166781 | LR = 5.615392e-06 | grad_norm = 345.979141
  Batch 1801: loss = 3.419050 | LR = 5.610208e-06 | grad_norm = 198.007817
  Batch 1802: loss = 5.362450 | LR = 5.605026e-06 | grad_norm = 243.221336
  Batch 1803: loss = 4.751895 | LR = 5.599846e-06 | grad_norm = 314.197217
  Batch 1804: loss = 4.769338 | LR = 5.594668e-06 | grad_norm = 196.339599
  Batch 1805: loss = 0.971779 | LR = 5.589492e-06 | grad_norm = 219.103950
  Batch 1806: loss = 3.517962 | LR = 5.584317e-06 | grad_norm = 312.114864
  Batch 1807: loss = 2.538740 | LR = 5.579145e-06 | grad_norm = 202.806285
  Batch 1808: loss = 6.253366 | LR = 5.573974e-06 | grad_norm = 227.880719
  Batch 1809: loss = 5.941018 | LR = 5.568806e-06 | grad_norm = 474.981960
  Batch 1810: loss = 15.214507 | LR = 5.563639e-06 | grad_norm = 501.983652
  Batch 1811: loss = 0.000025 | LR = 5.558474e-06 | grad_norm = 0.010296
  Batch 1812: loss = 1.589621 | LR = 5.553311e-06 | grad_norm = 364.388552
  Batch 1813: loss = 3.602082 | LR = 5.548150e-06 | grad_norm = 223.896498
  Batch 1814: loss = 0.932158 | LR = 5.542990e-06 | grad_norm = 162.046432
  Batch 1815: loss = 0.005768 | LR = 5.537833e-06 | grad_norm = 2.154779
  Batch 1816: loss = 0.183584 | LR = 5.532677e-06 | grad_norm = 55.397733
  Batch 1817: loss = 2.357290 | LR = 5.527524e-06 | grad_norm = 228.903574
  Batch 1818: loss = 6.460402 | LR = 5.522372e-06 | grad_norm = 502.192581
  Batch 1819: loss = 0.000350 | LR = 5.517222e-06 | grad_norm = 0.134779
  Batch 1820: loss = 6.166899 | LR = 5.512074e-06 | grad_norm = 195.008673
  Batch 1821: loss = 2.458247 | LR = 5.506928e-06 | grad_norm = 235.514420
  Batch 1822: loss = 1.748579 | LR = 5.501784e-06 | grad_norm = 226.987258
  Batch 1823: loss = 0.000001 | LR = 5.496641e-06 | grad_norm = 0.000878
  Batch 1824: loss = 0.000000 | LR = 5.491501e-06 | grad_norm = 0.000005
  Batch 1825: loss = 0.062109 | LR = 5.486362e-06 | grad_norm = 18.798776
  Batch 1826: loss = 0.000295 | LR = 5.481226e-06 | grad_norm = 0.166374
  Batch 1827: loss = 0.002652 | LR = 5.476091e-06 | grad_norm = 1.362997
  Batch 1828: loss = 0.360995 | LR = 5.470958e-06 | grad_norm = 85.361670
  Batch 1829: loss = 0.403614 | LR = 5.465827e-06 | grad_norm = 96.931251
  Batch 1830: loss = 5.633606 | LR = 5.460698e-06 | grad_norm = 299.779165
  Batch 1831: loss = 0.000035 | LR = 5.455571e-06 | grad_norm = 0.023312
  Batch 1832: loss = 0.001968 | LR = 5.450445e-06 | grad_norm = 0.830624
  Batch 1833: loss = 3.916259 | LR = 5.445322e-06 | grad_norm = 389.677843
  Batch 1834: loss = 6.922119 | LR = 5.440200e-06 | grad_norm = 554.278292
  Batch 1835: loss = 7.894047 | LR = 5.435081e-06 | grad_norm = 545.493550
  Batch 1836: loss = 0.000269 | LR = 5.429963e-06 | grad_norm = 0.092198
  Batch 1837: loss = 4.799055 | LR = 5.424847e-06 | grad_norm = 218.300272
  Batch 1838: loss = 1.450808 | LR = 5.419734e-06 | grad_norm = 382.689301
  Batch 1839: loss = 2.664229 | LR = 5.414622e-06 | grad_norm = 289.464665
  Batch 1840: loss = 0.380426 | LR = 5.409512e-06 | grad_norm = 109.366596
  Batch 1841: loss = 1.078480 | LR = 5.404403e-06 | grad_norm = 265.584098
  Batch 1842: loss = 5.787265 | LR = 5.399297e-06 | grad_norm = 182.448341
  Batch 1843: loss = 0.001200 | LR = 5.394193e-06 | grad_norm = 0.541265
  Batch 1844: loss = 3.107426 | LR = 5.389090e-06 | grad_norm = 454.729250
  Batch 1845: loss = 5.709026 | LR = 5.383990e-06 | grad_norm = 378.755738
  Batch 1846: loss = 7.396830 | LR = 5.378891e-06 | grad_norm = 464.379252
  Batch 1847: loss = 5.480279 | LR = 5.373795e-06 | grad_norm = 237.511600
  Batch 1848: loss = 0.000002 | LR = 5.368700e-06 | grad_norm = 0.000842
  Batch 1849: loss = 0.000000 | LR = 5.363607e-06 | grad_norm = 0.000000
  Batch 1850: loss = 0.929262 | LR = 5.358516e-06 | grad_norm = 201.557022
  Batch 1851: loss = 6.260585 | LR = 5.353427e-06 | grad_norm = 357.358826
  Batch 1852: loss = 7.415904 | LR = 5.348340e-06 | grad_norm = 302.479287
  Batch 1853: loss = 5.210636 | LR = 5.343255e-06 | grad_norm = 333.954905
  Batch 1854: loss = 3.591868 | LR = 5.338171e-06 | grad_norm = 207.749088
  Batch 1855: loss = 0.685309 | LR = 5.333090e-06 | grad_norm = 168.583140
  Batch 1856: loss = 0.000004 | LR = 5.328011e-06 | grad_norm = 0.002815
  Batch 1857: loss = 0.000000 | LR = 5.322933e-06 | grad_norm = 0.000000
  Batch 1858: loss = 0.749531 | LR = 5.317858e-06 | grad_norm = 243.862830
  Batch 1859: loss = 0.278218 | LR = 5.312784e-06 | grad_norm = 79.230057
  Batch 1860: loss = 0.042455 | LR = 5.307712e-06 | grad_norm = 15.671690
  Batch 1861: loss = 4.501002 | LR = 5.302642e-06 | grad_norm = 350.545654
  Batch 1862: loss = 0.464012 | LR = 5.297575e-06 | grad_norm = 110.802395
  Batch 1863: loss = 0.072037 | LR = 5.292509e-06 | grad_norm = 17.625607
  Batch 1864: loss = 2.639929 | LR = 5.287445e-06 | grad_norm = 344.879122
  Batch 1865: loss = 6.072244 | LR = 5.282382e-06 | grad_norm = 232.885414
  Batch 1866: loss = 3.182823 | LR = 5.277322e-06 | grad_norm = 513.115945
  Batch 1867: loss = 0.000099 | LR = 5.272264e-06 | grad_norm = 0.039990
  Batch 1868: loss = 2.646670 | LR = 5.267208e-06 | grad_norm = 314.970875
  Batch 1869: loss = 0.096013 | LR = 5.262153e-06 | grad_norm = 30.743775
  Batch 1870: loss = 2.691092 | LR = 5.257101e-06 | grad_norm = 182.459396
  Batch 1871: loss = 3.156690 | LR = 5.252051e-06 | grad_norm = 320.549595
  Batch 1872: loss = 5.016098 | LR = 5.247002e-06 | grad_norm = 274.601763
  Batch 1873: loss = 0.002747 | LR = 5.241955e-06 | grad_norm = 2.544002
  Batch 1874: loss = 3.240771 | LR = 5.236911e-06 | grad_norm = 249.710212
  Batch 1875: loss = 2.738326 | LR = 5.231868e-06 | grad_norm = 242.237215
  Batch 1876: loss = 0.000167 | LR = 5.226827e-06 | grad_norm = 0.099201
  Batch 1877: loss = 2.612665 | LR = 5.221788e-06 | grad_norm = 459.833672
  Batch 1878: loss = 3.913003 | LR = 5.216752e-06 | grad_norm = 356.599442
  Batch 1879: loss = 3.919803 | LR = 5.211717e-06 | grad_norm = 373.586539
  Batch 1880: loss = 4.190168 | LR = 5.206684e-06 | grad_norm = 75.334692
  Batch 1881: loss = 3.466382 | LR = 5.201652e-06 | grad_norm = 377.028042
  Batch 1882: loss = 0.636292 | LR = 5.196623e-06 | grad_norm = 134.715028
  Batch 1883: loss = 2.380667 | LR = 5.191596e-06 | grad_norm = 281.214237
  Batch 1884: loss = 0.024656 | LR = 5.186571e-06 | grad_norm = 13.221856
  Batch 1885: loss = 0.679015 | LR = 5.181548e-06 | grad_norm = 138.949717
  Batch 1886: loss = 5.097629 | LR = 5.176526e-06 | grad_norm = 145.911023
  Batch 1887: loss = 0.000100 | LR = 5.171507e-06 | grad_norm = 0.039929
  Batch 1888: loss = 0.000000 | LR = 5.166490e-06 | grad_norm = 0.000017
  Batch 1889: loss = 0.000085 | LR = 5.161474e-06 | grad_norm = 0.052908
  Batch 1890: loss = 2.279260 | LR = 5.156461e-06 | grad_norm = 254.423085
  Batch 1891: loss = 8.398823 | LR = 5.151449e-06 | grad_norm = 375.822296
  Batch 1892: loss = 0.000026 | LR = 5.146439e-06 | grad_norm = 0.013897
  Batch 1893: loss = 0.035007 | LR = 5.141432e-06 | grad_norm = 11.376464
  Batch 1894: loss = 0.534555 | LR = 5.136426e-06 | grad_norm = 210.628060
  Batch 1895: loss = 3.489141 | LR = 5.131422e-06 | grad_norm = 434.170284
  Batch 1896: loss = 0.034706 | LR = 5.126421e-06 | grad_norm = 10.489500
  Batch 1897: loss = 0.099451 | LR = 5.121421e-06 | grad_norm = 40.989982
  Batch 1898: loss = 0.073013 | LR = 5.116423e-06 | grad_norm = 33.361864
  Batch 1899: loss = 1.462920 | LR = 5.111427e-06 | grad_norm = 197.744702
  Batch 1900: loss = 2.499911 | LR = 5.106433e-06 | grad_norm = 274.658385
  Batch 1901: loss = 3.758524 | LR = 5.101441e-06 | grad_norm = 223.345216
  Batch 1902: loss = 10.098499 | LR = 5.096451e-06 | grad_norm = 528.733797
  Batch 1903: loss = 0.688615 | LR = 5.091463e-06 | grad_norm = 181.069245
  Batch 1904: loss = 0.347644 | LR = 5.086477e-06 | grad_norm = 128.123890
  Batch 1905: loss = 1.272810 | LR = 5.081493e-06 | grad_norm = 275.931714
  Batch 1906: loss = 0.001018 | LR = 5.076511e-06 | grad_norm = 0.470663
  Batch 1907: loss = 3.563581 | LR = 5.071531e-06 | grad_norm = 347.213596
  Batch 1908: loss = 0.158626 | LR = 5.066552e-06 | grad_norm = 63.171468
  Batch 1909: loss = 0.172030 | LR = 5.061576e-06 | grad_norm = 50.918272
  Batch 1910: loss = 3.581886 | LR = 5.056602e-06 | grad_norm = 160.256787
  Batch 1911: loss = 4.252038 | LR = 5.051630e-06 | grad_norm = 276.532002
  Batch 1912: loss = 0.207175 | LR = 5.046659e-06 | grad_norm = 51.252577
  Batch 1913: loss = 2.819245 | LR = 5.041691e-06 | grad_norm = 368.673238
  Batch 1914: loss = 3.517652 | LR = 5.036725e-06 | grad_norm = 633.152104
  Batch 1915: loss = 7.503638 | LR = 5.031760e-06 | grad_norm = 311.871172
  Batch 1916: loss = 0.744737 | LR = 5.026798e-06 | grad_norm = 240.277287
  Batch 1917: loss = 8.866493 | LR = 5.021838e-06 | grad_norm = 546.004066
  Batch 1918: loss = 4.685422 | LR = 5.016879e-06 | grad_norm = 194.310707
  Batch 1919: loss = 8.035935 | LR = 5.011923e-06 | grad_norm = 559.275299
  Batch 1920: loss = 0.025746 | LR = 5.006968e-06 | grad_norm = 11.024700
  Batch 1921: loss = 1.764921 | LR = 5.002016e-06 | grad_norm = 377.760857
  Batch 1922: loss = 4.114488 | LR = 4.997065e-06 | grad_norm = 200.532035
  Batch 1923: loss = 2.323313 | LR = 4.992117e-06 | grad_norm = 209.365876
  Batch 1924: loss = 1.250357 | LR = 4.987170e-06 | grad_norm = 148.601273
  Batch 1925: loss = 0.000303 | LR = 4.982226e-06 | grad_norm = 0.172641
  Batch 1926: loss = 0.508393 | LR = 4.977283e-06 | grad_norm = 111.197894
  Batch 1927: loss = 1.522617 | LR = 4.972343e-06 | grad_norm = 215.037884
  Batch 1928: loss = 0.045321 | LR = 4.967404e-06 | grad_norm = 16.223570
  Batch 1929: loss = 1.079948 | LR = 4.962467e-06 | grad_norm = 178.608948
  Batch 1930: loss = 6.397331 | LR = 4.957533e-06 | grad_norm = 439.114716
  Batch 1931: loss = 0.416504 | LR = 4.952600e-06 | grad_norm = 141.601857
  Batch 1932: loss = 0.949532 | LR = 4.947670e-06 | grad_norm = 139.182209
  Batch 1933: loss = 0.081565 | LR = 4.942741e-06 | grad_norm = 28.589175
  Batch 1934: loss = 0.000003 | LR = 4.937814e-06 | grad_norm = 0.001854
  Batch 1935: loss = 0.000000 | LR = 4.932890e-06 | grad_norm = 0.000169
  Batch 1936: loss = 0.000033 | LR = 4.927967e-06 | grad_norm = 0.015130
  Batch 1937: loss = 0.061221 | LR = 4.923046e-06 | grad_norm = 35.383822
  Batch 1938: loss = 0.075208 | LR = 4.918128e-06 | grad_norm = 38.869056
  Batch 1939: loss = 0.575589 | LR = 4.913211e-06 | grad_norm = 148.260802
  Batch 1940: loss = 0.061290 | LR = 4.908297e-06 | grad_norm = 22.589996
  Batch 1941: loss = 0.022142 | LR = 4.903384e-06 | grad_norm = 6.744258
  Batch 1942: loss = 0.000000 | LR = 4.898473e-06 | grad_norm = 0.000018
  Batch 1943: loss = 4.623965 | LR = 4.893565e-06 | grad_norm = 330.843576
  Batch 1944: loss = 0.502054 | LR = 4.888658e-06 | grad_norm = 98.554957
  Batch 1945: loss = 7.400256 | LR = 4.883753e-06 | grad_norm = 439.061083
  Batch 1946: loss = 0.531826 | LR = 4.878851e-06 | grad_norm = 103.271414
  Batch 1947: loss = 0.000002 | LR = 4.873950e-06 | grad_norm = 0.001219
  Batch 1948: loss = 3.000481 | LR = 4.869052e-06 | grad_norm = 394.560593
  Batch 1949: loss = 8.881991 | LR = 4.864155e-06 | grad_norm = 274.855819
  Batch 1950: loss = 4.130573 | LR = 4.859260e-06 | grad_norm = 404.727256
  Batch 1951: loss = 6.145401 | LR = 4.854368e-06 | grad_norm = 133.981188
  Batch 1952: loss = 0.000216 | LR = 4.849477e-06 | grad_norm = 0.093141
  Batch 1953: loss = 8.238446 | LR = 4.844589e-06 | grad_norm = 359.627179
  Batch 1954: loss = 8.971604 | LR = 4.839702e-06 | grad_norm = 442.484682
  Batch 1955: loss = 0.636734 | LR = 4.834818e-06 | grad_norm = 128.526002
  Batch 1956: loss = 0.029597 | LR = 4.829935e-06 | grad_norm = 19.382407
  Batch 1957: loss = 3.942101 | LR = 4.825055e-06 | grad_norm = 464.332198
  Batch 1958: loss = 2.174578 | LR = 4.820176e-06 | grad_norm = 254.033113
  Batch 1959: loss = 4.562891 | LR = 4.815300e-06 | grad_norm = 308.284800
  Batch 1960: loss = 0.021095 | LR = 4.810425e-06 | grad_norm = 13.456042
  Batch 1961: loss = 2.190242 | LR = 4.805553e-06 | grad_norm = 423.289955
  Batch 1962: loss = 8.693452 | LR = 4.800683e-06 | grad_norm = 295.460900
  Batch 1963: loss = 8.058456 | LR = 4.795814e-06 | grad_norm = 324.119555
  Batch 1964: loss = 5.302255 | LR = 4.790948e-06 | grad_norm = 145.248581
  Batch 1965: loss = 1.477812 | LR = 4.786083e-06 | grad_norm = 258.606256
  Batch 1966: loss = 4.650342 | LR = 4.781221e-06 | grad_norm = 290.872854
  Batch 1967: loss = 0.000385 | LR = 4.776361e-06 | grad_norm = 0.213013
  Batch 1968: loss = 3.025319 | LR = 4.771503e-06 | grad_norm = 507.046186
  Batch 1969: loss = 0.001094 | LR = 4.766646e-06 | grad_norm = 0.495772
  Batch 1970: loss = 0.000000 | LR = 4.761792e-06 | grad_norm = 0.000004
  Batch 1971: loss = 0.017510 | LR = 4.756940e-06 | grad_norm = 7.313210
  Batch 1972: loss = 8.645094 | LR = 4.752090e-06 | grad_norm = 267.350447
  Batch 1973: loss = 3.970976 | LR = 4.747242e-06 | grad_norm = 267.630606
  Batch 1974: loss = 2.052861 | LR = 4.742396e-06 | grad_norm = 237.641071
  Batch 1975: loss = 0.858448 | LR = 4.737552e-06 | grad_norm = 255.965763
  Batch 1976: loss = 0.004518 | LR = 4.732710e-06 | grad_norm = 2.075364
  Batch 1977: loss = 0.156525 | LR = 4.727870e-06 | grad_norm = 55.284040
  Batch 1978: loss = 0.848537 | LR = 4.723032e-06 | grad_norm = 109.300418
  Batch 1979: loss = 6.133385 | LR = 4.718196e-06 | grad_norm = 286.560911
  Batch 1980: loss = 0.000000 | LR = 4.713362e-06 | grad_norm = 0.000000
  Batch 1981: loss = 4.224538 | LR = 4.708530e-06 | grad_norm = 257.838249
  Batch 1982: loss = 0.004235 | LR = 4.703700e-06 | grad_norm = 2.686301
  Batch 1983: loss = 2.560179 | LR = 4.698873e-06 | grad_norm = 440.573989
  Batch 1984: loss = 0.000000 | LR = 4.694047e-06 | grad_norm = 0.000000
  Batch 1985: loss = 1.001465 | LR = 4.689223e-06 | grad_norm = 287.788582
  Batch 1986: loss = 2.501365 | LR = 4.684402e-06 | grad_norm = 299.081591
  Batch 1987: loss = 6.629190 | LR = 4.679582e-06 | grad_norm = 416.735248
  Batch 1988: loss = 5.871408 | LR = 4.674764e-06 | grad_norm = 393.465492
  Batch 1989: loss = 5.237390 | LR = 4.669949e-06 | grad_norm = 305.816233
  Batch 1990: loss = 4.980622 | LR = 4.665135e-06 | grad_norm = 407.366878
  Batch 1991: loss = 4.292253 | LR = 4.660324e-06 | grad_norm = 229.362790
  Batch 1992: loss = 4.346049 | LR = 4.655515e-06 | grad_norm = 141.501425
  Batch 1993: loss = 0.000378 | LR = 4.650707e-06 | grad_norm = 0.165214
  Batch 1994: loss = 0.738797 | LR = 4.645902e-06 | grad_norm = 158.330910
  Batch 1995: loss = 0.026519 | LR = 4.641099e-06 | grad_norm = 11.361518
  Batch 1996: loss = 0.267607 | LR = 4.636298e-06 | grad_norm = 75.473556
  Batch 1997: loss = 1.050369 | LR = 4.631499e-06 | grad_norm = 227.065633
  Batch 1998: loss = 4.653622 | LR = 4.626701e-06 | grad_norm = 250.222384
  Batch 1999: loss = 2.111482 | LR = 4.621906e-06 | grad_norm = 224.333415
  Batch 2000: loss = 0.280780 | LR = 4.617114e-06 | grad_norm = 68.765726
  Batch 2001: loss = 1.402204 | LR = 4.612323e-06 | grad_norm = 326.946004
  Batch 2002: loss = 3.122025 | LR = 4.607534e-06 | grad_norm = 372.839124
  Batch 2003: loss = 0.933204 | LR = 4.602747e-06 | grad_norm = 184.956507
  Batch 2004: loss = 10.025894 | LR = 4.597962e-06 | grad_norm = 287.913629
  Batch 2005: loss = 0.002268 | LR = 4.593180e-06 | grad_norm = 0.947359
  Batch 2006: loss = 0.247036 | LR = 4.588399e-06 | grad_norm = 70.177405
  Batch 2007: loss = 0.001717 | LR = 4.583620e-06 | grad_norm = 0.962606
  Batch 2008: loss = 0.000004 | LR = 4.578844e-06 | grad_norm = 0.002370
  Batch 2009: loss = 1.393150 | LR = 4.574070e-06 | grad_norm = 134.927625
  Batch 2010: loss = 4.230104 | LR = 4.569297e-06 | grad_norm = 217.037404
  Batch 2011: loss = 2.053752 | LR = 4.564527e-06 | grad_norm = 203.600978
  Batch 2012: loss = 7.634663 | LR = 4.559759e-06 | grad_norm = 378.512675
  Batch 2013: loss = 0.084676 | LR = 4.554993e-06 | grad_norm = 41.807160
  Batch 2014: loss = 2.059098 | LR = 4.550228e-06 | grad_norm = 197.793982
  Batch 2015: loss = 2.531900 | LR = 4.545466e-06 | grad_norm = 269.241033
  Batch 2016: loss = 3.962917 | LR = 4.540706e-06 | grad_norm = 183.921092
  Batch 2017: loss = 0.583658 | LR = 4.535949e-06 | grad_norm = 123.102523
  Batch 2018: loss = 5.419403 | LR = 4.531193e-06 | grad_norm = 254.790426
  Batch 2019: loss = 2.419279 | LR = 4.526439e-06 | grad_norm = 386.958604
  Batch 2020: loss = 0.143513 | LR = 4.521687e-06 | grad_norm = 47.574370
  Batch 2021: loss = 0.009271 | LR = 4.516938e-06 | grad_norm = 5.824548
  Batch 2022: loss = 4.882681 | LR = 4.512190e-06 | grad_norm = 210.048131
  Batch 2023: loss = 0.046092 | LR = 4.507445e-06 | grad_norm = 18.670519
  Batch 2024: loss = 3.702308 | LR = 4.502701e-06 | grad_norm = 231.249730
  Batch 2025: loss = 0.030074 | LR = 4.497960e-06 | grad_norm = 13.103334
  Batch 2026: loss = 4.890761 | LR = 4.493221e-06 | grad_norm = 300.473970
  Batch 2027: loss = 0.031474 | LR = 4.488484e-06 | grad_norm = 10.929723
  Batch 2028: loss = 2.033674 | LR = 4.483749e-06 | grad_norm = 223.032840
  Batch 2029: loss = 3.589501 | LR = 4.479016e-06 | grad_norm = 249.600394
  Batch 2030: loss = 5.118660 | LR = 4.474285e-06 | grad_norm = 359.401556
  Batch 2031: loss = 9.236942 | LR = 4.469556e-06 | grad_norm = 286.095640
  Batch 2032: loss = 0.001246 | LR = 4.464829e-06 | grad_norm = 0.607195
  Batch 2033: loss = 1.758116 | LR = 4.460105e-06 | grad_norm = 256.315726
  Batch 2034: loss = 0.424868 | LR = 4.455382e-06 | grad_norm = 97.145040
  Batch 2035: loss = 0.013690 | LR = 4.450662e-06 | grad_norm = 5.573710
  Batch 2036: loss = 0.000000 | LR = 4.445943e-06 | grad_norm = 0.000296
  Batch 2037: loss = 0.712131 | LR = 4.441227e-06 | grad_norm = 211.290029
  Batch 2038: loss = 0.030726 | LR = 4.436513e-06 | grad_norm = 12.118527
  Batch 2039: loss = 2.060078 | LR = 4.431801e-06 | grad_norm = 406.944482
  Batch 2040: loss = 4.619210 | LR = 4.427091e-06 | grad_norm = 344.031569
  Batch 2041: loss = 0.342381 | LR = 4.422383e-06 | grad_norm = 138.903482
  Batch 2042: loss = 3.854879 | LR = 4.417677e-06 | grad_norm = 509.003276
  Batch 2043: loss = 5.285955 | LR = 4.412973e-06 | grad_norm = 379.204824
  Batch 2044: loss = 3.418403 | LR = 4.408271e-06 | grad_norm = 326.710081
  Batch 2045: loss = 0.352479 | LR = 4.403572e-06 | grad_norm = 102.732805
  Batch 2046: loss = 0.000000 | LR = 4.398874e-06 | grad_norm = 0.000000
  Batch 2047: loss = 0.111201 | LR = 4.394179e-06 | grad_norm = 46.213222
  Batch 2048: loss = 1.615144 | LR = 4.389486e-06 | grad_norm = 214.764792
  Batch 2049: loss = 0.120318 | LR = 4.384794e-06 | grad_norm = 24.563897
  Batch 2050: loss = 0.188768 | LR = 4.380105e-06 | grad_norm = 49.698378
  Batch 2051: loss = 3.789222 | LR = 4.375418e-06 | grad_norm = 364.072243
  Batch 2052: loss = 0.000000 | LR = 4.370734e-06 | grad_norm = 0.000106
  Batch 2053: loss = 5.842757 | LR = 4.366051e-06 | grad_norm = 260.407773
  Batch 2054: loss = 1.693511 | LR = 4.361370e-06 | grad_norm = 192.444387
  Batch 2055: loss = 0.004628 | LR = 4.356691e-06 | grad_norm = 2.708527
  Batch 2056: loss = 7.462598 | LR = 4.352015e-06 | grad_norm = 227.998821
  Batch 2057: loss = 0.377949 | LR = 4.347341e-06 | grad_norm = 95.373898
  Batch 2058: loss = 1.763749 | LR = 4.342668e-06 | grad_norm = 286.676920
  Batch 2059: loss = 2.731594 | LR = 4.337998e-06 | grad_norm = 264.164486
  Batch 2060: loss = 5.494249 | LR = 4.333330e-06 | grad_norm = 423.644568
  Batch 2061: loss = 0.649836 | LR = 4.328664e-06 | grad_norm = 192.910302
  Batch 2062: loss = 4.516106 | LR = 4.324000e-06 | grad_norm = 162.444117
  Batch 2063: loss = 0.106452 | LR = 4.319339e-06 | grad_norm = 42.944753
  Batch 2064: loss = 1.158365 | LR = 4.314679e-06 | grad_norm = 333.817901
  Batch 2065: loss = 0.943204 | LR = 4.310022e-06 | grad_norm = 165.734871
  Batch 2066: loss = 5.032421 | LR = 4.305366e-06 | grad_norm = 352.387154
  Batch 2067: loss = 2.986861 | LR = 4.300713e-06 | grad_norm = 294.952561
  Batch 2068: loss = 2.201427 | LR = 4.296062e-06 | grad_norm = 183.519894
  Batch 2069: loss = 0.063151 | LR = 4.291413e-06 | grad_norm = 19.165040
  Batch 2070: loss = 3.761986 | LR = 4.286766e-06 | grad_norm = 251.235150
  Batch 2071: loss = 0.000000 | LR = 4.282121e-06 | grad_norm = 0.000062
  Batch 2072: loss = 0.001626 | LR = 4.277478e-06 | grad_norm = 1.172008
  Batch 2073: loss = 1.642634 | LR = 4.272838e-06 | grad_norm = 607.561685
  Batch 2074: loss = 1.128694 | LR = 4.268199e-06 | grad_norm = 194.682068
  Batch 2075: loss = 10.255524 | LR = 4.263563e-06 | grad_norm = 358.117833
  Batch 2076: loss = 0.000007 | LR = 4.258929e-06 | grad_norm = 0.003761
  Batch 2077: loss = 0.040467 | LR = 4.254297e-06 | grad_norm = 13.443711
  Batch 2078: loss = 0.006184 | LR = 4.249667e-06 | grad_norm = 2.941505
  Batch 2079: loss = 0.000254 | LR = 4.245039e-06 | grad_norm = 0.129161
  Batch 2080: loss = 0.198141 | LR = 4.240413e-06 | grad_norm = 62.849254
  Batch 2081: loss = 0.000922 | LR = 4.235790e-06 | grad_norm = 0.293226
  Batch 2082: loss = 0.705915 | LR = 4.231168e-06 | grad_norm = 171.985930
  Batch 2083: loss = 0.001569 | LR = 4.226549e-06 | grad_norm = 0.621039
  Batch 2084: loss = 0.208184 | LR = 4.221932e-06 | grad_norm = 71.656173
  Batch 2085: loss = 3.726178 | LR = 4.217317e-06 | grad_norm = 234.458217
  Batch 2086: loss = 2.881215 | LR = 4.212704e-06 | grad_norm = 223.724169
  Batch 2087: loss = 4.677512 | LR = 4.208093e-06 | grad_norm = 393.633762
  Batch 2088: loss = 0.000000 | LR = 4.203484e-06 | grad_norm = 0.000000
  Batch 2089: loss = 4.671953 | LR = 4.198878e-06 | grad_norm = 317.952727
  Batch 2090: loss = 5.306354 | LR = 4.194273e-06 | grad_norm = 184.948839
  Batch 2091: loss = 0.023064 | LR = 4.189671e-06 | grad_norm = 8.122477
  Batch 2092: loss = 1.725076 | LR = 4.185071e-06 | grad_norm = 448.438626
  Batch 2093: loss = 0.273636 | LR = 4.180473e-06 | grad_norm = 133.607146
  Batch 2094: loss = 0.053658 | LR = 4.175877e-06 | grad_norm = 19.054164
  Batch 2095: loss = 0.119065 | LR = 4.171283e-06 | grad_norm = 42.971950
  Batch 2096: loss = 0.033197 | LR = 4.166692e-06 | grad_norm = 12.065096
  Batch 2097: loss = 7.281534 | LR = 4.162102e-06 | grad_norm = 265.634274
  Batch 2098: loss = 0.000007 | LR = 4.157515e-06 | grad_norm = 0.004167
  Batch 2099: loss = 0.519959 | LR = 4.152930e-06 | grad_norm = 132.356770
  Batch 2100: loss = 2.220178 | LR = 4.148347e-06 | grad_norm = 331.183302
  Batch 2101: loss = 2.848466 | LR = 4.143766e-06 | grad_norm = 469.724622
  Batch 2102: loss = 0.128925 | LR = 4.139187e-06 | grad_norm = 55.398946
  Batch 2103: loss = 0.557437 | LR = 4.134610e-06 | grad_norm = 141.735765
  Batch 2104: loss = 2.383495 | LR = 4.130036e-06 | grad_norm = 150.900941
  Batch 2105: loss = 3.955726 | LR = 4.125464e-06 | grad_norm = 259.003710
  Batch 2106: loss = 5.761772 | LR = 4.120894e-06 | grad_norm = 169.264217
  Batch 2107: loss = 7.330864 | LR = 4.116326e-06 | grad_norm = 415.977227
  Batch 2108: loss = 4.845301 | LR = 4.111760e-06 | grad_norm = 429.818075
  Batch 2109: loss = 0.120312 | LR = 4.107196e-06 | grad_norm = 37.704881
  Batch 2110: loss = 3.427473 | LR = 4.102634e-06 | grad_norm = 238.935155
  Batch 2111: loss = 0.000015 | LR = 4.098075e-06 | grad_norm = 0.008071
  Batch 2112: loss = 2.989658 | LR = 4.093518e-06 | grad_norm = 226.196439
  Batch 2113: loss = 3.151806 | LR = 4.088963e-06 | grad_norm = 283.696204
  Batch 2114: loss = 4.592972 | LR = 4.084410e-06 | grad_norm = 271.980089
  Batch 2115: loss = 0.000382 | LR = 4.079859e-06 | grad_norm = 0.215131
  Batch 2116: loss = 0.000001 | LR = 4.075310e-06 | grad_norm = 0.000573
  Batch 2117: loss = 5.449422 | LR = 4.070764e-06 | grad_norm = 268.126776
  Batch 2118: loss = 0.141030 | LR = 4.066219e-06 | grad_norm = 50.782758
  Batch 2119: loss = 0.241111 | LR = 4.061677e-06 | grad_norm = 74.688296
  Batch 2120: loss = 0.938190 | LR = 4.057137e-06 | grad_norm = 247.287694
  Batch 2121: loss = 0.000013 | LR = 4.052599e-06 | grad_norm = 0.007270
  Batch 2122: loss = 5.330228 | LR = 4.048064e-06 | grad_norm = 259.197053
  Batch 2123: loss = 6.779263 | LR = 4.043530e-06 | grad_norm = 487.652680
  Batch 2124: loss = 2.996091 | LR = 4.038999e-06 | grad_norm = 301.690963
  Batch 2125: loss = 0.004630 | LR = 4.034470e-06 | grad_norm = 2.354688
  Batch 2126: loss = 0.000000 | LR = 4.029943e-06 | grad_norm = 0.000001
  Batch 2127: loss = 0.000000 | LR = 4.025418e-06 | grad_norm = 0.000000
  Batch 2128: loss = 0.387270 | LR = 4.020895e-06 | grad_norm = 139.282684
  Batch 2129: loss = 0.746103 | LR = 4.016375e-06 | grad_norm = 177.693914
  Batch 2130: loss = 0.662599 | LR = 4.011856e-06 | grad_norm = 103.538737
  Batch 2131: loss = 0.118243 | LR = 4.007340e-06 | grad_norm = 35.640418
  Batch 2132: loss = 0.019959 | LR = 4.002826e-06 | grad_norm = 10.860991
  Batch 2133: loss = 0.000000 | LR = 3.998314e-06 | grad_norm = 0.000000
  Batch 2134: loss = 3.108920 | LR = 3.993804e-06 | grad_norm = 550.760498
  Batch 2135: loss = 6.170700 | LR = 3.989297e-06 | grad_norm = 191.699571
  Batch 2136: loss = 1.948834 | LR = 3.984792e-06 | grad_norm = 257.325718
  Batch 2137: loss = 0.011814 | LR = 3.980288e-06 | grad_norm = 6.009874
  Batch 2138: loss = 0.644745 | LR = 3.975787e-06 | grad_norm = 185.899458
  Batch 2139: loss = 0.655909 | LR = 3.971289e-06 | grad_norm = 195.069932
  Batch 2140: loss = 5.896187 | LR = 3.966792e-06 | grad_norm = 258.613886
  Batch 2141: loss = 5.912318 | LR = 3.962298e-06 | grad_norm = 300.956625
  Batch 2142: loss = 2.217446 | LR = 3.957805e-06 | grad_norm = 247.939095
  Batch 2143: loss = 1.551123 | LR = 3.953315e-06 | grad_norm = 240.528764
  Batch 2144: loss = 1.075406 | LR = 3.948827e-06 | grad_norm = 280.690009
  Batch 2145: loss = 0.000045 | LR = 3.944341e-06 | grad_norm = 0.017808
  Batch 2146: loss = 2.254052 | LR = 3.939858e-06 | grad_norm = 322.444584
  Batch 2147: loss = 0.210568 | LR = 3.935377e-06 | grad_norm = 64.522746
  Batch 2148: loss = 0.001219 | LR = 3.930897e-06 | grad_norm = 0.863115
  Batch 2149: loss = 0.063528 | LR = 3.926420e-06 | grad_norm = 20.352608
  Batch 2150: loss = 0.005324 | LR = 3.921945e-06 | grad_norm = 2.578027
  Batch 2151: loss = 4.230903 | LR = 3.917473e-06 | grad_norm = 190.990733
  Batch 2152: loss = 0.906440 | LR = 3.913002e-06 | grad_norm = 200.432810
  Batch 2153: loss = 0.007714 | LR = 3.908534e-06 | grad_norm = 3.560962
  Batch 2154: loss = 2.332948 | LR = 3.904068e-06 | grad_norm = 334.594422
  Batch 2155: loss = 0.926814 | LR = 3.899604e-06 | grad_norm = 298.617196
  Batch 2156: loss = 0.000980 | LR = 3.895142e-06 | grad_norm = 0.379686
  Batch 2157: loss = 0.000000 | LR = 3.890683e-06 | grad_norm = 0.000001
  Batch 2158: loss = 0.000545 | LR = 3.886226e-06 | grad_norm = 0.317239
  Batch 2159: loss = 0.000000 | LR = 3.881770e-06 | grad_norm = 0.000000
  Batch 2160: loss = 0.011505 | LR = 3.877318e-06 | grad_norm = 8.547914
  Batch 2161: loss = 0.000118 | LR = 3.872867e-06 | grad_norm = 0.054250
  Batch 2162: loss = 0.000338 | LR = 3.868418e-06 | grad_norm = 0.146055
  Batch 2163: loss = 0.003245 | LR = 3.863972e-06 | grad_norm = 1.812450
  Batch 2164: loss = 2.820334 | LR = 3.859528e-06 | grad_norm = 275.188084
  Batch 2165: loss = 3.902830 | LR = 3.855086e-06 | grad_norm = 271.373882
  Batch 2166: loss = 4.636375 | LR = 3.850646e-06 | grad_norm = 435.280749
  Batch 2167: loss = 0.516214 | LR = 3.846208e-06 | grad_norm = 148.330179
  Batch 2168: loss = 1.996239 | LR = 3.841773e-06 | grad_norm = 241.307868
  Batch 2169: loss = 11.297799 | LR = 3.837340e-06 | grad_norm = 682.444003
  Batch 2170: loss = 5.100166 | LR = 3.832909e-06 | grad_norm = 258.082428
  Batch 2171: loss = 2.415358 | LR = 3.828480e-06 | grad_norm = 335.224555
  Batch 2172: loss = 0.825936 | LR = 3.824054e-06 | grad_norm = 197.397245
  Batch 2173: loss = 0.036600 | LR = 3.819629e-06 | grad_norm = 13.534006
  Batch 2174: loss = 0.024967 | LR = 3.815207e-06 | grad_norm = 6.523691
  Batch 2175: loss = 0.061824 | LR = 3.810787e-06 | grad_norm = 16.556768
  Batch 2176: loss = 7.258192 | LR = 3.806369e-06 | grad_norm = 322.831008
  Batch 2177: loss = 3.513309 | LR = 3.801954e-06 | grad_norm = 445.404242
  Batch 2178: loss = 1.719001 | LR = 3.797541e-06 | grad_norm = 278.463903
  Batch 2179: loss = 0.332050 | LR = 3.793129e-06 | grad_norm = 105.471881
  Batch 2180: loss = 0.134143 | LR = 3.788721e-06 | grad_norm = 40.115640
  Batch 2181: loss = 4.646323 | LR = 3.784314e-06 | grad_norm = 392.095444
  Batch 2182: loss = 0.515577 | LR = 3.779909e-06 | grad_norm = 153.364547
  Batch 2183: loss = 2.215061 | LR = 3.775507e-06 | grad_norm = 312.585443
  Batch 2184: loss = 0.000000 | LR = 3.771107e-06 | grad_norm = 0.000298
  Batch 2185: loss = 4.882872 | LR = 3.766709e-06 | grad_norm = 295.538713
  Batch 2186: loss = 0.002115 | LR = 3.762314e-06 | grad_norm = 1.479996
  Batch 2187: loss = 2.761145 | LR = 3.757920e-06 | grad_norm = 259.741632
  Batch 2188: loss = 3.438078 | LR = 3.753529e-06 | grad_norm = 392.263566
  Batch 2189: loss = 0.280406 | LR = 3.749140e-06 | grad_norm = 70.986248
  Batch 2190: loss = 0.436628 | LR = 3.744753e-06 | grad_norm = 185.379280
  Batch 2191: loss = 6.392156 | LR = 3.740369e-06 | grad_norm = 336.358553
  Batch 2192: loss = 2.967997 | LR = 3.735986e-06 | grad_norm = 186.634905
  Batch 2193: loss = 6.586515 | LR = 3.731606e-06 | grad_norm = 102.942014
  Batch 2194: loss = 6.109757 | LR = 3.727228e-06 | grad_norm = 237.067367
  Batch 2195: loss = 4.100184 | LR = 3.722853e-06 | grad_norm = 261.065943
  Batch 2196: loss = 0.001123 | LR = 3.718479e-06 | grad_norm = 0.630926
  Batch 2197: loss = 3.187101 | LR = 3.714108e-06 | grad_norm = 158.533483
  Batch 2198: loss = 5.392458 | LR = 3.709739e-06 | grad_norm = 370.043547
  Batch 2199: loss = 5.360727 | LR = 3.705372e-06 | grad_norm = 383.823630
  Batch 2200: loss = 0.000083 | LR = 3.701008e-06 | grad_norm = 0.052459
  Batch 2201: loss = 0.000517 | LR = 3.696645e-06 | grad_norm = 0.252550
  Batch 2202: loss = 0.035694 | LR = 3.692285e-06 | grad_norm = 11.276529
  Batch 2203: loss = 4.027606 | LR = 3.687927e-06 | grad_norm = 321.619780
  Batch 2204: loss = 5.566992 | LR = 3.683572e-06 | grad_norm = 373.965697
  Batch 2205: loss = 4.038928 | LR = 3.679218e-06 | grad_norm = 363.618734
  Batch 2206: loss = 5.299034 | LR = 3.674867e-06 | grad_norm = 296.233245
  Batch 2207: loss = 0.786904 | LR = 3.670518e-06 | grad_norm = 327.854945
  Batch 2208: loss = 0.001936 | LR = 3.666171e-06 | grad_norm = 1.082486
  Batch 2209: loss = 6.363245 | LR = 3.661827e-06 | grad_norm = 165.550014
  Batch 2210: loss = 0.006317 | LR = 3.657485e-06 | grad_norm = 2.059468
  Batch 2211: loss = 6.948468 | LR = 3.653145e-06 | grad_norm = 500.507914
  Batch 2212: loss = 0.459829 | LR = 3.648807e-06 | grad_norm = 146.007763
  Batch 2213: loss = 0.000065 | LR = 3.644471e-06 | grad_norm = 0.031954
  Batch 2214: loss = 0.002357 | LR = 3.640138e-06 | grad_norm = 1.064817
  Batch 2215: loss = 13.284933 | LR = 3.635807e-06 | grad_norm = 384.207627
  Batch 2216: loss = 1.399676 | LR = 3.631478e-06 | grad_norm = 451.678564
  Batch 2217: loss = 0.004519 | LR = 3.627152e-06 | grad_norm = 2.104273
  Batch 2218: loss = 0.004760 | LR = 3.622827e-06 | grad_norm = 1.603764
  Batch 2219: loss = 0.979383 | LR = 3.618505e-06 | grad_norm = 217.956544
  Batch 2220: loss = 0.000000 | LR = 3.614185e-06 | grad_norm = 0.000000
  Batch 2221: loss = 3.559635 | LR = 3.609868e-06 | grad_norm = 295.462762
  Batch 2222: loss = 8.607080 | LR = 3.605552e-06 | grad_norm = 283.962450
  Batch 2223: loss = 3.328114 | LR = 3.601239e-06 | grad_norm = 212.994837
  Batch 2224: loss = 1.378034 | LR = 3.596928e-06 | grad_norm = 194.983505
  Batch 2225: loss = 2.655669 | LR = 3.592620e-06 | grad_norm = 290.225665
  Batch 2226: loss = 2.131446 | LR = 3.588313e-06 | grad_norm = 307.924807
  Batch 2227: loss = 7.778785 | LR = 3.584009e-06 | grad_norm = 404.582717
  Batch 2228: loss = 2.522933 | LR = 3.579707e-06 | grad_norm = 233.527193
  Batch 2229: loss = 0.000000 | LR = 3.575408e-06 | grad_norm = 0.000000
  Batch 2230: loss = 0.716331 | LR = 3.571110e-06 | grad_norm = 97.078455
  Batch 2231: loss = 5.656780 | LR = 3.566815e-06 | grad_norm = 155.686314
  Batch 2232: loss = 3.195884 | LR = 3.562522e-06 | grad_norm = 362.381449
  Batch 2233: loss = 5.488503 | LR = 3.558232e-06 | grad_norm = 199.146369
  Batch 2234: loss = 8.117617 | LR = 3.553943e-06 | grad_norm = 515.132331
  Batch 2235: loss = 1.061372 | LR = 3.549657e-06 | grad_norm = 174.714404
  Batch 2236: loss = 0.001061 | LR = 3.545373e-06 | grad_norm = 0.438459
  Batch 2237: loss = 3.771218 | LR = 3.541092e-06 | grad_norm = 316.062348
  Batch 2238: loss = 0.825581 | LR = 3.536812e-06 | grad_norm = 173.600430
  Batch 2239: loss = 5.694917 | LR = 3.532535e-06 | grad_norm = 343.487108
  Batch 2240: loss = 4.055097 | LR = 3.528260e-06 | grad_norm = 309.484887
  Batch 2241: loss = 0.001200 | LR = 3.523988e-06 | grad_norm = 0.623692
  Batch 2242: loss = 5.410567 | LR = 3.519717e-06 | grad_norm = 404.077090
  Batch 2243: loss = 1.981929 | LR = 3.515449e-06 | grad_norm = 241.652287
  Batch 2244: loss = 7.342425 | LR = 3.511183e-06 | grad_norm = 375.697932
  Batch 2245: loss = 4.507649 | LR = 3.506920e-06 | grad_norm = 312.801104
  Batch 2246: loss = 0.035805 | LR = 3.502659e-06 | grad_norm = 11.721175
  Batch 2247: loss = 0.039498 | LR = 3.498400e-06 | grad_norm = 16.098940
  Batch 2248: loss = 0.682600 | LR = 3.494143e-06 | grad_norm = 123.518967
  Batch 2249: loss = 0.000000 | LR = 3.489888e-06 | grad_norm = 0.000000
  Batch 2250: loss = 3.033712 | LR = 3.485636e-06 | grad_norm = 293.018203
  Batch 2251: loss = 0.520691 | LR = 3.481386e-06 | grad_norm = 119.642434
  Batch 2252: loss = 0.340297 | LR = 3.477138e-06 | grad_norm = 271.258763
  Batch 2253: loss = 0.717260 | LR = 3.472893e-06 | grad_norm = 157.875706
  Batch 2254: loss = 1.732853 | LR = 3.468650e-06 | grad_norm = 337.398445
  Batch 2255: loss = 2.297076 | LR = 3.464409e-06 | grad_norm = 219.739650
  Batch 2256: loss = 3.854302 | LR = 3.460170e-06 | grad_norm = 387.060312
  Batch 2257: loss = 1.791682 | LR = 3.455934e-06 | grad_norm = 255.155564
  Batch 2258: loss = 6.389337 | LR = 3.451700e-06 | grad_norm = 494.633617
  Batch 2259: loss = 1.544832 | LR = 3.447468e-06 | grad_norm = 363.046210
  Batch 2260: loss = 2.901021 | LR = 3.443239e-06 | grad_norm = 291.271417
  Batch 2261: loss = 0.043880 | LR = 3.439011e-06 | grad_norm = 19.768414
  Batch 2262: loss = 7.979417 | LR = 3.434786e-06 | grad_norm = 491.529436
  Batch 2263: loss = 8.493578 | LR = 3.430564e-06 | grad_norm = 304.665090
  Batch 2264: loss = 0.959935 | LR = 3.426343e-06 | grad_norm = 269.737270
  Batch 2265: loss = 0.316783 | LR = 3.422125e-06 | grad_norm = 73.096017
  Batch 2266: loss = 0.000795 | LR = 3.417909e-06 | grad_norm = 0.417497
  Batch 2267: loss = 0.355578 | LR = 3.413696e-06 | grad_norm = 103.144800
  Batch 2268: loss = 0.014062 | LR = 3.409485e-06 | grad_norm = 6.593472
  Batch 2269: loss = 0.191982 | LR = 3.405275e-06 | grad_norm = 70.128347
  Batch 2270: loss = 0.009769 | LR = 3.401069e-06 | grad_norm = 3.940443
  Batch 2271: loss = 0.000035 | LR = 3.396864e-06 | grad_norm = 0.016745
  Batch 2272: loss = 0.000009 | LR = 3.392662e-06 | grad_norm = 0.004709
  Batch 2273: loss = 0.000000 | LR = 3.388462e-06 | grad_norm = 0.000007
  Batch 2274: loss = 3.555053 | LR = 3.384265e-06 | grad_norm = 358.545744
  Batch 2275: loss = 0.000311 | LR = 3.380069e-06 | grad_norm = 0.210570
  Batch 2276: loss = 3.107114 | LR = 3.375876e-06 | grad_norm = 392.541734
  Batch 2277: loss = 0.023990 | LR = 3.371686e-06 | grad_norm = 8.673097
  Batch 2278: loss = 1.893802 | LR = 3.367497e-06 | grad_norm = 169.455300
  Batch 2279: loss = 5.361858 | LR = 3.363311e-06 | grad_norm = 222.818237
  Batch 2280: loss = 3.261694 | LR = 3.359127e-06 | grad_norm = 325.069303
  Batch 2281: loss = 1.533443 | LR = 3.354945e-06 | grad_norm = 393.170623
  Batch 2282: loss = 4.896128 | LR = 3.350766e-06 | grad_norm = 174.724492
  Batch 2283: loss = 1.933631 | LR = 3.346589e-06 | grad_norm = 337.832856
  Batch 2284: loss = 2.382374 | LR = 3.342414e-06 | grad_norm = 124.073602
  Batch 2285: loss = 0.000008 | LR = 3.338242e-06 | grad_norm = 0.005773
  Batch 2286: loss = 4.594537 | LR = 3.334072e-06 | grad_norm = 523.830579
  Batch 2287: loss = 3.388554 | LR = 3.329904e-06 | grad_norm = 184.660939
  Batch 2288: loss = 3.159267 | LR = 3.325739e-06 | grad_norm = 680.130242
  Batch 2289: loss = 3.633310 | LR = 3.321575e-06 | grad_norm = 420.533392
  Batch 2290: loss = 4.361459 | LR = 3.317414e-06 | grad_norm = 137.199969
  Batch 2291: loss = 0.031257 | LR = 3.313256e-06 | grad_norm = 16.492138
  Batch 2292: loss = 0.245570 | LR = 3.309099e-06 | grad_norm = 104.068360
  Batch 2293: loss = 10.324524 | LR = 3.304945e-06 | grad_norm = 603.407852
  Batch 2294: loss = 2.166696 | LR = 3.300794e-06 | grad_norm = 233.555393
  Batch 2295: loss = 0.298192 | LR = 3.296644e-06 | grad_norm = 134.633709
  Batch 2296: loss = 4.927958 | LR = 3.292497e-06 | grad_norm = 568.313746
  Batch 2297: loss = 0.979443 | LR = 3.288352e-06 | grad_norm = 188.075089
  Batch 2298: loss = 0.043665 | LR = 3.284210e-06 | grad_norm = 18.717811
  Batch 2299: loss = 6.292111 | LR = 3.280070e-06 | grad_norm = 214.537186
  Batch 2300: loss = 0.519842 | LR = 3.275932e-06 | grad_norm = 158.085138
  Batch 2301: loss = 4.818553 | LR = 3.271796e-06 | grad_norm = 213.464696
  Batch 2302: loss = 2.748851 | LR = 3.267663e-06 | grad_norm = 307.532436
  Batch 2303: loss = 5.638207 | LR = 3.263532e-06 | grad_norm = 276.017591
  Batch 2304: loss = 0.000027 | LR = 3.259403e-06 | grad_norm = 0.023515
  Batch 2305: loss = 2.689519 | LR = 3.255277e-06 | grad_norm = 346.687851
  Batch 2306: loss = 8.081583 | LR = 3.251153e-06 | grad_norm = 462.771492
  Batch 2307: loss = 0.000000 | LR = 3.247031e-06 | grad_norm = 0.000129
  Batch 2308: loss = 4.580806 | LR = 3.242911e-06 | grad_norm = 247.226064
  Batch 2309: loss = 4.303967 | LR = 3.238794e-06 | grad_norm = 232.354152
  Batch 2310: loss = 4.380207 | LR = 3.234679e-06 | grad_norm = 201.714580
  Batch 2311: loss = 0.027336 | LR = 3.230567e-06 | grad_norm = 14.480542
  Batch 2312: loss = 0.002735 | LR = 3.226457e-06 | grad_norm = 1.443738
  Batch 2313: loss = 0.038849 | LR = 3.222349e-06 | grad_norm = 14.795568
  Batch 2314: loss = 6.352039 | LR = 3.218243e-06 | grad_norm = 468.197002
  Batch 2315: loss = 0.025900 | LR = 3.214140e-06 | grad_norm = 9.854265
  Batch 2316: loss = 0.020386 | LR = 3.210039e-06 | grad_norm = 8.247128
  Batch 2317: loss = 3.533978 | LR = 3.205941e-06 | grad_norm = 155.427234
  Batch 2318: loss = 0.168249 | LR = 3.201844e-06 | grad_norm = 92.916947
  Batch 2319: loss = 0.610255 | LR = 3.197750e-06 | grad_norm = 229.473615
  Batch 2320: loss = 5.514276 | LR = 3.193659e-06 | grad_norm = 222.025526
  Batch 2321: loss = 2.099515 | LR = 3.189569e-06 | grad_norm = 334.833681
  Batch 2322: loss = 0.810560 | LR = 3.185482e-06 | grad_norm = 181.010948
  Batch 2323: loss = 10.240039 | LR = 3.181398e-06 | grad_norm = 426.062332
  Batch 2324: loss = 0.967235 | LR = 3.177315e-06 | grad_norm = 145.617668
  Batch 2325: loss = 7.764532 | LR = 3.173235e-06 | grad_norm = 321.604940
  Batch 2326: loss = 0.000026 | LR = 3.169157e-06 | grad_norm = 0.012199
  Batch 2327: loss = 0.000043 | LR = 3.165082e-06 | grad_norm = 0.029257
  Batch 2328: loss = 0.049929 | LR = 3.161009e-06 | grad_norm = 17.875114
  Batch 2329: loss = 0.603013 | LR = 3.156938e-06 | grad_norm = 122.507675
  Batch 2330: loss = 0.352497 | LR = 3.152870e-06 | grad_norm = 150.107863
  Batch 2331: loss = 0.000007 | LR = 3.148804e-06 | grad_norm = 0.003476
  Batch 2332: loss = 4.984095 | LR = 3.144740e-06 | grad_norm = 259.114610
  Batch 2333: loss = 0.006649 | LR = 3.140679e-06 | grad_norm = 4.122129
  Batch 2334: loss = 5.689743 | LR = 3.136620e-06 | grad_norm = 181.140094
  Batch 2335: loss = 0.006393 | LR = 3.132563e-06 | grad_norm = 3.070336
  Batch 2336: loss = 0.006076 | LR = 3.128508e-06 | grad_norm = 3.127901
  Batch 2337: loss = 1.377993 | LR = 3.124456e-06 | grad_norm = 243.048396
  Batch 2338: loss = 0.950841 | LR = 3.120407e-06 | grad_norm = 148.401147
  Batch 2339: loss = 2.154456 | LR = 3.116359e-06 | grad_norm = 284.212309
  Batch 2340: loss = 3.009784 | LR = 3.112314e-06 | grad_norm = 353.040849
  Batch 2341: loss = 3.714346 | LR = 3.108271e-06 | grad_norm = 394.414026
  Batch 2342: loss = 2.503083 | LR = 3.104231e-06 | grad_norm = 227.136047
  Batch 2343: loss = 1.965201 | LR = 3.100193e-06 | grad_norm = 574.425596
  Batch 2344: loss = 2.970511 | LR = 3.096157e-06 | grad_norm = 286.376389
  Batch 2345: loss = 0.000042 | LR = 3.092124e-06 | grad_norm = 0.019902
  Batch 2346: loss = 0.000000 | LR = 3.088093e-06 | grad_norm = 0.000002
  Batch 2347: loss = 3.377300 | LR = 3.084064e-06 | grad_norm = 276.245078
  Batch 2348: loss = 8.305659 | LR = 3.080038e-06 | grad_norm = 517.936261
  Batch 2349: loss = 9.803260 | LR = 3.076014e-06 | grad_norm = 397.817071
  Batch 2350: loss = 0.060870 | LR = 3.071992e-06 | grad_norm = 22.839293
  Batch 2351: loss = 0.000000 | LR = 3.067973e-06 | grad_norm = 0.000000
  Batch 2352: loss = 0.000000 | LR = 3.063956e-06 | grad_norm = 0.000000
  Batch 2353: loss = 2.631533 | LR = 3.059941e-06 | grad_norm = 253.995177
  Batch 2354: loss = 0.000000 | LR = 3.055929e-06 | grad_norm = 0.000137
  Batch 2355: loss = 0.491280 | LR = 3.051919e-06 | grad_norm = 115.448649
  Batch 2356: loss = 0.034173 | LR = 3.047911e-06 | grad_norm = 11.083635
  Batch 2357: loss = 5.174684 | LR = 3.043906e-06 | grad_norm = 194.244503
  Batch 2358: loss = 5.759026 | LR = 3.039903e-06 | grad_norm = 302.442500
  Batch 2359: loss = 0.010104 | LR = 3.035902e-06 | grad_norm = 3.168876
  Batch 2360: loss = 3.715199 | LR = 3.031904e-06 | grad_norm = 458.765882
  Batch 2361: loss = 0.051438 | LR = 3.027908e-06 | grad_norm = 20.044869
  Batch 2362: loss = 4.083117 | LR = 3.023915e-06 | grad_norm = 139.230911
  Batch 2363: loss = 0.017608 | LR = 3.019924e-06 | grad_norm = 7.618926
  Batch 2364: loss = 0.089734 | LR = 3.015935e-06 | grad_norm = 33.807609
  Batch 2365: loss = 3.423881 | LR = 3.011949e-06 | grad_norm = 373.263389
  Batch 2366: loss = 0.145806 | LR = 3.007964e-06 | grad_norm = 43.911975
  Batch 2367: loss = 4.032082 | LR = 3.003983e-06 | grad_norm = 273.758569
  Batch 2368: loss = 4.144226 | LR = 3.000003e-06 | grad_norm = 149.578744
  Batch 2369: loss = 1.772930 | LR = 2.996026e-06 | grad_norm = 239.200588
  Batch 2370: loss = 3.188260 | LR = 2.992052e-06 | grad_norm = 396.961348
  Batch 2371: loss = 5.308659 | LR = 2.988079e-06 | grad_norm = 575.248301
  Batch 2372: loss = 0.134064 | LR = 2.984109e-06 | grad_norm = 48.383694
  Batch 2373: loss = 4.943218 | LR = 2.980142e-06 | grad_norm = 223.314612
  Batch 2374: loss = 0.000000 | LR = 2.976177e-06 | grad_norm = 0.000000
  Batch 2375: loss = 5.612407 | LR = 2.972214e-06 | grad_norm = 267.975783
  Batch 2376: loss = 4.646154 | LR = 2.968253e-06 | grad_norm = 487.686646
  Batch 2377: loss = 0.050327 | LR = 2.964295e-06 | grad_norm = 19.866564
  Batch 2378: loss = 5.763023 | LR = 2.960339e-06 | grad_norm = 369.571891
  Batch 2379: loss = 0.000000 | LR = 2.956386e-06 | grad_norm = 0.000000
  Batch 2380: loss = 2.563122 | LR = 2.952435e-06 | grad_norm = 213.174813
  Batch 2381: loss = 4.275290 | LR = 2.948486e-06 | grad_norm = 209.290917
  Batch 2382: loss = 0.101877 | LR = 2.944540e-06 | grad_norm = 43.754657
  Batch 2383: loss = 6.032721 | LR = 2.940596e-06 | grad_norm = 503.329487
  Batch 2384: loss = 0.151090 | LR = 2.936655e-06 | grad_norm = 28.468176
  Batch 2385: loss = 0.028821 | LR = 2.932715e-06 | grad_norm = 8.439792
  Batch 2386: loss = 1.126007 | LR = 2.928779e-06 | grad_norm = 184.562923
  Batch 2387: loss = 4.613202 | LR = 2.924844e-06 | grad_norm = 492.514859
  Batch 2388: loss = 3.256366 | LR = 2.920912e-06 | grad_norm = 175.666716
  Batch 2389: loss = 0.000000 | LR = 2.916982e-06 | grad_norm = 0.000000
  Batch 2390: loss = 0.008204 | LR = 2.913055e-06 | grad_norm = 2.816208
  Batch 2391: loss = 4.533958 | LR = 2.909130e-06 | grad_norm = 286.792892
  Batch 2392: loss = 4.193148 | LR = 2.905207e-06 | grad_norm = 356.939418
  Batch 2393: loss = 4.895043 | LR = 2.901287e-06 | grad_norm = 334.424258
  Batch 2394: loss = 1.416708 | LR = 2.897369e-06 | grad_norm = 270.754926
  Batch 2395: loss = 0.128267 | LR = 2.893454e-06 | grad_norm = 60.546262
  Batch 2396: loss = 0.023099 | LR = 2.889541e-06 | grad_norm = 10.004310
  Batch 2397: loss = 0.042998 | LR = 2.885630e-06 | grad_norm = 13.455443
  Batch 2398: loss = 0.080466 | LR = 2.881722e-06 | grad_norm = 34.073568
  Batch 2399: loss = 0.000000 | LR = 2.877816e-06 | grad_norm = 0.000000
  Batch 2400: loss = 0.000113 | LR = 2.873912e-06 | grad_norm = 0.057472
  Batch 2401: loss = 8.069457 | LR = 2.870011e-06 | grad_norm = 545.131975
  Batch 2402: loss = 0.027609 | LR = 2.866112e-06 | grad_norm = 10.389534
  Batch 2403: loss = 0.000004 | LR = 2.862216e-06 | grad_norm = 0.002294
  Batch 2404: loss = 2.865436 | LR = 2.858322e-06 | grad_norm = 248.083518
  Batch 2405: loss = 2.851686 | LR = 2.854430e-06 | grad_norm = 317.396143
  Batch 2406: loss = 3.569729 | LR = 2.850541e-06 | grad_norm = 522.023648
  Batch 2407: loss = 3.880765 | LR = 2.846654e-06 | grad_norm = 232.909722
  Batch 2408: loss = 3.649163 | LR = 2.842770e-06 | grad_norm = 376.218492
  Batch 2409: loss = 4.113814 | LR = 2.838888e-06 | grad_norm = 513.941451
  Batch 2410: loss = 3.172990 | LR = 2.835008e-06 | grad_norm = 441.611487
  Batch 2411: loss = 1.229881 | LR = 2.831131e-06 | grad_norm = 211.551038
  Batch 2412: loss = 0.002011 | LR = 2.827256e-06 | grad_norm = 1.130175
  Batch 2413: loss = 2.138756 | LR = 2.823383e-06 | grad_norm = 156.752516
  Batch 2414: loss = 4.569393 | LR = 2.819513e-06 | grad_norm = 370.219202
  Batch 2415: loss = 0.000002 | LR = 2.815645e-06 | grad_norm = 0.001066
  Batch 2416: loss = 5.069944 | LR = 2.811780e-06 | grad_norm = 305.348887
  Batch 2417: loss = 9.711788 | LR = 2.807917e-06 | grad_norm = 453.676450
  Batch 2418: loss = 2.300809 | LR = 2.804056e-06 | grad_norm = 189.049624
  Batch 2419: loss = 3.763803 | LR = 2.800198e-06 | grad_norm = 277.292891
  Batch 2420: loss = 0.000000 | LR = 2.796342e-06 | grad_norm = 0.000000
  Batch 2421: loss = 8.318612 | LR = 2.792489e-06 | grad_norm = 259.169941
  Batch 2422: loss = 0.010621 | LR = 2.788638e-06 | grad_norm = 9.786704
  Batch 2423: loss = 1.459185 | LR = 2.784789e-06 | grad_norm = 226.446796
  Batch 2424: loss = 1.977990 | LR = 2.780943e-06 | grad_norm = 305.228541
  Batch 2425: loss = 4.425214 | LR = 2.777099e-06 | grad_norm = 293.857579
  Batch 2426: loss = 5.620346 | LR = 2.773258e-06 | grad_norm = 321.053161
  Batch 2427: loss = 0.000000 | LR = 2.769419e-06 | grad_norm = 0.000000
  Batch 2428: loss = 0.000000 | LR = 2.765582e-06 | grad_norm = 0.000006
  Batch 2429: loss = 4.195786 | LR = 2.761748e-06 | grad_norm = 232.272131
  Batch 2430: loss = 0.000000 | LR = 2.757916e-06 | grad_norm = 0.000095
  Batch 2431: loss = 0.003910 | LR = 2.754087e-06 | grad_norm = 1.952252
  Batch 2432: loss = 2.200351 | LR = 2.750260e-06 | grad_norm = 528.238706
  Batch 2433: loss = 8.179991 | LR = 2.746435e-06 | grad_norm = 277.894048
  Batch 2434: loss = 0.426713 | LR = 2.742613e-06 | grad_norm = 84.774771
  Batch 2435: loss = 0.170016 | LR = 2.738793e-06 | grad_norm = 60.134874
  Batch 2436: loss = 0.115979 | LR = 2.734976e-06 | grad_norm = 49.568277
  Batch 2437: loss = 8.220032 | LR = 2.731161e-06 | grad_norm = 237.109769
  Batch 2438: loss = 0.026780 | LR = 2.727348e-06 | grad_norm = 10.841017
  Batch 2439: loss = 0.000000 | LR = 2.723538e-06 | grad_norm = 0.000013
  Batch 2440: loss = 5.208141 | LR = 2.719730e-06 | grad_norm = 394.284331
  Batch 2441: loss = 3.095528 | LR = 2.715925e-06 | grad_norm = 289.946887
  Batch 2442: loss = 0.000537 | LR = 2.712122e-06 | grad_norm = 0.185492
  Batch 2443: loss = 0.000000 | LR = 2.708321e-06 | grad_norm = 0.000000
  Batch 2444: loss = 0.000001 | LR = 2.704523e-06 | grad_norm = 0.000692
  Batch 2445: loss = 0.000226 | LR = 2.700728e-06 | grad_norm = 0.171581
  Batch 2446: loss = 6.755777 | LR = 2.696934e-06 | grad_norm = 282.218489
  Batch 2447: loss = 6.626855 | LR = 2.693143e-06 | grad_norm = 395.270196
  Batch 2448: loss = 2.208772 | LR = 2.689355e-06 | grad_norm = 206.950057
  Batch 2449: loss = 0.068380 | LR = 2.685569e-06 | grad_norm = 19.705580
  Batch 2450: loss = 0.000688 | LR = 2.681785e-06 | grad_norm = 0.318617
  Batch 2451: loss = 0.785187 | LR = 2.678004e-06 | grad_norm = 134.067571
  Batch 2452: loss = 0.000011 | LR = 2.674225e-06 | grad_norm = 0.007934
  Batch 2453: loss = 7.316669 | LR = 2.670449e-06 | grad_norm = 354.081016
  Batch 2454: loss = 6.639614 | LR = 2.666675e-06 | grad_norm = 581.991006
  Batch 2455: loss = 0.090723 | LR = 2.662903e-06 | grad_norm = 41.323770
  Batch 2456: loss = 13.885365 | LR = 2.659134e-06 | grad_norm = 433.295101
  Batch 2457: loss = 1.657369 | LR = 2.655368e-06 | grad_norm = 207.341002
  Batch 2458: loss = 0.150514 | LR = 2.651603e-06 | grad_norm = 67.315013
  Batch 2459: loss = 6.754090 | LR = 2.647842e-06 | grad_norm = 611.744443
  Batch 2460: loss = 0.000002 | LR = 2.644082e-06 | grad_norm = 0.001568
  Batch 2461: loss = 0.010017 | LR = 2.640325e-06 | grad_norm = 6.346986
  Batch 2462: loss = 0.341683 | LR = 2.636571e-06 | grad_norm = 91.699648
  Batch 2463: loss = 7.220435 | LR = 2.632818e-06 | grad_norm = 225.308053
  Batch 2464: loss = 0.080482 | LR = 2.629069e-06 | grad_norm = 23.433949
  Batch 2465: loss = 0.000003 | LR = 2.625321e-06 | grad_norm = 0.001659
  Batch 2466: loss = 5.392044 | LR = 2.621577e-06 | grad_norm = 246.747190
  Batch 2467: loss = 0.001046 | LR = 2.617834e-06 | grad_norm = 0.519494
  Batch 2468: loss = 0.143726 | LR = 2.614094e-06 | grad_norm = 69.858277
  Batch 2469: loss = 1.566021 | LR = 2.610357e-06 | grad_norm = 422.185240
  Batch 2470: loss = 0.033414 | LR = 2.606621e-06 | grad_norm = 14.085786
  Batch 2471: loss = 5.688024 | LR = 2.602889e-06 | grad_norm = 403.365959
  Batch 2472: loss = 0.134394 | LR = 2.599158e-06 | grad_norm = 36.384826
  Batch 2473: loss = 0.356697 | LR = 2.595431e-06 | grad_norm = 82.376833
  Batch 2474: loss = 0.317690 | LR = 2.591705e-06 | grad_norm = 110.829605
  Batch 2475: loss = 0.000000 | LR = 2.587982e-06 | grad_norm = 0.000000
  Batch 2476: loss = 4.205012 | LR = 2.584262e-06 | grad_norm = 243.314387
  Batch 2477: loss = 0.005231 | LR = 2.580543e-06 | grad_norm = 3.126951
  Batch 2478: loss = 0.000000 | LR = 2.576828e-06 | grad_norm = 0.000014
  Batch 2479: loss = 0.343332 | LR = 2.573115e-06 | grad_norm = 83.389234
  Batch 2480: loss = 6.493837 | LR = 2.569404e-06 | grad_norm = 281.066432
  Batch 2481: loss = 0.292031 | LR = 2.565695e-06 | grad_norm = 81.561906
  Batch 2482: loss = 0.361508 | LR = 2.561989e-06 | grad_norm = 103.384352
  Batch 2483: loss = 0.200282 | LR = 2.558286e-06 | grad_norm = 89.906873
  Batch 2484: loss = 9.587677 | LR = 2.554585e-06 | grad_norm = 306.057097
  Batch 2485: loss = 4.494053 | LR = 2.550886e-06 | grad_norm = 239.050682
  Batch 2486: loss = 3.918469 | LR = 2.547190e-06 | grad_norm = 185.421045
  Batch 2487: loss = 1.874616 | LR = 2.543496e-06 | grad_norm = 390.663253
  Batch 2488: loss = 0.026532 | LR = 2.539805e-06 | grad_norm = 7.505110
  Batch 2489: loss = 0.000002 | LR = 2.536116e-06 | grad_norm = 0.001886
  Batch 2490: loss = 5.846484 | LR = 2.532430e-06 | grad_norm = 275.853285
  Batch 2491: loss = 0.000000 | LR = 2.528746e-06 | grad_norm = 0.000013
  Batch 2492: loss = 0.270913 | LR = 2.525064e-06 | grad_norm = 99.562486
  Batch 2493: loss = 3.756002 | LR = 2.521385e-06 | grad_norm = 212.353015
  Batch 2494: loss = 1.650341 | LR = 2.517709e-06 | grad_norm = 301.586367
  Batch 2495: loss = 3.605122 | LR = 2.514035e-06 | grad_norm = 393.079247
  Batch 2496: loss = 13.263098 | LR = 2.510363e-06 | grad_norm = 525.508268
  Batch 2497: loss = 0.900236 | LR = 2.506694e-06 | grad_norm = 525.907188
  Batch 2498: loss = 6.898931 | LR = 2.503027e-06 | grad_norm = 384.307861
  Batch 2499: loss = 3.044784 | LR = 2.499362e-06 | grad_norm = 157.882491
  Batch 2500: loss = 0.553830 | LR = 2.495700e-06 | grad_norm = 124.316735
  Batch 2501: loss = 10.670490 | LR = 2.492041e-06 | grad_norm = 349.433069
  Batch 2502: loss = 0.000000 | LR = 2.488384e-06 | grad_norm = 0.000131
  Batch 2503: loss = 1.772882 | LR = 2.484729e-06 | grad_norm = 547.996408
  Batch 2504: loss = 0.000083 | LR = 2.481077e-06 | grad_norm = 0.040031
  Batch 2505: loss = 0.095689 | LR = 2.477428e-06 | grad_norm = 43.249470
  Batch 2506: loss = 7.116567 | LR = 2.473780e-06 | grad_norm = 448.591523
  Batch 2507: loss = 3.160127 | LR = 2.470136e-06 | grad_norm = 213.874129
  Batch 2508: loss = 4.397542 | LR = 2.466493e-06 | grad_norm = 343.438108
  Batch 2509: loss = 4.537358 | LR = 2.462854e-06 | grad_norm = 256.422018
  Batch 2510: loss = 5.829441 | LR = 2.459216e-06 | grad_norm = 477.600959
  Batch 2511: loss = 1.678510 | LR = 2.455581e-06 | grad_norm = 317.518797
  Batch 2512: loss = 1.720769 | LR = 2.451949e-06 | grad_norm = 286.730350
  Batch 2513: loss = 0.097562 | LR = 2.448319e-06 | grad_norm = 36.053104
  Batch 2514: loss = 5.395152 | LR = 2.444691e-06 | grad_norm = 384.114050
  Batch 2515: loss = 0.000000 | LR = 2.441066e-06 | grad_norm = 0.000067
  Batch 2516: loss = 7.034224 | LR = 2.437444e-06 | grad_norm = 155.322452
  Batch 2517: loss = 0.506540 | LR = 2.433824e-06 | grad_norm = 74.169686
  Batch 2518: loss = 0.000035 | LR = 2.430206e-06 | grad_norm = 0.025284
  Batch 2519: loss = 0.000688 | LR = 2.426591e-06 | grad_norm = 0.267965
  Batch 2520: loss = 0.176597 | LR = 2.422978e-06 | grad_norm = 60.971572
  Batch 2521: loss = 0.908380 | LR = 2.419368e-06 | grad_norm = 188.963682
  Batch 2522: loss = 3.583070 | LR = 2.415760e-06 | grad_norm = 327.876854
  Batch 2523: loss = 2.419472 | LR = 2.412154e-06 | grad_norm = 316.204381
  Batch 2524: loss = 1.638155 | LR = 2.408552e-06 | grad_norm = 230.063312
  Batch 2525: loss = 5.240597 | LR = 2.404951e-06 | grad_norm = 373.578255
  Batch 2526: loss = 5.234271 | LR = 2.401353e-06 | grad_norm = 322.861321
  Batch 2527: loss = 6.819135 | LR = 2.397758e-06 | grad_norm = 251.490435
  Batch 2528: loss = 0.017420 | LR = 2.394165e-06 | grad_norm = 5.347573
  Batch 2529: loss = 0.063679 | LR = 2.390574e-06 | grad_norm = 25.538212
  Batch 2530: loss = 0.000000 | LR = 2.386986e-06 | grad_norm = 0.000000
  Batch 2531: loss = 3.384482 | LR = 2.383400e-06 | grad_norm = 272.704364
  Batch 2532: loss = 8.421745 | LR = 2.379817e-06 | grad_norm = 424.713443
  Batch 2533: loss = 3.366885 | LR = 2.376237e-06 | grad_norm = 325.380441
  Batch 2534: loss = 0.067875 | LR = 2.372659e-06 | grad_norm = 33.872698
  Batch 2535: loss = 0.349532 | LR = 2.369083e-06 | grad_norm = 74.147154
  Batch 2536: loss = 0.633013 | LR = 2.365510e-06 | grad_norm = 142.729414
  Batch 2537: loss = 0.000011 | LR = 2.361939e-06 | grad_norm = 0.007586
  Batch 2538: loss = 0.030985 | LR = 2.358371e-06 | grad_norm = 20.067734
  Batch 2539: loss = 0.000159 | LR = 2.354805e-06 | grad_norm = 0.099605
  Batch 2540: loss = 2.290126 | LR = 2.351241e-06 | grad_norm = 164.382856
  Batch 2541: loss = 2.125263 | LR = 2.347681e-06 | grad_norm = 257.908168
  Batch 2542: loss = 0.000366 | LR = 2.344122e-06 | grad_norm = 0.189692
  Batch 2543: loss = 0.000000 | LR = 2.340566e-06 | grad_norm = 0.000000
  Batch 2544: loss = 0.050355 | LR = 2.337013e-06 | grad_norm = 16.536933
  Batch 2545: loss = 0.000098 | LR = 2.333462e-06 | grad_norm = 0.042077
  Batch 2546: loss = 0.292353 | LR = 2.329914e-06 | grad_norm = 72.806499
  Batch 2547: loss = 0.608870 | LR = 2.326368e-06 | grad_norm = 191.189138
  Batch 2548: loss = 0.515516 | LR = 2.322824e-06 | grad_norm = 132.932856
  Batch 2549: loss = 1.659925 | LR = 2.319283e-06 | grad_norm = 220.134897
  Batch 2550: loss = 0.003128 | LR = 2.315745e-06 | grad_norm = 2.358545
  Batch 2551: loss = 9.330339 | LR = 2.312209e-06 | grad_norm = 558.899399
  Batch 2552: loss = 0.116641 | LR = 2.308675e-06 | grad_norm = 42.216113
  Batch 2553: loss = 7.282274 | LR = 2.305144e-06 | grad_norm = 455.873215
  Batch 2554: loss = 0.266362 | LR = 2.301616e-06 | grad_norm = 76.188846
  Batch 2555: loss = 4.044908 | LR = 2.298089e-06 | grad_norm = 238.379477
  Batch 2556: loss = 1.507313 | LR = 2.294566e-06 | grad_norm = 289.245692
  Batch 2557: loss = 0.010028 | LR = 2.291045e-06 | grad_norm = 2.896640
  Batch 2558: loss = 3.814347 | LR = 2.287526e-06 | grad_norm = 365.411706
  Batch 2559: loss = 3.028830 | LR = 2.284010e-06 | grad_norm = 442.255327
  Batch 2560: loss = 1.887162 | LR = 2.280496e-06 | grad_norm = 175.130080
  Batch 2561: loss = 0.000005 | LR = 2.276985e-06 | grad_norm = 0.002968
  Batch 2562: loss = 3.168745 | LR = 2.273477e-06 | grad_norm = 387.757896
  Batch 2563: loss = 5.371690 | LR = 2.269971e-06 | grad_norm = 172.442527
  Batch 2564: loss = 0.001262 | LR = 2.266467e-06 | grad_norm = 0.416016
  Batch 2565: loss = 3.393605 | LR = 2.262966e-06 | grad_norm = 238.806760
  Batch 2566: loss = 5.439736 | LR = 2.259467e-06 | grad_norm = 438.768859
  Batch 2567: loss = 0.000879 | LR = 2.255971e-06 | grad_norm = 0.432522
  Batch 2568: loss = 0.167318 | LR = 2.252477e-06 | grad_norm = 52.507119
  Batch 2569: loss = 8.289438 | LR = 2.248986e-06 | grad_norm = 470.321627
  Batch 2570: loss = 0.060338 | LR = 2.245497e-06 | grad_norm = 28.279441
  Batch 2571: loss = 0.084937 | LR = 2.242011e-06 | grad_norm = 34.165734
  Batch 2572: loss = 0.154561 | LR = 2.238528e-06 | grad_norm = 78.959864
  Batch 2573: loss = 2.971753 | LR = 2.235046e-06 | grad_norm = 327.564497
  Batch 2574: loss = 0.315053 | LR = 2.231568e-06 | grad_norm = 99.258076
  Batch 2575: loss = 0.290147 | LR = 2.228092e-06 | grad_norm = 96.869041
  Batch 2576: loss = 1.674826 | LR = 2.224618e-06 | grad_norm = 272.607132
  Batch 2577: loss = 11.182335 | LR = 2.221147e-06 | grad_norm = 448.872376
  Batch 2578: loss = 5.150450 | LR = 2.217678e-06 | grad_norm = 295.752384
  Batch 2579: loss = 3.908404 | LR = 2.214212e-06 | grad_norm = 234.703672
  Batch 2580: loss = 3.402750 | LR = 2.210748e-06 | grad_norm = 298.258859
  Batch 2581: loss = 1.630516 | LR = 2.207287e-06 | grad_norm = 179.566378
  Batch 2582: loss = 5.916010 | LR = 2.203828e-06 | grad_norm = 585.948081
  Batch 2583: loss = 1.075032 | LR = 2.200372e-06 | grad_norm = 332.757442
  Batch 2584: loss = 0.784277 | LR = 2.196919e-06 | grad_norm = 145.629394
  Batch 2585: loss = 0.202653 | LR = 2.193468e-06 | grad_norm = 75.793831
  Batch 2586: loss = 5.704494 | LR = 2.190019e-06 | grad_norm = 269.167565
  Batch 2587: loss = 2.708203 | LR = 2.186573e-06 | grad_norm = 170.274246
  Batch 2588: loss = 5.988114 | LR = 2.183129e-06 | grad_norm = 391.250723
  Batch 2589: loss = 8.712937 | LR = 2.179688e-06 | grad_norm = 627.846384
  Batch 2590: loss = 0.055996 | LR = 2.176250e-06 | grad_norm = 24.060588
  Batch 2591: loss = 0.000000 | LR = 2.172813e-06 | grad_norm = 0.000000
  Batch 2592: loss = 4.275674 | LR = 2.169380e-06 | grad_norm = 586.004904
  Batch 2593: loss = 0.001501 | LR = 2.165949e-06 | grad_norm = 1.216793
  Batch 2594: loss = 2.228148 | LR = 2.162520e-06 | grad_norm = 144.017122
  Batch 2595: loss = 0.053791 | LR = 2.159094e-06 | grad_norm = 21.012860
  Batch 2596: loss = 1.580040 | LR = 2.155671e-06 | grad_norm = 188.116104
  Batch 2597: loss = 0.537963 | LR = 2.152250e-06 | grad_norm = 187.884468
  Batch 2598: loss = 4.322973 | LR = 2.148831e-06 | grad_norm = 268.259755
  Batch 2599: loss = 0.000002 | LR = 2.145415e-06 | grad_norm = 0.001000
  Batch 2600: loss = 3.847697 | LR = 2.142002e-06 | grad_norm = 325.319177
  Batch 2601: loss = 5.388031 | LR = 2.138591e-06 | grad_norm = 247.344607
  Batch 2602: loss = 0.178831 | LR = 2.135183e-06 | grad_norm = 42.134321
  Batch 2603: loss = 0.019956 | LR = 2.131777e-06 | grad_norm = 11.782641
  Batch 2604: loss = 3.851709 | LR = 2.128373e-06 | grad_norm = 248.440655
  Batch 2605: loss = 2.159176 | LR = 2.124973e-06 | grad_norm = 315.007846
  Batch 2606: loss = 1.857543 | LR = 2.121574e-06 | grad_norm = 258.483768
  Batch 2607: loss = 0.000000 | LR = 2.118178e-06 | grad_norm = 0.000003
  Batch 2608: loss = 0.001432 | LR = 2.114785e-06 | grad_norm = 0.698891
  Batch 2609: loss = 0.981937 | LR = 2.111394e-06 | grad_norm = 165.700323
  Batch 2610: loss = 7.427930 | LR = 2.108006e-06 | grad_norm = 278.715452
  Batch 2611: loss = 0.108243 | LR = 2.104621e-06 | grad_norm = 48.280367
  Batch 2612: loss = 0.900822 | LR = 2.101237e-06 | grad_norm = 142.679078
  Batch 2613: loss = 0.003068 | LR = 2.097857e-06 | grad_norm = 1.451018
  Batch 2614: loss = 1.039725 | LR = 2.094479e-06 | grad_norm = 196.538074
  Batch 2615: loss = 0.000000 | LR = 2.091103e-06 | grad_norm = 0.000021
  Batch 2616: loss = 1.039423 | LR = 2.087730e-06 | grad_norm = 228.707613
  Batch 2617: loss = 1.789784 | LR = 2.084359e-06 | grad_norm = 373.658344
  Batch 2618: loss = 3.337931 | LR = 2.080991e-06 | grad_norm = 318.697687
  Batch 2619: loss = 2.418362 | LR = 2.077626e-06 | grad_norm = 324.072183
  Batch 2620: loss = 0.025069 | LR = 2.074263e-06 | grad_norm = 9.417099
  Batch 2621: loss = 8.982953 | LR = 2.070902e-06 | grad_norm = 433.932580
  Batch 2622: loss = 4.076040 | LR = 2.067545e-06 | grad_norm = 317.575503
  Batch 2623: loss = 0.394860 | LR = 2.064189e-06 | grad_norm = 122.915290
  Batch 2624: loss = 0.104550 | LR = 2.060836e-06 | grad_norm = 42.707958
  Batch 2625: loss = 0.064098 | LR = 2.057486e-06 | grad_norm = 50.699450
  Batch 2626: loss = 7.422119 | LR = 2.054138e-06 | grad_norm = 349.529417
  Batch 2627: loss = 0.229392 | LR = 2.050793e-06 | grad_norm = 69.739698
  Batch 2628: loss = 0.775785 | LR = 2.047450e-06 | grad_norm = 170.767858
  Batch 2629: loss = 2.222090 | LR = 2.044110e-06 | grad_norm = 206.217264
  Batch 2630: loss = 4.777692 | LR = 2.040773e-06 | grad_norm = 270.413659
  Batch 2631: loss = 4.222321 | LR = 2.037437e-06 | grad_norm = 353.538510
  Batch 2632: loss = 3.441297 | LR = 2.034105e-06 | grad_norm = 228.674679
  Batch 2633: loss = 4.405424 | LR = 2.030775e-06 | grad_norm = 630.902905
  Batch 2634: loss = 1.941677 | LR = 2.027447e-06 | grad_norm = 256.392482
  Batch 2635: loss = 0.040354 | LR = 2.024122e-06 | grad_norm = 15.280390
  Batch 2636: loss = 6.742663 | LR = 2.020800e-06 | grad_norm = 299.556243
  Batch 2637: loss = 0.049289 | LR = 2.017480e-06 | grad_norm = 17.188861
  Batch 2638: loss = 0.011227 | LR = 2.014163e-06 | grad_norm = 4.176133
  Batch 2639: loss = 0.000001 | LR = 2.010848e-06 | grad_norm = 0.000516
  Batch 2640: loss = 2.612095 | LR = 2.007536e-06 | grad_norm = 285.843800
  Batch 2641: loss = 6.288056 | LR = 2.004226e-06 | grad_norm = 408.787650
  Batch 2642: loss = 4.731815 | LR = 2.000919e-06 | grad_norm = 218.458536
  Batch 2643: loss = 5.285794 | LR = 1.997614e-06 | grad_norm = 236.634234
  Batch 2644: loss = 10.183704 | LR = 1.994312e-06 | grad_norm = 289.754073
  Batch 2645: loss = 4.664958 | LR = 1.991013e-06 | grad_norm = 360.608825
  Batch 2646: loss = 0.038619 | LR = 1.987716e-06 | grad_norm = 14.766189
  Batch 2647: loss = 0.002573 | LR = 1.984421e-06 | grad_norm = 1.032422
  Batch 2648: loss = 5.332966 | LR = 1.981130e-06 | grad_norm = 181.349980
  Batch 2649: loss = 0.002974 | LR = 1.977840e-06 | grad_norm = 1.639741
  Batch 2650: loss = 0.054325 | LR = 1.974554e-06 | grad_norm = 16.529837
  Batch 2651: loss = 3.131507 | LR = 1.971269e-06 | grad_norm = 347.140164
  Batch 2652: loss = 3.382425 | LR = 1.967988e-06 | grad_norm = 351.014301
  Batch 2653: loss = 0.030286 | LR = 1.964708e-06 | grad_norm = 9.999264
  Batch 2654: loss = 1.715816 | LR = 1.961432e-06 | grad_norm = 189.013161
  Batch 2655: loss = 0.132322 | LR = 1.958158e-06 | grad_norm = 56.911731
  Batch 2656: loss = 4.694462 | LR = 1.954886e-06 | grad_norm = 223.009538
  Batch 2657: loss = 0.349402 | LR = 1.951617e-06 | grad_norm = 74.698133
  Batch 2658: loss = 3.566967 | LR = 1.948351e-06 | grad_norm = 287.405510
  Batch 2659: loss = 3.111118 | LR = 1.945087e-06 | grad_norm = 303.236279
  Batch 2660: loss = 1.952797 | LR = 1.941826e-06 | grad_norm = 349.314041
  Batch 2661: loss = 1.085466 | LR = 1.938567e-06 | grad_norm = 265.749688
  Batch 2662: loss = 7.808649 | LR = 1.935311e-06 | grad_norm = 400.582747
  Batch 2663: loss = 0.499985 | LR = 1.932058e-06 | grad_norm = 178.981226
  Batch 2664: loss = 2.239812 | LR = 1.928807e-06 | grad_norm = 239.358508
  Batch 2665: loss = 0.116406 | LR = 1.925558e-06 | grad_norm = 39.210592
  Batch 2666: loss = 11.441861 | LR = 1.922312e-06 | grad_norm = 365.680215
  Batch 2667: loss = 1.590735 | LR = 1.919069e-06 | grad_norm = 455.670698
  Batch 2668: loss = 0.450105 | LR = 1.915828e-06 | grad_norm = 166.593468
  Batch 2669: loss = 0.000445 | LR = 1.912590e-06 | grad_norm = 0.191478
  Batch 2670: loss = 3.121196 | LR = 1.909354e-06 | grad_norm = 186.854379
  Batch 2671: loss = 2.003530 | LR = 1.906121e-06 | grad_norm = 163.476338
  Batch 2672: loss = 1.948603 | LR = 1.902890e-06 | grad_norm = 320.820406
  Batch 2673: loss = 1.500362 | LR = 1.899662e-06 | grad_norm = 341.383327
  Batch 2674: loss = 3.579965 | LR = 1.896437e-06 | grad_norm = 310.936641
  Batch 2675: loss = 0.000008 | LR = 1.893214e-06 | grad_norm = 0.004672
  Batch 2676: loss = 1.430318 | LR = 1.889994e-06 | grad_norm = 209.624305
  Batch 2677: loss = 6.296206 | LR = 1.886776e-06 | grad_norm = 418.519981
  Batch 2678: loss = 1.644971 | LR = 1.883561e-06 | grad_norm = 456.612979
  Batch 2679: loss = 0.004834 | LR = 1.880348e-06 | grad_norm = 3.113423
  Batch 2680: loss = 0.367991 | LR = 1.877138e-06 | grad_norm = 124.646695
  Batch 2681: loss = 1.339971 | LR = 1.873931e-06 | grad_norm = 204.036703
  Batch 2682: loss = 0.000035 | LR = 1.870726e-06 | grad_norm = 0.023691
  Batch 2683: loss = 4.636374 | LR = 1.867524e-06 | grad_norm = 414.824068
  Batch 2684: loss = 0.988402 | LR = 1.864324e-06 | grad_norm = 207.875332
  Batch 2685: loss = 0.003301 | LR = 1.861127e-06 | grad_norm = 1.396243
  Batch 2686: loss = 7.149467 | LR = 1.857932e-06 | grad_norm = 346.195345
  Batch 2687: loss = 5.472419 | LR = 1.854740e-06 | grad_norm = 210.418892
  Batch 2688: loss = 1.234922 | LR = 1.851550e-06 | grad_norm = 724.028945
  Batch 2689: loss = 0.586867 | LR = 1.848364e-06 | grad_norm = 230.498818
  Batch 2690: loss = 2.793770 | LR = 1.845179e-06 | grad_norm = 296.705272
  Batch 2691: loss = 0.713888 | LR = 1.841997e-06 | grad_norm = 155.496218
  Batch 2692: loss = 4.967521 | LR = 1.838818e-06 | grad_norm = 246.110729
  Batch 2693: loss = 0.000000 | LR = 1.835642e-06 | grad_norm = 0.000000
  Batch 2694: loss = 0.000083 | LR = 1.832468e-06 | grad_norm = 0.036819
  Batch 2695: loss = 0.171963 | LR = 1.829296e-06 | grad_norm = 110.696586
  Batch 2696: loss = 1.369705 | LR = 1.826127e-06 | grad_norm = 299.528872
  Batch 2697: loss = 0.898069 | LR = 1.822961e-06 | grad_norm = 231.850546
  Batch 2698: loss = 0.295657 | LR = 1.819797e-06 | grad_norm = 74.822468
  Batch 2699: loss = 1.284548 | LR = 1.816636e-06 | grad_norm = 105.702531
  Batch 2700: loss = 6.178464 | LR = 1.813477e-06 | grad_norm = 267.426266
  Batch 2701: loss = 0.187132 | LR = 1.810321e-06 | grad_norm = 62.228507
  Batch 2702: loss = 0.021783 | LR = 1.807168e-06 | grad_norm = 13.181648
  Batch 2703: loss = 0.654419 | LR = 1.804017e-06 | grad_norm = 175.859866
  Batch 2704: loss = 4.898703 | LR = 1.800869e-06 | grad_norm = 531.492533
  Batch 2705: loss = 3.401356 | LR = 1.797723e-06 | grad_norm = 230.252199
  Batch 2706: loss = 1.666888 | LR = 1.794580e-06 | grad_norm = 508.073940
  Batch 2707: loss = 1.254132 | LR = 1.791440e-06 | grad_norm = 164.283899
  Batch 2708: loss = 1.923082 | LR = 1.788302e-06 | grad_norm = 190.361272
  Batch 2709: loss = 0.387926 | LR = 1.785166e-06 | grad_norm = 121.452229
  Batch 2710: loss = 1.896974 | LR = 1.782034e-06 | grad_norm = 276.877305
  Batch 2711: loss = 1.542602 | LR = 1.778903e-06 | grad_norm = 279.757686
  Batch 2712: loss = 4.787103 | LR = 1.775776e-06 | grad_norm = 364.811056
  Batch 2713: loss = 0.010903 | LR = 1.772651e-06 | grad_norm = 6.275208
  Batch 2714: loss = 0.020879 | LR = 1.769528e-06 | grad_norm = 8.607343
  Batch 2715: loss = 2.568363 | LR = 1.766408e-06 | grad_norm = 443.896609
  Batch 2716: loss = 1.111710 | LR = 1.763291e-06 | grad_norm = 249.478878
  Batch 2717: loss = 4.578504 | LR = 1.760177e-06 | grad_norm = 546.123163
  Batch 2718: loss = 0.000195 | LR = 1.757065e-06 | grad_norm = 0.080120
  Batch 2719: loss = 5.778719 | LR = 1.753955e-06 | grad_norm = 524.438106
  Batch 2720: loss = 0.177741 | LR = 1.750848e-06 | grad_norm = 78.528911
  Batch 2721: loss = 0.000000 | LR = 1.747744e-06 | grad_norm = 0.000012
  Batch 2722: loss = 5.588577 | LR = 1.744642e-06 | grad_norm = 367.826318
  Batch 2723: loss = 1.425745 | LR = 1.741543e-06 | grad_norm = 366.297876
  Batch 2724: loss = 0.000161 | LR = 1.738447e-06 | grad_norm = 0.080135
  Batch 2725: loss = 3.050804 | LR = 1.735353e-06 | grad_norm = 225.286529
  Batch 2726: loss = 0.383060 | LR = 1.732261e-06 | grad_norm = 120.792750
  Batch 2727: loss = 0.000000 | LR = 1.729173e-06 | grad_norm = 0.000000
  Batch 2728: loss = 0.005724 | LR = 1.726086e-06 | grad_norm = 2.699709
  Batch 2729: loss = 0.210480 | LR = 1.723003e-06 | grad_norm = 79.503045
  Batch 2730: loss = 0.000000 | LR = 1.719922e-06 | grad_norm = 0.000006
  Batch 2731: loss = 5.831279 | LR = 1.716844e-06 | grad_norm = 281.280596
  Batch 2732: loss = 4.539393 | LR = 1.713768e-06 | grad_norm = 282.942410
  Batch 2733: loss = 4.781338 | LR = 1.710695e-06 | grad_norm = 499.057745
  Batch 2734: loss = 2.679427 | LR = 1.707624e-06 | grad_norm = 189.572321
  Batch 2735: loss = 4.383090 | LR = 1.704556e-06 | grad_norm = 242.404677
  Batch 2736: loss = 0.000000 | LR = 1.701491e-06 | grad_norm = 0.000000
  Batch 2737: loss = 3.628608 | LR = 1.698428e-06 | grad_norm = 375.257808
  Batch 2738: loss = 0.100126 | LR = 1.695368e-06 | grad_norm = 34.057754
  Batch 2739: loss = 0.000463 | LR = 1.692310e-06 | grad_norm = 0.369020
  Batch 2740: loss = 1.309176 | LR = 1.689255e-06 | grad_norm = 230.516881
  Batch 2741: loss = 0.010211 | LR = 1.686203e-06 | grad_norm = 5.277650
  Batch 2742: loss = 0.000000 | LR = 1.683153e-06 | grad_norm = 0.000173
  Batch 2743: loss = 5.212524 | LR = 1.680106e-06 | grad_norm = 274.810843
  Batch 2744: loss = 9.449521 | LR = 1.677061e-06 | grad_norm = 189.602148
  Batch 2745: loss = 0.000000 | LR = 1.674019e-06 | grad_norm = 0.000000
  Batch 2746: loss = 3.351448 | LR = 1.670980e-06 | grad_norm = 258.664782
  Batch 2747: loss = 0.062491 | LR = 1.667943e-06 | grad_norm = 34.492678
  Batch 2748: loss = 3.484772 | LR = 1.664909e-06 | grad_norm = 153.321063
  Batch 2749: loss = 8.438644 | LR = 1.661878e-06 | grad_norm = 321.116935
  Batch 2750: loss = 1.094899 | LR = 1.658849e-06 | grad_norm = 147.144621
  Batch 2751: loss = 0.039759 | LR = 1.655823e-06 | grad_norm = 14.754978
  Batch 2752: loss = 0.000000 | LR = 1.652799e-06 | grad_norm = 0.000000
  Batch 2753: loss = 0.000001 | LR = 1.649778e-06 | grad_norm = 0.000610
  Batch 2754: loss = 0.000005 | LR = 1.646759e-06 | grad_norm = 0.002679
  Batch 2755: loss = 0.197643 | LR = 1.643743e-06 | grad_norm = 50.063205
  Batch 2756: loss = 2.920593 | LR = 1.640730e-06 | grad_norm = 200.476950
  Batch 2757: loss = 0.004831 | LR = 1.637720e-06 | grad_norm = 1.812566
  Batch 2758: loss = 0.386287 | LR = 1.634711e-06 | grad_norm = 116.635822
  Batch 2759: loss = 3.831341 | LR = 1.631706e-06 | grad_norm = 370.884260
  Batch 2760: loss = 0.029613 | LR = 1.628703e-06 | grad_norm = 10.290276
  Batch 2761: loss = 0.044607 | LR = 1.625703e-06 | grad_norm = 19.011716
  Batch 2762: loss = 8.282632 | LR = 1.622705e-06 | grad_norm = 419.306250
  Batch 2763: loss = 1.651345 | LR = 1.619711e-06 | grad_norm = 169.465092
  Batch 2764: loss = 2.244362 | LR = 1.616718e-06 | grad_norm = 312.825427
  Batch 2765: loss = 0.200442 | LR = 1.613728e-06 | grad_norm = 59.200832
  Batch 2766: loss = 1.534272 | LR = 1.610741e-06 | grad_norm = 257.031568
  Batch 2767: loss = 0.000000 | LR = 1.607757e-06 | grad_norm = 0.000000
  Batch 2768: loss = 2.338338 | LR = 1.604775e-06 | grad_norm = 366.281633
  Batch 2769: loss = 0.000000 | LR = 1.601796e-06 | grad_norm = 0.000197
  Batch 2770: loss = 0.883121 | LR = 1.598819e-06 | grad_norm = 204.478740
  Batch 2771: loss = 2.548291 | LR = 1.595845e-06 | grad_norm = 367.563589
  Batch 2772: loss = 0.002574 | LR = 1.592874e-06 | grad_norm = 1.013524
  Batch 2773: loss = 0.000754 | LR = 1.589905e-06 | grad_norm = 0.358643
  Batch 2774: loss = 0.000000 | LR = 1.586939e-06 | grad_norm = 0.000000
  Batch 2775: loss = 0.002968 | LR = 1.583975e-06 | grad_norm = 1.091049
  Batch 2776: loss = 0.722869 | LR = 1.581014e-06 | grad_norm = 273.302004
  Batch 2777: loss = 4.808241 | LR = 1.578056e-06 | grad_norm = 330.355714
  Batch 2778: loss = 3.080691 | LR = 1.575100e-06 | grad_norm = 316.384403
  Batch 2779: loss = 6.284798 | LR = 1.572147e-06 | grad_norm = 224.490139
  Batch 2780: loss = 6.512380 | LR = 1.569197e-06 | grad_norm = 227.816171
  Batch 2781: loss = 0.366995 | LR = 1.566249e-06 | grad_norm = 83.930320
  Batch 2782: loss = 5.137011 | LR = 1.563304e-06 | grad_norm = 426.181746
  Batch 2783: loss = 3.111941 | LR = 1.560361e-06 | grad_norm = 218.921613
  Batch 2784: loss = 5.960559 | LR = 1.557421e-06 | grad_norm = 223.492869
  Batch 2785: loss = 3.369244 | LR = 1.554484e-06 | grad_norm = 507.866670
  Batch 2786: loss = 0.000000 | LR = 1.551549e-06 | grad_norm = 0.000000
  Batch 2787: loss = 2.755025 | LR = 1.548617e-06 | grad_norm = 350.856656
  Batch 2788: loss = 3.678948 | LR = 1.545688e-06 | grad_norm = 282.518133
  Batch 2789: loss = 7.105775 | LR = 1.542761e-06 | grad_norm = 376.325678
  Batch 2790: loss = 4.469618 | LR = 1.539837e-06 | grad_norm = 364.390329
  Batch 2791: loss = 2.349382 | LR = 1.536915e-06 | grad_norm = 268.146965
  Batch 2792: loss = 2.626721 | LR = 1.533996e-06 | grad_norm = 284.400869
  Batch 2793: loss = 0.000178 | LR = 1.531080e-06 | grad_norm = 0.051268
  Batch 2794: loss = 0.396836 | LR = 1.528167e-06 | grad_norm = 74.715077
  Batch 2795: loss = 0.011595 | LR = 1.525256e-06 | grad_norm = 4.718260
  Batch 2796: loss = 1.937143 | LR = 1.522347e-06 | grad_norm = 448.446377
  Batch 2797: loss = 1.743911 | LR = 1.519441e-06 | grad_norm = 287.242985
  Batch 2798: loss = 0.490561 | LR = 1.516538e-06 | grad_norm = 101.495288
  Batch 2799: loss = 2.338000 | LR = 1.513638e-06 | grad_norm = 284.852303
  Batch 2800: loss = 1.811272 | LR = 1.510740e-06 | grad_norm = 379.081862
  Batch 2801: loss = 2.546581 | LR = 1.507845e-06 | grad_norm = 323.076658
  Batch 2802: loss = 0.209708 | LR = 1.504952e-06 | grad_norm = 107.093903
  Batch 2803: loss = 0.071881 | LR = 1.502062e-06 | grad_norm = 33.683145
  Batch 2804: loss = 2.294544 | LR = 1.499175e-06 | grad_norm = 349.744405
  Batch 2805: loss = 3.224239 | LR = 1.496290e-06 | grad_norm = 264.683872
  Batch 2806: loss = 3.088717 | LR = 1.493408e-06 | grad_norm = 360.815357
  Batch 2807: loss = 0.004113 | LR = 1.490529e-06 | grad_norm = 1.878108
  Batch 2808: loss = 7.693243 | LR = 1.487652e-06 | grad_norm = 250.280706
  Batch 2809: loss = 10.865031 | LR = 1.484778e-06 | grad_norm = 690.363930
  Batch 2810: loss = 2.572006 | LR = 1.481907e-06 | grad_norm = 187.638252
  Batch 2811: loss = 3.840326 | LR = 1.479038e-06 | grad_norm = 401.874984
  Batch 2812: loss = 4.708098 | LR = 1.476172e-06 | grad_norm = 232.546254
  Batch 2813: loss = 0.957730 | LR = 1.473308e-06 | grad_norm = 170.611258
  Batch 2814: loss = 0.000019 | LR = 1.470447e-06 | grad_norm = 0.005810
  Batch 2815: loss = 0.003689 | LR = 1.467589e-06 | grad_norm = 1.512123
  Batch 2816: loss = 0.000051 | LR = 1.464734e-06 | grad_norm = 0.018935
  Batch 2817: loss = 0.442196 | LR = 1.461881e-06 | grad_norm = 149.544472
  Batch 2818: loss = 3.016219 | LR = 1.459030e-06 | grad_norm = 197.951018
  Batch 2819: loss = 7.200711 | LR = 1.456183e-06 | grad_norm = 424.407751
  Batch 2820: loss = 0.006612 | LR = 1.453338e-06 | grad_norm = 3.648048
  Batch 2821: loss = 3.112527 | LR = 1.450495e-06 | grad_norm = 435.260051
  Batch 2822: loss = 9.967306 | LR = 1.447656e-06 | grad_norm = 338.682191
  Batch 2823: loss = 0.000008 | LR = 1.444818e-06 | grad_norm = 0.004435
  Batch 2824: loss = 4.359164 | LR = 1.441984e-06 | grad_norm = 305.673530
  Batch 2825: loss = 0.418150 | LR = 1.439152e-06 | grad_norm = 137.479530
  Batch 2826: loss = 6.983851 | LR = 1.436323e-06 | grad_norm = 209.423682
  Batch 2827: loss = 0.203752 | LR = 1.433497e-06 | grad_norm = 64.571001
  Batch 2828: loss = 5.002039 | LR = 1.430673e-06 | grad_norm = 386.566406
  Batch 2829: loss = 0.007056 | LR = 1.427852e-06 | grad_norm = 4.473699
  Batch 2830: loss = 1.458537 | LR = 1.425033e-06 | grad_norm = 332.435350
  Batch 2831: loss = 0.238087 | LR = 1.422217e-06 | grad_norm = 58.559560
  Batch 2832: loss = 0.774342 | LR = 1.419404e-06 | grad_norm = 173.777687
  Batch 2833: loss = 7.907087 | LR = 1.416593e-06 | grad_norm = 161.268767
  Batch 2834: loss = 5.178998 | LR = 1.413786e-06 | grad_norm = 335.522300
  Batch 2835: loss = 1.130707 | LR = 1.410980e-06 | grad_norm = 279.080963
  Batch 2836: loss = 3.221163 | LR = 1.408178e-06 | grad_norm = 294.740178
  Batch 2837: loss = 1.340212 | LR = 1.405378e-06 | grad_norm = 308.900254
  Batch 2838: loss = 5.979149 | LR = 1.402580e-06 | grad_norm = 607.439669
  Batch 2839: loss = 6.964508 | LR = 1.399786e-06 | grad_norm = 319.605799
  Batch 2840: loss = 8.800244 | LR = 1.396994e-06 | grad_norm = 458.350724
  Batch 2841: loss = 3.315895 | LR = 1.394204e-06 | grad_norm = 559.887738
  Batch 2842: loss = 10.956723 | LR = 1.391418e-06 | grad_norm = 386.046990
  Batch 2843: loss = 0.002250 | LR = 1.388634e-06 | grad_norm = 0.900027
  Batch 2844: loss = 0.000013 | LR = 1.385852e-06 | grad_norm = 0.005260
  Batch 2845: loss = 5.447513 | LR = 1.383074e-06 | grad_norm = 179.808408
  Batch 2846: loss = 0.621536 | LR = 1.380298e-06 | grad_norm = 174.956316
  Batch 2847: loss = 4.380527 | LR = 1.377524e-06 | grad_norm = 522.544249
  Batch 2848: loss = 0.000000 | LR = 1.374754e-06 | grad_norm = 0.000000
  Batch 2849: loss = 1.697982 | LR = 1.371986e-06 | grad_norm = 284.189787
  Batch 2850: loss = 3.060076 | LR = 1.369220e-06 | grad_norm = 477.805608
  Batch 2851: loss = 0.000863 | LR = 1.366457e-06 | grad_norm = 0.362821
  Batch 2852: loss = 10.847853 | LR = 1.363697e-06 | grad_norm = 360.151557
  Batch 2853: loss = 1.385320 | LR = 1.360940e-06 | grad_norm = 285.175947
  Batch 2854: loss = 4.112746 | LR = 1.358185e-06 | grad_norm = 309.177155
  Batch 2855: loss = 0.000001 | LR = 1.355433e-06 | grad_norm = 0.001790
  Batch 2856: loss = 3.071000 | LR = 1.352684e-06 | grad_norm = 278.805550
  Batch 2857: loss = 2.144967 | LR = 1.349937e-06 | grad_norm = 281.824664
  Batch 2858: loss = 10.440260 | LR = 1.347193e-06 | grad_norm = 374.645695
  Batch 2859: loss = 1.631589 | LR = 1.344451e-06 | grad_norm = 296.826012
  Batch 2860: loss = 0.000000 | LR = 1.341713e-06 | grad_norm = 0.000019
  Batch 2861: loss = 0.021739 | LR = 1.338977e-06 | grad_norm = 11.411371
  Batch 2862: loss = 0.499988 | LR = 1.336243e-06 | grad_norm = 209.782629
  Batch 2863: loss = 4.640759 | LR = 1.333512e-06 | grad_norm = 291.631660
  Batch 2864: loss = 1.974701 | LR = 1.330784e-06 | grad_norm = 206.158888
  Batch 2865: loss = 0.609724 | LR = 1.328059e-06 | grad_norm = 234.245181
  Batch 2866: loss = 0.011129 | LR = 1.325336e-06 | grad_norm = 2.768926
  Batch 2867: loss = 1.596434 | LR = 1.322616e-06 | grad_norm = 204.044151
  Batch 2868: loss = 2.357831 | LR = 1.319899e-06 | grad_norm = 242.234937
  Batch 2869: loss = 0.176323 | LR = 1.317184e-06 | grad_norm = 74.165244
  Batch 2870: loss = 4.713949 | LR = 1.314472e-06 | grad_norm = 352.245365
  Batch 2871: loss = 7.836337 | LR = 1.311763e-06 | grad_norm = 693.527329
  Batch 2872: loss = 2.635794 | LR = 1.309056e-06 | grad_norm = 472.517370
  Batch 2873: loss = 0.038968 | LR = 1.306352e-06 | grad_norm = 12.924282
  Batch 2874: loss = 0.145030 | LR = 1.303650e-06 | grad_norm = 35.536194
  Batch 2875: loss = 4.815710 | LR = 1.300952e-06 | grad_norm = 248.143345
  Batch 2876: loss = 0.673012 | LR = 1.298256e-06 | grad_norm = 213.087513
  Batch 2877: loss = 0.209796 | LR = 1.295562e-06 | grad_norm = 41.874021
  Batch 2878: loss = 0.000391 | LR = 1.292872e-06 | grad_norm = 0.195505
  Batch 2879: loss = 0.026024 | LR = 1.290184e-06 | grad_norm = 8.752432
  Batch 2880: loss = 0.492262 | LR = 1.287498e-06 | grad_norm = 123.334791
  Batch 2881: loss = 0.020443 | LR = 1.284816e-06 | grad_norm = 10.567192
  Batch 2882: loss = 4.046885 | LR = 1.282136e-06 | grad_norm = 246.989207
  Batch 2883: loss = 9.178075 | LR = 1.279459e-06 | grad_norm = 324.163589
  Batch 2884: loss = 1.147482 | LR = 1.276784e-06 | grad_norm = 186.592325
  Batch 2885: loss = 2.703671 | LR = 1.274112e-06 | grad_norm = 247.655575
  Batch 2886: loss = 3.815651 | LR = 1.271443e-06 | grad_norm = 383.722151
  Batch 2887: loss = 3.468050 | LR = 1.268776e-06 | grad_norm = 378.491218
  Batch 2888: loss = 4.738212 | LR = 1.266112e-06 | grad_norm = 354.404139
  Batch 2889: loss = 3.570532 | LR = 1.263451e-06 | grad_norm = 299.607332
  Batch 2890: loss = 0.000002 | LR = 1.260793e-06 | grad_norm = 0.000779
  Batch 2891: loss = 0.369759 | LR = 1.258137e-06 | grad_norm = 158.492023
  Batch 2892: loss = 1.691428 | LR = 1.255484e-06 | grad_norm = 177.774215
  Batch 2893: loss = 0.000530 | LR = 1.252833e-06 | grad_norm = 0.254135
  Batch 2894: loss = 2.143925 | LR = 1.250185e-06 | grad_norm = 241.292042
  Batch 2895: loss = 3.471782 | LR = 1.247540e-06 | grad_norm = 262.111254
  Batch 2896: loss = 3.068343 | LR = 1.244898e-06 | grad_norm = 240.628931
  Batch 2897: loss = 1.866419 | LR = 1.242258e-06 | grad_norm = 139.994676
  Batch 2898: loss = 4.178205 | LR = 1.239621e-06 | grad_norm = 204.924762
  Batch 2899: loss = 1.573397 | LR = 1.236987e-06 | grad_norm = 216.515688
  Batch 2900: loss = 0.343370 | LR = 1.234355e-06 | grad_norm = 92.730538
  Batch 2901: loss = 0.002118 | LR = 1.231726e-06 | grad_norm = 0.877975
  Batch 2902: loss = 9.719075 | LR = 1.229100e-06 | grad_norm = 303.814854
  Batch 2903: loss = 0.000002 | LR = 1.226476e-06 | grad_norm = 0.001604
  Batch 2904: loss = 1.481602 | LR = 1.223855e-06 | grad_norm = 260.944997
  Batch 2905: loss = 4.453740 | LR = 1.221237e-06 | grad_norm = 399.257253
  Batch 2906: loss = 3.439298 | LR = 1.218622e-06 | grad_norm = 366.355797
  Batch 2907: loss = 0.004006 | LR = 1.216009e-06 | grad_norm = 0.985982
  Batch 2908: loss = 0.495204 | LR = 1.213399e-06 | grad_norm = 184.691343
  Batch 2909: loss = 0.007352 | LR = 1.210791e-06 | grad_norm = 2.517212
  Batch 2910: loss = 0.000176 | LR = 1.208186e-06 | grad_norm = 0.112212
  Batch 2911: loss = 2.453166 | LR = 1.205584e-06 | grad_norm = 302.204672
  Batch 2912: loss = 5.277411 | LR = 1.202985e-06 | grad_norm = 128.281992
  Batch 2913: loss = 0.000008 | LR = 1.200388e-06 | grad_norm = 0.005114
  Batch 2914: loss = 0.000000 | LR = 1.197794e-06 | grad_norm = 0.000197
  Batch 2915: loss = 0.000001 | LR = 1.195203e-06 | grad_norm = 0.000490
  Batch 2916: loss = 0.000217 | LR = 1.192614e-06 | grad_norm = 0.133747
  Batch 2917: loss = 0.000064 | LR = 1.190028e-06 | grad_norm = 0.022666
  Batch 2918: loss = 2.736859 | LR = 1.187445e-06 | grad_norm = 428.729992
  Batch 2919: loss = 0.100606 | LR = 1.184865e-06 | grad_norm = 32.911227
  Batch 2920: loss = 4.161065 | LR = 1.182287e-06 | grad_norm = 212.931688
  Batch 2921: loss = 0.000000 | LR = 1.179712e-06 | grad_norm = 0.000001
  Batch 2922: loss = 1.789608 | LR = 1.177139e-06 | grad_norm = 291.973172
  Batch 2923: loss = 4.479715 | LR = 1.174569e-06 | grad_norm = 284.631670
  Batch 2924: loss = 3.162918 | LR = 1.172002e-06 | grad_norm = 417.980215
  Batch 2925: loss = 0.000678 | LR = 1.169438e-06 | grad_norm = 0.423146
  Batch 2926: loss = 5.248114 | LR = 1.166876e-06 | grad_norm = 263.842841
  Batch 2927: loss = 2.769259 | LR = 1.164318e-06 | grad_norm = 237.876897
  Batch 2928: loss = 3.493366 | LR = 1.161761e-06 | grad_norm = 228.099940
  Batch 2929: loss = 0.856401 | LR = 1.159208e-06 | grad_norm = 133.616770
  Batch 2930: loss = 2.811710 | LR = 1.156657e-06 | grad_norm = 245.752571
  Batch 2931: loss = 0.000157 | LR = 1.154109e-06 | grad_norm = 0.092216
  Batch 2932: loss = 5.208349 | LR = 1.151563e-06 | grad_norm = 279.391690
  Batch 2933: loss = 2.427952 | LR = 1.149021e-06 | grad_norm = 191.543456
  Batch 2934: loss = 0.105965 | LR = 1.146481e-06 | grad_norm = 73.008679
  Batch 2935: loss = 0.001726 | LR = 1.143943e-06 | grad_norm = 0.554134
  Batch 2936: loss = 0.409961 | LR = 1.141409e-06 | grad_norm = 78.786029
  Batch 2937: loss = 0.193437 | LR = 1.138877e-06 | grad_norm = 46.247143
  Batch 2938: loss = 0.124037 | LR = 1.136347e-06 | grad_norm = 73.031602
  Batch 2939: loss = 0.002457 | LR = 1.133821e-06 | grad_norm = 1.538430
  Batch 2940: loss = 0.000415 | LR = 1.131297e-06 | grad_norm = 0.177750
  Batch 2941: loss = 3.878696 | LR = 1.128776e-06 | grad_norm = 275.739826
  Batch 2942: loss = 5.268940 | LR = 1.126258e-06 | grad_norm = 261.360219
  Batch 2943: loss = 3.835013 | LR = 1.123742e-06 | grad_norm = 444.490708
  Batch 2944: loss = 0.001495 | LR = 1.121229e-06 | grad_norm = 0.813228
  Batch 2945: loss = 0.000633 | LR = 1.118719e-06 | grad_norm = 0.252631
  Batch 2946: loss = 0.000217 | LR = 1.116211e-06 | grad_norm = 0.137475
  Batch 2947: loss = 3.922586 | LR = 1.113706e-06 | grad_norm = 153.344762
  Batch 2948: loss = 0.000000 | LR = 1.111204e-06 | grad_norm = 0.000057
  Batch 2949: loss = 4.510180 | LR = 1.108705e-06 | grad_norm = 466.889685
  Batch 2950: loss = 5.577536 | LR = 1.106208e-06 | grad_norm = 532.894044
  Batch 2951: loss = 2.214893 | LR = 1.103714e-06 | grad_norm = 260.285712
  Batch 2952: loss = 1.581602 | LR = 1.101223e-06 | grad_norm = 266.264737
  Batch 2953: loss = 2.699590 | LR = 1.098734e-06 | grad_norm = 421.657796
  Batch 2954: loss = 3.170338 | LR = 1.096248e-06 | grad_norm = 317.295598
  Batch 2955: loss = 0.245917 | LR = 1.093765e-06 | grad_norm = 121.889607
  Batch 2956: loss = 9.681923 | LR = 1.091285e-06 | grad_norm = 678.121427
  Batch 2957: loss = 0.000088 | LR = 1.088807e-06 | grad_norm = 0.041512
  Batch 2958: loss = 3.392085 | LR = 1.086332e-06 | grad_norm = 366.654984
  Batch 2959: loss = 4.711287 | LR = 1.083860e-06 | grad_norm = 298.587599
  Batch 2960: loss = 4.216485 | LR = 1.081390e-06 | grad_norm = 301.482667
  Batch 2961: loss = 0.106300 | LR = 1.078923e-06 | grad_norm = 73.426754
  Batch 2962: loss = 0.221077 | LR = 1.076459e-06 | grad_norm = 66.249326
  Batch 2963: loss = 0.008248 | LR = 1.073998e-06 | grad_norm = 5.731573
  Batch 2964: loss = 0.007336 | LR = 1.071539e-06 | grad_norm = 2.587558
  Batch 2965: loss = 0.000000 | LR = 1.069083e-06 | grad_norm = 0.000085
  Batch 2966: loss = 2.909018 | LR = 1.066630e-06 | grad_norm = 333.007562
  Batch 2967: loss = 1.510553 | LR = 1.064179e-06 | grad_norm = 209.148375
  Batch 2968: loss = 1.031466 | LR = 1.061731e-06 | grad_norm = 161.028730
  Batch 2969: loss = 0.315475 | LR = 1.059286e-06 | grad_norm = 106.839863
  Batch 2970: loss = 5.301631 | LR = 1.056844e-06 | grad_norm = 322.419415
  Batch 2971: loss = 0.007890 | LR = 1.054404e-06 | grad_norm = 2.866498
  Batch 2972: loss = 7.669658 | LR = 1.051967e-06 | grad_norm = 347.539018
  Batch 2973: loss = 0.002301 | LR = 1.049533e-06 | grad_norm = 1.015299
  Batch 2974: loss = 2.018101 | LR = 1.047101e-06 | grad_norm = 336.579146
  Batch 2975: loss = 2.570535 | LR = 1.044673e-06 | grad_norm = 283.194161
  Batch 2976: loss = 1.197047 | LR = 1.042247e-06 | grad_norm = 340.793253
  Batch 2977: loss = 2.019546 | LR = 1.039823e-06 | grad_norm = 169.312021
  Batch 2978: loss = 3.657611 | LR = 1.037403e-06 | grad_norm = 241.320773
  Batch 2979: loss = 1.235179 | LR = 1.034985e-06 | grad_norm = 327.772502
  Batch 2980: loss = 0.955639 | LR = 1.032570e-06 | grad_norm = 195.578428
  Batch 2981: loss = 1.745670 | LR = 1.030157e-06 | grad_norm = 317.992681
  Batch 2982: loss = 0.028126 | LR = 1.027747e-06 | grad_norm = 22.846381
  Batch 2983: loss = 0.000278 | LR = 1.025340e-06 | grad_norm = 0.138056
  Batch 2984: loss = 2.284503 | LR = 1.022936e-06 | grad_norm = 442.991456
  Batch 2985: loss = 1.109984 | LR = 1.020535e-06 | grad_norm = 161.831982
  Batch 2986: loss = 4.797943 | LR = 1.018136e-06 | grad_norm = 393.286432
  Batch 2987: loss = 5.636003 | LR = 1.015740e-06 | grad_norm = 98.282071
  Batch 2988: loss = 2.730506 | LR = 1.013346e-06 | grad_norm = 546.922253
  Batch 2989: loss = 0.000402 | LR = 1.010956e-06 | grad_norm = 0.213982
  Batch 2990: loss = 0.000007 | LR = 1.008568e-06 | grad_norm = 0.006118
  Batch 2991: loss = 8.543507 | LR = 1.006183e-06 | grad_norm = 469.602013
  Batch 2992: loss = 0.043795 | LR = 1.003800e-06 | grad_norm = 20.184841
  Batch 2993: loss = 0.000528 | LR = 1.001420e-06 | grad_norm = 0.185849
  Batch 2994: loss = 0.000158 | LR = 9.990434e-07 | grad_norm = 0.087188
  Batch 2995: loss = 1.818828 | LR = 9.966691e-07 | grad_norm = 191.405818
  Batch 2996: loss = 1.869409 | LR = 9.942976e-07 | grad_norm = 256.420500
  Batch 2997: loss = 0.000000 | LR = 9.919288e-07 | grad_norm = 0.000000
  Batch 2998: loss = 0.013878 | LR = 9.895627e-07 | grad_norm = 5.143003
  Batch 2999: loss = 0.016306 | LR = 9.871994e-07 | grad_norm = 6.429494
  Batch 3000: loss = 0.583125 | LR = 9.848388e-07 | grad_norm = 178.929616
  Batch 3001: loss = 0.000061 | LR = 9.824809e-07 | grad_norm = 0.026116
  Batch 3002: loss = 0.000001 | LR = 9.801258e-07 | grad_norm = 0.000520
  Batch 3003: loss = 3.841315 | LR = 9.777734e-07 | grad_norm = 161.244541
  Batch 3004: loss = 2.904088 | LR = 9.754238e-07 | grad_norm = 352.014922
  Batch 3005: loss = 0.773462 | LR = 9.730769e-07 | grad_norm = 137.130924
  Batch 3006: loss = 0.006152 | LR = 9.707327e-07 | grad_norm = 5.206916
  Batch 3007: loss = 1.040334 | LR = 9.683912e-07 | grad_norm = 136.762699
  Batch 3008: loss = 9.475065 | LR = 9.660525e-07 | grad_norm = 491.476983
  Batch 3009: loss = 2.116301 | LR = 9.637166e-07 | grad_norm = 391.723884
  Batch 3010: loss = 0.001794 | LR = 9.613833e-07 | grad_norm = 0.790572
  Batch 3011: loss = 4.087376 | LR = 9.590528e-07 | grad_norm = 203.327764
  Batch 3012: loss = 2.426164 | LR = 9.567251e-07 | grad_norm = 162.094396
  Batch 3013: loss = 0.000000 | LR = 9.544000e-07 | grad_norm = 0.000001
  Batch 3014: loss = 1.781123 | LR = 9.520778e-07 | grad_norm = 166.086870
  Batch 3015: loss = 0.923811 | LR = 9.497582e-07 | grad_norm = 178.945114
  Batch 3016: loss = 9.840513 | LR = 9.474414e-07 | grad_norm = 381.085561
  Batch 3017: loss = 0.000555 | LR = 9.451274e-07 | grad_norm = 0.216612
  Batch 3018: loss = 0.000000 | LR = 9.428161e-07 | grad_norm = 0.000000
  Batch 3019: loss = 5.503347 | LR = 9.405075e-07 | grad_norm = 289.671092
  Batch 3020: loss = 0.000371 | LR = 9.382016e-07 | grad_norm = 0.175694
  Batch 3021: loss = 0.190166 | LR = 9.358986e-07 | grad_norm = 66.995559
  Batch 3022: loss = 0.885472 | LR = 9.335982e-07 | grad_norm = 170.425260
  Batch 3023: loss = 2.696448 | LR = 9.313006e-07 | grad_norm = 186.957308
  Batch 3024: loss = 0.009473 | LR = 9.290057e-07 | grad_norm = 4.150583
  Batch 3025: loss = 0.918771 | LR = 9.267136e-07 | grad_norm = 204.472435
  Batch 3026: loss = 2.384346 | LR = 9.244243e-07 | grad_norm = 236.605313
  Batch 3027: loss = 3.321697 | LR = 9.221376e-07 | grad_norm = 267.863956
  Batch 3028: loss = 0.000000 | LR = 9.198538e-07 | grad_norm = 0.000001
  Batch 3029: loss = 2.519136 | LR = 9.175726e-07 | grad_norm = 492.882735
  Batch 3030: loss = 3.001567 | LR = 9.152942e-07 | grad_norm = 509.232849
  Batch 3031: loss = 1.607416 | LR = 9.130186e-07 | grad_norm = 201.053495
  Batch 3032: loss = 0.000000 | LR = 9.107457e-07 | grad_norm = 0.000239
  Batch 3033: loss = 0.000000 | LR = 9.084756e-07 | grad_norm = 0.000168
  Batch 3034: loss = 0.000003 | LR = 9.062082e-07 | grad_norm = 0.001294
  Batch 3035: loss = 2.594772 | LR = 9.039435e-07 | grad_norm = 486.458894
  Batch 3036: loss = 0.048722 | LR = 9.016816e-07 | grad_norm = 26.718090
  Batch 3037: loss = 0.000000 | LR = 8.994225e-07 | grad_norm = 0.000001
  Batch 3038: loss = 0.059527 | LR = 8.971661e-07 | grad_norm = 11.731211
  Batch 3039: loss = 4.597062 | LR = 8.949124e-07 | grad_norm = 246.642868
  Batch 3040: loss = 7.070173 | LR = 8.926615e-07 | grad_norm = 421.075083
  Batch 3041: loss = 4.830676 | LR = 8.904134e-07 | grad_norm = 155.342177
  Batch 3042: loss = 0.070805 | LR = 8.881680e-07 | grad_norm = 38.354715
  Batch 3043: loss = 0.985091 | LR = 8.859253e-07 | grad_norm = 401.016553
  Batch 3044: loss = 0.297593 | LR = 8.836854e-07 | grad_norm = 127.502992
  Batch 3045: loss = 0.000001 | LR = 8.814483e-07 | grad_norm = 0.000288
  Batch 3046: loss = 0.000047 | LR = 8.792139e-07 | grad_norm = 0.016341
  Batch 3047: loss = 1.182639 | LR = 8.769823e-07 | grad_norm = 303.036398
  Batch 3048: loss = 0.063247 | LR = 8.747534e-07 | grad_norm = 28.304705
  Batch 3049: loss = 2.531218 | LR = 8.725273e-07 | grad_norm = 269.207906
  Batch 3050: loss = 6.322551 | LR = 8.703039e-07 | grad_norm = 240.208250
  Batch 3051: loss = 0.000000 | LR = 8.680833e-07 | grad_norm = 0.000000
  Batch 3052: loss = 2.038121 | LR = 8.658654e-07 | grad_norm = 193.551933
  Batch 3053: loss = 5.515734 | LR = 8.636503e-07 | grad_norm = 422.850766
  Batch 3054: loss = 3.273013 | LR = 8.614380e-07 | grad_norm = 619.382548
  Batch 3055: loss = 5.690691 | LR = 8.592284e-07 | grad_norm = 269.075054
  Batch 3056: loss = 0.339513 | LR = 8.570215e-07 | grad_norm = 91.684651
  Batch 3057: loss = 0.183420 | LR = 8.548175e-07 | grad_norm = 44.164702
  Batch 3058: loss = 0.000137 | LR = 8.526161e-07 | grad_norm = 0.062412
  Batch 3059: loss = 0.096792 | LR = 8.504176e-07 | grad_norm = 39.805195
  Batch 3060: loss = 7.872800 | LR = 8.482218e-07 | grad_norm = 473.968719
  Batch 3061: loss = 4.010284 | LR = 8.460288e-07 | grad_norm = 270.894820
  Batch 3062: loss = 2.239094 | LR = 8.438385e-07 | grad_norm = 518.324910
  Batch 3063: loss = 3.108290 | LR = 8.416510e-07 | grad_norm = 230.713455
  Batch 3064: loss = 2.963230 | LR = 8.394662e-07 | grad_norm = 174.365081
  Batch 3065: loss = 0.117141 | LR = 8.372842e-07 | grad_norm = 34.274306
  Batch 3066: loss = 0.000094 | LR = 8.351050e-07 | grad_norm = 0.058801
  Batch 3067: loss = 0.003656 | LR = 8.329285e-07 | grad_norm = 2.523043
  Batch 3068: loss = 0.052801 | LR = 8.307548e-07 | grad_norm = 18.836122
  Batch 3069: loss = 0.000000 | LR = 8.285838e-07 | grad_norm = 0.000000
  Batch 3070: loss = 3.333504 | LR = 8.264156e-07 | grad_norm = 324.070997
  Batch 3071: loss = 0.000154 | LR = 8.242502e-07 | grad_norm = 0.061167
  Batch 3072: loss = 0.181283 | LR = 8.220875e-07 | grad_norm = 68.434568
  Batch 3073: loss = 3.015207 | LR = 8.199277e-07 | grad_norm = 433.463861
  Batch 3074: loss = 4.022723 | LR = 8.177705e-07 | grad_norm = 241.291203
  Batch 3075: loss = 0.002076 | LR = 8.156162e-07 | grad_norm = 0.779840
  Batch 3076: loss = 1.873348 | LR = 8.134646e-07 | grad_norm = 307.774823
  Batch 3077: loss = 0.007672 | LR = 8.113157e-07 | grad_norm = 4.484376
  Batch 3078: loss = 2.005077 | LR = 8.091697e-07 | grad_norm = 288.112797
  Batch 3079: loss = 0.040363 | LR = 8.070264e-07 | grad_norm = 13.972229
  Batch 3080: loss = 0.659823 | LR = 8.048858e-07 | grad_norm = 170.208745
  Batch 3081: loss = 0.693600 | LR = 8.027480e-07 | grad_norm = 172.155878
  Batch 3082: loss = 5.268504 | LR = 8.006131e-07 | grad_norm = 240.865805
  Batch 3083: loss = 4.335866 | LR = 7.984808e-07 | grad_norm = 250.841091
  Batch 3084: loss = 2.885870 | LR = 7.963514e-07 | grad_norm = 164.320749
  Batch 3085: loss = 0.000002 | LR = 7.942247e-07 | grad_norm = 0.001436
  Batch 3086: loss = 1.120757 | LR = 7.921007e-07 | grad_norm = 229.477772
  Batch 3087: loss = 6.948429 | LR = 7.899796e-07 | grad_norm = 539.420726
  Batch 3088: loss = 3.758707 | LR = 7.878612e-07 | grad_norm = 187.525946
  Batch 3089: loss = 5.670650 | LR = 7.857456e-07 | grad_norm = 273.105612
  Batch 3090: loss = 3.775923 | LR = 7.836327e-07 | grad_norm = 247.619252
  Batch 3091: loss = 0.052390 | LR = 7.815227e-07 | grad_norm = 20.889513
  Batch 3092: loss = 0.000024 | LR = 7.794154e-07 | grad_norm = 0.010450
  Batch 3093: loss = 4.780785 | LR = 7.773109e-07 | grad_norm = 248.617572
  Batch 3094: loss = 0.000042 | LR = 7.752091e-07 | grad_norm = 0.024592
  Batch 3095: loss = 0.107945 | LR = 7.731101e-07 | grad_norm = 31.312520
  Batch 3096: loss = 0.008399 | LR = 7.710139e-07 | grad_norm = 3.981924
  Batch 3097: loss = 0.000004 | LR = 7.689205e-07 | grad_norm = 0.003176
  Batch 3098: loss = 8.208601 | LR = 7.668298e-07 | grad_norm = 430.440936
  Batch 3099: loss = 5.631016 | LR = 7.647419e-07 | grad_norm = 334.825883
  Batch 3100: loss = 0.188811 | LR = 7.626568e-07 | grad_norm = 77.977519
  Batch 3101: loss = 1.570641 | LR = 7.605745e-07 | grad_norm = 309.558022
  Batch 3102: loss = 0.002766 | LR = 7.584949e-07 | grad_norm = 1.812305
  Batch 3103: loss = 0.000000 | LR = 7.564181e-07 | grad_norm = 0.000000
  Batch 3104: loss = 13.707647 | LR = 7.543441e-07 | grad_norm = 438.585792
  Batch 3105: loss = 0.000156 | LR = 7.522729e-07 | grad_norm = 0.079644
  Batch 3106: loss = 0.032053 | LR = 7.502045e-07 | grad_norm = 11.833149
  Batch 3107: loss = 0.989839 | LR = 7.481388e-07 | grad_norm = 213.772647
  Batch 3108: loss = 0.000000 | LR = 7.460759e-07 | grad_norm = 0.000000
  Batch 3109: loss = 0.000002 | LR = 7.440158e-07 | grad_norm = 0.000707
  Batch 3110: loss = 4.403083 | LR = 7.419584e-07 | grad_norm = 239.703308
  Batch 3111: loss = 5.378914 | LR = 7.399039e-07 | grad_norm = 270.851943
  Batch 3112: loss = 0.000000 | LR = 7.378521e-07 | grad_norm = 0.000000
  Batch 3113: loss = 8.183709 | LR = 7.358031e-07 | grad_norm = 472.927411
  Batch 3114: loss = 0.001946 | LR = 7.337569e-07 | grad_norm = 1.351555
  Batch 3115: loss = 0.864292 | LR = 7.317134e-07 | grad_norm = 244.105028
  Batch 3116: loss = 0.000000 | LR = 7.296728e-07 | grad_norm = 0.000026
  Batch 3117: loss = 0.005254 | LR = 7.276349e-07 | grad_norm = 2.717206
  Batch 3118: loss = 8.433981 | LR = 7.255998e-07 | grad_norm = 545.252560
  Batch 3119: loss = 0.908840 | LR = 7.235675e-07 | grad_norm = 171.940978
  Batch 3120: loss = 6.060154 | LR = 7.215380e-07 | grad_norm = 546.483515
  Batch 3121: loss = 0.000490 | LR = 7.195112e-07 | grad_norm = 0.259231
  Batch 3122: loss = 0.110935 | LR = 7.174873e-07 | grad_norm = 29.981872
  Batch 3123: loss = 1.719149 | LR = 7.154661e-07 | grad_norm = 190.837296
  Batch 3124: loss = 3.781356 | LR = 7.134477e-07 | grad_norm = 201.175749
  Batch 3125: loss = 6.115335 | LR = 7.114321e-07 | grad_norm = 365.815708
  Batch 3126: loss = 0.004007 | LR = 7.094192e-07 | grad_norm = 2.095852
  Batch 3127: loss = 0.130097 | LR = 7.074092e-07 | grad_norm = 37.922296
  Batch 3128: loss = 0.010660 | LR = 7.054019e-07 | grad_norm = 5.631068
  Batch 3129: loss = 4.501194 | LR = 7.033975e-07 | grad_norm = 212.401861
  Batch 3130: loss = 5.309014 | LR = 7.013958e-07 | grad_norm = 274.903590
  Batch 3131: loss = 5.474458 | LR = 6.993969e-07 | grad_norm = 254.949678
  Batch 3132: loss = 3.910281 | LR = 6.974008e-07 | grad_norm = 260.289650
  Batch 3133: loss = 0.014150 | LR = 6.954075e-07 | grad_norm = 5.168150
  Batch 3134: loss = 0.158740 | LR = 6.934169e-07 | grad_norm = 58.817820
  Batch 3135: loss = 1.135437 | LR = 6.914292e-07 | grad_norm = 258.783925
  Batch 3136: loss = 0.000000 | LR = 6.894442e-07 | grad_norm = 0.000322
  Batch 3137: loss = 1.421309 | LR = 6.874621e-07 | grad_norm = 321.374124
  Batch 3138: loss = 3.836008 | LR = 6.854827e-07 | grad_norm = 224.791224
  Batch 3139: loss = 7.868940 | LR = 6.835061e-07 | grad_norm = 275.916107
  Batch 3140: loss = 3.033136 | LR = 6.815323e-07 | grad_norm = 343.414463
  Batch 3141: loss = 2.728945 | LR = 6.795613e-07 | grad_norm = 310.468537
  Batch 3142: loss = 2.999456 | LR = 6.775931e-07 | grad_norm = 371.762227
  Batch 3143: loss = 0.089701 | LR = 6.756277e-07 | grad_norm = 26.936058
  Batch 3144: loss = 0.692722 | LR = 6.736650e-07 | grad_norm = 169.776986
  Batch 3145: loss = 8.378113 | LR = 6.717052e-07 | grad_norm = 550.719449
  Batch 3146: loss = 4.173951 | LR = 6.697481e-07 | grad_norm = 219.004743
  Batch 3147: loss = 4.369477 | LR = 6.677939e-07 | grad_norm = 465.795196
  Batch 3148: loss = 0.168778 | LR = 6.658424e-07 | grad_norm = 91.330814
  Batch 3149: loss = 1.589241 | LR = 6.638937e-07 | grad_norm = 388.151277
  Batch 3150: loss = 0.011530 | LR = 6.619479e-07 | grad_norm = 7.170986
  Batch 3151: loss = 0.980102 | LR = 6.600048e-07 | grad_norm = 205.213695
  Batch 3152: loss = 8.108335 | LR = 6.580645e-07 | grad_norm = 755.834434
  Batch 3153: loss = 2.442985 | LR = 6.561270e-07 | grad_norm = 289.932364
  Batch 3154: loss = 0.001043 | LR = 6.541923e-07 | grad_norm = 1.091019
  Batch 3155: loss = 9.254226 | LR = 6.522604e-07 | grad_norm = 376.731531
  Batch 3156: loss = 0.035620 | LR = 6.503313e-07 | grad_norm = 12.375217
  Batch 3157: loss = 2.814908 | LR = 6.484050e-07 | grad_norm = 212.093437
  Batch 3158: loss = 0.856518 | LR = 6.464815e-07 | grad_norm = 183.945152
  Batch 3159: loss = 5.860217 | LR = 6.445608e-07 | grad_norm = 199.655704
  Batch 3160: loss = 2.752736 | LR = 6.426429e-07 | grad_norm = 273.856808
  Batch 3161: loss = 1.851077 | LR = 6.407277e-07 | grad_norm = 252.263766
  Batch 3162: loss = 5.497841 | LR = 6.388154e-07 | grad_norm = 418.415693
  Batch 3163: loss = 4.444933 | LR = 6.369059e-07 | grad_norm = 357.046419
  Batch 3164: loss = 0.000050 | LR = 6.349992e-07 | grad_norm = 0.025989
  Batch 3165: loss = 4.973321 | LR = 6.330952e-07 | grad_norm = 712.934697
  Batch 3166: loss = 7.086806 | LR = 6.311941e-07 | grad_norm = 245.253174
  Batch 3167: loss = 4.932086 | LR = 6.292958e-07 | grad_norm = 571.231440
  Batch 3168: loss = 1.403449 | LR = 6.274003e-07 | grad_norm = 274.664356
  Batch 3169: loss = 2.832080 | LR = 6.255075e-07 | grad_norm = 414.826959
  Batch 3170: loss = 0.051453 | LR = 6.236176e-07 | grad_norm = 16.272941
  Batch 3171: loss = 2.350708 | LR = 6.217305e-07 | grad_norm = 209.026744
  Batch 3172: loss = 0.000000 | LR = 6.198462e-07 | grad_norm = 0.000002
  Batch 3173: loss = 3.397844 | LR = 6.179646e-07 | grad_norm = 344.166932
  Batch 3174: loss = 0.001011 | LR = 6.160859e-07 | grad_norm = 0.577795
  Batch 3175: loss = 3.941281 | LR = 6.142100e-07 | grad_norm = 532.794786
  Batch 3176: loss = 0.897221 | LR = 6.123369e-07 | grad_norm = 217.230582
  Batch 3177: loss = 3.514650 | LR = 6.104666e-07 | grad_norm = 205.926206
  Batch 3178: loss = 0.054083 | LR = 6.085991e-07 | grad_norm = 17.648804
  Batch 3179: loss = 0.002298 | LR = 6.067344e-07 | grad_norm = 1.159325
  Batch 3180: loss = 0.000000 | LR = 6.048725e-07 | grad_norm = 0.000000
  Batch 3181: loss = 6.181240 | LR = 6.030134e-07 | grad_norm = 222.761157
  Batch 3182: loss = 0.002258 | LR = 6.011571e-07 | grad_norm = 0.921806
  Batch 3183: loss = 0.200123 | LR = 5.993036e-07 | grad_norm = 83.141109
  Batch 3184: loss = 0.015129 | LR = 5.974530e-07 | grad_norm = 5.402566
  Batch 3185: loss = 0.012417 | LR = 5.956051e-07 | grad_norm = 8.678744
  Batch 3186: loss = 2.646242 | LR = 5.937600e-07 | grad_norm = 299.512464
  Batch 3187: loss = 5.370959 | LR = 5.919178e-07 | grad_norm = 709.123085
  Batch 3188: loss = 4.767199 | LR = 5.900783e-07 | grad_norm = 374.280453
  Batch 3189: loss = 0.470968 | LR = 5.882417e-07 | grad_norm = 186.715847
  Batch 3190: loss = 5.128952 | LR = 5.864079e-07 | grad_norm = 156.931278
  Batch 3191: loss = 0.000000 | LR = 5.845768e-07 | grad_norm = 0.000003
  Batch 3192: loss = 2.491998 | LR = 5.827486e-07 | grad_norm = 186.693750
  Batch 3193: loss = 9.477970 | LR = 5.809232e-07 | grad_norm = 367.965486
  Batch 3194: loss = 0.013960 | LR = 5.791006e-07 | grad_norm = 4.873091
  Batch 3195: loss = 0.002390 | LR = 5.772808e-07 | grad_norm = 1.176902
  Batch 3196: loss = 0.622016 | LR = 5.754638e-07 | grad_norm = 153.870451
  Batch 3197: loss = 5.719059 | LR = 5.736497e-07 | grad_norm = 346.589353
  Batch 3198: loss = 0.181733 | LR = 5.718383e-07 | grad_norm = 49.036612
  Batch 3199: loss = 0.021555 | LR = 5.700298e-07 | grad_norm = 8.166737
  Batch 3200: loss = 8.189547 | LR = 5.682240e-07 | grad_norm = 261.664216
  Batch 3201: loss = 3.577085 | LR = 5.664211e-07 | grad_norm = 267.032368
  Batch 3202: loss = 6.278459 | LR = 5.646210e-07 | grad_norm = 248.774503
  Batch 3203: loss = 3.632447 | LR = 5.628237e-07 | grad_norm = 572.885783
  Batch 3204: loss = 3.152512 | LR = 5.610292e-07 | grad_norm = 366.676103
  Batch 3205: loss = 1.939338 | LR = 5.592376e-07 | grad_norm = 231.655552
  Batch 3206: loss = 1.540317 | LR = 5.574487e-07 | grad_norm = 195.622873
  Batch 3207: loss = 2.730503 | LR = 5.556627e-07 | grad_norm = 992.882927
  Batch 3208: loss = 0.406404 | LR = 5.538794e-07 | grad_norm = 118.240982
  Batch 3209: loss = 5.170265 | LR = 5.520990e-07 | grad_norm = 339.581788
  Batch 3210: loss = 0.000204 | LR = 5.503214e-07 | grad_norm = 0.115314
  Batch 3211: loss = 3.229574 | LR = 5.485466e-07 | grad_norm = 287.006207
  Batch 3212: loss = 1.642103 | LR = 5.467746e-07 | grad_norm = 591.586328
  Batch 3213: loss = 0.023850 | LR = 5.450055e-07 | grad_norm = 7.623624
  Batch 3214: loss = 0.002159 | LR = 5.432391e-07 | grad_norm = 0.638080
  Batch 3215: loss = 0.000156 | LR = 5.414756e-07 | grad_norm = 0.103576
  Batch 3216: loss = 1.238688 | LR = 5.397149e-07 | grad_norm = 391.019974
  Batch 3217: loss = 0.291273 | LR = 5.379570e-07 | grad_norm = 114.106169
  Batch 3218: loss = 2.116546 | LR = 5.362020e-07 | grad_norm = 310.557042
  Batch 3219: loss = 4.074758 | LR = 5.344497e-07 | grad_norm = 422.406814
  Batch 3220: loss = 4.165733 | LR = 5.327003e-07 | grad_norm = 467.462993
  Batch 3221: loss = 9.980510 | LR = 5.309536e-07 | grad_norm = 395.117179
  Batch 3222: loss = 4.595262 | LR = 5.292098e-07 | grad_norm = 470.032382
  Batch 3223: loss = 5.121733 | LR = 5.274689e-07 | grad_norm = 360.595990
  Batch 3224: loss = 2.161269 | LR = 5.257307e-07 | grad_norm = 256.413234
  Batch 3225: loss = 0.402973 | LR = 5.239954e-07 | grad_norm = 129.495482
  Batch 3226: loss = 0.000038 | LR = 5.222628e-07 | grad_norm = 0.023753
  Batch 3227: loss = 0.108069 | LR = 5.205331e-07 | grad_norm = 39.114996
  Batch 3228: loss = 5.781621 | LR = 5.188063e-07 | grad_norm = 643.886719
  Batch 3229: loss = 4.355192 | LR = 5.170822e-07 | grad_norm = 322.697031
  Batch 3230: loss = 0.221037 | LR = 5.153609e-07 | grad_norm = 72.605962
  Batch 3231: loss = 5.084051 | LR = 5.136425e-07 | grad_norm = 319.690385
  Batch 3232: loss = 0.025026 | LR = 5.119269e-07 | grad_norm = 10.827238
  Batch 3233: loss = 0.513464 | LR = 5.102142e-07 | grad_norm = 149.146639
  Batch 3234: loss = 0.000003 | LR = 5.085042e-07 | grad_norm = 0.001724
  Batch 3235: loss = 2.516604 | LR = 5.067971e-07 | grad_norm = 305.024742
  Batch 3236: loss = 2.769467 | LR = 5.050928e-07 | grad_norm = 197.983882
  Batch 3237: loss = 3.942461 | LR = 5.033913e-07 | grad_norm = 181.144538
  Batch 3238: loss = 4.847192 | LR = 5.016926e-07 | grad_norm = 224.498407
  Batch 3239: loss = 4.285191 | LR = 4.999968e-07 | grad_norm = 352.073334
  Batch 3240: loss = 0.004285 | LR = 4.983038e-07 | grad_norm = 2.625580
  Batch 3241: loss = 1.923030 | LR = 4.966136e-07 | grad_norm = 328.177439
  Batch 3242: loss = 4.068161 | LR = 4.949262e-07 | grad_norm = 182.478193
  Batch 3243: loss = 0.038772 | LR = 4.932417e-07 | grad_norm = 11.398633
  Batch 3244: loss = 1.315504 | LR = 4.915600e-07 | grad_norm = 225.208512
  Batch 3245: loss = 0.371558 | LR = 4.898811e-07 | grad_norm = 108.240121
  Batch 3246: loss = 0.000308 | LR = 4.882051e-07 | grad_norm = 0.119842
  Batch 3247: loss = 0.000000 | LR = 4.865318e-07 | grad_norm = 0.000000
  Batch 3248: loss = 5.754616 | LR = 4.848614e-07 | grad_norm = 238.598982
  Batch 3249: loss = 8.136977 | LR = 4.831938e-07 | grad_norm = 248.065418
  Batch 3250: loss = 2.956227 | LR = 4.815291e-07 | grad_norm = 416.736233
  Batch 3251: loss = 1.616484 | LR = 4.798672e-07 | grad_norm = 329.086646
  Batch 3252: loss = 0.000000 | LR = 4.782081e-07 | grad_norm = 0.000000
  Batch 3253: loss = 0.467931 | LR = 4.765518e-07 | grad_norm = 177.601839
  Batch 3254: loss = 6.539220 | LR = 4.748984e-07 | grad_norm = 356.519223
  Batch 3255: loss = 3.689537 | LR = 4.732478e-07 | grad_norm = 296.563816
  Batch 3256: loss = 0.000000 | LR = 4.716000e-07 | grad_norm = 0.000005
  Batch 3257: loss = 3.122884 | LR = 4.699551e-07 | grad_norm = 298.050266
  Batch 3258: loss = 4.915132 | LR = 4.683129e-07 | grad_norm = 335.005884
  Batch 3259: loss = 0.000001 | LR = 4.666737e-07 | grad_norm = 0.000464
  Batch 3260: loss = 5.579640 | LR = 4.650372e-07 | grad_norm = 424.141352
  Batch 3261: loss = 0.002977 | LR = 4.634036e-07 | grad_norm = 1.195777
  Batch 3262: loss = 0.176533 | LR = 4.617728e-07 | grad_norm = 51.603072
  Batch 3263: loss = 0.538914 | LR = 4.601448e-07 | grad_norm = 154.790769
  Batch 3264: loss = 0.180707 | LR = 4.585197e-07 | grad_norm = 54.170726
  Batch 3265: loss = 2.782186 | LR = 4.568974e-07 | grad_norm = 241.470813
  Batch 3266: loss = 3.595068 | LR = 4.552779e-07 | grad_norm = 428.056608
  Batch 3267: loss = 0.049635 | LR = 4.536613e-07 | grad_norm = 16.245219
  Batch 3268: loss = 9.216769 | LR = 4.520475e-07 | grad_norm = 477.775562
  Batch 3269: loss = 0.000000 | LR = 4.504365e-07 | grad_norm = 0.000002
  Batch 3270: loss = 1.772013 | LR = 4.488284e-07 | grad_norm = 191.723297
  Batch 3271: loss = 0.704789 | LR = 4.472231e-07 | grad_norm = 192.539481
  Batch 3272: loss = 1.523015 | LR = 4.456206e-07 | grad_norm = 305.970889
  Batch 3273: loss = 0.067193 | LR = 4.440210e-07 | grad_norm = 26.909021
  Batch 3274: loss = 1.313674 | LR = 4.424242e-07 | grad_norm = 291.092774
  Batch 3275: loss = 3.090837 | LR = 4.408302e-07 | grad_norm = 260.576406
  Batch 3276: loss = 6.211952 | LR = 4.392391e-07 | grad_norm = 213.806698
  Batch 3277: loss = 6.482975 | LR = 4.376508e-07 | grad_norm = 486.680506
  Batch 3278: loss = 3.786864 | LR = 4.360654e-07 | grad_norm = 397.157007
  Batch 3279: loss = 0.018200 | LR = 4.344827e-07 | grad_norm = 4.311130
  Batch 3280: loss = 5.397501 | LR = 4.329030e-07 | grad_norm = 234.633912
  Batch 3281: loss = 0.216914 | LR = 4.313260e-07 | grad_norm = 62.230410
  Batch 3282: loss = 3.792841 | LR = 4.297519e-07 | grad_norm = 473.195964
  Batch 3283: loss = 0.006167 | LR = 4.281806e-07 | grad_norm = 2.390118
  Batch 3284: loss = 4.649845 | LR = 4.266122e-07 | grad_norm = 291.268250
  Batch 3285: loss = 0.688955 | LR = 4.250466e-07 | grad_norm = 160.086637
  Batch 3286: loss = 9.005102 | LR = 4.234839e-07 | grad_norm = 587.494846
  Batch 3287: loss = 0.244391 | LR = 4.219240e-07 | grad_norm = 74.801460
  Batch 3288: loss = 0.000000 | LR = 4.203669e-07 | grad_norm = 0.000001
  Batch 3289: loss = 7.253602 | LR = 4.188126e-07 | grad_norm = 358.001878
  Batch 3290: loss = 0.386429 | LR = 4.172612e-07 | grad_norm = 105.936549
  Batch 3291: loss = 0.054350 | LR = 4.157127e-07 | grad_norm = 45.769009
  Batch 3292: loss = 0.000139 | LR = 4.141670e-07 | grad_norm = 0.086642
  Batch 3293: loss = 0.000002 | LR = 4.126241e-07 | grad_norm = 0.000901
  Batch 3294: loss = 7.963120 | LR = 4.110841e-07 | grad_norm = 328.300758
  Batch 3295: loss = 1.641472 | LR = 4.095469e-07 | grad_norm = 281.053075
  Batch 3296: loss = 0.000000 | LR = 4.080125e-07 | grad_norm = 0.000002
  Batch 3297: loss = 0.089310 | LR = 4.064810e-07 | grad_norm = 36.868014
  Batch 3298: loss = 3.389157 | LR = 4.049523e-07 | grad_norm = 367.356798
  Batch 3299: loss = 5.569023 | LR = 4.034265e-07 | grad_norm = 324.522989
  Batch 3300: loss = 0.000000 | LR = 4.019035e-07 | grad_norm = 0.000001
  Batch 3301: loss = 0.000300 | LR = 4.003834e-07 | grad_norm = 0.160808
  Batch 3302: loss = 7.638709 | LR = 3.988661e-07 | grad_norm = 345.774437
  Batch 3303: loss = 5.470669 | LR = 3.973516e-07 | grad_norm = 365.259524
  Batch 3304: loss = 0.002573 | LR = 3.958400e-07 | grad_norm = 1.495271
  Batch 3305: loss = 0.017776 | LR = 3.943312e-07 | grad_norm = 6.751302
  Batch 3306: loss = 5.898400 | LR = 3.928253e-07 | grad_norm = 290.306656
  Batch 3307: loss = 0.718931 | LR = 3.913222e-07 | grad_norm = 197.166082
  Batch 3308: loss = 1.202372 | LR = 3.898220e-07 | grad_norm = 275.632929
  Batch 3309: loss = 5.001510 | LR = 3.883246e-07 | grad_norm = 216.208735
  Batch 3310: loss = 0.000402 | LR = 3.868300e-07 | grad_norm = 0.226026
  Batch 3311: loss = 4.059193 | LR = 3.853383e-07 | grad_norm = 189.862446
  Batch 3312: loss = 0.097511 | LR = 3.838495e-07 | grad_norm = 28.899290
  Batch 3313: loss = 0.049248 | LR = 3.823635e-07 | grad_norm = 18.820240
  Batch 3314: loss = 6.879740 | LR = 3.808803e-07 | grad_norm = 474.671155
  Batch 3315: loss = 1.547888 | LR = 3.794000e-07 | grad_norm = 253.982398
  Batch 3316: loss = 0.000012 | LR = 3.779225e-07 | grad_norm = 0.008246
  Batch 3317: loss = 2.445154 | LR = 3.764479e-07 | grad_norm = 329.441495
  Batch 3318: loss = 5.822214 | LR = 3.749761e-07 | grad_norm = 354.712734
  Batch 3319: loss = 1.040385 | LR = 3.735072e-07 | grad_norm = 170.700228
  Batch 3320: loss = 6.487430 | LR = 3.720411e-07 | grad_norm = 309.136763
  Batch 3321: loss = 0.443859 | LR = 3.705779e-07 | grad_norm = 123.138585
  Batch 3322: loss = 2.669460 | LR = 3.691175e-07 | grad_norm = 272.365981
  Batch 3323: loss = 1.312379 | LR = 3.676600e-07 | grad_norm = 199.982432
  Batch 3324: loss = 4.309610 | LR = 3.662053e-07 | grad_norm = 170.771922
  Batch 3325: loss = 1.378722 | LR = 3.647535e-07 | grad_norm = 282.601814
  Batch 3326: loss = 5.541879 | LR = 3.633045e-07 | grad_norm = 349.606571
  Batch 3327: loss = 5.709125 | LR = 3.618583e-07 | grad_norm = 224.373940
  Batch 3328: loss = 0.000000 | LR = 3.604151e-07 | grad_norm = 0.000000
  Batch 3329: loss = 4.793957 | LR = 3.589746e-07 | grad_norm = 250.103903
  Batch 3330: loss = 4.781096 | LR = 3.575370e-07 | grad_norm = 202.848916
  Batch 3331: loss = 1.038323 | LR = 3.561023e-07 | grad_norm = 289.354362
  Batch 3332: loss = 3.140947 | LR = 3.546704e-07 | grad_norm = 455.837900
  Batch 3333: loss = 5.319703 | LR = 3.532414e-07 | grad_norm = 365.671242
  Batch 3334: loss = 4.530760 | LR = 3.518152e-07 | grad_norm = 231.028588
  Batch 3335: loss = 0.000056 | LR = 3.503919e-07 | grad_norm = 0.027783
  Batch 3336: loss = 4.086563 | LR = 3.489714e-07 | grad_norm = 315.251383
  Batch 3337: loss = 6.533410 | LR = 3.475538e-07 | grad_norm = 606.461742
  Batch 3338: loss = 0.496122 | LR = 3.461390e-07 | grad_norm = 156.749202
  Batch 3339: loss = 0.006093 | LR = 3.447271e-07 | grad_norm = 2.345927
  Batch 3340: loss = 0.000003 | LR = 3.433180e-07 | grad_norm = 0.002021
  Batch 3341: loss = 0.118163 | LR = 3.419118e-07 | grad_norm = 39.287849
  Batch 3342: loss = 5.819672 | LR = 3.405085e-07 | grad_norm = 325.341617
  Batch 3343: loss = 1.950689 | LR = 3.391080e-07 | grad_norm = 469.660641
  Batch 3344: loss = 0.000859 | LR = 3.377103e-07 | grad_norm = 0.417606
  Batch 3345: loss = 2.617781 | LR = 3.363156e-07 | grad_norm = 252.318546
  Batch 3346: loss = 0.000007 | LR = 3.349236e-07 | grad_norm = 0.003474
  Batch 3347: loss = 1.594848 | LR = 3.335345e-07 | grad_norm = 378.779192
  Batch 3348: loss = 2.289801 | LR = 3.321483e-07 | grad_norm = 383.126160
  Batch 3349: loss = 5.168398 | LR = 3.307649e-07 | grad_norm = 66.727652
  Batch 3350: loss = 5.294175 | LR = 3.293844e-07 | grad_norm = 294.053998
  Batch 3351: loss = 0.000001 | LR = 3.280068e-07 | grad_norm = 0.000783
  Batch 3352: loss = 0.331136 | LR = 3.266320e-07 | grad_norm = 132.894878
  Batch 3353: loss = 3.455996 | LR = 3.252600e-07 | grad_norm = 292.879237
  Batch 3354: loss = 0.000000 | LR = 3.238909e-07 | grad_norm = 0.000212
  Batch 3355: loss = 3.797720 | LR = 3.225247e-07 | grad_norm = 282.660520
  Batch 3356: loss = 0.000003 | LR = 3.211613e-07 | grad_norm = 0.001677
  Batch 3357: loss = 1.287743 | LR = 3.198008e-07 | grad_norm = 218.450472
  Batch 3358: loss = 2.294697 | LR = 3.184432e-07 | grad_norm = 216.680150
  Batch 3359: loss = 2.787731 | LR = 3.170884e-07 | grad_norm = 544.934372
  Batch 3360: loss = 2.589963 | LR = 3.157364e-07 | grad_norm = 258.442438
  Batch 3361: loss = 3.222551 | LR = 3.143874e-07 | grad_norm = 253.884149
  Batch 3362: loss = 4.748773 | LR = 3.130411e-07 | grad_norm = 368.250350
  Batch 3363: loss = 2.230319 | LR = 3.116978e-07 | grad_norm = 271.318661
  Batch 3364: loss = 0.000000 | LR = 3.103573e-07 | grad_norm = 0.000080
  Batch 3365: loss = 5.178255 | LR = 3.090196e-07 | grad_norm = 223.912878
  Batch 3366: loss = 0.000002 | LR = 3.076848e-07 | grad_norm = 0.001297
  Batch 3367: loss = 0.002768 | LR = 3.063529e-07 | grad_norm = 2.156671
  Batch 3368: loss = 5.145428 | LR = 3.050239e-07 | grad_norm = 358.576398
  Batch 3369: loss = 0.011981 | LR = 3.036977e-07 | grad_norm = 4.532141
  Batch 3370: loss = 2.121490 | LR = 3.023743e-07 | grad_norm = 188.867266
  Batch 3371: loss = 0.995923 | LR = 3.010538e-07 | grad_norm = 179.753525
  Batch 3372: loss = 5.168784 | LR = 2.997362e-07 | grad_norm = 528.779671
  Batch 3373: loss = 0.366246 | LR = 2.984215e-07 | grad_norm = 126.344541
  Batch 3374: loss = 3.111820 | LR = 2.971096e-07 | grad_norm = 225.259373
  Batch 3375: loss = 0.001272 | LR = 2.958005e-07 | grad_norm = 0.475537
  Batch 3376: loss = 1.681785 | LR = 2.944944e-07 | grad_norm = 370.800024
  Batch 3377: loss = 2.173804 | LR = 2.931911e-07 | grad_norm = 213.053141
  Batch 3378: loss = 4.706697 | LR = 2.918906e-07 | grad_norm = 243.302128
  Batch 3379: loss = 4.843708 | LR = 2.905930e-07 | grad_norm = 486.096495
  Batch 3380: loss = 1.609019 | LR = 2.892983e-07 | grad_norm = 367.979544
  Batch 3381: loss = 6.196111 | LR = 2.880065e-07 | grad_norm = 347.836656
  Batch 3382: loss = 0.508117 | LR = 2.867175e-07 | grad_norm = 129.349829
  Batch 3383: loss = 0.282038 | LR = 2.854314e-07 | grad_norm = 83.842091
  Batch 3384: loss = 9.613882 | LR = 2.841481e-07 | grad_norm = 523.228081
  Batch 3385: loss = 0.965608 | LR = 2.828677e-07 | grad_norm = 265.581235
  Batch 3386: loss = 3.296299 | LR = 2.815902e-07 | grad_norm = 303.331308
  Batch 3387: loss = 0.117738 | LR = 2.803155e-07 | grad_norm = 63.727727
  Batch 3388: loss = 0.000157 | LR = 2.790437e-07 | grad_norm = 0.064264
  Batch 3389: loss = 1.590718 | LR = 2.777748e-07 | grad_norm = 238.431803
  Batch 3390: loss = 1.843403 | LR = 2.765087e-07 | grad_norm = 474.114461
  Batch 3391: loss = 0.000029 | LR = 2.752455e-07 | grad_norm = 0.017789
  Batch 3392: loss = 0.000001 | LR = 2.739852e-07 | grad_norm = 0.000590
  Batch 3393: loss = 0.001064 | LR = 2.727277e-07 | grad_norm = 0.503069
  Batch 3394: loss = 4.143948 | LR = 2.714731e-07 | grad_norm = 491.961050
  Batch 3395: loss = 0.000000 | LR = 2.702214e-07 | grad_norm = 0.000052
  Batch 3396: loss = 0.111319 | LR = 2.689725e-07 | grad_norm = 36.117960
  Batch 3397: loss = 0.000479 | LR = 2.677265e-07 | grad_norm = 0.301493
  Batch 3398: loss = 0.228385 | LR = 2.664834e-07 | grad_norm = 100.686288
  Batch 3399: loss = 0.002264 | LR = 2.652431e-07 | grad_norm = 0.868657
  Batch 3400: loss = 0.132770 | LR = 2.640057e-07 | grad_norm = 42.309271
  Batch 3401: loss = 1.932154 | LR = 2.627712e-07 | grad_norm = 446.338570
  Batch 3402: loss = 15.445419 | LR = 2.615395e-07 | grad_norm = 638.579494
  Batch 3403: loss = 7.520481 | LR = 2.603108e-07 | grad_norm = 271.779888
  Batch 3404: loss = 3.752111 | LR = 2.590848e-07 | grad_norm = 265.369183
  Batch 3405: loss = 0.000011 | LR = 2.578618e-07 | grad_norm = 0.008710
  Batch 3406: loss = 6.762511 | LR = 2.566416e-07 | grad_norm = 495.178472
  Batch 3407: loss = 5.553836 | LR = 2.554243e-07 | grad_norm = 273.956219
  Batch 3408: loss = 0.802995 | LR = 2.542098e-07 | grad_norm = 180.018812
  Batch 3409: loss = 1.342843 | LR = 2.529983e-07 | grad_norm = 266.350397
  Batch 3410: loss = 4.449463 | LR = 2.517896e-07 | grad_norm = 261.180789
  Batch 3411: loss = 7.614908 | LR = 2.505837e-07 | grad_norm = 434.027714
  Batch 3412: loss = 3.157395 | LR = 2.493808e-07 | grad_norm = 390.549978
  Batch 3413: loss = 0.000108 | LR = 2.481807e-07 | grad_norm = 0.077363
  Batch 3414: loss = 4.071468 | LR = 2.469835e-07 | grad_norm = 243.133709
  Batch 3415: loss = 0.000000 | LR = 2.457891e-07 | grad_norm = 0.000000
  Batch 3416: loss = 0.193590 | LR = 2.445977e-07 | grad_norm = 131.623474
  Batch 3417: loss = 0.746360 | LR = 2.434091e-07 | grad_norm = 210.835389
  Batch 3418: loss = 1.334108 | LR = 2.422233e-07 | grad_norm = 243.997402
  Batch 3419: loss = 0.000044 | LR = 2.410405e-07 | grad_norm = 0.023094
  Batch 3420: loss = 9.807083 | LR = 2.398605e-07 | grad_norm = 325.195136
  Batch 3421: loss = 5.519485 | LR = 2.386834e-07 | grad_norm = 242.892636
  Batch 3422: loss = 5.291100 | LR = 2.375092e-07 | grad_norm = 278.065418
  Batch 3423: loss = 0.000000 | LR = 2.363378e-07 | grad_norm = 0.000000
  Batch 3424: loss = 0.346810 | LR = 2.351693e-07 | grad_norm = 135.793796
  Batch 3425: loss = 1.266707 | LR = 2.340037e-07 | grad_norm = 351.503595
  Batch 3426: loss = 0.005046 | LR = 2.328409e-07 | grad_norm = 2.185638
  Batch 3427: loss = 0.139031 | LR = 2.316811e-07 | grad_norm = 59.985818
  Batch 3428: loss = 1.190470 | LR = 2.305241e-07 | grad_norm = 184.348925
  Batch 3429: loss = 0.074180 | LR = 2.293700e-07 | grad_norm = 21.838236
  Batch 3430: loss = 0.572810 | LR = 2.282187e-07 | grad_norm = 130.255986
  Batch 3431: loss = 0.001022 | LR = 2.270704e-07 | grad_norm = 0.352677
  Batch 3432: loss = 6.379232 | LR = 2.259249e-07 | grad_norm = 266.505859
  Batch 3433: loss = 2.341547 | LR = 2.247822e-07 | grad_norm = 251.376481
  Batch 3434: loss = 3.386572 | LR = 2.236425e-07 | grad_norm = 237.947013
  Batch 3435: loss = 0.328471 | LR = 2.225056e-07 | grad_norm = 138.802890
  Batch 3436: loss = 0.020614 | LR = 2.213716e-07 | grad_norm = 4.738454
  Batch 3437: loss = 2.389278 | LR = 2.202405e-07 | grad_norm = 278.377244
  Batch 3438: loss = 0.075345 | LR = 2.191123e-07 | grad_norm = 38.076164
  Batch 3439: loss = 0.771077 | LR = 2.179869e-07 | grad_norm = 219.103527
  Batch 3440: loss = 4.937450 | LR = 2.168645e-07 | grad_norm = 164.222663
  Batch 3441: loss = 5.127897 | LR = 2.157449e-07 | grad_norm = 85.620081
  Batch 3442: loss = 1.618349 | LR = 2.146281e-07 | grad_norm = 549.608145
  Batch 3443: loss = 0.699403 | LR = 2.135143e-07 | grad_norm = 227.015740
  Batch 3444: loss = 0.000002 | LR = 2.124033e-07 | grad_norm = 0.001592
  Batch 3445: loss = 0.037514 | LR = 2.112952e-07 | grad_norm = 14.806503
  Batch 3446: loss = 6.267940 | LR = 2.101900e-07 | grad_norm = 425.266653
  Batch 3447: loss = 3.738788 | LR = 2.090877e-07 | grad_norm = 618.902586
  Batch 3448: loss = 1.779256 | LR = 2.079882e-07 | grad_norm = 306.737221
  Batch 3449: loss = 0.033848 | LR = 2.068916e-07 | grad_norm = 13.053790
  Batch 3450: loss = 5.038701 | LR = 2.057979e-07 | grad_norm = 311.065728
  Batch 3451: loss = 3.487383 | LR = 2.047071e-07 | grad_norm = 333.236681
  Batch 3452: loss = 3.127559 | LR = 2.036192e-07 | grad_norm = 325.163079
  Batch 3453: loss = 3.021211 | LR = 2.025341e-07 | grad_norm = 247.738801
  Batch 3454: loss = 0.152244 | LR = 2.014519e-07 | grad_norm = 40.111113
  Batch 3455: loss = 1.984786 | LR = 2.003726e-07 | grad_norm = 173.528144
  Batch 3456: loss = 1.503891 | LR = 1.992962e-07 | grad_norm = 247.777770
  Batch 3457: loss = 0.000000 | LR = 1.982227e-07 | grad_norm = 0.000014
  Batch 3458: loss = 2.213188 | LR = 1.971520e-07 | grad_norm = 332.010675
  Batch 3459: loss = 2.073598 | LR = 1.960842e-07 | grad_norm = 702.330783
  Batch 3460: loss = 5.231947 | LR = 1.950193e-07 | grad_norm = 207.234183
  Batch 3461: loss = 0.112877 | LR = 1.939573e-07 | grad_norm = 30.427808
  Batch 3462: loss = 9.891232 | LR = 1.928982e-07 | grad_norm = 539.581744
  Batch 3463: loss = 0.121829 | LR = 1.918419e-07 | grad_norm = 47.090716
  Batch 3464: loss = 1.939060 | LR = 1.907885e-07 | grad_norm = 204.070104
  Batch 3465: loss = 0.067189 | LR = 1.897381e-07 | grad_norm = 18.465834
  Batch 3466: loss = 0.563864 | LR = 1.886904e-07 | grad_norm = 225.667852
  Batch 3467: loss = 0.013999 | LR = 1.876457e-07 | grad_norm = 4.603880
  Batch 3468: loss = 5.155913 | LR = 1.866039e-07 | grad_norm = 303.466725
  Batch 3469: loss = 4.026147 | LR = 1.855649e-07 | grad_norm = 290.594565
  Batch 3470: loss = 5.676489 | LR = 1.845288e-07 | grad_norm = 500.320197
  Batch 3471: loss = 4.625960 | LR = 1.834957e-07 | grad_norm = 227.086968
  Batch 3472: loss = 0.000026 | LR = 1.824653e-07 | grad_norm = 0.011367
  Batch 3473: loss = 5.795223 | LR = 1.814379e-07 | grad_norm = 259.621225
  Batch 3474: loss = 4.365077 | LR = 1.804134e-07 | grad_norm = 299.449970
  Batch 3475: loss = 3.336553 | LR = 1.793917e-07 | grad_norm = 182.431092
  Batch 3476: loss = 2.229401 | LR = 1.783730e-07 | grad_norm = 267.422342
  Batch 3477: loss = 0.410924 | LR = 1.773571e-07 | grad_norm = 87.436611
  Batch 3478: loss = 6.890593 | LR = 1.763441e-07 | grad_norm = 305.244951
  Batch 3479: loss = 2.231854 | LR = 1.753339e-07 | grad_norm = 301.633822
  Batch 3480: loss = 3.950889 | LR = 1.743267e-07 | grad_norm = 219.683499
  Batch 3481: loss = 2.211061 | LR = 1.733224e-07 | grad_norm = 265.347925
  Batch 3482: loss = 3.989450 | LR = 1.723209e-07 | grad_norm = 345.904903
  Batch 3483: loss = 7.288562 | LR = 1.713223e-07 | grad_norm = 377.288272
  Batch 3484: loss = 0.002425 | LR = 1.703266e-07 | grad_norm = 1.581898
  Batch 3485: loss = 8.037779 | LR = 1.693338e-07 | grad_norm = 504.937509
  Batch 3486: loss = 0.001208 | LR = 1.683439e-07 | grad_norm = 0.615281
  Batch 3487: loss = 4.085504 | LR = 1.673569e-07 | grad_norm = 365.199327
  Batch 3488: loss = 0.000000 | LR = 1.663727e-07 | grad_norm = 0.000010
  Batch 3489: loss = 4.186250 | LR = 1.653915e-07 | grad_norm = 389.441463
  Batch 3490: loss = 0.044692 | LR = 1.644131e-07 | grad_norm = 14.021650
  Batch 3491: loss = 0.015157 | LR = 1.634376e-07 | grad_norm = 5.342119
  Batch 3492: loss = 2.472969 | LR = 1.624650e-07 | grad_norm = 299.362196
  Batch 3493: loss = 1.091394 | LR = 1.614953e-07 | grad_norm = 197.584136
  Batch 3494: loss = 0.000001 | LR = 1.605285e-07 | grad_norm = 0.000279
  Batch 3495: loss = 2.336891 | LR = 1.595645e-07 | grad_norm = 482.026336
  Batch 3496: loss = 1.459457 | LR = 1.586035e-07 | grad_norm = 181.085744
  Batch 3497: loss = 2.577936 | LR = 1.576453e-07 | grad_norm = 334.274042
  Batch 3498: loss = 4.968676 | LR = 1.566901e-07 | grad_norm = 331.737711
  Batch 3499: loss = 3.750919 | LR = 1.557377e-07 | grad_norm = 431.950804
  Batch 3500: loss = 0.000000 | LR = 1.547882e-07 | grad_norm = 0.000003
  Batch 3501: loss = 0.122441 | LR = 1.538416e-07 | grad_norm = 60.187346
  Batch 3502: loss = 0.000177 | LR = 1.528979e-07 | grad_norm = 0.103851
  Batch 3503: loss = 0.293414 | LR = 1.519570e-07 | grad_norm = 99.137364
  Batch 3504: loss = 0.004678 | LR = 1.510191e-07 | grad_norm = 1.813821
  Batch 3505: loss = 0.288872 | LR = 1.500840e-07 | grad_norm = 88.653852
  Batch 3506: loss = 0.015877 | LR = 1.491519e-07 | grad_norm = 8.167301
  Batch 3507: loss = 6.448275 | LR = 1.482226e-07 | grad_norm = 394.090436
  Batch 3508: loss = 6.041366 | LR = 1.472962e-07 | grad_norm = 604.867794
  Batch 3509: loss = 0.070713 | LR = 1.463728e-07 | grad_norm = 20.416011
  Batch 3510: loss = 0.391093 | LR = 1.454522e-07 | grad_norm = 178.875727
  Batch 3511: loss = 1.703316 | LR = 1.445344e-07 | grad_norm = 302.184713
  Batch 3512: loss = 0.001442 | LR = 1.436196e-07 | grad_norm = 0.605985
  Batch 3513: loss = 2.013341 | LR = 1.427077e-07 | grad_norm = 202.134806
  Batch 3514: loss = 8.114360 | LR = 1.417987e-07 | grad_norm = 524.818361
  Batch 3515: loss = 1.196343 | LR = 1.408925e-07 | grad_norm = 106.057888
  Batch 3516: loss = 0.087813 | LR = 1.399893e-07 | grad_norm = 34.289751
  Batch 3517: loss = 5.941415 | LR = 1.390889e-07 | grad_norm = 523.298486
  Batch 3518: loss = 1.688505 | LR = 1.381915e-07 | grad_norm = 232.955816
  Batch 3519: loss = 0.016103 | LR = 1.372969e-07 | grad_norm = 6.422766
  Batch 3520: loss = 12.019588 | LR = 1.364052e-07 | grad_norm = 357.352212
  Batch 3521: loss = 4.759081 | LR = 1.355164e-07 | grad_norm = 692.476272
  Batch 3522: loss = 0.539584 | LR = 1.346305e-07 | grad_norm = 105.606906
  Batch 3523: loss = 0.000017 | LR = 1.337475e-07 | grad_norm = 0.007494
  Batch 3524: loss = 1.197724 | LR = 1.328674e-07 | grad_norm = 198.859704
  Batch 3525: loss = 2.634395 | LR = 1.319902e-07 | grad_norm = 545.352102
  Batch 3526: loss = 2.812074 | LR = 1.311158e-07 | grad_norm = 203.210447
  Batch 3527: loss = 2.539649 | LR = 1.302444e-07 | grad_norm = 329.567526
  Batch 3528: loss = 5.099988 | LR = 1.293759e-07 | grad_norm = 177.580194
  Batch 3529: loss = 0.741605 | LR = 1.285102e-07 | grad_norm = 169.203297
  Batch 3530: loss = 0.323474 | LR = 1.276475e-07 | grad_norm = 90.524821
  Batch 3531: loss = 2.115058 | LR = 1.267876e-07 | grad_norm = 395.993392
  Batch 3532: loss = 3.489283 | LR = 1.259306e-07 | grad_norm = 257.556367
  Batch 3533: loss = 2.240821 | LR = 1.250766e-07 | grad_norm = 304.135318
  Batch 3534: loss = 1.152113 | LR = 1.242254e-07 | grad_norm = 227.401074
  Batch 3535: loss = 4.027749 | LR = 1.233771e-07 | grad_norm = 236.363600
  Batch 3536: loss = 7.662912 | LR = 1.225317e-07 | grad_norm = 622.296058
  Batch 3537: loss = 8.078049 | LR = 1.216892e-07 | grad_norm = 499.141249
  Batch 3538: loss = 2.265582 | LR = 1.208496e-07 | grad_norm = 295.348122
  Batch 3539: loss = 0.837115 | LR = 1.200129e-07 | grad_norm = 275.779209
  Batch 3540: loss = 2.146612 | LR = 1.191791e-07 | grad_norm = 182.741804
  Batch 3541: loss = 11.647714 | LR = 1.183482e-07 | grad_norm = 481.388085
  Batch 3542: loss = 8.702193 | LR = 1.175202e-07 | grad_norm = 503.127087
  Batch 3543: loss = 8.326312 | LR = 1.166951e-07 | grad_norm = 309.981864
  Batch 3544: loss = 3.327266 | LR = 1.158728e-07 | grad_norm = 208.017426
  Batch 3545: loss = 7.149291 | LR = 1.150535e-07 | grad_norm = 409.631760
  Batch 3546: loss = 6.550069 | LR = 1.142371e-07 | grad_norm = 212.564144
  Batch 3547: loss = 0.395616 | LR = 1.134235e-07 | grad_norm = 88.898682
  Batch 3548: loss = 5.715837 | LR = 1.126129e-07 | grad_norm = 284.233573
  Batch 3549: loss = 1.250425 | LR = 1.118052e-07 | grad_norm = 311.432002
  Batch 3550: loss = 1.610345 | LR = 1.110003e-07 | grad_norm = 342.882154
  Batch 3551: loss = 7.807318 | LR = 1.101984e-07 | grad_norm = 294.941081
  Batch 3552: loss = 9.289759 | LR = 1.093993e-07 | grad_norm = 562.653184
  Batch 3553: loss = 2.192925 | LR = 1.086032e-07 | grad_norm = 401.543342
  Batch 3554: loss = 0.004423 | LR = 1.078099e-07 | grad_norm = 2.050803
  Batch 3555: loss = 0.019221 | LR = 1.070196e-07 | grad_norm = 12.297451
  Batch 3556: loss = 0.003031 | LR = 1.062321e-07 | grad_norm = 1.307799
  Batch 3557: loss = 0.173880 | LR = 1.054475e-07 | grad_norm = 69.184512
  Batch 3558: loss = 7.671397 | LR = 1.046659e-07 | grad_norm = 319.146515
  Batch 3559: loss = 2.478949 | LR = 1.038871e-07 | grad_norm = 461.445548
  Batch 3560: loss = 3.635096 | LR = 1.031112e-07 | grad_norm = 567.550429
  Batch 3561: loss = 0.000000 | LR = 1.023383e-07 | grad_norm = 0.000000
  Batch 3562: loss = 6.187166 | LR = 1.015682e-07 | grad_norm = 454.056415
  Batch 3563: loss = 0.000000 | LR = 1.008010e-07 | grad_norm = 0.000003
  Batch 3564: loss = 3.872304 | LR = 1.000368e-07 | grad_norm = 199.473800
  Batch 3565: loss = 2.549676 | LR = 9.927538e-08 | grad_norm = 331.260247
  Batch 3566: loss = 0.350198 | LR = 9.851690e-08 | grad_norm = 115.119291
  Batch 3567: loss = 3.261551 | LR = 9.776133e-08 | grad_norm = 282.231058
  Batch 3568: loss = 6.880019 | LR = 9.700865e-08 | grad_norm = 254.025371
  Batch 3569: loss = 0.019724 | LR = 9.625887e-08 | grad_norm = 12.323687
  Batch 3570: loss = 3.261263 | LR = 9.551200e-08 | grad_norm = 201.958614
  Batch 3571: loss = 5.669137 | LR = 9.476802e-08 | grad_norm = 205.527072
  Batch 3572: loss = 0.000030 | LR = 9.402695e-08 | grad_norm = 0.018899
  Batch 3573: loss = 0.019101 | LR = 9.328877e-08 | grad_norm = 6.135376
  Batch 3574: loss = 0.219727 | LR = 9.255349e-08 | grad_norm = 78.536635
  Batch 3575: loss = 6.031319 | LR = 9.182112e-08 | grad_norm = 305.910823
  Batch 3576: loss = 1.924847 | LR = 9.109164e-08 | grad_norm = 309.650363
  Batch 3577: loss = 3.107551 | LR = 9.036507e-08 | grad_norm = 281.871438
  Batch 3578: loss = 0.003110 | LR = 8.964140e-08 | grad_norm = 1.355036
  Batch 3579: loss = 4.132829 | LR = 8.892063e-08 | grad_norm = 197.415835
  Batch 3580: loss = 13.092289 | LR = 8.820275e-08 | grad_norm = 564.620166
  Batch 3581: loss = 4.919076 | LR = 8.748778e-08 | grad_norm = 348.169689
  Batch 3582: loss = 0.357254 | LR = 8.677572e-08 | grad_norm = 111.072809
  Batch 3583: loss = 0.205402 | LR = 8.606655e-08 | grad_norm = 64.630418
  Batch 3584: loss = 0.012945 | LR = 8.536029e-08 | grad_norm = 4.354683
  Batch 3585: loss = 0.004511 | LR = 8.465692e-08 | grad_norm = 2.132967
  Batch 3586: loss = 1.101448 | LR = 8.395646e-08 | grad_norm = 339.436727
  Batch 3587: loss = 0.049035 | LR = 8.325890e-08 | grad_norm = 14.490993
  Batch 3588: loss = 1.399586 | LR = 8.256425e-08 | grad_norm = 359.884152
  Batch 3589: loss = 0.024646 | LR = 8.187249e-08 | grad_norm = 9.290101
  Batch 3590: loss = 0.151454 | LR = 8.118364e-08 | grad_norm = 80.121514
  Batch 3591: loss = 5.757030 | LR = 8.049769e-08 | grad_norm = 223.121986
  Batch 3592: loss = 8.224796 | LR = 7.981464e-08 | grad_norm = 446.024792
  Batch 3593: loss = 2.457660 | LR = 7.913450e-08 | grad_norm = 286.996511
  Batch 3594: loss = 3.208208 | LR = 7.845726e-08 | grad_norm = 290.971345
  Batch 3595: loss = 0.459731 | LR = 7.778292e-08 | grad_norm = 194.502737
  Batch 3596: loss = 12.932970 | LR = 7.711149e-08 | grad_norm = 622.371123
  Batch 3597: loss = 0.017219 | LR = 7.644296e-08 | grad_norm = 9.208979
  Batch 3598: loss = 3.120754 | LR = 7.577733e-08 | grad_norm = 235.363864
  Batch 3599: loss = 0.011602 | LR = 7.511461e-08 | grad_norm = 5.269145
  Batch 3600: loss = 0.000406 | LR = 7.445479e-08 | grad_norm = 0.166520
  Batch 3601: loss = 1.706397 | LR = 7.379787e-08 | grad_norm = 284.160243
  Batch 3602: loss = 0.114482 | LR = 7.314386e-08 | grad_norm = 32.655112
  Batch 3603: loss = 0.000000 | LR = 7.249275e-08 | grad_norm = 0.000025
  Batch 3604: loss = 0.109414 | LR = 7.184455e-08 | grad_norm = 48.920281
  Batch 3605: loss = 0.001043 | LR = 7.119925e-08 | grad_norm = 0.515850
  Batch 3606: loss = 0.000000 | LR = 7.055685e-08 | grad_norm = 0.000002
  Batch 3607: loss = 5.596925 | LR = 6.991736e-08 | grad_norm = 345.107782
  Batch 3608: loss = 8.720942 | LR = 6.928078e-08 | grad_norm = 497.535804
  Batch 3609: loss = 5.458516 | LR = 6.864709e-08 | grad_norm = 250.825135
  Batch 3610: loss = 0.000002 | LR = 6.801632e-08 | grad_norm = 0.001092
  Batch 3611: loss = 2.031261 | LR = 6.738845e-08 | grad_norm = 161.156988
  Batch 3612: loss = 7.023432 | LR = 6.676348e-08 | grad_norm = 235.120920
  Batch 3613: loss = 0.008088 | LR = 6.614142e-08 | grad_norm = 3.750731
  Batch 3614: loss = 0.082494 | LR = 6.552227e-08 | grad_norm = 24.519737
  Batch 3615: loss = 6.814362 | LR = 6.490602e-08 | grad_norm = 157.731853
  Batch 3616: loss = 2.183262 | LR = 6.429267e-08 | grad_norm = 256.762330
  Batch 3617: loss = 2.177506 | LR = 6.368224e-08 | grad_norm = 230.386217
  Batch 3618: loss = 3.890308 | LR = 6.307470e-08 | grad_norm = 342.364287
  Batch 3619: loss = 3.979617 | LR = 6.247008e-08 | grad_norm = 227.420997
  Batch 3620: loss = 2.389277 | LR = 6.186836e-08 | grad_norm = 334.723020
  Batch 3621: loss = 9.213042 | LR = 6.126954e-08 | grad_norm = 374.728523
  Batch 3622: loss = 6.480741 | LR = 6.067364e-08 | grad_norm = 536.609549
  Batch 3623: loss = 4.696521 | LR = 6.008063e-08 | grad_norm = 237.299408
  Batch 3624: loss = 3.986503 | LR = 5.949054e-08 | grad_norm = 247.772834
  Batch 3625: loss = 0.000000 | LR = 5.890335e-08 | grad_norm = 0.000313
  Batch 3626: loss = 1.707592 | LR = 5.831907e-08 | grad_norm = 189.045706
  Batch 3627: loss = 0.000000 | LR = 5.773770e-08 | grad_norm = 0.000000
  Batch 3628: loss = 0.179138 | LR = 5.715923e-08 | grad_norm = 56.846312
  Batch 3629: loss = 0.000000 | LR = 5.658367e-08 | grad_norm = 0.000007
  Batch 3630: loss = 0.650326 | LR = 5.601102e-08 | grad_norm = 174.428024
  Batch 3631: loss = 4.993073 | LR = 5.544127e-08 | grad_norm = 286.402389
  Batch 3632: loss = 2.802906 | LR = 5.487443e-08 | grad_norm = 280.231501
  Batch 3633: loss = 0.008642 | LR = 5.431050e-08 | grad_norm = 4.998474
  Batch 3634: loss = 5.702586 | LR = 5.374948e-08 | grad_norm = 217.070671
  Batch 3635: loss = 1.560012 | LR = 5.319136e-08 | grad_norm = 187.365002
  Batch 3636: loss = 5.683999 | LR = 5.263616e-08 | grad_norm = 196.118144
  Batch 3637: loss = 3.847546 | LR = 5.208386e-08 | grad_norm = 183.933373
  Batch 3638: loss = 0.018509 | LR = 5.153447e-08 | grad_norm = 8.973743
  Batch 3639: loss = 0.001448 | LR = 5.098798e-08 | grad_norm = 0.907260
  Batch 3640: loss = 4.114732 | LR = 5.044441e-08 | grad_norm = 569.738952
  Batch 3641: loss = 0.542281 | LR = 4.990374e-08 | grad_norm = 155.691022
  Batch 3642: loss = 0.669721 | LR = 4.936598e-08 | grad_norm = 203.530997
  Batch 3643: loss = 0.338216 | LR = 4.883113e-08 | grad_norm = 116.363184
  Batch 3644: loss = 0.000111 | LR = 4.829919e-08 | grad_norm = 0.067407
  Batch 3645: loss = 0.335406 | LR = 4.777016e-08 | grad_norm = 78.625726
  Batch 3646: loss = 3.802134 | LR = 4.724404e-08 | grad_norm = 281.540588
  Batch 3647: loss = 0.002245 | LR = 4.672082e-08 | grad_norm = 1.217044
  Batch 3648: loss = 4.077306 | LR = 4.620052e-08 | grad_norm = 420.270678
  Batch 3649: loss = 1.175693 | LR = 4.568312e-08 | grad_norm = 314.066625
  Batch 3650: loss = 0.001514 | LR = 4.516863e-08 | grad_norm = 0.720430
  Batch 3651: loss = 3.151271 | LR = 4.465705e-08 | grad_norm = 218.685755
  Batch 3652: loss = 0.525795 | LR = 4.414839e-08 | grad_norm = 109.542396
  Batch 3653: loss = 0.012460 | LR = 4.364263e-08 | grad_norm = 3.998081
  Batch 3654: loss = 0.000756 | LR = 4.313978e-08 | grad_norm = 0.264462
  Batch 3655: loss = 3.510020 | LR = 4.263984e-08 | grad_norm = 209.398983
  Batch 3656: loss = 1.465236 | LR = 4.214281e-08 | grad_norm = 433.023233
  Batch 3657: loss = 2.708858 | LR = 4.164869e-08 | grad_norm = 217.196353
  Batch 3658: loss = 0.003224 | LR = 4.115748e-08 | grad_norm = 1.335398
  Batch 3659: loss = 0.006190 | LR = 4.066918e-08 | grad_norm = 2.810572
  Batch 3660: loss = 0.390885 | LR = 4.018379e-08 | grad_norm = 100.454635
  Batch 3661: loss = 0.392596 | LR = 3.970131e-08 | grad_norm = 135.811382
  Batch 3662: loss = 0.000358 | LR = 3.922174e-08 | grad_norm = 0.176292
  Batch 3663: loss = 1.059937 | LR = 3.874508e-08 | grad_norm = 363.519648
  Batch 3664: loss = 0.000075 | LR = 3.827134e-08 | grad_norm = 0.042829
  Batch 3665: loss = 6.086336 | LR = 3.780050e-08 | grad_norm = 260.512991
  Batch 3666: loss = 0.457972 | LR = 3.733257e-08 | grad_norm = 97.387765
  Batch 3667: loss = 4.990361 | LR = 3.686756e-08 | grad_norm = 397.143421
  Batch 3668: loss = 2.096663 | LR = 3.640545e-08 | grad_norm = 348.144199
  Batch 3669: loss = 0.000000 | LR = 3.594626e-08 | grad_norm = 0.000002
  Batch 3670: loss = 11.839205 | LR = 3.548997e-08 | grad_norm = 582.438225
  Batch 3671: loss = 5.286764 | LR = 3.503660e-08 | grad_norm = 257.324291
  Batch 3672: loss = 3.766837 | LR = 3.458614e-08 | grad_norm = 206.068915
  Batch 3673: loss = 0.000000 | LR = 3.413859e-08 | grad_norm = 0.000000
  Batch 3674: loss = 3.403470 | LR = 3.369395e-08 | grad_norm = 359.634310
  Batch 3675: loss = 0.297570 | LR = 3.325223e-08 | grad_norm = 164.927519
  Batch 3676: loss = 0.063179 | LR = 3.281341e-08 | grad_norm = 19.259319
  Batch 3677: loss = 2.646031 | LR = 3.237751e-08 | grad_norm = 152.182824
  Batch 3678: loss = 0.000000 | LR = 3.194452e-08 | grad_norm = 0.000002
  Batch 3679: loss = 3.955081 | LR = 3.151444e-08 | grad_norm = 300.183027
  Batch 3680: loss = 0.135378 | LR = 3.108727e-08 | grad_norm = 52.442023
  Batch 3681: loss = 5.407066 | LR = 3.066302e-08 | grad_norm = 347.427894
  Batch 3682: loss = 3.982538 | LR = 3.024167e-08 | grad_norm = 214.447333
  Batch 3683: loss = 0.198287 | LR = 2.982324e-08 | grad_norm = 76.970719
  Batch 3684: loss = 0.000048 | LR = 2.940772e-08 | grad_norm = 0.018548
  Batch 3685: loss = 0.811207 | LR = 2.899511e-08 | grad_norm = 228.486400
  Batch 3686: loss = 0.000818 | LR = 2.858542e-08 | grad_norm = 0.382180
  Batch 3687: loss = 1.381152 | LR = 2.817864e-08 | grad_norm = 222.580265
  Batch 3688: loss = 0.003637 | LR = 2.777477e-08 | grad_norm = 1.706392
  Batch 3689: loss = 8.416762 | LR = 2.737381e-08 | grad_norm = 317.546698
  Batch 3690: loss = 0.640952 | LR = 2.697576e-08 | grad_norm = 109.817481
  Batch 3691: loss = 6.010410 | LR = 2.658063e-08 | grad_norm = 311.968437
  Batch 3692: loss = 0.004389 | LR = 2.618841e-08 | grad_norm = 1.689505
  Batch 3693: loss = 0.671010 | LR = 2.579911e-08 | grad_norm = 181.484921
  Batch 3694: loss = 0.178620 | LR = 2.541271e-08 | grad_norm = 78.664544
  Batch 3695: loss = 0.000002 | LR = 2.502923e-08 | grad_norm = 0.001574
  Batch 3696: loss = 9.735926 | LR = 2.464867e-08 | grad_norm = 362.929003
  Batch 3697: loss = 8.396203 | LR = 2.427101e-08 | grad_norm = 407.427150
  Batch 3698: loss = 2.364864 | LR = 2.389627e-08 | grad_norm = 419.220310
  Batch 3699: loss = 4.763002 | LR = 2.352445e-08 | grad_norm = 254.599056
  Batch 3700: loss = 4.224789 | LR = 2.315553e-08 | grad_norm = 338.471757
  Batch 3701: loss = 0.971241 | LR = 2.278953e-08 | grad_norm = 241.178476
  Batch 3702: loss = 0.775214 | LR = 2.242644e-08 | grad_norm = 202.315362
  Batch 3703: loss = 0.137880 | LR = 2.206627e-08 | grad_norm = 48.160770
  Batch 3704: loss = 0.001353 | LR = 2.170901e-08 | grad_norm = 0.753080
  Batch 3705: loss = 0.014488 | LR = 2.135466e-08 | grad_norm = 4.474277
  Batch 3706: loss = 4.047688 | LR = 2.100323e-08 | grad_norm = 581.262287
  Batch 3707: loss = 0.133980 | LR = 2.065471e-08 | grad_norm = 42.036928
  Batch 3708: loss = 0.732044 | LR = 2.030911e-08 | grad_norm = 147.202822
  Batch 3709: loss = 2.457543 | LR = 1.996642e-08 | grad_norm = 364.024638
  Batch 3710: loss = 8.192018 | LR = 1.962664e-08 | grad_norm = 372.877247
  Batch 3711: loss = 2.939135 | LR = 1.928978e-08 | grad_norm = 222.128934
  Batch 3712: loss = 0.854486 | LR = 1.895583e-08 | grad_norm = 246.475803
  Batch 3713: loss = 7.360762 | LR = 1.862480e-08 | grad_norm = 210.924292
  Batch 3714: loss = 4.672361 | LR = 1.829668e-08 | grad_norm = 401.951269
  Batch 3715: loss = 0.000304 | LR = 1.797147e-08 | grad_norm = 0.126374
  Batch 3716: loss = 7.292472 | LR = 1.764918e-08 | grad_norm = 468.310100
  Batch 3717: loss = 0.984664 | LR = 1.732980e-08 | grad_norm = 201.038862
  Batch 3718: loss = 0.331504 | LR = 1.701334e-08 | grad_norm = 94.959708
  Batch 3719: loss = 0.147034 | LR = 1.669979e-08 | grad_norm = 28.043328
  Batch 3720: loss = 2.619477 | LR = 1.638916e-08 | grad_norm = 212.021396
  Batch 3721: loss = 7.298318 | LR = 1.608144e-08 | grad_norm = 314.857543
  Batch 3722: loss = 8.019732 | LR = 1.577664e-08 | grad_norm = 387.457089
  Batch 3723: loss = 3.494205 | LR = 1.547475e-08 | grad_norm = 329.193357
  Batch 3724: loss = 1.298152 | LR = 1.517578e-08 | grad_norm = 654.518852
  Batch 3725: loss = 7.160789 | LR = 1.487972e-08 | grad_norm = 217.369398
  Batch 3726: loss = 0.221993 | LR = 1.458658e-08 | grad_norm = 72.232184
  Batch 3727: loss = 4.630983 | LR = 1.429635e-08 | grad_norm = 274.575186
  Batch 3728: loss = 2.529093 | LR = 1.400903e-08 | grad_norm = 371.273914
  Batch 3729: loss = 3.874203 | LR = 1.372464e-08 | grad_norm = 404.247263
  Batch 3730: loss = 0.007440 | LR = 1.344315e-08 | grad_norm = 4.426440
  Batch 3731: loss = 0.002065 | LR = 1.316458e-08 | grad_norm = 0.744064
  Batch 3732: loss = 1.689922 | LR = 1.288893e-08 | grad_norm = 252.082358
  Batch 3733: loss = 0.028092 | LR = 1.261620e-08 | grad_norm = 12.214126
  Batch 3734: loss = 0.249422 | LR = 1.234637e-08 | grad_norm = 90.335595
  Batch 3735: loss = 0.061173 | LR = 1.207947e-08 | grad_norm = 17.545180
  Batch 3736: loss = 8.693372 | LR = 1.181548e-08 | grad_norm = 267.194375
  Batch 3737: loss = 5.673436 | LR = 1.155440e-08 | grad_norm = 263.008772
  Batch 3738: loss = 5.024731 | LR = 1.129624e-08 | grad_norm = 322.349700
  Batch 3739: loss = 0.295742 | LR = 1.104100e-08 | grad_norm = 92.560823
  Batch 3740: loss = 0.000000 | LR = 1.078867e-08 | grad_norm = 0.000000
  Batch 3741: loss = 3.945480 | LR = 1.053926e-08 | grad_norm = 285.678789
  Batch 3742: loss = 0.000010 | LR = 1.029276e-08 | grad_norm = 0.006026
  Batch 3743: loss = 7.063209 | LR = 1.004918e-08 | grad_norm = 359.986946
  Batch 3744: loss = 0.403153 | LR = 9.808514e-09 | grad_norm = 190.314588
  Batch 3745: loss = 0.000723 | LR = 9.570765e-09 | grad_norm = 0.439384
  Batch 3746: loss = 2.870974 | LR = 9.335932e-09 | grad_norm = 298.600182
  Batch 3747: loss = 0.000000 | LR = 9.104015e-09 | grad_norm = 0.000000
  Batch 3748: loss = 0.641252 | LR = 8.875014e-09 | grad_norm = 174.834739
  Batch 3749: loss = 0.007394 | LR = 8.648929e-09 | grad_norm = 2.385889
  Batch 3750: loss = 5.263975 | LR = 8.425760e-09 | grad_norm = 211.708386
  Batch 3751: loss = 1.161559 | LR = 8.205508e-09 | grad_norm = 221.808242
  Batch 3752: loss = 2.970164 | LR = 7.988172e-09 | grad_norm = 209.433392
  Batch 3753: loss = 4.701109 | LR = 7.773752e-09 | grad_norm = 425.328228
  Batch 3754: loss = 8.315106 | LR = 7.562248e-09 | grad_norm = 484.745644
  Batch 3755: loss = 0.052611 | LR = 7.353661e-09 | grad_norm = 29.427570
  Batch 3756: loss = 1.145883 | LR = 7.147990e-09 | grad_norm = 309.059609
  Batch 3757: loss = 8.013719 | LR = 6.945235e-09 | grad_norm = 481.825692
  Batch 3758: loss = 0.000433 | LR = 6.745397e-09 | grad_norm = 0.236814
  Batch 3759: loss = 2.776387 | LR = 6.548476e-09 | grad_norm = 350.506050
  Batch 3760: loss = 2.230865 | LR = 6.354471e-09 | grad_norm = 363.801423
  Batch 3761: loss = 0.687909 | LR = 6.163382e-09 | grad_norm = 159.135345
  Batch 3762: loss = 0.000000 | LR = 5.975211e-09 | grad_norm = 0.000000
  Batch 3763: loss = 0.844062 | LR = 5.789956e-09 | grad_norm = 158.861252
  Batch 3764: loss = 3.839870 | LR = 5.607617e-09 | grad_norm = 248.388033
  Batch 3765: loss = 3.590478 | LR = 5.428195e-09 | grad_norm = 279.297668
  Batch 3766: loss = 0.000043 | LR = 5.251691e-09 | grad_norm = 0.020740
  Batch 3767: loss = 0.000050 | LR = 5.078102e-09 | grad_norm = 0.023271
  Batch 3768: loss = 0.923555 | LR = 4.907431e-09 | grad_norm = 202.780929
  Batch 3769: loss = 6.876883 | LR = 4.739677e-09 | grad_norm = 231.739870
  Batch 3770: loss = 3.698490 | LR = 4.574839e-09 | grad_norm = 362.594819
  Batch 3771: loss = 0.000000 | LR = 4.412918e-09 | grad_norm = 0.000472
  Batch 3772: loss = 0.000000 | LR = 4.253915e-09 | grad_norm = 0.000025
  Batch 3773: loss = 3.967816 | LR = 4.097828e-09 | grad_norm = 168.638317
  Batch 3774: loss = 4.735450 | LR = 3.944658e-09 | grad_norm = 398.929184
  Batch 3775: loss = 6.088035 | LR = 3.794405e-09 | grad_norm = 339.062578
  Batch 3776: loss = 0.004693 | LR = 3.647070e-09 | grad_norm = 2.478795
  Batch 3777: loss = 4.795604 | LR = 3.502651e-09 | grad_norm = 246.415442
  Batch 3778: loss = 0.022959 | LR = 3.361150e-09 | grad_norm = 10.133071
  Batch 3779: loss = 0.004692 | LR = 3.222565e-09 | grad_norm = 2.311464
  Batch 3780: loss = 0.201001 | LR = 3.086898e-09 | grad_norm = 33.520873
  Batch 3781: loss = 0.000000 | LR = 2.954148e-09 | grad_norm = 0.000037
  Batch 3782: loss = 7.283359 | LR = 2.824316e-09 | grad_norm = 314.186221
  Batch 3783: loss = 1.978140 | LR = 2.697400e-09 | grad_norm = 190.132561
  Batch 3784: loss = 1.584499 | LR = 2.573402e-09 | grad_norm = 711.297041
  Batch 3785: loss = 0.000000 | LR = 2.452321e-09 | grad_norm = 0.000000
  Batch 3786: loss = 0.280324 | LR = 2.334157e-09 | grad_norm = 104.537816
  Batch 3787: loss = 4.151114 | LR = 2.218911e-09 | grad_norm = 260.436041
  Batch 3788: loss = 0.005296 | LR = 2.106582e-09 | grad_norm = 1.814589
  Batch 3789: loss = 0.419767 | LR = 1.997171e-09 | grad_norm = 270.060571
  Batch 3790: loss = 0.000000 | LR = 1.890676e-09 | grad_norm = 0.000261
  Batch 3791: loss = 3.047996 | LR = 1.787100e-09 | grad_norm = 339.145753
  Batch 3792: loss = 4.729062 | LR = 1.686440e-09 | grad_norm = 219.803765
  Batch 3793: loss = 2.179717 | LR = 1.588698e-09 | grad_norm = 201.960797
  Batch 3794: loss = 0.000515 | LR = 1.493874e-09 | grad_norm = 0.186928
  Batch 3795: loss = 0.000000 | LR = 1.401967e-09 | grad_norm = 0.000175
  Batch 3796: loss = 2.155033 | LR = 1.312978e-09 | grad_norm = 320.085400
  Batch 3797: loss = 0.743803 | LR = 1.226906e-09 | grad_norm = 203.306855
  Batch 3798: loss = 0.000341 | LR = 1.143752e-09 | grad_norm = 0.146279
  Batch 3799: loss = 0.928208 | LR = 1.063515e-09 | grad_norm = 274.764816
  Batch 3800: loss = 0.163691 | LR = 9.861956e-10 | grad_norm = 80.879583
  Batch 3801: loss = 0.668870 | LR = 9.117940e-10 | grad_norm = 153.822360
  Batch 3802: loss = 1.901387 | LR = 8.403100e-10 | grad_norm = 271.852419
  Batch 3803: loss = 7.802554 | LR = 7.717436e-10 | grad_norm = 357.730757
  Batch 3804: loss = 0.299361 | LR = 7.060949e-10 | grad_norm = 120.903091
  Batch 3805: loss = 4.512630 | LR = 6.433637e-10 | grad_norm = 494.809195
  Batch 3806: loss = 1.081339 | LR = 5.835502e-10 | grad_norm = 398.230411
  Batch 3807: loss = 3.237507 | LR = 5.266544e-10 | grad_norm = 438.207643
  Batch 3808: loss = 0.025316 | LR = 4.726762e-10 | grad_norm = 10.410594
  Batch 3809: loss = 0.264074 | LR = 4.216158e-10 | grad_norm = 104.755433
  Batch 3810: loss = 2.485291 | LR = 3.734730e-10 | grad_norm = 217.113387
  Batch 3811: loss = 3.108710 | LR = 3.282479e-10 | grad_norm = 397.766177
  Batch 3812: loss = 6.889897 | LR = 2.859405e-10 | grad_norm = 348.388802
  Batch 3813: loss = 6.617737 | LR = 2.465509e-10 | grad_norm = 379.628841
  Batch 3814: loss = 0.002356 | LR = 2.100789e-10 | grad_norm = 1.242390
  Batch 3815: loss = 0.000491 | LR = 1.765247e-10 | grad_norm = 0.214038
  Batch 3816: loss = 3.679553 | LR = 1.458882e-10 | grad_norm = 193.993599
  Batch 3817: loss = 2.847183 | LR = 1.181695e-10 | grad_norm = 248.620707
  Batch 3818: loss = 0.000016 | LR = 9.336852e-11 | grad_norm = 0.009000
  Batch 3819: loss = 4.046885 | LR = 7.148529e-11 | grad_norm = 345.329496
  Batch 3820: loss = 6.858164 | LR = 5.251982e-11 | grad_norm = 343.425385
  Batch 3821: loss = 6.353541 | LR = 3.647210e-11 | grad_norm = 257.525864
  Batch 3822: loss = 0.039493 | LR = 2.334215e-11 | grad_norm = 14.417469
  Batch 3823: loss = 0.138276 | LR = 1.312996e-11 | grad_norm = 35.763489
  Batch 3824: loss = 1.603724 | LR = 5.835538e-12 | grad_norm = 294.707237
  Batch 3825: loss = 0.495051 | LR = 1.458885e-12 | grad_norm = 149.820903
  Batch 3826: loss = 1.886403 | LR = 0.000000e+00 | grad_norm = 238.699170
Epoch 2: Average loss = 2.4746, Train Acc = 47.62%, Duration = 108.80s
Validation Acc = 59.18% (18114/30607)
