Initialized distributed training on 8 GPUs
Global batch size: 1024
Base LR: 0.050000
Loading CIFAR-10 training dataset...
  Batch 1: loss = 2.452373 | LR = 1.287500e-02
  Batch 2: loss = 2.459511 | LR = 2.525000e-02
  Batch 3: loss = 2.550039 | LR = 3.762500e-02
  Batch 4: loss = 2.485990 | LR = 5.000000e-02
  Batch 5: loss = 2.495818 | LR = 4.999999e-02
  Batch 6: loss = 2.396471 | LR = 4.999998e-02
  Batch 7: loss = 2.387769 | LR = 4.999995e-02
  Batch 8: loss = 2.296178 | LR = 4.999991e-02
  Batch 9: loss = 2.400308 | LR = 4.999987e-02
  Batch 10: loss = 2.355763 | LR = 4.999981e-02
  Batch 11: loss = 2.290340 | LR = 4.999974e-02
  Batch 12: loss = 2.276206 | LR = 4.999966e-02
  Batch 13: loss = 2.362697 | LR = 4.999957e-02
  Batch 14: loss = 2.303626 | LR = 4.999946e-02
  Batch 15: loss = 2.383299 | LR = 4.999935e-02
  Batch 16: loss = 2.165373 | LR = 4.999923e-02
  Batch 17: loss = 2.258646 | LR = 4.999909e-02
  Batch 18: loss = 2.344571 | LR = 4.999895e-02
  Batch 19: loss = 2.282944 | LR = 4.999879e-02
  Batch 20: loss = 2.247674 | LR = 4.999863e-02
  Batch 21: loss = 2.146136 | LR = 4.999845e-02
  Batch 22: loss = 2.215756 | LR = 4.999826e-02
  Batch 23: loss = 2.111733 | LR = 4.999806e-02
  Batch 24: loss = 2.116945 | LR = 4.999785e-02
  Batch 25: loss = 2.049143 | LR = 4.999763e-02
  Batch 26: loss = 2.251333 | LR = 4.999740e-02
  Batch 27: loss = 2.128636 | LR = 4.999716e-02
  Batch 28: loss = 2.261758 | LR = 4.999691e-02
  Batch 29: loss = 2.136555 | LR = 4.999665e-02
  Batch 30: loss = 2.178518 | LR = 4.999637e-02
  Batch 31: loss = 2.101117 | LR = 4.999609e-02
  Batch 32: loss = 2.101133 | LR = 4.999580e-02
  Batch 33: loss = 2.137383 | LR = 4.999549e-02
  Batch 34: loss = 2.227698 | LR = 4.999517e-02
  Batch 35: loss = 2.078748 | LR = 4.999485e-02
  Batch 36: loss = 2.062452 | LR = 4.999451e-02
  Batch 37: loss = 2.084858 | LR = 4.999416e-02
  Batch 38: loss = 2.111841 | LR = 4.999380e-02
  Batch 39: loss = 2.188210 | LR = 4.999343e-02
  Batch 40: loss = 2.174986 | LR = 4.999305e-02
  Batch 41: loss = 2.036139 | LR = 4.999266e-02
  Batch 42: loss = 2.140701 | LR = 4.999226e-02
  Batch 43: loss = 2.076423 | LR = 4.999184e-02
  Batch 44: loss = 2.059799 | LR = 4.999142e-02
  Batch 45: loss = 2.161755 | LR = 4.999098e-02
  Batch 46: loss = 2.161789 | LR = 4.999054e-02
  Batch 47: loss = 2.203297 | LR = 4.999008e-02
  Batch 48: loss = 2.089873 | LR = 4.998962e-02
Epoch 1: Average loss = 2.2290, Duration = 1.49s
  Batch 1: loss = 2.072471 | LR = 4.998914e-02
  Batch 2: loss = 2.084119 | LR = 4.998865e-02
  Batch 3: loss = 2.276380 | LR = 4.998815e-02
  Batch 4: loss = 2.207503 | LR = 4.998764e-02
  Batch 5: loss = 2.178256 | LR = 4.998712e-02
  Batch 6: loss = 2.103545 | LR = 4.998659e-02
  Batch 7: loss = 2.012136 | LR = 4.998605e-02
  Batch 8: loss = 2.083269 | LR = 4.998550e-02
  Batch 9: loss = 2.007406 | LR = 4.998494e-02
  Batch 10: loss = 2.032799 | LR = 4.998436e-02
  Batch 11: loss = 2.165617 | LR = 4.998378e-02
  Batch 12: loss = 2.014782 | LR = 4.998318e-02
  Batch 13: loss = 1.962159 | LR = 4.998258e-02
  Batch 14: loss = 2.151736 | LR = 4.998196e-02
  Batch 15: loss = 2.099385 | LR = 4.998133e-02
  Batch 16: loss = 2.028307 | LR = 4.998069e-02
  Batch 17: loss = 2.064847 | LR = 4.998004e-02
  Batch 18: loss = 2.141640 | LR = 4.997939e-02
  Batch 19: loss = 2.189565 | LR = 4.997872e-02
  Batch 20: loss = 2.007159 | LR = 4.997803e-02
  Batch 21: loss = 1.932340 | LR = 4.997734e-02
  Batch 22: loss = 2.186642 | LR = 4.997664e-02
  Batch 23: loss = 2.123762 | LR = 4.997593e-02
  Batch 24: loss = 1.950883 | LR = 4.997520e-02
  Batch 25: loss = 2.014384 | LR = 4.997447e-02
  Batch 26: loss = 2.076507 | LR = 4.997372e-02
  Batch 27: loss = 1.933525 | LR = 4.997297e-02
  Batch 28: loss = 2.186637 | LR = 4.997220e-02
  Batch 29: loss = 2.129361 | LR = 4.997142e-02
  Batch 30: loss = 2.076774 | LR = 4.997064e-02
  Batch 31: loss = 2.060510 | LR = 4.996984e-02
  Batch 32: loss = 2.050522 | LR = 4.996903e-02
  Batch 33: loss = 1.957760 | LR = 4.996821e-02
  Batch 34: loss = 2.015470 | LR = 4.996738e-02
  Batch 35: loss = 1.998639 | LR = 4.996653e-02
  Batch 36: loss = 1.890924 | LR = 4.996568e-02
  Batch 37: loss = 2.145687 | LR = 4.996482e-02
  Batch 38: loss = 1.981744 | LR = 4.996394e-02
  Batch 39: loss = 1.832284 | LR = 4.996306e-02
  Batch 40: loss = 2.034111 | LR = 4.996216e-02
  Batch 41: loss = 1.924002 | LR = 4.996126e-02
  Batch 42: loss = 1.940565 | LR = 4.996034e-02
  Batch 43: loss = 1.977079 | LR = 4.995941e-02
  Batch 44: loss = 2.014688 | LR = 4.995848e-02
  Batch 45: loss = 1.931792 | LR = 4.995753e-02
  Batch 46: loss = 1.967713 | LR = 4.995657e-02
  Batch 47: loss = 2.116458 | LR = 4.995560e-02
  Batch 48: loss = 1.969314 | LR = 4.995462e-02
Epoch 2: Average loss = 2.0480, Duration = 0.97s
  Batch 1: loss = 2.016982 | LR = 4.995363e-02
  Batch 2: loss = 1.997355 | LR = 4.995262e-02
  Batch 3: loss = 2.174256 | LR = 4.995161e-02
  Batch 4: loss = 1.978475 | LR = 4.995059e-02
  Batch 5: loss = 1.882795 | LR = 4.994955e-02
  Batch 6: loss = 1.965728 | LR = 4.994851e-02
  Batch 7: loss = 1.919100 | LR = 4.994745e-02
  Batch 8: loss = 1.943658 | LR = 4.994638e-02
  Batch 9: loss = 2.016877 | LR = 4.994531e-02
  Batch 10: loss = 1.873341 | LR = 4.994422e-02
  Batch 11: loss = 1.966842 | LR = 4.994312e-02
  Batch 12: loss = 1.881111 | LR = 4.994201e-02
  Batch 13: loss = 1.928780 | LR = 4.994089e-02
  Batch 14: loss = 2.062393 | LR = 4.993976e-02
  Batch 15: loss = 1.995667 | LR = 4.993862e-02
  Batch 16: loss = 1.842993 | LR = 4.993747e-02
  Batch 17: loss = 1.895732 | LR = 4.993630e-02
  Batch 18: loss = 1.894533 | LR = 4.993513e-02
  Batch 19: loss = 1.869213 | LR = 4.993394e-02
  Batch 20: loss = 1.970508 | LR = 4.993275e-02
  Batch 21: loss = 1.866108 | LR = 4.993154e-02
  Batch 22: loss = 2.112277 | LR = 4.993033e-02
  Batch 23: loss = 1.891109 | LR = 4.992910e-02
  Batch 24: loss = 1.855399 | LR = 4.992786e-02
  Batch 25: loss = 1.878881 | LR = 4.992661e-02
  Batch 26: loss = 2.008338 | LR = 4.992536e-02
  Batch 27: loss = 1.881983 | LR = 4.992409e-02
  Batch 28: loss = 2.102278 | LR = 4.992280e-02
  Batch 29: loss = 1.861764 | LR = 4.992151e-02
  Batch 30: loss = 1.939727 | LR = 4.992021e-02
  Batch 31: loss = 2.002859 | LR = 4.991890e-02
  Batch 32: loss = 1.913835 | LR = 4.991758e-02
  Batch 33: loss = 1.839911 | LR = 4.991624e-02
  Batch 34: loss = 1.921520 | LR = 4.991490e-02
  Batch 35: loss = 1.888955 | LR = 4.991354e-02
  Batch 36: loss = 1.818505 | LR = 4.991218e-02
  Batch 37: loss = 1.917653 | LR = 4.991080e-02
  Batch 38: loss = 1.978871 | LR = 4.990941e-02
  Batch 39: loss = 1.830454 | LR = 4.990801e-02
  Batch 40: loss = 2.003561 | LR = 4.990660e-02
  Batch 41: loss = 1.817078 | LR = 4.990518e-02
  Batch 42: loss = 1.991640 | LR = 4.990375e-02
  Batch 43: loss = 1.822475 | LR = 4.990231e-02
  Batch 44: loss = 1.860442 | LR = 4.990086e-02
  Batch 45: loss = 1.890960 | LR = 4.989940e-02
  Batch 46: loss = 1.917710 | LR = 4.989793e-02
  Batch 47: loss = 2.030751 | LR = 4.989644e-02
  Batch 48: loss = 1.792341 | LR = 4.989495e-02
Epoch 3: Average loss = 1.9315, Duration = 1.00s
  Batch 1: loss = 1.804665 | LR = 4.989344e-02
  Batch 2: loss = 1.836797 | LR = 4.989193e-02
  Batch 3: loss = 1.889245 | LR = 4.989040e-02
  Batch 4: loss = 1.952635 | LR = 4.988886e-02
  Batch 5: loss = 1.893877 | LR = 4.988732e-02
  Batch 6: loss = 1.890371 | LR = 4.988576e-02
  Batch 7: loss = 1.805030 | LR = 4.988419e-02
  Batch 8: loss = 1.905501 | LR = 4.988261e-02
  Batch 9: loss = 1.852456 | LR = 4.988102e-02
  Batch 10: loss = 1.732384 | LR = 4.987942e-02
  Batch 11: loss = 1.951633 | LR = 4.987781e-02
  Batch 12: loss = 1.862927 | LR = 4.987618e-02
  Batch 13: loss = 1.772502 | LR = 4.987455e-02
  Batch 14: loss = 1.992146 | LR = 4.987291e-02
  Batch 15: loss = 2.019949 | LR = 4.987125e-02
  Batch 16: loss = 1.799143 | LR = 4.986959e-02
  Batch 17: loss = 1.841513 | LR = 4.986791e-02
  Batch 18: loss = 1.816164 | LR = 4.986622e-02
  Batch 19: loss = 1.875931 | LR = 4.986453e-02
  Batch 20: loss = 2.010106 | LR = 4.986282e-02
  Batch 21: loss = 1.860775 | LR = 4.986110e-02
  Batch 22: loss = 1.912767 | LR = 4.985937e-02
  Batch 23: loss = 1.842566 | LR = 4.985763e-02
  Batch 24: loss = 1.897524 | LR = 4.985588e-02
  Batch 25: loss = 1.850460 | LR = 4.985412e-02
  Batch 26: loss = 1.834248 | LR = 4.985235e-02
  Batch 27: loss = 1.838754 | LR = 4.985057e-02
  Batch 28: loss = 1.988740 | LR = 4.984877e-02
  Batch 29: loss = 1.835165 | LR = 4.984697e-02
  Batch 30: loss = 1.976858 | LR = 4.984515e-02
  Batch 31: loss = 1.814403 | LR = 4.984333e-02
  Batch 32: loss = 1.945646 | LR = 4.984149e-02
  Batch 33: loss = 1.772666 | LR = 4.983965e-02
  Batch 34: loss = 1.893815 | LR = 4.983779e-02
  Batch 35: loss = 1.807435 | LR = 4.983592e-02
  Batch 36: loss = 1.869465 | LR = 4.983404e-02
  Batch 37: loss = 1.805202 | LR = 4.983215e-02
  Batch 38: loss = 1.824434 | LR = 4.983025e-02
  Batch 39: loss = 1.724733 | LR = 4.982834e-02
  Batch 40: loss = 1.862932 | LR = 4.982642e-02
  Batch 41: loss = 1.711490 | LR = 4.982449e-02
  Batch 42: loss = 1.882771 | LR = 4.982255e-02
  Batch 43: loss = 1.777444 | LR = 4.982060e-02
  Batch 44: loss = 1.767578 | LR = 4.981863e-02
  Batch 45: loss = 1.823651 | LR = 4.981666e-02
  Batch 46: loss = 1.935542 | LR = 4.981467e-02
  Batch 47: loss = 2.003522 | LR = 4.981268e-02
  Batch 48: loss = 1.691148 | LR = 4.981067e-02
Epoch 4: Average loss = 1.8595, Duration = 1.06s
  Batch 1: loss = 1.840780 | LR = 4.980865e-02
  Batch 2: loss = 1.751191 | LR = 4.980663e-02
  Batch 3: loss = 1.942383 | LR = 4.980459e-02
  Batch 4: loss = 1.782312 | LR = 4.980254e-02
  Batch 5: loss = 1.830943 | LR = 4.980048e-02
  Batch 6: loss = 1.823202 | LR = 4.979841e-02
  Batch 7: loss = 1.750341 | LR = 4.979633e-02
  Batch 8: loss = 1.853183 | LR = 4.979424e-02
  Batch 9: loss = 1.863602 | LR = 4.979214e-02
  Batch 10: loss = 1.852021 | LR = 4.979002e-02
  Batch 11: loss = 1.890208 | LR = 4.978790e-02
  Batch 12: loss = 1.763573 | LR = 4.978577e-02
  Batch 13: loss = 1.707124 | LR = 4.978362e-02
  Batch 14: loss = 1.813918 | LR = 4.978147e-02
  Batch 15: loss = 1.840129 | LR = 4.977930e-02
  Batch 16: loss = 1.816584 | LR = 4.977712e-02
  Batch 17: loss = 1.781635 | LR = 4.977494e-02
  Batch 18: loss = 1.817365 | LR = 4.977274e-02
  Batch 19: loss = 1.762583 | LR = 4.977053e-02
  Batch 20: loss = 1.900765 | LR = 4.976831e-02
  Batch 21: loss = 1.788089 | LR = 4.976608e-02
  Batch 22: loss = 1.805794 | LR = 4.976384e-02
  Batch 23: loss = 1.803393 | LR = 4.976159e-02
  Batch 24: loss = 1.691373 | LR = 4.975933e-02
  Batch 25: loss = 1.701392 | LR = 4.975706e-02
  Batch 26: loss = 1.819583 | LR = 4.975477e-02
  Batch 27: loss = 1.795664 | LR = 4.975248e-02
  Batch 28: loss = 1.997477 | LR = 4.975018e-02
  Batch 29: loss = 1.888771 | LR = 4.974786e-02
  Batch 30: loss = 1.825427 | LR = 4.974554e-02
  Batch 31: loss = 1.841250 | LR = 4.974320e-02
  Batch 32: loss = 1.835080 | LR = 4.974085e-02
  Batch 33: loss = 1.726748 | LR = 4.973850e-02
  Batch 34: loss = 1.806994 | LR = 4.973613e-02
  Batch 35: loss = 1.734109 | LR = 4.973375e-02
  Batch 36: loss = 1.733623 | LR = 4.973136e-02
  Batch 37: loss = 1.732071 | LR = 4.972896e-02
  Batch 38: loss = 1.779133 | LR = 4.972655e-02
  Batch 39: loss = 1.781115 | LR = 4.972413e-02
  Batch 40: loss = 1.786317 | LR = 4.972170e-02
  Batch 41: loss = 1.641412 | LR = 4.971926e-02
  Batch 42: loss = 1.827517 | LR = 4.971681e-02
  Batch 43: loss = 1.788981 | LR = 4.971434e-02
  Batch 44: loss = 1.641656 | LR = 4.971187e-02
  Batch 45: loss = 1.756959 | LR = 4.970938e-02
  Batch 46: loss = 1.787480 | LR = 4.970689e-02
  Batch 47: loss = 1.941065 | LR = 4.970438e-02
  Batch 48: loss = 1.702746 | LR = 4.970187e-02
Epoch 5: Average loss = 1.7989, Duration = 0.99s
  Batch 1: loss = 1.647045 | LR = 4.969934e-02
  Batch 2: loss = 1.717095 | LR = 4.969680e-02
  Batch 3: loss = 1.875013 | LR = 4.969425e-02
  Batch 4: loss = 1.735784 | LR = 4.969170e-02
  Batch 5: loss = 1.739179 | LR = 4.968913e-02
  Batch 6: loss = 1.815832 | LR = 4.968655e-02
  Batch 7: loss = 1.803038 | LR = 4.968396e-02
  Batch 8: loss = 1.655829 | LR = 4.968136e-02
  Batch 9: loss = 1.911452 | LR = 4.967874e-02
  Batch 10: loss = 1.705673 | LR = 4.967612e-02
  Batch 11: loss = 1.919080 | LR = 4.967349e-02
  Batch 12: loss = 1.645621 | LR = 4.967085e-02
  Batch 13: loss = 1.635645 | LR = 4.966819e-02
  Batch 14: loss = 1.882086 | LR = 4.966553e-02
  Batch 15: loss = 1.840958 | LR = 4.966285e-02
  Batch 16: loss = 1.714717 | LR = 4.966017e-02
  Batch 17: loss = 1.665758 | LR = 4.965747e-02
  Batch 18: loss = 1.778805 | LR = 4.965476e-02
  Batch 19: loss = 1.681417 | LR = 4.965205e-02
  Batch 20: loss = 1.812805 | LR = 4.964932e-02
  Batch 21: loss = 1.631960 | LR = 4.964658e-02
  Batch 22: loss = 1.702389 | LR = 4.964383e-02
  Batch 23: loss = 1.667765 | LR = 4.964107e-02
  Batch 24: loss = 1.777227 | LR = 4.963830e-02
  Batch 25: loss = 1.709159 | LR = 4.963552e-02
  Batch 26: loss = 1.845922 | LR = 4.963273e-02
  Batch 27: loss = 1.689615 | LR = 4.962993e-02
  Batch 28: loss = 1.902209 | LR = 4.962711e-02
  Batch 29: loss = 1.779032 | LR = 4.962429e-02
  Batch 30: loss = 1.750105 | LR = 4.962146e-02
  Batch 31: loss = 1.908275 | LR = 4.961861e-02
  Batch 32: loss = 1.724166 | LR = 4.961576e-02
  Batch 33: loss = 1.688831 | LR = 4.961289e-02
  Batch 34: loss = 1.817825 | LR = 4.961002e-02
  Batch 35: loss = 1.632352 | LR = 4.960713e-02
  Batch 36: loss = 1.612645 | LR = 4.960423e-02
  Batch 37: loss = 1.768729 | LR = 4.960132e-02
  Batch 38: loss = 1.736573 | LR = 4.959841e-02
  Batch 39: loss = 1.776517 | LR = 4.959548e-02
  Batch 40: loss = 1.842501 | LR = 4.959254e-02
  Batch 41: loss = 1.614049 | LR = 4.958959e-02
  Batch 42: loss = 1.767919 | LR = 4.958663e-02
  Batch 43: loss = 1.709383 | LR = 4.958366e-02
  Batch 44: loss = 1.736276 | LR = 4.958068e-02
  Batch 45: loss = 1.786911 | LR = 4.957768e-02
  Batch 46: loss = 1.731613 | LR = 4.957468e-02
  Batch 47: loss = 1.848686 | LR = 4.957167e-02
  Batch 48: loss = 1.740246 | LR = 4.956864e-02
Epoch 6: Average loss = 1.7517, Duration = 1.02s
  Batch 1: loss = 1.687334 | LR = 4.956561e-02
  Batch 2: loss = 1.717508 | LR = 4.956257e-02
  Batch 3: loss = 1.869335 | LR = 4.955951e-02
  Batch 4: loss = 1.715329 | LR = 4.955644e-02
  Batch 5: loss = 1.637373 | LR = 4.955337e-02
  Batch 6: loss = 1.817553 | LR = 4.955028e-02
  Batch 7: loss = 1.748207 | LR = 4.954718e-02
  Batch 8: loss = 1.745923 | LR = 4.954408e-02
  Batch 9: loss = 1.785559 | LR = 4.954096e-02
  Batch 10: loss = 1.628433 | LR = 4.953783e-02
  Batch 11: loss = 1.938628 | LR = 4.953469e-02
  Batch 12: loss = 1.645369 | LR = 4.953154e-02
  Batch 13: loss = 1.642217 | LR = 4.952838e-02
  Batch 14: loss = 1.771702 | LR = 4.952521e-02
  Batch 15: loss = 1.818374 | LR = 4.952203e-02
  Batch 16: loss = 1.640181 | LR = 4.951883e-02
  Batch 17: loss = 1.593496 | LR = 4.951563e-02
  Batch 18: loss = 1.726651 | LR = 4.951242e-02
  Batch 19: loss = 1.750042 | LR = 4.950919e-02
  Batch 20: loss = 1.788254 | LR = 4.950596e-02
  Batch 21: loss = 1.635207 | LR = 4.950271e-02
  Batch 22: loss = 1.733793 | LR = 4.949946e-02
  Batch 23: loss = 1.799608 | LR = 4.949619e-02
  Batch 24: loss = 1.660494 | LR = 4.949292e-02
  Batch 25: loss = 1.572825 | LR = 4.948963e-02
  Batch 26: loss = 1.643318 | LR = 4.948633e-02
  Batch 27: loss = 1.662705 | LR = 4.948302e-02
  Batch 28: loss = 1.743506 | LR = 4.947971e-02
  Batch 29: loss = 1.725461 | LR = 4.947638e-02
  Batch 30: loss = 1.808972 | LR = 4.947304e-02
  Batch 31: loss = 1.695501 | LR = 4.946969e-02
  Batch 32: loss = 1.737806 | LR = 4.946633e-02
  Batch 33: loss = 1.651268 | LR = 4.946296e-02
  Batch 34: loss = 1.746705 | LR = 4.945958e-02
  Batch 35: loss = 1.549796 | LR = 4.945618e-02
  Batch 36: loss = 1.737991 | LR = 4.945278e-02
  Batch 37: loss = 1.674786 | LR = 4.944937e-02
  Batch 38: loss = 1.831350 | LR = 4.944595e-02
  Batch 39: loss = 1.671782 | LR = 4.944251e-02
  Batch 40: loss = 1.791655 | LR = 4.943907e-02
  Batch 41: loss = 1.648048 | LR = 4.943561e-02
  Batch 42: loss = 1.680011 | LR = 4.943215e-02
  Batch 43: loss = 1.679088 | LR = 4.942867e-02
  Batch 44: loss = 1.658586 | LR = 4.942519e-02
  Batch 45: loss = 1.698363 | LR = 4.942169e-02
  Batch 46: loss = 1.674597 | LR = 4.941818e-02
  Batch 47: loss = 1.869089 | LR = 4.941466e-02
  Batch 48: loss = 1.567337 | LR = 4.941114e-02
Epoch 7: Average loss = 1.7129, Duration = 1.08s
  Batch 1: loss = 1.641742 | LR = 4.940760e-02
  Batch 2: loss = 1.719292 | LR = 4.940405e-02
  Batch 3: loss = 1.745975 | LR = 4.940049e-02
  Batch 4: loss = 1.581360 | LR = 4.939692e-02
  Batch 5: loss = 1.626635 | LR = 4.939334e-02
  Batch 6: loss = 1.756374 | LR = 4.938975e-02
  Batch 7: loss = 1.722020 | LR = 4.938615e-02
  Batch 8: loss = 1.637758 | LR = 4.938253e-02
  Batch 9: loss = 1.754582 | LR = 4.937891e-02
  Batch 10: loss = 1.709072 | LR = 4.937528e-02
  Batch 11: loss = 1.739130 | LR = 4.937164e-02
  Batch 12: loss = 1.624987 | LR = 4.936798e-02
  Batch 13: loss = 1.577994 | LR = 4.936432e-02
  Batch 14: loss = 1.829817 | LR = 4.936064e-02
  Batch 15: loss = 1.831961 | LR = 4.935696e-02
  Batch 16: loss = 1.598096 | LR = 4.935326e-02
  Batch 17: loss = 1.603693 | LR = 4.934956e-02
  Batch 18: loss = 1.665943 | LR = 4.934584e-02
  Batch 19: loss = 1.630567 | LR = 4.934211e-02
  Batch 20: loss = 1.722493 | LR = 4.933838e-02
  Batch 21: loss = 1.656015 | LR = 4.933463e-02
  Batch 22: loss = 1.765216 | LR = 4.933087e-02
  Batch 23: loss = 1.714453 | LR = 4.932710e-02
  Batch 24: loss = 1.654236 | LR = 4.932332e-02
  Batch 25: loss = 1.510494 | LR = 4.931953e-02
  Batch 26: loss = 1.747360 | LR = 4.931573e-02
  Batch 27: loss = 1.590963 | LR = 4.931192e-02
  Batch 28: loss = 1.764067 | LR = 4.930810e-02
  Batch 29: loss = 1.674944 | LR = 4.930427e-02
  Batch 30: loss = 1.741570 | LR = 4.930043e-02
  Batch 31: loss = 1.862093 | LR = 4.929658e-02
  Batch 32: loss = 1.796278 | LR = 4.929271e-02
  Batch 33: loss = 1.564848 | LR = 4.928884e-02
  Batch 34: loss = 1.660568 | LR = 4.928496e-02
  Batch 35: loss = 1.557225 | LR = 4.928106e-02
  Batch 36: loss = 1.633994 | LR = 4.927716e-02
  Batch 37: loss = 1.603559 | LR = 4.927324e-02
  Batch 38: loss = 1.709429 | LR = 4.926932e-02
  Batch 39: loss = 1.821106 | LR = 4.926538e-02
  Batch 40: loss = 1.769909 | LR = 4.926144e-02
  Batch 41: loss = 1.537361 | LR = 4.925748e-02
  Batch 42: loss = 1.689860 | LR = 4.925351e-02
  Batch 43: loss = 1.643676 | LR = 4.924954e-02
  Batch 44: loss = 1.710118 | LR = 4.924555e-02
  Batch 45: loss = 1.784026 | LR = 4.924155e-02
  Batch 46: loss = 1.685253 | LR = 4.923754e-02
  Batch 47: loss = 1.805825 | LR = 4.923352e-02
  Batch 48: loss = 1.628359 | LR = 4.922950e-02
Epoch 8: Average loss = 1.6875, Duration = 1.00s
  Batch 1: loss = 1.630240 | LR = 4.922546e-02
  Batch 2: loss = 1.704892 | LR = 4.922141e-02
  Batch 3: loss = 1.803239 | LR = 4.921735e-02
  Batch 4: loss = 1.604322 | LR = 4.921328e-02
  Batch 5: loss = 1.708708 | LR = 4.920919e-02
  Batch 6: loss = 1.625882 | LR = 4.920510e-02
  Batch 7: loss = 1.723733 | LR = 4.920100e-02
  Batch 8: loss = 1.628937 | LR = 4.919689e-02
  Batch 9: loss = 1.672406 | LR = 4.919277e-02
  Batch 10: loss = 1.615702 | LR = 4.918863e-02
  Batch 11: loss = 1.869905 | LR = 4.918449e-02
  Batch 12: loss = 1.672400 | LR = 4.918034e-02
  Batch 13: loss = 1.593496 | LR = 4.917617e-02
  Batch 14: loss = 1.786322 | LR = 4.917200e-02
  Batch 15: loss = 1.877402 | LR = 4.916781e-02
  Batch 16: loss = 1.640461 | LR = 4.916362e-02
  Batch 17: loss = 1.687455 | LR = 4.915941e-02
  Batch 18: loss = 1.684984 | LR = 4.915520e-02
  Batch 19: loss = 1.721220 | LR = 4.915097e-02
  Batch 20: loss = 1.733349 | LR = 4.914673e-02
  Batch 21: loss = 1.521997 | LR = 4.914249e-02
  Batch 22: loss = 1.717973 | LR = 4.913823e-02
  Batch 23: loss = 1.571761 | LR = 4.913396e-02
  Batch 24: loss = 1.674726 | LR = 4.912968e-02
  Batch 25: loss = 1.533231 | LR = 4.912539e-02
  Batch 26: loss = 1.646603 | LR = 4.912109e-02
  Batch 27: loss = 1.699004 | LR = 4.911679e-02
  Batch 28: loss = 1.680051 | LR = 4.911247e-02
  Batch 29: loss = 1.670606 | LR = 4.910814e-02
  Batch 30: loss = 1.744262 | LR = 4.910380e-02
  Batch 31: loss = 1.686835 | LR = 4.909944e-02
  Batch 32: loss = 1.672260 | LR = 4.909508e-02
  Batch 33: loss = 1.652359 | LR = 4.909071e-02
  Batch 34: loss = 1.617404 | LR = 4.908633e-02
  Batch 35: loss = 1.570316 | LR = 4.908194e-02
  Batch 36: loss = 1.624715 | LR = 4.907754e-02
  Batch 37: loss = 1.641134 | LR = 4.907312e-02
  Batch 38: loss = 1.658541 | LR = 4.906870e-02
  Batch 39: loss = 1.640028 | LR = 4.906427e-02
  Batch 40: loss = 1.802081 | LR = 4.905982e-02
  Batch 41: loss = 1.518130 | LR = 4.905537e-02
  Batch 42: loss = 1.656265 | LR = 4.905091e-02
  Batch 43: loss = 1.581760 | LR = 4.904643e-02
  Batch 44: loss = 1.698092 | LR = 4.904195e-02
  Batch 45: loss = 1.616164 | LR = 4.903745e-02
  Batch 46: loss = 1.548390 | LR = 4.903295e-02
  Batch 47: loss = 1.778301 | LR = 4.902843e-02
  Batch 48: loss = 1.640154 | LR = 4.902390e-02
Epoch 9: Average loss = 1.6677, Duration = 0.98s
  Batch 1: loss = 1.562543 | LR = 4.901937e-02
  Batch 2: loss = 1.677048 | LR = 4.901482e-02
  Batch 3: loss = 1.617295 | LR = 4.901026e-02
  Batch 4: loss = 1.710962 | LR = 4.900570e-02
  Batch 5: loss = 1.483651 | LR = 4.900112e-02
  Batch 6: loss = 1.581110 | LR = 4.899653e-02
  Batch 7: loss = 1.655799 | LR = 4.899193e-02
  Batch 8: loss = 1.637637 | LR = 4.898732e-02
  Batch 9: loss = 1.720166 | LR = 4.898271e-02
  Batch 10: loss = 1.642387 | LR = 4.897808e-02
  Batch 11: loss = 1.748226 | LR = 4.897344e-02
  Batch 12: loss = 1.656770 | LR = 4.896879e-02
  Batch 13: loss = 1.541512 | LR = 4.896413e-02
  Batch 14: loss = 1.755897 | LR = 4.895946e-02
  Batch 15: loss = 1.774222 | LR = 4.895478e-02
  Batch 16: loss = 1.605699 | LR = 4.895009e-02
  Batch 17: loss = 1.607402 | LR = 4.894538e-02
  Batch 18: loss = 1.688870 | LR = 4.894067e-02
  Batch 19: loss = 1.617582 | LR = 4.893595e-02
  Batch 20: loss = 1.799431 | LR = 4.893122e-02
  Batch 21: loss = 1.492799 | LR = 4.892648e-02
  Batch 22: loss = 1.618700 | LR = 4.892173e-02
  Batch 23: loss = 1.630278 | LR = 4.891696e-02
  Batch 24: loss = 1.569281 | LR = 4.891219e-02
  Batch 25: loss = 1.596278 | LR = 4.890741e-02
  Batch 26: loss = 1.659578 | LR = 4.890261e-02
  Batch 27: loss = 1.640647 | LR = 4.889781e-02
  Batch 28: loss = 1.765092 | LR = 4.889299e-02
  Batch 29: loss = 1.733515 | LR = 4.888817e-02
  Batch 30: loss = 1.765069 | LR = 4.888334e-02
  Batch 31: loss = 1.709525 | LR = 4.887849e-02
  Batch 32: loss = 1.677922 | LR = 4.887364e-02
  Batch 33: loss = 1.584804 | LR = 4.886877e-02
  Batch 34: loss = 1.595825 | LR = 4.886390e-02
  Batch 35: loss = 1.523630 | LR = 4.885901e-02
  Batch 36: loss = 1.543959 | LR = 4.885411e-02
  Batch 37: loss = 1.626389 | LR = 4.884921e-02
  Batch 38: loss = 1.765126 | LR = 4.884429e-02
  Batch 39: loss = 1.616089 | LR = 4.883936e-02
  Batch 40: loss = 1.670503 | LR = 4.883443e-02
  Batch 41: loss = 1.571364 | LR = 4.882948e-02
  Batch 42: loss = 1.497000 | LR = 4.882452e-02
  Batch 43: loss = 1.499793 | LR = 4.881956e-02
  Batch 44: loss = 1.639471 | LR = 4.881458e-02
  Batch 45: loss = 1.617024 | LR = 4.880959e-02
  Batch 46: loss = 1.701949 | LR = 4.880459e-02
  Batch 47: loss = 1.711337 | LR = 4.879958e-02
  Batch 48: loss = 1.592012 | LR = 4.879456e-02
Epoch 10: Average loss = 1.6396, Duration = 1.06s
  Batch 1: loss = 1.605282 | LR = 4.878954e-02
  Batch 2: loss = 1.724093 | LR = 4.878450e-02
  Batch 3: loss = 1.868978 | LR = 4.877945e-02
  Batch 4: loss = 1.594264 | LR = 4.877439e-02
  Batch 5: loss = 1.601070 | LR = 4.876932e-02
  Batch 6: loss = 1.657995 | LR = 4.876424e-02
  Batch 7: loss = 1.578192 | LR = 4.875915e-02
  Batch 8: loss = 1.484327 | LR = 4.875405e-02
  Batch 9: loss = 1.655032 | LR = 4.874894e-02
  Batch 10: loss = 1.572559 | LR = 4.874382e-02
  Batch 11: loss = 1.774645 | LR = 4.873869e-02
  Batch 12: loss = 1.517838 | LR = 4.873355e-02
  Batch 13: loss = 1.480602 | LR = 4.872839e-02
  Batch 14: loss = 1.645615 | LR = 4.872323e-02
  Batch 15: loss = 1.802605 | LR = 4.871806e-02
  Batch 16: loss = 1.616892 | LR = 4.871288e-02
  Batch 17: loss = 1.579956 | LR = 4.870769e-02
  Batch 18: loss = 1.543788 | LR = 4.870249e-02
  Batch 19: loss = 1.585883 | LR = 4.869727e-02
  Batch 20: loss = 1.693335 | LR = 4.869205e-02
  Batch 21: loss = 1.497510 | LR = 4.868682e-02
  Batch 22: loss = 1.508677 | LR = 4.868158e-02
  Batch 23: loss = 1.633248 | LR = 4.867632e-02
  Batch 24: loss = 1.432150 | LR = 4.867106e-02
  Batch 25: loss = 1.502318 | LR = 4.866579e-02
  Batch 26: loss = 1.594407 | LR = 4.866050e-02
  Batch 27: loss = 1.653554 | LR = 4.865521e-02
  Batch 28: loss = 1.678182 | LR = 4.864991e-02
  Batch 29: loss = 1.743914 | LR = 4.864459e-02
  Batch 30: loss = 1.652412 | LR = 4.863927e-02
  Batch 31: loss = 1.807842 | LR = 4.863393e-02
  Batch 32: loss = 1.732778 | LR = 4.862859e-02
  Batch 33: loss = 1.568686 | LR = 4.862323e-02
  Batch 34: loss = 1.589216 | LR = 4.861787e-02
  Batch 35: loss = 1.451646 | LR = 4.861250e-02
  Batch 36: loss = 1.731625 | LR = 4.860711e-02
  Batch 37: loss = 1.719741 | LR = 4.860172e-02
  Batch 38: loss = 1.766460 | LR = 4.859631e-02
  Batch 39: loss = 1.539640 | LR = 4.859090e-02
  Batch 40: loss = 1.576109 | LR = 4.858547e-02
  Batch 41: loss = 1.543569 | LR = 4.858003e-02
  Batch 42: loss = 1.627644 | LR = 4.857459e-02
  Batch 43: loss = 1.515800 | LR = 4.856913e-02
  Batch 44: loss = 1.705974 | LR = 4.856367e-02
  Batch 45: loss = 1.628641 | LR = 4.855819e-02
  Batch 46: loss = 1.664962 | LR = 4.855271e-02
  Batch 47: loss = 1.884451 | LR = 4.854721e-02
  Batch 48: loss = 1.638997 | LR = 4.854170e-02
Epoch 11: Average loss = 1.6286, Duration = 1.02s
  Batch 1: loss = 1.645617 | LR = 4.853619e-02
  Batch 2: loss = 1.600102 | LR = 4.853066e-02
  Batch 3: loss = 1.629011 | LR = 4.852512e-02
  Batch 4: loss = 1.549935 | LR = 4.851958e-02
  Batch 5: loss = 1.500103 | LR = 4.851402e-02
  Batch 6: loss = 1.505690 | LR = 4.850845e-02
  Batch 7: loss = 1.534151 | LR = 4.850288e-02
  Batch 8: loss = 1.566859 | LR = 4.849729e-02
  Batch 9: loss = 1.548873 | LR = 4.849169e-02
  Batch 10: loss = 1.523140 | LR = 4.848609e-02
  Batch 11: loss = 1.738980 | LR = 4.848047e-02
  Batch 12: loss = 1.624115 | LR = 4.847484e-02
  Batch 13: loss = 1.503252 | LR = 4.846920e-02
  Batch 14: loss = 1.776404 | LR = 4.846356e-02
  Batch 15: loss = 1.753574 | LR = 4.845790e-02
  Batch 16: loss = 1.507648 | LR = 4.845223e-02
  Batch 17: loss = 1.531590 | LR = 4.844655e-02
  Batch 18: loss = 1.536208 | LR = 4.844087e-02
  Batch 19: loss = 1.511287 | LR = 4.843517e-02
  Batch 20: loss = 1.626887 | LR = 4.842946e-02
  Batch 21: loss = 1.480397 | LR = 4.842374e-02
  Batch 22: loss = 1.631157 | LR = 4.841802e-02
  Batch 23: loss = 1.538970 | LR = 4.841228e-02
  Batch 24: loss = 1.523852 | LR = 4.840653e-02
  Batch 25: loss = 1.465049 | LR = 4.840077e-02
  Batch 26: loss = 1.549513 | LR = 4.839500e-02
  Batch 27: loss = 1.501977 | LR = 4.838923e-02
  Batch 28: loss = 1.768814 | LR = 4.838344e-02
  Batch 29: loss = 1.583516 | LR = 4.837764e-02
  Batch 30: loss = 1.622655 | LR = 4.837183e-02
  Batch 31: loss = 1.638305 | LR = 4.836601e-02
  Batch 32: loss = 1.645864 | LR = 4.836018e-02
  Batch 33: loss = 1.522762 | LR = 4.835435e-02
  Batch 34: loss = 1.550537 | LR = 4.834850e-02
  Batch 35: loss = 1.464430 | LR = 4.834264e-02
  Batch 36: loss = 1.602937 | LR = 4.833677e-02
  Batch 37: loss = 1.508622 | LR = 4.833089e-02
  Batch 38: loss = 1.730405 | LR = 4.832500e-02
  Batch 39: loss = 1.659412 | LR = 4.831911e-02
  Batch 40: loss = 1.571094 | LR = 4.831320e-02
  Batch 41: loss = 1.517805 | LR = 4.830728e-02
  Batch 42: loss = 1.726272 | LR = 4.830135e-02
  Batch 43: loss = 1.516073 | LR = 4.829541e-02
  Batch 44: loss = 1.617579 | LR = 4.828946e-02
  Batch 45: loss = 1.515424 | LR = 4.828351e-02
  Batch 46: loss = 1.561735 | LR = 4.827754e-02
  Batch 47: loss = 1.926832 | LR = 4.827156e-02
  Batch 48: loss = 1.571711 | LR = 4.826557e-02
Epoch 12: Average loss = 1.5881, Duration = 1.04s
  Batch 1: loss = 1.591651 | LR = 4.825957e-02
  Batch 2: loss = 1.681475 | LR = 4.825356e-02
  Batch 3: loss = 1.615785 | LR = 4.824755e-02
  Batch 4: loss = 1.519965 | LR = 4.824152e-02
  Batch 5: loss = 1.563395 | LR = 4.823548e-02
  Batch 6: loss = 1.673501 | LR = 4.822943e-02
  Batch 7: loss = 1.588444 | LR = 4.822337e-02
  Batch 8: loss = 1.480422 | LR = 4.821730e-02
  Batch 9: loss = 1.582670 | LR = 4.821123e-02
  Batch 10: loss = 1.476171 | LR = 4.820514e-02
  Batch 11: loss = 1.684620 | LR = 4.819904e-02
  Batch 12: loss = 1.572704 | LR = 4.819293e-02
  Batch 13: loss = 1.350945 | LR = 4.818681e-02
  Batch 14: loss = 1.635072 | LR = 4.818069e-02
  Batch 15: loss = 1.653001 | LR = 4.817455e-02
  Batch 16: loss = 1.578480 | LR = 4.816840e-02
  Batch 17: loss = 1.432794 | LR = 4.816224e-02
  Batch 18: loss = 1.569289 | LR = 4.815608e-02
  Batch 19: loss = 1.546869 | LR = 4.814990e-02
  Batch 20: loss = 1.686163 | LR = 4.814371e-02
  Batch 21: loss = 1.491693 | LR = 4.813751e-02
  Batch 22: loss = 1.590201 | LR = 4.813131e-02
  Batch 23: loss = 1.516501 | LR = 4.812509e-02
  Batch 24: loss = 1.598749 | LR = 4.811886e-02
  Batch 25: loss = 1.546278 | LR = 4.811262e-02
  Batch 26: loss = 1.591112 | LR = 4.810638e-02
  Batch 27: loss = 1.484890 | LR = 4.810012e-02
  Batch 28: loss = 1.607556 | LR = 4.809385e-02
  Batch 29: loss = 1.598272 | LR = 4.808758e-02
  Batch 30: loss = 1.647159 | LR = 4.808129e-02
  Batch 31: loss = 1.735403 | LR = 4.807499e-02
  Batch 32: loss = 1.706134 | LR = 4.806869e-02
  Batch 33: loss = 1.523593 | LR = 4.806237e-02
  Batch 34: loss = 1.473373 | LR = 4.805604e-02
  Batch 35: loss = 1.584641 | LR = 4.804971e-02
  Batch 36: loss = 1.600317 | LR = 4.804336e-02
  Batch 37: loss = 1.622537 | LR = 4.803701e-02
  Batch 38: loss = 1.609567 | LR = 4.803064e-02
  Batch 39: loss = 1.538478 | LR = 4.802426e-02
  Batch 40: loss = 1.474663 | LR = 4.801788e-02
  Batch 41: loss = 1.447432 | LR = 4.801148e-02
  Batch 42: loss = 1.624439 | LR = 4.800508e-02
  Batch 43: loss = 1.501476 | LR = 4.799866e-02
  Batch 44: loss = 1.705254 | LR = 4.799224e-02
  Batch 45: loss = 1.586329 | LR = 4.798580e-02
  Batch 46: loss = 1.646241 | LR = 4.797936e-02
  Batch 47: loss = 1.730301 | LR = 4.797290e-02
  Batch 48: loss = 1.514076 | LR = 4.796644e-02
Epoch 13: Average loss = 1.5788, Duration = 1.00s
  Batch 1: loss = 1.533283 | LR = 4.795996e-02
  Batch 2: loss = 1.645369 | LR = 4.795348e-02
  Batch 3: loss = 1.684255 | LR = 4.794699e-02
  Batch 4: loss = 1.587126 | LR = 4.794048e-02
  Batch 5: loss = 1.505590 | LR = 4.793397e-02
  Batch 6: loss = 1.631599 | LR = 4.792744e-02
  Batch 7: loss = 1.558158 | LR = 4.792091e-02
  Batch 8: loss = 1.611332 | LR = 4.791437e-02
  Batch 9: loss = 1.568818 | LR = 4.790782e-02
  Batch 10: loss = 1.511417 | LR = 4.790125e-02
  Batch 11: loss = 1.670989 | LR = 4.789468e-02
  Batch 12: loss = 1.606488 | LR = 4.788810e-02
  Batch 13: loss = 1.497184 | LR = 4.788150e-02
  Batch 14: loss = 1.804384 | LR = 4.787490e-02
  Batch 15: loss = 1.691953 | LR = 4.786829e-02
  Batch 16: loss = 1.532535 | LR = 4.786167e-02
  Batch 17: loss = 1.547960 | LR = 4.785504e-02
  Batch 18: loss = 1.449513 | LR = 4.784840e-02
  Batch 19: loss = 1.540460 | LR = 4.784174e-02
  Batch 20: loss = 1.570592 | LR = 4.783508e-02
  Batch 21: loss = 1.465550 | LR = 4.782841e-02
  Batch 22: loss = 1.623940 | LR = 4.782173e-02
  Batch 23: loss = 1.490068 | LR = 4.781504e-02
  Batch 24: loss = 1.484696 | LR = 4.780834e-02
  Batch 25: loss = 1.485620 | LR = 4.780163e-02
  Batch 26: loss = 1.559994 | LR = 4.779491e-02
  Batch 27: loss = 1.627691 | LR = 4.778818e-02
  Batch 28: loss = 1.571207 | LR = 4.778144e-02
  Batch 29: loss = 1.618644 | LR = 4.777469e-02
  Batch 30: loss = 1.732223 | LR = 4.776793e-02
  Batch 31: loss = 1.660019 | LR = 4.776116e-02
  Batch 32: loss = 1.689214 | LR = 4.775439e-02
  Batch 33: loss = 1.455566 | LR = 4.774760e-02
  Batch 34: loss = 1.547817 | LR = 4.774080e-02
  Batch 35: loss = 1.455880 | LR = 4.773399e-02
  Batch 36: loss = 1.642751 | LR = 4.772717e-02
  Batch 37: loss = 1.502514 | LR = 4.772035e-02
  Batch 38: loss = 1.548615 | LR = 4.771351e-02
  Batch 39: loss = 1.600831 | LR = 4.770666e-02
  Batch 40: loss = 1.487043 | LR = 4.769981e-02
  Batch 41: loss = 1.437721 | LR = 4.769294e-02
  Batch 42: loss = 1.585030 | LR = 4.768606e-02
  Batch 43: loss = 1.465305 | LR = 4.767918e-02
  Batch 44: loss = 1.604520 | LR = 4.767228e-02
  Batch 45: loss = 1.611805 | LR = 4.766538e-02
  Batch 46: loss = 1.466553 | LR = 4.765846e-02
  Batch 47: loss = 1.790954 | LR = 4.765154e-02
  Batch 48: loss = 1.537157 | LR = 4.764460e-02
Epoch 14: Average loss = 1.5729, Duration = 1.02s
  Batch 1: loss = 1.499051 | LR = 4.763766e-02
  Batch 2: loss = 1.724379 | LR = 4.763071e-02
  Batch 3: loss = 1.502085 | LR = 4.762374e-02
  Batch 4: loss = 1.635702 | LR = 4.761677e-02
  Batch 5: loss = 1.526313 | LR = 4.760979e-02
  Batch 6: loss = 1.577438 | LR = 4.760279e-02
  Batch 7: loss = 1.439586 | LR = 4.759579e-02
  Batch 8: loss = 1.561011 | LR = 4.758878e-02
  Batch 9: loss = 1.584873 | LR = 4.758176e-02
  Batch 10: loss = 1.611497 | LR = 4.757473e-02
  Batch 11: loss = 1.628088 | LR = 4.756769e-02
  Batch 12: loss = 1.566259 | LR = 4.756064e-02
  Batch 13: loss = 1.527165 | LR = 4.755358e-02
  Batch 14: loss = 1.756340 | LR = 4.754650e-02
  Batch 15: loss = 1.753037 | LR = 4.753943e-02
  Batch 16: loss = 1.519001 | LR = 4.753234e-02
  Batch 17: loss = 1.518683 | LR = 4.752524e-02
  Batch 18: loss = 1.499201 | LR = 4.751813e-02
  Batch 19: loss = 1.600059 | LR = 4.751101e-02
  Batch 20: loss = 1.699739 | LR = 4.750388e-02
  Batch 21: loss = 1.482690 | LR = 4.749674e-02
  Batch 22: loss = 1.622847 | LR = 4.748960e-02
  Batch 23: loss = 1.566379 | LR = 4.748244e-02
  Batch 24: loss = 1.525832 | LR = 4.747527e-02
  Batch 25: loss = 1.456658 | LR = 4.746810e-02
  Batch 26: loss = 1.631865 | LR = 4.746091e-02
  Batch 27: loss = 1.641913 | LR = 4.745371e-02
  Batch 28: loss = 1.607612 | LR = 4.744651e-02
  Batch 29: loss = 1.693680 | LR = 4.743929e-02
  Batch 30: loss = 1.569341 | LR = 4.743207e-02
  Batch 31: loss = 1.665215 | LR = 4.742484e-02
  Batch 32: loss = 1.609188 | LR = 4.741759e-02
  Batch 33: loss = 1.570781 | LR = 4.741034e-02
  Batch 34: loss = 1.437313 | LR = 4.740308e-02
  Batch 35: loss = 1.506286 | LR = 4.739580e-02
  Batch 36: loss = 1.550290 | LR = 4.738852e-02
  Batch 37: loss = 1.602872 | LR = 4.738123e-02
  Batch 38: loss = 1.677575 | LR = 4.737393e-02
  Batch 39: loss = 1.486288 | LR = 4.736662e-02
  Batch 40: loss = 1.578487 | LR = 4.735930e-02
  Batch 41: loss = 1.448840 | LR = 4.735197e-02
  Batch 42: loss = 1.607720 | LR = 4.734463e-02
  Batch 43: loss = 1.447122 | LR = 4.733728e-02
  Batch 44: loss = 1.589454 | LR = 4.732992e-02
  Batch 45: loss = 1.530654 | LR = 4.732255e-02
  Batch 46: loss = 1.562863 | LR = 4.731517e-02
  Batch 47: loss = 1.705389 | LR = 4.730778e-02
  Batch 48: loss = 1.545256 | LR = 4.730039e-02
Epoch 15: Average loss = 1.5760, Duration = 1.01s
  Batch 1: loss = 1.460050 | LR = 4.729298e-02
  Batch 2: loss = 1.579430 | LR = 4.728556e-02
  Batch 3: loss = 1.574829 | LR = 4.727814e-02
  Batch 4: loss = 1.511744 | LR = 4.727070e-02
  Batch 5: loss = 1.394292 | LR = 4.726326e-02
  Batch 6: loss = 1.603478 | LR = 4.725580e-02
  Batch 7: loss = 1.466664 | LR = 4.724834e-02
  Batch 8: loss = 1.435233 | LR = 4.724086e-02
  Batch 9: loss = 1.518915 | LR = 4.723338e-02
  Batch 10: loss = 1.540786 | LR = 4.722589e-02
  Batch 11: loss = 1.630047 | LR = 4.721838e-02
  Batch 12: loss = 1.528686 | LR = 4.721087e-02
  Batch 13: loss = 1.455182 | LR = 4.720335e-02
  Batch 14: loss = 1.623143 | LR = 4.719582e-02
  Batch 15: loss = 1.660797 | LR = 4.718828e-02
  Batch 16: loss = 1.478031 | LR = 4.718073e-02
  Batch 17: loss = 1.481594 | LR = 4.717317e-02
  Batch 18: loss = 1.562978 | LR = 4.716560e-02
  Batch 19: loss = 1.517634 | LR = 4.715802e-02
  Batch 20: loss = 1.630591 | LR = 4.715043e-02
  Batch 21: loss = 1.505171 | LR = 4.714284e-02
  Batch 22: loss = 1.479922 | LR = 4.713523e-02
  Batch 23: loss = 1.517049 | LR = 4.712761e-02
  Batch 24: loss = 1.513139 | LR = 4.711999e-02
  Batch 25: loss = 1.458925 | LR = 4.711235e-02
  Batch 26: loss = 1.473077 | LR = 4.710471e-02
  Batch 27: loss = 1.556189 | LR = 4.709705e-02
  Batch 28: loss = 1.702859 | LR = 4.708939e-02
  Batch 29: loss = 1.549200 | LR = 4.708171e-02
  Batch 30: loss = 1.641865 | LR = 4.707403e-02
  Batch 31: loss = 1.636014 | LR = 4.706634e-02
  Batch 32: loss = 1.654334 | LR = 4.705864e-02
  Batch 33: loss = 1.497799 | LR = 4.705093e-02
  Batch 34: loss = 1.516220 | LR = 4.704320e-02
  Batch 35: loss = 1.248893 | LR = 4.703547e-02
  Batch 36: loss = 1.538014 | LR = 4.702773e-02
  Batch 37: loss = 1.671486 | LR = 4.701999e-02
  Batch 38: loss = 1.695618 | LR = 4.701223e-02
  Batch 39: loss = 1.490268 | LR = 4.700446e-02
  Batch 40: loss = 1.491526 | LR = 4.699668e-02
  Batch 41: loss = 1.357962 | LR = 4.698889e-02
  Batch 42: loss = 1.552876 | LR = 4.698110e-02
  Batch 43: loss = 1.427210 | LR = 4.697329e-02
  Batch 44: loss = 1.558116 | LR = 4.696548e-02
  Batch 45: loss = 1.515286 | LR = 4.695765e-02
  Batch 46: loss = 1.467738 | LR = 4.694982e-02
  Batch 47: loss = 1.728466 | LR = 4.694197e-02
  Batch 48: loss = 1.414933 | LR = 4.693412e-02
Epoch 16: Average loss = 1.5315, Duration = 1.06s
  Batch 1: loss = 1.563295 | LR = 4.692626e-02
  Batch 2: loss = 1.528113 | LR = 4.691839e-02
  Batch 3: loss = 1.662462 | LR = 4.691051e-02
  Batch 4: loss = 1.529394 | LR = 4.690262e-02
  Batch 5: loss = 1.442638 | LR = 4.689472e-02
  Batch 6: loss = 1.627832 | LR = 4.688681e-02
  Batch 7: loss = 1.441653 | LR = 4.687889e-02
  Batch 8: loss = 1.456907 | LR = 4.687096e-02
  Batch 9: loss = 1.562024 | LR = 4.686302e-02
  Batch 10: loss = 1.534017 | LR = 4.685508e-02
  Batch 11: loss = 1.604091 | LR = 4.684712e-02
  Batch 12: loss = 1.511592 | LR = 4.683915e-02
  Batch 13: loss = 1.428403 | LR = 4.683118e-02
  Batch 14: loss = 1.759838 | LR = 4.682319e-02
  Batch 15: loss = 1.790688 | LR = 4.681520e-02
  Batch 16: loss = 1.474651 | LR = 4.680720e-02
  Batch 17: loss = 1.500762 | LR = 4.679918e-02
  Batch 18: loss = 1.536966 | LR = 4.679116e-02
  Batch 19: loss = 1.581540 | LR = 4.678313e-02
  Batch 20: loss = 1.579263 | LR = 4.677509e-02
  Batch 21: loss = 1.427376 | LR = 4.676704e-02
  Batch 22: loss = 1.613148 | LR = 4.675898e-02
  Batch 23: loss = 1.544750 | LR = 4.675091e-02
  Batch 24: loss = 1.500727 | LR = 4.674284e-02
  Batch 25: loss = 1.449148 | LR = 4.673475e-02
  Batch 26: loss = 1.535004 | LR = 4.672665e-02
  Batch 27: loss = 1.478072 | LR = 4.671855e-02
  Batch 28: loss = 1.542128 | LR = 4.671043e-02
  Batch 29: loss = 1.614210 | LR = 4.670231e-02
  Batch 30: loss = 1.617375 | LR = 4.669417e-02
  Batch 31: loss = 1.669473 | LR = 4.668603e-02
  Batch 32: loss = 1.703914 | LR = 4.667788e-02
  Batch 33: loss = 1.461777 | LR = 4.666972e-02
  Batch 34: loss = 1.580238 | LR = 4.666154e-02
  Batch 35: loss = 1.440616 | LR = 4.665336e-02
  Batch 36: loss = 1.502947 | LR = 4.664517e-02
  Batch 37: loss = 1.508694 | LR = 4.663698e-02
  Batch 38: loss = 1.586269 | LR = 4.662877e-02
  Batch 39: loss = 1.534328 | LR = 4.662055e-02
  Batch 40: loss = 1.660552 | LR = 4.661232e-02
  Batch 41: loss = 1.405149 | LR = 4.660409e-02
  Batch 42: loss = 1.539245 | LR = 4.659584e-02
  Batch 43: loss = 1.506088 | LR = 4.658759e-02
  Batch 44: loss = 1.602180 | LR = 4.657932e-02
  Batch 45: loss = 1.593048 | LR = 4.657105e-02
  Batch 46: loss = 1.552367 | LR = 4.656277e-02
  Batch 47: loss = 1.703620 | LR = 4.655448e-02
  Batch 48: loss = 1.495376 | LR = 4.654618e-02
Epoch 17: Average loss = 1.5517, Duration = 1.00s
  Batch 1: loss = 1.597089 | LR = 4.653787e-02
  Batch 2: loss = 1.621144 | LR = 4.652955e-02
  Batch 3: loss = 1.612564 | LR = 4.652122e-02
  Batch 4: loss = 1.556378 | LR = 4.651288e-02
  Batch 5: loss = 1.519836 | LR = 4.650453e-02
  Batch 6: loss = 1.523501 | LR = 4.649618e-02
  Batch 7: loss = 1.452975 | LR = 4.648781e-02
  Batch 8: loss = 1.603962 | LR = 4.647944e-02
  Batch 9: loss = 1.534702 | LR = 4.647105e-02
  Batch 10: loss = 1.584021 | LR = 4.646266e-02
  Batch 11: loss = 1.686376 | LR = 4.645426e-02
  Batch 12: loss = 1.532099 | LR = 4.644585e-02
  Batch 13: loss = 1.389431 | LR = 4.643743e-02
  Batch 14: loss = 1.677298 | LR = 4.642900e-02
  Batch 15: loss = 1.701835 | LR = 4.642056e-02
  Batch 16: loss = 1.442986 | LR = 4.641211e-02
  Batch 17: loss = 1.471285 | LR = 4.640365e-02
  Batch 18: loss = 1.465283 | LR = 4.639518e-02
  Batch 19: loss = 1.614784 | LR = 4.638671e-02
  Batch 20: loss = 1.553678 | LR = 4.637822e-02
  Batch 21: loss = 1.429942 | LR = 4.636973e-02
  Batch 22: loss = 1.490559 | LR = 4.636122e-02
  Batch 23: loss = 1.445228 | LR = 4.635271e-02
  Batch 24: loss = 1.356750 | LR = 4.634419e-02
  Batch 25: loss = 1.522104 | LR = 4.633566e-02
  Batch 26: loss = 1.592676 | LR = 4.632712e-02
  Batch 27: loss = 1.526122 | LR = 4.631857e-02
  Batch 28: loss = 1.618735 | LR = 4.631001e-02
  Batch 29: loss = 1.585310 | LR = 4.630144e-02
  Batch 30: loss = 1.572662 | LR = 4.629287e-02
  Batch 31: loss = 1.621850 | LR = 4.628428e-02
  Batch 32: loss = 1.578532 | LR = 4.627569e-02
  Batch 33: loss = 1.538529 | LR = 4.626708e-02
  Batch 34: loss = 1.531830 | LR = 4.625847e-02
  Batch 35: loss = 1.323941 | LR = 4.624985e-02
  Batch 36: loss = 1.551794 | LR = 4.624122e-02
  Batch 37: loss = 1.569092 | LR = 4.623258e-02
  Batch 38: loss = 1.628432 | LR = 4.622393e-02
  Batch 39: loss = 1.548309 | LR = 4.621527e-02
  Batch 40: loss = 1.575328 | LR = 4.620660e-02
  Batch 41: loss = 1.297475 | LR = 4.619792e-02
  Batch 42: loss = 1.486705 | LR = 4.618924e-02
  Batch 43: loss = 1.471441 | LR = 4.618054e-02
  Batch 44: loss = 1.563389 | LR = 4.617184e-02
  Batch 45: loss = 1.558084 | LR = 4.616312e-02
  Batch 46: loss = 1.502193 | LR = 4.615440e-02
  Batch 47: loss = 1.714704 | LR = 4.614567e-02
  Batch 48: loss = 1.509940 | LR = 4.613693e-02
Epoch 18: Average loss = 1.5386, Duration = 1.04s
  Batch 1: loss = 1.526816 | LR = 4.612818e-02
  Batch 2: loss = 1.598127 | LR = 4.611942e-02
  Batch 3: loss = 1.537169 | LR = 4.611065e-02
  Batch 4: loss = 1.556873 | LR = 4.610188e-02
  Batch 5: loss = 1.443905 | LR = 4.609309e-02
  Batch 6: loss = 1.435744 | LR = 4.608430e-02
  Batch 7: loss = 1.439931 | LR = 4.607549e-02
  Batch 8: loss = 1.389781 | LR = 4.606668e-02
  Batch 9: loss = 1.512806 | LR = 4.605786e-02
  Batch 10: loss = 1.450492 | LR = 4.604903e-02
  Batch 11: loss = 1.618773 | LR = 4.604019e-02
  Batch 12: loss = 1.356339 | LR = 4.603134e-02
  Batch 13: loss = 1.440153 | LR = 4.602248e-02
  Batch 14: loss = 1.541106 | LR = 4.601361e-02
  Batch 15: loss = 1.635125 | LR = 4.600474e-02
  Batch 16: loss = 1.382174 | LR = 4.599585e-02
  Batch 17: loss = 1.385060 | LR = 4.598696e-02
  Batch 18: loss = 1.450689 | LR = 4.597805e-02
  Batch 19: loss = 1.612232 | LR = 4.596914e-02
  Batch 20: loss = 1.530170 | LR = 4.596022e-02
  Batch 21: loss = 1.496124 | LR = 4.595129e-02
  Batch 22: loss = 1.513665 | LR = 4.594235e-02
  Batch 23: loss = 1.390343 | LR = 4.593340e-02
  Batch 24: loss = 1.304618 | LR = 4.592445e-02
  Batch 25: loss = 1.388527 | LR = 4.591548e-02
  Batch 26: loss = 1.538557 | LR = 4.590651e-02
  Batch 27: loss = 1.549764 | LR = 4.589752e-02
  Batch 28: loss = 1.609390 | LR = 4.588853e-02
  Batch 29: loss = 1.638904 | LR = 4.587953e-02
  Batch 30: loss = 1.454875 | LR = 4.587052e-02
  Batch 31: loss = 1.579088 | LR = 4.586150e-02
  Batch 32: loss = 1.647686 | LR = 4.585247e-02
  Batch 33: loss = 1.419420 | LR = 4.584343e-02
  Batch 34: loss = 1.459568 | LR = 4.583438e-02
  Batch 35: loss = 1.307230 | LR = 4.582533e-02
  Batch 36: loss = 1.433107 | LR = 4.581626e-02
  Batch 37: loss = 1.468436 | LR = 4.580719e-02
  Batch 38: loss = 1.655920 | LR = 4.579811e-02
  Batch 39: loss = 1.389745 | LR = 4.578901e-02
  Batch 40: loss = 1.499569 | LR = 4.577991e-02
  Batch 41: loss = 1.331499 | LR = 4.577081e-02
  Batch 42: loss = 1.497045 | LR = 4.576169e-02
  Batch 43: loss = 1.416342 | LR = 4.575256e-02
  Batch 44: loss = 1.455392 | LR = 4.574342e-02
  Batch 45: loss = 1.540069 | LR = 4.573428e-02
  Batch 46: loss = 1.379378 | LR = 4.572513e-02
  Batch 47: loss = 1.720213 | LR = 4.571596e-02
  Batch 48: loss = 1.376359 | LR = 4.570679e-02
Epoch 19: Average loss = 1.4855, Duration = 1.07s
  Batch 1: loss = 1.431617 | LR = 4.569761e-02
  Batch 2: loss = 1.466817 | LR = 4.568842e-02
  Batch 3: loss = 1.483843 | LR = 4.567922e-02
  Batch 4: loss = 1.446473 | LR = 4.567002e-02
  Batch 5: loss = 1.395791 | LR = 4.566080e-02
  Batch 6: loss = 1.477444 | LR = 4.565158e-02
  Batch 7: loss = 1.331994 | LR = 4.564234e-02
  Batch 8: loss = 1.472396 | LR = 4.563310e-02
  Batch 9: loss = 1.643785 | LR = 4.562385e-02
  Batch 10: loss = 1.465639 | LR = 4.561459e-02
  Batch 11: loss = 1.748494 | LR = 4.560532e-02
  Batch 12: loss = 1.476640 | LR = 4.559604e-02
  Batch 13: loss = 1.374968 | LR = 4.558675e-02
  Batch 14: loss = 1.637852 | LR = 4.557746e-02
  Batch 15: loss = 1.571064 | LR = 4.556815e-02
  Batch 16: loss = 1.479488 | LR = 4.555884e-02
  Batch 17: loss = 1.490280 | LR = 4.554952e-02
  Batch 18: loss = 1.391142 | LR = 4.554019e-02
  Batch 19: loss = 1.528038 | LR = 4.553085e-02
  Batch 20: loss = 1.477681 | LR = 4.552150e-02
  Batch 21: loss = 1.425819 | LR = 4.551214e-02
  Batch 22: loss = 1.574590 | LR = 4.550278e-02
  Batch 23: loss = 1.418664 | LR = 4.549340e-02
  Batch 24: loss = 1.518323 | LR = 4.548402e-02
  Batch 25: loss = 1.370804 | LR = 4.547463e-02
  Batch 26: loss = 1.385445 | LR = 4.546522e-02
  Batch 27: loss = 1.476572 | LR = 4.545581e-02
  Batch 28: loss = 1.672291 | LR = 4.544640e-02
  Batch 29: loss = 1.638165 | LR = 4.543697e-02
  Batch 30: loss = 1.511741 | LR = 4.542753e-02
  Batch 31: loss = 1.505945 | LR = 4.541809e-02
  Batch 32: loss = 1.638606 | LR = 4.540863e-02
  Batch 33: loss = 1.398001 | LR = 4.539917e-02
  Batch 34: loss = 1.564067 | LR = 4.538970e-02
  Batch 35: loss = 1.427466 | LR = 4.538022e-02
  Batch 36: loss = 1.503048 | LR = 4.537073e-02
  Batch 37: loss = 1.660452 | LR = 4.536123e-02
  Batch 38: loss = 1.592023 | LR = 4.535173e-02
  Batch 39: loss = 1.470002 | LR = 4.534221e-02
  Batch 40: loss = 1.448688 | LR = 4.533269e-02
  Batch 41: loss = 1.409307 | LR = 4.532315e-02
  Batch 42: loss = 1.493324 | LR = 4.531361e-02
  Batch 43: loss = 1.406397 | LR = 4.530406e-02
  Batch 44: loss = 1.503855 | LR = 4.529450e-02
  Batch 45: loss = 1.560128 | LR = 4.528494e-02
  Batch 46: loss = 1.410050 | LR = 4.527536e-02
  Batch 47: loss = 1.847513 | LR = 4.526578e-02
  Batch 48: loss = 1.447445 | LR = 4.525618e-02
Epoch 20: Average loss = 1.5015, Duration = 0.98s
  Batch 1: loss = 1.465161 | LR = 4.524658e-02
  Batch 2: loss = 1.519511 | LR = 4.523697e-02
  Batch 3: loss = 1.784833 | LR = 4.522735e-02
  Batch 4: loss = 1.594565 | LR = 4.521772e-02
  Batch 5: loss = 1.338447 | LR = 4.520808e-02
  Batch 6: loss = 1.546410 | LR = 4.519844e-02
  Batch 7: loss = 1.366042 | LR = 4.518878e-02
  Batch 8: loss = 1.566236 | LR = 4.517912e-02
  Batch 9: loss = 1.527470 | LR = 4.516945e-02
  Batch 10: loss = 1.527386 | LR = 4.515977e-02
  Batch 11: loss = 1.629778 | LR = 4.515008e-02
  Batch 12: loss = 1.417939 | LR = 4.514038e-02
  Batch 13: loss = 1.488060 | LR = 4.513068e-02
  Batch 14: loss = 1.620243 | LR = 4.512096e-02
  Batch 15: loss = 1.722832 | LR = 4.511124e-02
  Batch 16: loss = 1.364326 | LR = 4.510151e-02
  Batch 17: loss = 1.328212 | LR = 4.509177e-02
  Batch 18: loss = 1.505769 | LR = 4.508202e-02
  Batch 19: loss = 1.474004 | LR = 4.507226e-02
  Batch 20: loss = 1.515694 | LR = 4.506249e-02
  Batch 21: loss = 1.424455 | LR = 4.505272e-02
  Batch 22: loss = 1.603530 | LR = 4.504293e-02
  Batch 23: loss = 1.493924 | LR = 4.503314e-02
  Batch 24: loss = 1.357062 | LR = 4.502334e-02
  Batch 25: loss = 1.451536 | LR = 4.501353e-02
  Batch 26: loss = 1.537825 | LR = 4.500371e-02
  Batch 27: loss = 1.561330 | LR = 4.499389e-02
  Batch 28: loss = 1.605849 | LR = 4.498405e-02
  Batch 29: loss = 1.485661 | LR = 4.497421e-02
  Batch 30: loss = 1.537617 | LR = 4.496435e-02
  Batch 31: loss = 1.561466 | LR = 4.495449e-02
  Batch 32: loss = 1.564226 | LR = 4.494462e-02
  Batch 33: loss = 1.538365 | LR = 4.493475e-02
  Batch 34: loss = 1.437993 | LR = 4.492486e-02
  Batch 35: loss = 1.334759 | LR = 4.491496e-02
  Batch 36: loss = 1.449136 | LR = 4.490506e-02
  Batch 37: loss = 1.492658 | LR = 4.489515e-02
  Batch 38: loss = 1.523985 | LR = 4.488523e-02
  Batch 39: loss = 1.391840 | LR = 4.487530e-02
  Batch 40: loss = 1.446454 | LR = 4.486536e-02
  Batch 41: loss = 1.334951 | LR = 4.485541e-02
  Batch 42: loss = 1.430178 | LR = 4.484546e-02
  Batch 43: loss = 1.480548 | LR = 4.483549e-02
  Batch 44: loss = 1.462829 | LR = 4.482552e-02
  Batch 45: loss = 1.467921 | LR = 4.481554e-02
  Batch 46: loss = 1.459967 | LR = 4.480555e-02
  Batch 47: loss = 1.697057 | LR = 4.479556e-02
  Batch 48: loss = 1.435103 | LR = 4.478555e-02
Epoch 21: Average loss = 1.4973, Duration = 0.99s
  Batch 1: loss = 1.431547 | LR = 4.477554e-02
  Batch 2: loss = 1.595102 | LR = 4.476551e-02
  Batch 3: loss = 1.674153 | LR = 4.475548e-02
  Batch 4: loss = 1.529423 | LR = 4.474544e-02
  Batch 5: loss = 1.375902 | LR = 4.473539e-02
  Batch 6: loss = 1.443761 | LR = 4.472534e-02
  Batch 7: loss = 1.326710 | LR = 4.471527e-02
  Batch 8: loss = 1.459090 | LR = 4.470520e-02
  Batch 9: loss = 1.637122 | LR = 4.469511e-02
  Batch 10: loss = 1.580871 | LR = 4.468502e-02
  Batch 11: loss = 1.643393 | LR = 4.467492e-02
  Batch 12: loss = 1.418239 | LR = 4.466482e-02
  Batch 13: loss = 1.454335 | LR = 4.465470e-02
  Batch 14: loss = 1.579424 | LR = 4.464458e-02
  Batch 15: loss = 1.595724 | LR = 4.463444e-02
  Batch 16: loss = 1.469864 | LR = 4.462430e-02
  Batch 17: loss = 1.470261 | LR = 4.461415e-02
  Batch 18: loss = 1.396981 | LR = 4.460399e-02
  Batch 19: loss = 1.512126 | LR = 4.459383e-02
  Batch 20: loss = 1.692782 | LR = 4.458365e-02
  Batch 21: loss = 1.403386 | LR = 4.457347e-02
  Batch 22: loss = 1.475672 | LR = 4.456328e-02
  Batch 23: loss = 1.432452 | LR = 4.455308e-02
  Batch 24: loss = 1.400399 | LR = 4.454287e-02
  Batch 25: loss = 1.358609 | LR = 4.453265e-02
  Batch 26: loss = 1.553678 | LR = 4.452243e-02
  Batch 27: loss = 1.428470 | LR = 4.451219e-02
  Batch 28: loss = 1.537960 | LR = 4.450195e-02
  Batch 29: loss = 1.536285 | LR = 4.449170e-02
  Batch 30: loss = 1.488194 | LR = 4.448144e-02
  Batch 31: loss = 1.522614 | LR = 4.447118e-02
  Batch 32: loss = 1.579758 | LR = 4.446090e-02
  Batch 33: loss = 1.325080 | LR = 4.445062e-02
  Batch 34: loss = 1.479011 | LR = 4.444032e-02
  Batch 35: loss = 1.323908 | LR = 4.443002e-02
  Batch 36: loss = 1.465365 | LR = 4.441971e-02
  Batch 37: loss = 1.460073 | LR = 4.440940e-02
  Batch 38: loss = 1.495769 | LR = 4.439907e-02
  Batch 39: loss = 1.501954 | LR = 4.438874e-02
  Batch 40: loss = 1.488219 | LR = 4.437840e-02
  Batch 41: loss = 1.427927 | LR = 4.436804e-02
  Batch 42: loss = 1.497063 | LR = 4.435769e-02
  Batch 43: loss = 1.463630 | LR = 4.434732e-02
  Batch 44: loss = 1.525014 | LR = 4.433694e-02
  Batch 45: loss = 1.536529 | LR = 4.432656e-02
  Batch 46: loss = 1.417808 | LR = 4.431617e-02
  Batch 47: loss = 1.681042 | LR = 4.430577e-02
  Batch 48: loss = 1.480473 | LR = 4.429536e-02
Epoch 22: Average loss = 1.4911, Duration = 1.10s
  Batch 1: loss = 1.468227 | LR = 4.428494e-02
  Batch 2: loss = 1.522412 | LR = 4.427452e-02
  Batch 3: loss = 1.524117 | LR = 4.426408e-02
  Batch 4: loss = 1.557834 | LR = 4.425364e-02
  Batch 5: loss = 1.380545 | LR = 4.424319e-02
  Batch 6: loss = 1.527475 | LR = 4.423273e-02
  Batch 7: loss = 1.312232 | LR = 4.422227e-02
  Batch 8: loss = 1.474215 | LR = 4.421179e-02
  Batch 9: loss = 1.535612 | LR = 4.420131e-02
  Batch 10: loss = 1.460781 | LR = 4.419082e-02
  Batch 11: loss = 1.648503 | LR = 4.418032e-02
  Batch 12: loss = 1.512759 | LR = 4.416981e-02
  Batch 13: loss = 1.342042 | LR = 4.415930e-02
  Batch 14: loss = 1.545801 | LR = 4.414877e-02
  Batch 15: loss = 1.603866 | LR = 4.413824e-02
  Batch 16: loss = 1.439278 | LR = 4.412770e-02
  Batch 17: loss = 1.474027 | LR = 4.411715e-02
  Batch 18: loss = 1.525758 | LR = 4.410659e-02
  Batch 19: loss = 1.496279 | LR = 4.409603e-02
  Batch 20: loss = 1.573188 | LR = 4.408545e-02
  Batch 21: loss = 1.436563 | LR = 4.407487e-02
  Batch 22: loss = 1.541342 | LR = 4.406428e-02
  Batch 23: loss = 1.579924 | LR = 4.405369e-02
  Batch 24: loss = 1.463530 | LR = 4.404308e-02
  Batch 25: loss = 1.417504 | LR = 4.403247e-02
  Batch 26: loss = 1.471148 | LR = 4.402184e-02
  Batch 27: loss = 1.481910 | LR = 4.401121e-02
  Batch 28: loss = 1.567991 | LR = 4.400057e-02
  Batch 29: loss = 1.571375 | LR = 4.398993e-02
  Batch 30: loss = 1.487062 | LR = 4.397927e-02
  Batch 31: loss = 1.573943 | LR = 4.396861e-02
  Batch 32: loss = 1.493157 | LR = 4.395794e-02
  Batch 33: loss = 1.390092 | LR = 4.394726e-02
  Batch 34: loss = 1.530002 | LR = 4.393657e-02
  Batch 35: loss = 1.394121 | LR = 4.392588e-02
  Batch 36: loss = 1.586248 | LR = 4.391517e-02
  Batch 37: loss = 1.499561 | LR = 4.390446e-02
  Batch 38: loss = 1.501882 | LR = 4.389374e-02
  Batch 39: loss = 1.484652 | LR = 4.388301e-02
  Batch 40: loss = 1.491447 | LR = 4.387228e-02
  Batch 41: loss = 1.330886 | LR = 4.386153e-02
  Batch 42: loss = 1.459467 | LR = 4.385078e-02
  Batch 43: loss = 1.494846 | LR = 4.384002e-02
  Batch 44: loss = 1.423787 | LR = 4.382925e-02
  Batch 45: loss = 1.552032 | LR = 4.381847e-02
  Batch 46: loss = 1.535873 | LR = 4.380769e-02
  Batch 47: loss = 1.658412 | LR = 4.379689e-02
  Batch 48: loss = 1.454580 | LR = 4.378609e-02
Epoch 23: Average loss = 1.4958, Duration = 1.02s
  Batch 1: loss = 1.537757 | LR = 4.377529e-02
  Batch 2: loss = 1.505242 | LR = 4.376447e-02
  Batch 3: loss = 1.605186 | LR = 4.375364e-02
  Batch 4: loss = 1.454359 | LR = 4.374281e-02
  Batch 5: loss = 1.456623 | LR = 4.373197e-02
  Batch 6: loss = 1.573070 | LR = 4.372112e-02
  Batch 7: loss = 1.495584 | LR = 4.371026e-02
  Batch 8: loss = 1.559368 | LR = 4.369940e-02
  Batch 9: loss = 1.531666 | LR = 4.368852e-02
  Batch 10: loss = 1.364267 | LR = 4.367764e-02
  Batch 11: loss = 1.555314 | LR = 4.366675e-02
  Batch 12: loss = 1.465029 | LR = 4.365586e-02
  Batch 13: loss = 1.379842 | LR = 4.364495e-02
  Batch 14: loss = 1.666374 | LR = 4.363404e-02
  Batch 15: loss = 1.606299 | LR = 4.362312e-02
  Batch 16: loss = 1.436878 | LR = 4.361219e-02
  Batch 17: loss = 1.422210 | LR = 4.360125e-02
  Batch 18: loss = 1.473963 | LR = 4.359030e-02
  Batch 19: loss = 1.454302 | LR = 4.357935e-02
  Batch 20: loss = 1.601030 | LR = 4.356839e-02
  Batch 21: loss = 1.430494 | LR = 4.355742e-02
  Batch 22: loss = 1.532495 | LR = 4.354644e-02
  Batch 23: loss = 1.394053 | LR = 4.353546e-02
  Batch 24: loss = 1.527568 | LR = 4.352447e-02
  Batch 25: loss = 1.302069 | LR = 4.351346e-02
  Batch 26: loss = 1.485498 | LR = 4.350246e-02
  Batch 27: loss = 1.402777 | LR = 4.349144e-02
  Batch 28: loss = 1.740268 | LR = 4.348041e-02
  Batch 29: loss = 1.484713 | LR = 4.346938e-02
  Batch 30: loss = 1.352582 | LR = 4.345834e-02
  Batch 31: loss = 1.586633 | LR = 4.344729e-02
  Batch 32: loss = 1.559156 | LR = 4.343624e-02
  Batch 33: loss = 1.425324 | LR = 4.342517e-02
  Batch 34: loss = 1.453544 | LR = 4.341410e-02
  Batch 35: loss = 1.385345 | LR = 4.340302e-02
  Batch 36: loss = 1.479806 | LR = 4.339193e-02
  Batch 37: loss = 1.604394 | LR = 4.338083e-02
  Batch 38: loss = 1.449218 | LR = 4.336973e-02
  Batch 39: loss = 1.489181 | LR = 4.335862e-02
  Batch 40: loss = 1.477039 | LR = 4.334750e-02
  Batch 41: loss = 1.420636 | LR = 4.333637e-02
  Batch 42: loss = 1.515230 | LR = 4.332524e-02
  Batch 43: loss = 1.361764 | LR = 4.331409e-02
  Batch 44: loss = 1.538641 | LR = 4.330294e-02
  Batch 45: loss = 1.510270 | LR = 4.329178e-02
  Batch 46: loss = 1.472089 | LR = 4.328062e-02
  Batch 47: loss = 1.733738 | LR = 4.326944e-02
  Batch 48: loss = 1.419309 | LR = 4.325826e-02
Epoch 24: Average loss = 1.4933, Duration = 1.02s
  Batch 1: loss = 1.378825 | LR = 4.324707e-02
  Batch 2: loss = 1.551151 | LR = 4.323587e-02
  Batch 3: loss = 1.571754 | LR = 4.322466e-02
  Batch 4: loss = 1.538500 | LR = 4.321345e-02
  Batch 5: loss = 1.322053 | LR = 4.320223e-02
  Batch 6: loss = 1.535632 | LR = 4.319100e-02
  Batch 7: loss = 1.373171 | LR = 4.317976e-02
  Batch 8: loss = 1.405705 | LR = 4.316852e-02
  Batch 9: loss = 1.597517 | LR = 4.315726e-02
  Batch 10: loss = 1.396242 | LR = 4.314600e-02
  Batch 11: loss = 1.590348 | LR = 4.313474e-02
  Batch 12: loss = 1.430019 | LR = 4.312346e-02
  Batch 13: loss = 1.401054 | LR = 4.311217e-02
  Batch 14: loss = 1.501198 | LR = 4.310088e-02
  Batch 15: loss = 1.494561 | LR = 4.308958e-02
  Batch 16: loss = 1.414963 | LR = 4.307828e-02
  Batch 17: loss = 1.500750 | LR = 4.306696e-02
  Batch 18: loss = 1.485210 | LR = 4.305564e-02
  Batch 19: loss = 1.439034 | LR = 4.304431e-02
  Batch 20: loss = 1.441146 | LR = 4.303297e-02
  Batch 21: loss = 1.388790 | LR = 4.302162e-02
  Batch 22: loss = 1.432674 | LR = 4.301027e-02
  Batch 23: loss = 1.442832 | LR = 4.299891e-02
  Batch 24: loss = 1.367765 | LR = 4.298754e-02
  Batch 25: loss = 1.381213 | LR = 4.297616e-02
  Batch 26: loss = 1.508237 | LR = 4.296478e-02
  Batch 27: loss = 1.474694 | LR = 4.295339e-02
  Batch 28: loss = 1.622226 | LR = 4.294199e-02
  Batch 29: loss = 1.478396 | LR = 4.293058e-02
  Batch 30: loss = 1.409224 | LR = 4.291916e-02
  Batch 31: loss = 1.544487 | LR = 4.290774e-02
  Batch 32: loss = 1.578006 | LR = 4.289631e-02
  Batch 33: loss = 1.327368 | LR = 4.288487e-02
  Batch 34: loss = 1.450720 | LR = 4.287342e-02
  Batch 35: loss = 1.284139 | LR = 4.286197e-02
  Batch 36: loss = 1.442913 | LR = 4.285051e-02
  Batch 37: loss = 1.413674 | LR = 4.283904e-02
  Batch 38: loss = 1.640673 | LR = 4.282756e-02
  Batch 39: loss = 1.473883 | LR = 4.281608e-02
  Batch 40: loss = 1.557375 | LR = 4.280459e-02
  Batch 41: loss = 1.363934 | LR = 4.279309e-02
  Batch 42: loss = 1.512176 | LR = 4.278158e-02
  Batch 43: loss = 1.394860 | LR = 4.277006e-02
  Batch 44: loss = 1.525791 | LR = 4.275854e-02
  Batch 45: loss = 1.488549 | LR = 4.274701e-02
  Batch 46: loss = 1.446037 | LR = 4.273547e-02
  Batch 47: loss = 1.721996 | LR = 4.272393e-02
  Batch 48: loss = 1.459586 | LR = 4.271237e-02
Epoch 25: Average loss = 1.4688, Duration = 0.99s
  Batch 1: loss = 1.546668 | LR = 4.270081e-02
  Batch 2: loss = 1.456922 | LR = 4.268925e-02
  Batch 3: loss = 1.416092 | LR = 4.267767e-02
  Batch 4: loss = 1.509780 | LR = 4.266609e-02
  Batch 5: loss = 1.356570 | LR = 4.265450e-02
  Batch 6: loss = 1.496627 | LR = 4.264290e-02
  Batch 7: loss = 1.343289 | LR = 4.263129e-02
  Batch 8: loss = 1.496939 | LR = 4.261968e-02
  Batch 9: loss = 1.411611 | LR = 4.260806e-02
  Batch 10: loss = 1.341761 | LR = 4.259643e-02
  Batch 11: loss = 1.660207 | LR = 4.258479e-02
  Batch 12: loss = 1.432132 | LR = 4.257315e-02
  Batch 13: loss = 1.351901 | LR = 4.256149e-02
  Batch 14: loss = 1.538329 | LR = 4.254984e-02
  Batch 15: loss = 1.614775 | LR = 4.253817e-02
  Batch 16: loss = 1.470677 | LR = 4.252649e-02
  Batch 17: loss = 1.442843 | LR = 4.251481e-02
  Batch 18: loss = 1.506558 | LR = 4.250312e-02
  Batch 19: loss = 1.521371 | LR = 4.249143e-02
  Batch 20: loss = 1.489118 | LR = 4.247972e-02
  Batch 21: loss = 1.464292 | LR = 4.246801e-02
  Batch 22: loss = 1.483104 | LR = 4.245629e-02
  Batch 23: loss = 1.392354 | LR = 4.244457e-02
  Batch 24: loss = 1.457424 | LR = 4.243283e-02
  Batch 25: loss = 1.397475 | LR = 4.242109e-02
  Batch 26: loss = 1.490111 | LR = 4.240934e-02
  Batch 27: loss = 1.530305 | LR = 4.239758e-02
  Batch 28: loss = 1.593333 | LR = 4.238582e-02
  Batch 29: loss = 1.539835 | LR = 4.237405e-02
  Batch 30: loss = 1.520464 | LR = 4.236227e-02
  Batch 31: loss = 1.567028 | LR = 4.235048e-02
  Batch 32: loss = 1.471609 | LR = 4.233869e-02
  Batch 33: loss = 1.434427 | LR = 4.232689e-02
  Batch 34: loss = 1.495035 | LR = 4.231508e-02
  Batch 35: loss = 1.297143 | LR = 4.230326e-02
  Batch 36: loss = 1.338138 | LR = 4.229144e-02
  Batch 37: loss = 1.412745 | LR = 4.227961e-02
  Batch 38: loss = 1.525895 | LR = 4.226777e-02
  Batch 39: loss = 1.368051 | LR = 4.225593e-02
  Batch 40: loss = 1.472284 | LR = 4.224407e-02
  Batch 41: loss = 1.375876 | LR = 4.223221e-02
  Batch 42: loss = 1.514003 | LR = 4.222034e-02
  Batch 43: loss = 1.408861 | LR = 4.220847e-02
  Batch 44: loss = 1.507745 | LR = 4.219659e-02
  Batch 45: loss = 1.388128 | LR = 4.218470e-02
  Batch 46: loss = 1.550395 | LR = 4.217280e-02
  Batch 47: loss = 1.653834 | LR = 4.216089e-02
  Batch 48: loss = 1.349865 | LR = 4.214898e-02
Epoch 26: Average loss = 1.4667, Duration = 1.03s
  Batch 1: loss = 1.305253 | LR = 4.213706e-02
  Batch 2: loss = 1.545436 | LR = 4.212513e-02
  Batch 3: loss = 1.463773 | LR = 4.211320e-02
  Batch 4: loss = 1.468086 | LR = 4.210126e-02
  Batch 5: loss = 1.409030 | LR = 4.208931e-02
  Batch 6: loss = 1.559568 | LR = 4.207735e-02
  Batch 7: loss = 1.380803 | LR = 4.206539e-02
  Batch 8: loss = 1.410269 | LR = 4.205342e-02
  Batch 9: loss = 1.485362 | LR = 4.204144e-02
  Batch 10: loss = 1.492296 | LR = 4.202945e-02
  Batch 11: loss = 1.579410 | LR = 4.201746e-02
  Batch 12: loss = 1.475969 | LR = 4.200546e-02
  Batch 13: loss = 1.287471 | LR = 4.199345e-02
  Batch 14: loss = 1.537434 | LR = 4.198144e-02
  Batch 15: loss = 1.586228 | LR = 4.196942e-02
  Batch 16: loss = 1.408570 | LR = 4.195739e-02
  Batch 17: loss = 1.367599 | LR = 4.194535e-02
  Batch 18: loss = 1.348733 | LR = 4.193331e-02
  Batch 19: loss = 1.402741 | LR = 4.192126e-02
  Batch 20: loss = 1.522330 | LR = 4.190920e-02
  Batch 21: loss = 1.434358 | LR = 4.189713e-02
  Batch 22: loss = 1.524416 | LR = 4.188506e-02
  Batch 23: loss = 1.451524 | LR = 4.187298e-02
  Batch 24: loss = 1.274658 | LR = 4.186089e-02
  Batch 25: loss = 1.357671 | LR = 4.184880e-02
  Batch 26: loss = 1.390002 | LR = 4.183670e-02
  Batch 27: loss = 1.452536 | LR = 4.182459e-02
  Batch 28: loss = 1.680090 | LR = 4.181247e-02
  Batch 29: loss = 1.412410 | LR = 4.180035e-02
  Batch 30: loss = 1.455201 | LR = 4.178822e-02
  Batch 31: loss = 1.659416 | LR = 4.177608e-02
  Batch 32: loss = 1.500188 | LR = 4.176393e-02
  Batch 33: loss = 1.429145 | LR = 4.175178e-02
  Batch 34: loss = 1.440709 | LR = 4.173962e-02
  Batch 35: loss = 1.284910 | LR = 4.172745e-02
  Batch 36: loss = 1.396616 | LR = 4.171528e-02
  Batch 37: loss = 1.406499 | LR = 4.170310e-02
  Batch 38: loss = 1.553882 | LR = 4.169091e-02
  Batch 39: loss = 1.405781 | LR = 4.167872e-02
  Batch 40: loss = 1.469335 | LR = 4.166651e-02
  Batch 41: loss = 1.342725 | LR = 4.165430e-02
  Batch 42: loss = 1.404187 | LR = 4.164209e-02
  Batch 43: loss = 1.408820 | LR = 4.162986e-02
  Batch 44: loss = 1.476652 | LR = 4.161763e-02
  Batch 45: loss = 1.420976 | LR = 4.160539e-02
  Batch 46: loss = 1.513453 | LR = 4.159315e-02
  Batch 47: loss = 1.619857 | LR = 4.158089e-02
  Batch 48: loss = 1.463441 | LR = 4.156864e-02
Epoch 27: Average loss = 1.4514, Duration = 1.11s
  Batch 1: loss = 1.398780 | LR = 4.155637e-02
  Batch 2: loss = 1.535247 | LR = 4.154409e-02
  Batch 3: loss = 1.412892 | LR = 4.153181e-02
  Batch 4: loss = 1.448321 | LR = 4.151953e-02
  Batch 5: loss = 1.376961 | LR = 4.150723e-02
  Batch 6: loss = 1.460534 | LR = 4.149493e-02
  Batch 7: loss = 1.253769 | LR = 4.148262e-02
  Batch 8: loss = 1.466401 | LR = 4.147030e-02
  Batch 9: loss = 1.513241 | LR = 4.145798e-02
  Batch 10: loss = 1.369279 | LR = 4.144565e-02
  Batch 11: loss = 1.514415 | LR = 4.143331e-02
  Batch 12: loss = 1.412047 | LR = 4.142097e-02
  Batch 13: loss = 1.316092 | LR = 4.140862e-02
  Batch 14: loss = 1.506874 | LR = 4.139626e-02
  Batch 15: loss = 1.556006 | LR = 4.138389e-02
  Batch 16: loss = 1.321541 | LR = 4.137152e-02
  Batch 17: loss = 1.450679 | LR = 4.135914e-02
  Batch 18: loss = 1.430623 | LR = 4.134675e-02
  Batch 19: loss = 1.460225 | LR = 4.133436e-02
  Batch 20: loss = 1.514884 | LR = 4.132196e-02
  Batch 21: loss = 1.381990 | LR = 4.130955e-02
  Batch 22: loss = 1.466376 | LR = 4.129713e-02
  Batch 23: loss = 1.505040 | LR = 4.128471e-02
  Batch 24: loss = 1.313168 | LR = 4.127228e-02
  Batch 25: loss = 1.292089 | LR = 4.125985e-02
  Batch 26: loss = 1.536150 | LR = 4.124741e-02
  Batch 27: loss = 1.538746 | LR = 4.123496e-02
  Batch 28: loss = 1.514524 | LR = 4.122250e-02
  Batch 29: loss = 1.610303 | LR = 4.121004e-02
  Batch 30: loss = 1.430918 | LR = 4.119757e-02
  Batch 31: loss = 1.588923 | LR = 4.118509e-02
  Batch 32: loss = 1.605837 | LR = 4.117260e-02
  Batch 33: loss = 1.381176 | LR = 4.116011e-02
  Batch 34: loss = 1.401459 | LR = 4.114761e-02
  Batch 35: loss = 1.334534 | LR = 4.113511e-02
  Batch 36: loss = 1.360373 | LR = 4.112260e-02
  Batch 37: loss = 1.537551 | LR = 4.111008e-02
  Batch 38: loss = 1.472654 | LR = 4.109755e-02
  Batch 39: loss = 1.435119 | LR = 4.108502e-02
  Batch 40: loss = 1.480901 | LR = 4.107248e-02
  Batch 41: loss = 1.287513 | LR = 4.105993e-02
  Batch 42: loss = 1.397624 | LR = 4.104738e-02
  Batch 43: loss = 1.401441 | LR = 4.103482e-02
  Batch 44: loss = 1.546438 | LR = 4.102225e-02
  Batch 45: loss = 1.478016 | LR = 4.100968e-02
  Batch 46: loss = 1.435805 | LR = 4.099709e-02
  Batch 47: loss = 1.627263 | LR = 4.098451e-02
  Batch 48: loss = 1.362236 | LR = 4.097191e-02
Epoch 28: Average loss = 1.4467, Duration = 1.02s
  Batch 1: loss = 1.388242 | LR = 4.095931e-02
  Batch 2: loss = 1.487502 | LR = 4.094670e-02
  Batch 3: loss = 1.494710 | LR = 4.093409e-02
  Batch 4: loss = 1.507007 | LR = 4.092146e-02
  Batch 5: loss = 1.380499 | LR = 4.090883e-02
  Batch 6: loss = 1.525169 | LR = 4.089620e-02
  Batch 7: loss = 1.318836 | LR = 4.088356e-02
  Batch 8: loss = 1.483009 | LR = 4.087091e-02
  Batch 9: loss = 1.543153 | LR = 4.085825e-02
  Batch 10: loss = 1.365459 | LR = 4.084559e-02
  Batch 11: loss = 1.605306 | LR = 4.083292e-02
  Batch 12: loss = 1.400481 | LR = 4.082024e-02
  Batch 13: loss = 1.391088 | LR = 4.080756e-02
  Batch 14: loss = 1.589485 | LR = 4.079487e-02
  Batch 15: loss = 1.492364 | LR = 4.078217e-02
  Batch 16: loss = 1.438605 | LR = 4.076947e-02
  Batch 17: loss = 1.485433 | LR = 4.075675e-02
  Batch 18: loss = 1.416915 | LR = 4.074404e-02
  Batch 19: loss = 1.458184 | LR = 4.073131e-02
  Batch 20: loss = 1.502619 | LR = 4.071858e-02
  Batch 21: loss = 1.374607 | LR = 4.070584e-02
  Batch 22: loss = 1.411550 | LR = 4.069310e-02
  Batch 23: loss = 1.434229 | LR = 4.068035e-02
  Batch 24: loss = 1.322555 | LR = 4.066759e-02
  Batch 25: loss = 1.232239 | LR = 4.065483e-02
  Batch 26: loss = 1.541762 | LR = 4.064206e-02
  Batch 27: loss = 1.417987 | LR = 4.062928e-02
  Batch 28: loss = 1.539818 | LR = 4.061649e-02
  Batch 29: loss = 1.530922 | LR = 4.060370e-02
  Batch 30: loss = 1.343797 | LR = 4.059090e-02
  Batch 31: loss = 1.602384 | LR = 4.057810e-02
  Batch 32: loss = 1.405141 | LR = 4.056529e-02
  Batch 33: loss = 1.423883 | LR = 4.055247e-02
  Batch 34: loss = 1.425464 | LR = 4.053964e-02
  Batch 35: loss = 1.307037 | LR = 4.052681e-02
  Batch 36: loss = 1.274934 | LR = 4.051397e-02
  Batch 37: loss = 1.543971 | LR = 4.050113e-02
  Batch 38: loss = 1.608377 | LR = 4.048828e-02
  Batch 39: loss = 1.450498 | LR = 4.047542e-02
  Batch 40: loss = 1.479508 | LR = 4.046255e-02
  Batch 41: loss = 1.323641 | LR = 4.044968e-02
  Batch 42: loss = 1.476758 | LR = 4.043681e-02
  Batch 43: loss = 1.426213 | LR = 4.042392e-02
  Batch 44: loss = 1.394592 | LR = 4.041103e-02
  Batch 45: loss = 1.361405 | LR = 4.039813e-02
  Batch 46: loss = 1.452770 | LR = 4.038523e-02
  Batch 47: loss = 1.642789 | LR = 4.037232e-02
  Batch 48: loss = 1.289800 | LR = 4.035940e-02
Epoch 29: Average loss = 1.4440, Duration = 1.01s
  Batch 1: loss = 1.586428 | LR = 4.034647e-02
  Batch 2: loss = 1.501722 | LR = 4.033354e-02
  Batch 3: loss = 1.409236 | LR = 4.032061e-02
  Batch 4: loss = 1.484056 | LR = 4.030766e-02
  Batch 5: loss = 1.358587 | LR = 4.029471e-02
  Batch 6: loss = 1.457146 | LR = 4.028175e-02
  Batch 7: loss = 1.414521 | LR = 4.026879e-02
  Batch 8: loss = 1.501628 | LR = 4.025582e-02
  Batch 9: loss = 1.547385 | LR = 4.024284e-02
  Batch 10: loss = 1.356872 | LR = 4.022986e-02
  Batch 11: loss = 1.513959 | LR = 4.021687e-02
  Batch 12: loss = 1.346170 | LR = 4.020387e-02
  Batch 13: loss = 1.283867 | LR = 4.019087e-02
  Batch 14: loss = 1.512811 | LR = 4.017786e-02
  Batch 15: loss = 1.681798 | LR = 4.016485e-02
  Batch 16: loss = 1.458199 | LR = 4.015182e-02
  Batch 17: loss = 1.398580 | LR = 4.013879e-02
  Batch 18: loss = 1.335615 | LR = 4.012576e-02
  Batch 19: loss = 1.597767 | LR = 4.011272e-02
  Batch 20: loss = 1.397611 | LR = 4.009967e-02
  Batch 21: loss = 1.325375 | LR = 4.008661e-02
  Batch 22: loss = 1.568127 | LR = 4.007355e-02
  Batch 23: loss = 1.458885 | LR = 4.006048e-02
  Batch 24: loss = 1.338843 | LR = 4.004741e-02
  Batch 25: loss = 1.404149 | LR = 4.003433e-02
  Batch 26: loss = 1.466012 | LR = 4.002124e-02
  Batch 27: loss = 1.517292 | LR = 4.000815e-02
  Batch 28: loss = 1.434512 | LR = 3.999505e-02
  Batch 29: loss = 1.486560 | LR = 3.998194e-02
  Batch 30: loss = 1.379797 | LR = 3.996883e-02
  Batch 31: loss = 1.511140 | LR = 3.995571e-02
  Batch 32: loss = 1.436396 | LR = 3.994258e-02
  Batch 33: loss = 1.282285 | LR = 3.992945e-02
  Batch 34: loss = 1.377619 | LR = 3.991631e-02
  Batch 35: loss = 1.351107 | LR = 3.990317e-02
  Batch 36: loss = 1.376640 | LR = 3.989002e-02
  Batch 37: loss = 1.462968 | LR = 3.987686e-02
  Batch 38: loss = 1.492534 | LR = 3.986369e-02
  Batch 39: loss = 1.421421 | LR = 3.985052e-02
  Batch 40: loss = 1.443395 | LR = 3.983735e-02
  Batch 41: loss = 1.271112 | LR = 3.982416e-02
  Batch 42: loss = 1.480031 | LR = 3.981097e-02
  Batch 43: loss = 1.308117 | LR = 3.979778e-02
  Batch 44: loss = 1.438494 | LR = 3.978458e-02
  Batch 45: loss = 1.411397 | LR = 3.977137e-02
  Batch 46: loss = 1.427752 | LR = 3.975815e-02
  Batch 47: loss = 1.616880 | LR = 3.974493e-02
  Batch 48: loss = 1.337953 | LR = 3.973170e-02
Epoch 30: Average loss = 1.4369, Duration = 0.99s
  Batch 1: loss = 1.418226 | LR = 3.971847e-02
  Batch 2: loss = 1.431834 | LR = 3.970523e-02
  Batch 3: loss = 1.396607 | LR = 3.969198e-02
  Batch 4: loss = 1.474597 | LR = 3.967873e-02
  Batch 5: loss = 1.242038 | LR = 3.966547e-02
  Batch 6: loss = 1.342639 | LR = 3.965220e-02
  Batch 7: loss = 1.353991 | LR = 3.963893e-02
  Batch 8: loss = 1.375206 | LR = 3.962565e-02
  Batch 9: loss = 1.354686 | LR = 3.961237e-02
  Batch 10: loss = 1.416499 | LR = 3.959908e-02
  Batch 11: loss = 1.476984 | LR = 3.958578e-02
  Batch 12: loss = 1.397792 | LR = 3.957248e-02
  Batch 13: loss = 1.286618 | LR = 3.955917e-02
  Batch 14: loss = 1.463976 | LR = 3.954585e-02
  Batch 15: loss = 1.533585 | LR = 3.953253e-02
  Batch 16: loss = 1.491178 | LR = 3.951920e-02
  Batch 17: loss = 1.413355 | LR = 3.950587e-02
  Batch 18: loss = 1.303406 | LR = 3.949253e-02
  Batch 19: loss = 1.415346 | LR = 3.947918e-02
  Batch 20: loss = 1.523491 | LR = 3.946583e-02
  Batch 21: loss = 1.324296 | LR = 3.945247e-02
  Batch 22: loss = 1.468736 | LR = 3.943910e-02
  Batch 23: loss = 1.263696 | LR = 3.942573e-02
  Batch 24: loss = 1.330419 | LR = 3.941235e-02
  Batch 25: loss = 1.287408 | LR = 3.939897e-02
  Batch 26: loss = 1.482147 | LR = 3.938558e-02
  Batch 27: loss = 1.449983 | LR = 3.937218e-02
  Batch 28: loss = 1.494256 | LR = 3.935878e-02
  Batch 29: loss = 1.510394 | LR = 3.934537e-02
  Batch 30: loss = 1.507092 | LR = 3.933196e-02
  Batch 31: loss = 1.490010 | LR = 3.931854e-02
  Batch 32: loss = 1.514441 | LR = 3.930511e-02
  Batch 33: loss = 1.296156 | LR = 3.929168e-02
  Batch 34: loss = 1.383759 | LR = 3.927824e-02
  Batch 35: loss = 1.241305 | LR = 3.926479e-02
  Batch 36: loss = 1.362297 | LR = 3.925134e-02
  Batch 37: loss = 1.412478 | LR = 3.923788e-02
  Batch 38: loss = 1.489359 | LR = 3.922442e-02
  Batch 39: loss = 1.379179 | LR = 3.921095e-02
  Batch 40: loss = 1.334203 | LR = 3.919747e-02
  Batch 41: loss = 1.329012 | LR = 3.918399e-02
  Batch 42: loss = 1.445414 | LR = 3.917050e-02
  Batch 43: loss = 1.371661 | LR = 3.915701e-02
  Batch 44: loss = 1.601268 | LR = 3.914351e-02
  Batch 45: loss = 1.415148 | LR = 3.913000e-02
  Batch 46: loss = 1.567818 | LR = 3.911649e-02
  Batch 47: loss = 1.658660 | LR = 3.910297e-02
  Batch 48: loss = 1.307857 | LR = 3.908944e-02
Epoch 31: Average loss = 1.4131, Duration = 0.99s
  Batch 1: loss = 1.455014 | LR = 3.907591e-02
  Batch 2: loss = 1.512913 | LR = 3.906238e-02
  Batch 3: loss = 1.432348 | LR = 3.904883e-02
  Batch 4: loss = 1.462610 | LR = 3.903528e-02
  Batch 5: loss = 1.362800 | LR = 3.902173e-02
  Batch 6: loss = 1.369145 | LR = 3.900817e-02
  Batch 7: loss = 1.252468 | LR = 3.899460e-02
  Batch 8: loss = 1.428437 | LR = 3.898103e-02
  Batch 9: loss = 1.353902 | LR = 3.896745e-02
  Batch 10: loss = 1.439670 | LR = 3.895387e-02
  Batch 11: loss = 1.496003 | LR = 3.894027e-02
  Batch 12: loss = 1.385556 | LR = 3.892668e-02
  Batch 13: loss = 1.231414 | LR = 3.891308e-02
  Batch 14: loss = 1.575121 | LR = 3.889947e-02
  Batch 15: loss = 1.437240 | LR = 3.888585e-02
  Batch 16: loss = 1.422742 | LR = 3.887223e-02
  Batch 17: loss = 1.446327 | LR = 3.885860e-02
  Batch 18: loss = 1.356783 | LR = 3.884497e-02
  Batch 19: loss = 1.504862 | LR = 3.883133e-02
  Batch 20: loss = 1.534499 | LR = 3.881769e-02
  Batch 21: loss = 1.379363 | LR = 3.880404e-02
  Batch 22: loss = 1.465117 | LR = 3.879038e-02
  Batch 23: loss = 1.315374 | LR = 3.877672e-02
  Batch 24: loss = 1.328550 | LR = 3.876305e-02
  Batch 25: loss = 1.360507 | LR = 3.874938e-02
  Batch 26: loss = 1.437132 | LR = 3.873570e-02
  Batch 27: loss = 1.457965 | LR = 3.872201e-02
  Batch 28: loss = 1.565930 | LR = 3.870832e-02
  Batch 29: loss = 1.553331 | LR = 3.869462e-02
  Batch 30: loss = 1.511784 | LR = 3.868092e-02
  Batch 31: loss = 1.509336 | LR = 3.866721e-02
  Batch 32: loss = 1.438966 | LR = 3.865349e-02
  Batch 33: loss = 1.307417 | LR = 3.863977e-02
  Batch 34: loss = 1.376401 | LR = 3.862605e-02
  Batch 35: loss = 1.195107 | LR = 3.861231e-02
  Batch 36: loss = 1.289555 | LR = 3.859857e-02
  Batch 37: loss = 1.436770 | LR = 3.858483e-02
  Batch 38: loss = 1.710983 | LR = 3.857108e-02
  Batch 39: loss = 1.372310 | LR = 3.855732e-02
  Batch 40: loss = 1.459488 | LR = 3.854356e-02
  Batch 41: loss = 1.217546 | LR = 3.852979e-02
  Batch 42: loss = 1.350307 | LR = 3.851602e-02
  Batch 43: loss = 1.361282 | LR = 3.850224e-02
  Batch 44: loss = 1.450886 | LR = 3.848846e-02
  Batch 45: loss = 1.436855 | LR = 3.847466e-02
  Batch 46: loss = 1.368713 | LR = 3.846087e-02
  Batch 47: loss = 1.551599 | LR = 3.844707e-02
  Batch 48: loss = 1.288243 | LR = 3.843326e-02
Epoch 32: Average loss = 1.4158, Duration = 1.01s
  Batch 1: loss = 1.327024 | LR = 3.841944e-02
  Batch 2: loss = 1.520894 | LR = 3.840562e-02
  Batch 3: loss = 1.484229 | LR = 3.839180e-02
  Batch 4: loss = 1.421955 | LR = 3.837797e-02
  Batch 5: loss = 1.333628 | LR = 3.836413e-02
  Batch 6: loss = 1.398929 | LR = 3.835029e-02
  Batch 7: loss = 1.255956 | LR = 3.833644e-02
  Batch 8: loss = 1.362655 | LR = 3.832258e-02
  Batch 9: loss = 1.489601 | LR = 3.830872e-02
  Batch 10: loss = 1.369740 | LR = 3.829486e-02
  Batch 11: loss = 1.613074 | LR = 3.828099e-02
  Batch 12: loss = 1.394056 | LR = 3.826711e-02
  Batch 13: loss = 1.237799 | LR = 3.825323e-02
  Batch 14: loss = 1.548597 | LR = 3.823934e-02
  Batch 15: loss = 1.482719 | LR = 3.822545e-02
  Batch 16: loss = 1.482759 | LR = 3.821155e-02
  Batch 17: loss = 1.295834 | LR = 3.819764e-02
  Batch 18: loss = 1.304184 | LR = 3.818373e-02
  Batch 19: loss = 1.424947 | LR = 3.816981e-02
  Batch 20: loss = 1.543131 | LR = 3.815589e-02
  Batch 21: loss = 1.269253 | LR = 3.814196e-02
  Batch 22: loss = 1.435145 | LR = 3.812803e-02
  Batch 23: loss = 1.299683 | LR = 3.811409e-02
  Batch 24: loss = 1.306863 | LR = 3.810014e-02
  Batch 25: loss = 1.295628 | LR = 3.808619e-02
  Batch 26: loss = 1.322454 | LR = 3.807224e-02
  Batch 27: loss = 1.385768 | LR = 3.805827e-02
  Batch 28: loss = 1.567004 | LR = 3.804431e-02
  Batch 29: loss = 1.507220 | LR = 3.803033e-02
  Batch 30: loss = 1.455896 | LR = 3.801636e-02
  Batch 31: loss = 1.583115 | LR = 3.800237e-02
  Batch 32: loss = 1.335477 | LR = 3.798838e-02
  Batch 33: loss = 1.277128 | LR = 3.797439e-02
  Batch 34: loss = 1.472790 | LR = 3.796039e-02
  Batch 35: loss = 1.252801 | LR = 3.794638e-02
  Batch 36: loss = 1.305257 | LR = 3.793237e-02
  Batch 37: loss = 1.357002 | LR = 3.791835e-02
  Batch 38: loss = 1.515965 | LR = 3.790433e-02
  Batch 39: loss = 1.355345 | LR = 3.789030e-02
  Batch 40: loss = 1.359988 | LR = 3.787626e-02
  Batch 41: loss = 1.271656 | LR = 3.786222e-02
  Batch 42: loss = 1.357364 | LR = 3.784818e-02
  Batch 43: loss = 1.291575 | LR = 3.783413e-02
  Batch 44: loss = 1.474537 | LR = 3.782007e-02
  Batch 45: loss = 1.358141 | LR = 3.780601e-02
  Batch 46: loss = 1.415759 | LR = 3.779194e-02
  Batch 47: loss = 1.605638 | LR = 3.777787e-02
  Batch 48: loss = 1.358292 | LR = 3.776379e-02
Epoch 33: Average loss = 1.3976, Duration = 1.01s
  Batch 1: loss = 1.388374 | LR = 3.774971e-02
  Batch 2: loss = 1.459468 | LR = 3.773562e-02
  Batch 3: loss = 1.445074 | LR = 3.772152e-02
  Batch 4: loss = 1.344571 | LR = 3.770742e-02
  Batch 5: loss = 1.281883 | LR = 3.769332e-02
  Batch 6: loss = 1.310368 | LR = 3.767921e-02
  Batch 7: loss = 1.312306 | LR = 3.766509e-02
  Batch 8: loss = 1.377946 | LR = 3.765097e-02
  Batch 9: loss = 1.518577 | LR = 3.763684e-02
  Batch 10: loss = 1.392904 | LR = 3.762271e-02
  Batch 11: loss = 1.474343 | LR = 3.760857e-02
  Batch 12: loss = 1.358856 | LR = 3.759443e-02
  Batch 13: loss = 1.304114 | LR = 3.758028e-02
  Batch 14: loss = 1.547467 | LR = 3.756612e-02
  Batch 15: loss = 1.407643 | LR = 3.755197e-02
  Batch 16: loss = 1.429018 | LR = 3.753780e-02
  Batch 17: loss = 1.321958 | LR = 3.752363e-02
  Batch 18: loss = 1.314181 | LR = 3.750945e-02
  Batch 19: loss = 1.526707 | LR = 3.749527e-02
  Batch 20: loss = 1.419715 | LR = 3.748109e-02
  Batch 21: loss = 1.362195 | LR = 3.746689e-02
  Batch 22: loss = 1.491426 | LR = 3.745270e-02
  Batch 23: loss = 1.217720 | LR = 3.743849e-02
  Batch 24: loss = 1.374010 | LR = 3.742429e-02
  Batch 25: loss = 1.401424 | LR = 3.741007e-02
  Batch 26: loss = 1.345472 | LR = 3.739585e-02
  Batch 27: loss = 1.349091 | LR = 3.738163e-02
  Batch 28: loss = 1.451301 | LR = 3.736740e-02
  Batch 29: loss = 1.478295 | LR = 3.735317e-02
  Batch 30: loss = 1.388964 | LR = 3.733893e-02
  Batch 31: loss = 1.551531 | LR = 3.732468e-02
  Batch 32: loss = 1.332789 | LR = 3.731043e-02
  Batch 33: loss = 1.325726 | LR = 3.729617e-02
  Batch 34: loss = 1.452713 | LR = 3.728191e-02
  Batch 35: loss = 1.313204 | LR = 3.726765e-02
  Batch 36: loss = 1.370706 | LR = 3.725338e-02
  Batch 37: loss = 1.368267 | LR = 3.723910e-02
  Batch 38: loss = 1.498108 | LR = 3.722482e-02
  Batch 39: loss = 1.323879 | LR = 3.721053e-02
  Batch 40: loss = 1.326084 | LR = 3.719624e-02
  Batch 41: loss = 1.336836 | LR = 3.718194e-02
  Batch 42: loss = 1.445987 | LR = 3.716764e-02
  Batch 43: loss = 1.342852 | LR = 3.715333e-02
  Batch 44: loss = 1.425019 | LR = 3.713901e-02
  Batch 45: loss = 1.414094 | LR = 3.712470e-02
  Batch 46: loss = 1.388402 | LR = 3.711037e-02
  Batch 47: loss = 1.625219 | LR = 3.709604e-02
  Batch 48: loss = 1.256664 | LR = 3.708171e-02
Epoch 34: Average loss = 1.3936, Duration = 1.03s
  Batch 1: loss = 1.305754 | LR = 3.706737e-02
  Batch 2: loss = 1.448676 | LR = 3.705303e-02
  Batch 3: loss = 1.494666 | LR = 3.703868e-02
  Batch 4: loss = 1.506973 | LR = 3.702432e-02
  Batch 5: loss = 1.301409 | LR = 3.700996e-02
  Batch 6: loss = 1.282850 | LR = 3.699560e-02
  Batch 7: loss = 1.325683 | LR = 3.698122e-02
  Batch 8: loss = 1.338219 | LR = 3.696685e-02
  Batch 9: loss = 1.511707 | LR = 3.695247e-02
  Batch 10: loss = 1.367998 | LR = 3.693808e-02
  Batch 11: loss = 1.349819 | LR = 3.692369e-02
  Batch 12: loss = 1.371556 | LR = 3.690930e-02
  Batch 13: loss = 1.288849 | LR = 3.689489e-02
  Batch 14: loss = 1.523100 | LR = 3.688049e-02
  Batch 15: loss = 1.503531 | LR = 3.686608e-02
  Batch 16: loss = 1.358064 | LR = 3.685166e-02
  Batch 17: loss = 1.319696 | LR = 3.683724e-02
  Batch 18: loss = 1.376224 | LR = 3.682281e-02
  Batch 19: loss = 1.388933 | LR = 3.680838e-02
  Batch 20: loss = 1.341925 | LR = 3.679394e-02
  Batch 21: loss = 1.313519 | LR = 3.677950e-02
  Batch 22: loss = 1.418534 | LR = 3.676506e-02
  Batch 23: loss = 1.311875 | LR = 3.675060e-02
  Batch 24: loss = 1.260673 | LR = 3.673615e-02
  Batch 25: loss = 1.261552 | LR = 3.672168e-02
  Batch 26: loss = 1.394597 | LR = 3.670722e-02
  Batch 27: loss = 1.413305 | LR = 3.669275e-02
  Batch 28: loss = 1.368329 | LR = 3.667827e-02
  Batch 29: loss = 1.393087 | LR = 3.666379e-02
  Batch 30: loss = 1.376672 | LR = 3.664930e-02
  Batch 31: loss = 1.394016 | LR = 3.663481e-02
  Batch 32: loss = 1.435501 | LR = 3.662031e-02
  Batch 33: loss = 1.357671 | LR = 3.660581e-02
  Batch 34: loss = 1.406393 | LR = 3.659130e-02
  Batch 35: loss = 1.099181 | LR = 3.657679e-02
  Batch 36: loss = 1.291333 | LR = 3.656227e-02
  Batch 37: loss = 1.283505 | LR = 3.654775e-02
  Batch 38: loss = 1.484265 | LR = 3.653322e-02
  Batch 39: loss = 1.418408 | LR = 3.651869e-02
  Batch 40: loss = 1.316116 | LR = 3.650415e-02
  Batch 41: loss = 1.252325 | LR = 3.648961e-02
  Batch 42: loss = 1.311118 | LR = 3.647507e-02
  Batch 43: loss = 1.235610 | LR = 3.646051e-02
  Batch 44: loss = 1.434032 | LR = 3.644596e-02
  Batch 45: loss = 1.430905 | LR = 3.643140e-02
  Batch 46: loss = 1.456255 | LR = 3.641683e-02
  Batch 47: loss = 1.580361 | LR = 3.640226e-02
  Batch 48: loss = 1.259846 | LR = 3.638768e-02
Epoch 35: Average loss = 1.3680, Duration = 1.03s
  Batch 1: loss = 1.287503 | LR = 3.637310e-02
  Batch 2: loss = 1.439963 | LR = 3.635852e-02
  Batch 3: loss = 1.323622 | LR = 3.634393e-02
  Batch 4: loss = 1.518326 | LR = 3.632933e-02
  Batch 5: loss = 1.265663 | LR = 3.631473e-02
  Batch 6: loss = 1.234997 | LR = 3.630012e-02
  Batch 7: loss = 1.341467 | LR = 3.628551e-02
  Batch 8: loss = 1.401592 | LR = 3.627090e-02
  Batch 9: loss = 1.472803 | LR = 3.625628e-02
  Batch 10: loss = 1.336727 | LR = 3.624165e-02
  Batch 11: loss = 1.482011 | LR = 3.622703e-02
  Batch 12: loss = 1.312102 | LR = 3.621239e-02
  Batch 13: loss = 1.149014 | LR = 3.619775e-02
  Batch 14: loss = 1.519447 | LR = 3.618311e-02
  Batch 15: loss = 1.468296 | LR = 3.616846e-02
  Batch 16: loss = 1.259235 | LR = 3.615381e-02
  Batch 17: loss = 1.376989 | LR = 3.613915e-02
  Batch 18: loss = 1.259184 | LR = 3.612448e-02
  Batch 19: loss = 1.267633 | LR = 3.610982e-02
  Batch 20: loss = 1.363658 | LR = 3.609514e-02
  Batch 21: loss = 1.296684 | LR = 3.608047e-02
  Batch 22: loss = 1.520835 | LR = 3.606578e-02
  Batch 23: loss = 1.368958 | LR = 3.605110e-02
  Batch 24: loss = 1.330168 | LR = 3.603641e-02
  Batch 25: loss = 1.290604 | LR = 3.602171e-02
  Batch 26: loss = 1.435345 | LR = 3.600701e-02
  Batch 27: loss = 1.348758 | LR = 3.599230e-02
  Batch 28: loss = 1.441906 | LR = 3.597759e-02
  Batch 29: loss = 1.474419 | LR = 3.596288e-02
  Batch 30: loss = 1.354595 | LR = 3.594816e-02
  Batch 31: loss = 1.419329 | LR = 3.593343e-02
  Batch 32: loss = 1.297759 | LR = 3.591870e-02
  Batch 33: loss = 1.347003 | LR = 3.590397e-02
  Batch 34: loss = 1.258800 | LR = 3.588923e-02
  Batch 35: loss = 1.227722 | LR = 3.587449e-02
  Batch 36: loss = 1.293824 | LR = 3.585974e-02
  Batch 37: loss = 1.253681 | LR = 3.584499e-02
  Batch 38: loss = 1.387655 | LR = 3.583023e-02
  Batch 39: loss = 1.349946 | LR = 3.581547e-02
  Batch 40: loss = 1.401998 | LR = 3.580070e-02
  Batch 41: loss = 1.308763 | LR = 3.578593e-02
  Batch 42: loss = 1.243943 | LR = 3.577115e-02
  Batch 43: loss = 1.276884 | LR = 3.575637e-02
  Batch 44: loss = 1.492015 | LR = 3.574159e-02
  Batch 45: loss = 1.325273 | LR = 3.572680e-02
  Batch 46: loss = 1.415989 | LR = 3.571200e-02
  Batch 47: loss = 1.655990 | LR = 3.569720e-02
  Batch 48: loss = 1.212863 | LR = 3.568240e-02
Epoch 36: Average loss = 1.3565, Duration = 1.04s
  Batch 1: loss = 1.419418 | LR = 3.566759e-02
  Batch 2: loss = 1.361650 | LR = 3.565278e-02
  Batch 3: loss = 1.401011 | LR = 3.563796e-02
  Batch 4: loss = 1.380868 | LR = 3.562314e-02
  Batch 5: loss = 1.234225 | LR = 3.560831e-02
  Batch 6: loss = 1.232507 | LR = 3.559348e-02
  Batch 7: loss = 1.254459 | LR = 3.557865e-02
  Batch 8: loss = 1.243430 | LR = 3.556381e-02
  Batch 9: loss = 1.390273 | LR = 3.554896e-02
  Batch 10: loss = 1.313595 | LR = 3.553411e-02
  Batch 11: loss = 1.529524 | LR = 3.551926e-02
  Batch 12: loss = 1.268948 | LR = 3.550440e-02
  Batch 13: loss = 1.234399 | LR = 3.548954e-02
  Batch 14: loss = 1.614547 | LR = 3.547467e-02
  Batch 15: loss = 1.407912 | LR = 3.545980e-02
  Batch 16: loss = 1.363727 | LR = 3.544492e-02
  Batch 17: loss = 1.208506 | LR = 3.543004e-02
  Batch 18: loss = 1.400347 | LR = 3.541516e-02
  Batch 19: loss = 1.235698 | LR = 3.540027e-02
  Batch 20: loss = 1.420437 | LR = 3.538538e-02
  Batch 21: loss = 1.341228 | LR = 3.537048e-02
  Batch 22: loss = 1.361556 | LR = 3.535557e-02
  Batch 23: loss = 1.258703 | LR = 3.534067e-02
  Batch 24: loss = 1.345545 | LR = 3.532575e-02
  Batch 25: loss = 1.183486 | LR = 3.531084e-02
  Batch 26: loss = 1.397550 | LR = 3.529592e-02
  Batch 27: loss = 1.300503 | LR = 3.528099e-02
  Batch 28: loss = 1.388327 | LR = 3.526606e-02
  Batch 29: loss = 1.536042 | LR = 3.525113e-02
  Batch 30: loss = 1.398650 | LR = 3.523619e-02
  Batch 31: loss = 1.472120 | LR = 3.522125e-02
  Batch 32: loss = 1.370782 | LR = 3.520630e-02
  Batch 33: loss = 1.371499 | LR = 3.519135e-02
  Batch 34: loss = 1.365255 | LR = 3.517639e-02
  Batch 35: loss = 1.147650 | LR = 3.516143e-02
  Batch 36: loss = 1.369883 | LR = 3.514647e-02
  Batch 37: loss = 1.242120 | LR = 3.513150e-02
  Batch 38: loss = 1.386864 | LR = 3.511653e-02
  Batch 39: loss = 1.294946 | LR = 3.510155e-02
  Batch 40: loss = 1.251728 | LR = 3.508657e-02
  Batch 41: loss = 1.305970 | LR = 3.507158e-02
  Batch 42: loss = 1.287724 | LR = 3.505659e-02
  Batch 43: loss = 1.334537 | LR = 3.504160e-02
  Batch 44: loss = 1.287959 | LR = 3.502660e-02
  Batch 45: loss = 1.303209 | LR = 3.501159e-02
  Batch 46: loss = 1.348722 | LR = 3.499659e-02
  Batch 47: loss = 1.541454 | LR = 3.498157e-02
  Batch 48: loss = 1.293081 | LR = 3.496656e-02
Epoch 37: Average loss = 1.3417, Duration = 1.02s
  Batch 1: loss = 1.344055 | LR = 3.495154e-02
  Batch 2: loss = 1.320480 | LR = 3.493651e-02
  Batch 3: loss = 1.322092 | LR = 3.492148e-02
  Batch 4: loss = 1.378635 | LR = 3.490645e-02
  Batch 5: loss = 1.177439 | LR = 3.489141e-02
  Batch 6: loss = 1.328683 | LR = 3.487637e-02
  Batch 7: loss = 1.296906 | LR = 3.486132e-02
  Batch 8: loss = 1.425202 | LR = 3.484627e-02
  Batch 9: loss = 1.406651 | LR = 3.483122e-02
  Batch 10: loss = 1.315570 | LR = 3.481616e-02
  Batch 11: loss = 1.456807 | LR = 3.480110e-02
  Batch 12: loss = 1.367461 | LR = 3.478603e-02
  Batch 13: loss = 1.123029 | LR = 3.477096e-02
  Batch 14: loss = 1.436548 | LR = 3.475588e-02
  Batch 15: loss = 1.443681 | LR = 3.474080e-02
  Batch 16: loss = 1.177376 | LR = 3.472572e-02
  Batch 17: loss = 1.433482 | LR = 3.471063e-02
  Batch 18: loss = 1.272174 | LR = 3.469554e-02
  Batch 19: loss = 1.422658 | LR = 3.468044e-02
  Batch 20: loss = 1.301954 | LR = 3.466534e-02
  Batch 21: loss = 1.184190 | LR = 3.465024e-02
  Batch 22: loss = 1.429099 | LR = 3.463513e-02
  Batch 23: loss = 1.330121 | LR = 3.462001e-02
  Batch 24: loss = 1.248096 | LR = 3.460490e-02
  Batch 25: loss = 1.352685 | LR = 3.458978e-02
  Batch 26: loss = 1.308442 | LR = 3.457465e-02
  Batch 27: loss = 1.343158 | LR = 3.455952e-02
  Batch 28: loss = 1.514179 | LR = 3.454439e-02
  Batch 29: loss = 1.337755 | LR = 3.452925e-02
  Batch 30: loss = 1.277745 | LR = 3.451411e-02
  Batch 31: loss = 1.410638 | LR = 3.449896e-02
  Batch 32: loss = 1.349664 | LR = 3.448381e-02
  Batch 33: loss = 1.250671 | LR = 3.446866e-02
  Batch 34: loss = 1.299270 | LR = 3.445350e-02
  Batch 35: loss = 1.232335 | LR = 3.443834e-02
  Batch 36: loss = 1.206410 | LR = 3.442317e-02
  Batch 37: loss = 1.238687 | LR = 3.440800e-02
  Batch 38: loss = 1.337359 | LR = 3.439283e-02
  Batch 39: loss = 1.380949 | LR = 3.437765e-02
  Batch 40: loss = 1.341303 | LR = 3.436247e-02
  Batch 41: loss = 1.219797 | LR = 3.434728e-02
  Batch 42: loss = 1.234218 | LR = 3.433209e-02
  Batch 43: loss = 1.345431 | LR = 3.431689e-02
  Batch 44: loss = 1.356538 | LR = 3.430170e-02
  Batch 45: loss = 1.340490 | LR = 3.428649e-02
  Batch 46: loss = 1.352822 | LR = 3.427129e-02
  Batch 47: loss = 1.553790 | LR = 3.425608e-02
  Batch 48: loss = 1.290713 | LR = 3.424086e-02
Epoch 38: Average loss = 1.3295, Duration = 1.04s
  Batch 1: loss = 1.289236 | LR = 3.422564e-02
  Batch 2: loss = 1.374686 | LR = 3.421042e-02
  Batch 3: loss = 1.431965 | LR = 3.419520e-02
  Batch 4: loss = 1.307829 | LR = 3.417997e-02
  Batch 5: loss = 1.324499 | LR = 3.416473e-02
  Batch 6: loss = 1.296635 | LR = 3.414949e-02
  Batch 7: loss = 1.210382 | LR = 3.413425e-02
  Batch 8: loss = 1.362798 | LR = 3.411901e-02
  Batch 9: loss = 1.425852 | LR = 3.410376e-02
  Batch 10: loss = 1.351590 | LR = 3.408850e-02
  Batch 11: loss = 1.447592 | LR = 3.407324e-02
  Batch 12: loss = 1.301584 | LR = 3.405798e-02
  Batch 13: loss = 1.311966 | LR = 3.404272e-02
  Batch 14: loss = 1.405367 | LR = 3.402745e-02
  Batch 15: loss = 1.412857 | LR = 3.401218e-02
  Batch 16: loss = 1.278655 | LR = 3.399690e-02
  Batch 17: loss = 1.266548 | LR = 3.398162e-02
  Batch 18: loss = 1.345555 | LR = 3.396633e-02
  Batch 19: loss = 1.387388 | LR = 3.395104e-02
  Batch 20: loss = 1.528536 | LR = 3.393575e-02
  Batch 21: loss = 1.239801 | LR = 3.392046e-02
  Batch 22: loss = 1.448042 | LR = 3.390516e-02
  Batch 23: loss = 1.254668 | LR = 3.388985e-02
  Batch 24: loss = 1.268266 | LR = 3.387454e-02
  Batch 25: loss = 1.252696 | LR = 3.385923e-02
  Batch 26: loss = 1.367425 | LR = 3.384392e-02
  Batch 27: loss = 1.308801 | LR = 3.382860e-02
  Batch 28: loss = 1.502835 | LR = 3.381328e-02
  Batch 29: loss = 1.317117 | LR = 3.379795e-02
  Batch 30: loss = 1.363683 | LR = 3.378262e-02
  Batch 31: loss = 1.468918 | LR = 3.376728e-02
  Batch 32: loss = 1.269145 | LR = 3.375195e-02
  Batch 33: loss = 1.309037 | LR = 3.373660e-02
  Batch 34: loss = 1.298233 | LR = 3.372126e-02
  Batch 35: loss = 1.209462 | LR = 3.370591e-02
  Batch 36: loss = 1.350860 | LR = 3.369056e-02
  Batch 37: loss = 1.362103 | LR = 3.367520e-02
  Batch 38: loss = 1.442414 | LR = 3.365984e-02
  Batch 39: loss = 1.373292 | LR = 3.364448e-02
  Batch 40: loss = 1.420822 | LR = 3.362911e-02
  Batch 41: loss = 1.283563 | LR = 3.361374e-02
  Batch 42: loss = 1.249035 | LR = 3.359836e-02
  Batch 43: loss = 1.246599 | LR = 3.358298e-02
  Batch 44: loss = 1.521449 | LR = 3.356760e-02
  Batch 45: loss = 1.358664 | LR = 3.355221e-02
  Batch 46: loss = 1.368644 | LR = 3.353682e-02
  Batch 47: loss = 1.592622 | LR = 3.352143e-02
  Batch 48: loss = 1.209305 | LR = 3.350603e-02
Epoch 39: Average loss = 1.3483, Duration = 1.01s
  Batch 1: loss = 1.331082 | LR = 3.349063e-02
  Batch 2: loss = 1.470204 | LR = 3.347523e-02
  Batch 3: loss = 1.340024 | LR = 3.345982e-02
  Batch 4: loss = 1.330581 | LR = 3.344441e-02
  Batch 5: loss = 1.320034 | LR = 3.342899e-02
  Batch 6: loss = 1.318956 | LR = 3.341357e-02
  Batch 7: loss = 1.307888 | LR = 3.339815e-02
  Batch 8: loss = 1.393542 | LR = 3.338272e-02
  Batch 9: loss = 1.451614 | LR = 3.336729e-02
  Batch 10: loss = 1.260183 | LR = 3.335186e-02
  Batch 11: loss = 1.511887 | LR = 3.333642e-02
  Batch 12: loss = 1.251702 | LR = 3.332098e-02
  Batch 13: loss = 1.288896 | LR = 3.330554e-02
  Batch 14: loss = 1.489324 | LR = 3.329009e-02
  Batch 15: loss = 1.368151 | LR = 3.327464e-02
  Batch 16: loss = 1.338120 | LR = 3.325918e-02
  Batch 17: loss = 1.356172 | LR = 3.324373e-02
  Batch 18: loss = 1.286804 | LR = 3.322826e-02
  Batch 19: loss = 1.432277 | LR = 3.321280e-02
  Batch 20: loss = 1.383800 | LR = 3.319733e-02
  Batch 21: loss = 1.166759 | LR = 3.318186e-02
  Batch 22: loss = 1.357020 | LR = 3.316638e-02
  Batch 23: loss = 1.302789 | LR = 3.315090e-02
  Batch 24: loss = 1.296729 | LR = 3.313542e-02
  Batch 25: loss = 1.209400 | LR = 3.311993e-02
  Batch 26: loss = 1.308281 | LR = 3.310444e-02
  Batch 27: loss = 1.345620 | LR = 3.308895e-02
  Batch 28: loss = 1.475867 | LR = 3.307345e-02
  Batch 29: loss = 1.350725 | LR = 3.305795e-02
  Batch 30: loss = 1.309597 | LR = 3.304245e-02
  Batch 31: loss = 1.445251 | LR = 3.302694e-02
  Batch 32: loss = 1.451009 | LR = 3.301143e-02
  Batch 33: loss = 1.312022 | LR = 3.299592e-02
  Batch 34: loss = 1.187713 | LR = 3.298040e-02
  Batch 35: loss = 1.133698 | LR = 3.296488e-02
  Batch 36: loss = 1.340360 | LR = 3.294935e-02
  Batch 37: loss = 1.272875 | LR = 3.293382e-02
  Batch 38: loss = 1.399065 | LR = 3.291829e-02
  Batch 39: loss = 1.236261 | LR = 3.290276e-02
  Batch 40: loss = 1.302173 | LR = 3.288722e-02
  Batch 41: loss = 1.240803 | LR = 3.287168e-02
  Batch 42: loss = 1.340841 | LR = 3.285613e-02
  Batch 43: loss = 1.212627 | LR = 3.284059e-02
  Batch 44: loss = 1.548226 | LR = 3.282503e-02
  Batch 45: loss = 1.328803 | LR = 3.280948e-02
  Batch 46: loss = 1.231816 | LR = 3.279392e-02
  Batch 47: loss = 1.529567 | LR = 3.277836e-02
  Batch 48: loss = 1.147726 | LR = 3.276279e-02
Epoch 40: Average loss = 1.3336, Duration = 1.02s
  Batch 1: loss = 1.371004 | LR = 3.274723e-02
  Batch 2: loss = 1.394334 | LR = 3.273165e-02
  Batch 3: loss = 1.393542 | LR = 3.271608e-02
  Batch 4: loss = 1.356222 | LR = 3.270050e-02
  Batch 5: loss = 1.259952 | LR = 3.268492e-02
  Batch 6: loss = 1.241803 | LR = 3.266933e-02
  Batch 7: loss = 1.308793 | LR = 3.265375e-02
  Batch 8: loss = 1.301234 | LR = 3.263816e-02
  Batch 9: loss = 1.514972 | LR = 3.262256e-02
  Batch 10: loss = 1.282823 | LR = 3.260696e-02
  Batch 11: loss = 1.421311 | LR = 3.259136e-02
  Batch 12: loss = 1.315143 | LR = 3.257576e-02
  Batch 13: loss = 1.203732 | LR = 3.256015e-02
  Batch 14: loss = 1.423524 | LR = 3.254454e-02
  Batch 15: loss = 1.493423 | LR = 3.252892e-02
  Batch 16: loss = 1.373468 | LR = 3.251331e-02
  Batch 17: loss = 1.270396 | LR = 3.249769e-02
  Batch 18: loss = 1.264870 | LR = 3.248206e-02
  Batch 19: loss = 1.373601 | LR = 3.246643e-02
  Batch 20: loss = 1.343186 | LR = 3.245080e-02
  Batch 21: loss = 1.210081 | LR = 3.243517e-02
  Batch 22: loss = 1.422199 | LR = 3.241953e-02
  Batch 23: loss = 1.241622 | LR = 3.240389e-02
  Batch 24: loss = 1.178244 | LR = 3.238825e-02
  Batch 25: loss = 1.265474 | LR = 3.237261e-02
  Batch 26: loss = 1.232879 | LR = 3.235696e-02
  Batch 27: loss = 1.461342 | LR = 3.234130e-02
  Batch 28: loss = 1.346527 | LR = 3.232565e-02
  Batch 29: loss = 1.365972 | LR = 3.230999e-02
  Batch 30: loss = 1.308885 | LR = 3.229433e-02
  Batch 31: loss = 1.255709 | LR = 3.227866e-02
  Batch 32: loss = 1.432609 | LR = 3.226299e-02
  Batch 33: loss = 1.282595 | LR = 3.224732e-02
  Batch 34: loss = 1.290748 | LR = 3.223165e-02
  Batch 35: loss = 1.226996 | LR = 3.221597e-02
  Batch 36: loss = 1.291406 | LR = 3.220029e-02
  Batch 37: loss = 1.401174 | LR = 3.218461e-02
  Batch 38: loss = 1.342160 | LR = 3.216892e-02
  Batch 39: loss = 1.325101 | LR = 3.215323e-02
  Batch 40: loss = 1.277959 | LR = 3.213754e-02
  Batch 41: loss = 1.255354 | LR = 3.212184e-02
  Batch 42: loss = 1.184540 | LR = 3.210614e-02
  Batch 43: loss = 1.274617 | LR = 3.209044e-02
  Batch 44: loss = 1.404105 | LR = 3.207473e-02
  Batch 45: loss = 1.317944 | LR = 3.205903e-02
  Batch 46: loss = 1.258238 | LR = 3.204331e-02
  Batch 47: loss = 1.407929 | LR = 3.202760e-02
  Batch 48: loss = 1.176854 | LR = 3.201188e-02
Epoch 41: Average loss = 1.3197, Duration = 1.04s
  Batch 1: loss = 1.353728 | LR = 3.199616e-02
  Batch 2: loss = 1.318783 | LR = 3.198044e-02
  Batch 3: loss = 1.319583 | LR = 3.196471e-02
  Batch 4: loss = 1.355371 | LR = 3.194898e-02
  Batch 5: loss = 1.198263 | LR = 3.193325e-02
  Batch 6: loss = 1.225405 | LR = 3.191752e-02
  Batch 7: loss = 1.284467 | LR = 3.190178e-02
  Batch 8: loss = 1.359765 | LR = 3.188604e-02
  Batch 9: loss = 1.427578 | LR = 3.187029e-02
  Batch 10: loss = 1.248912 | LR = 3.185455e-02
  Batch 11: loss = 1.553979 | LR = 3.183880e-02
  Batch 12: loss = 1.280789 | LR = 3.182304e-02
  Batch 13: loss = 1.179547 | LR = 3.180729e-02
  Batch 14: loss = 1.459761 | LR = 3.179153e-02
  Batch 15: loss = 1.384191 | LR = 3.177577e-02
  Batch 16: loss = 1.185906 | LR = 3.176000e-02
  Batch 17: loss = 1.269083 | LR = 3.174423e-02
  Batch 18: loss = 1.267156 | LR = 3.172846e-02
  Batch 19: loss = 1.353367 | LR = 3.171269e-02
  Batch 20: loss = 1.356420 | LR = 3.169691e-02
  Batch 21: loss = 1.195886 | LR = 3.168113e-02
  Batch 22: loss = 1.374803 | LR = 3.166535e-02
  Batch 23: loss = 1.249631 | LR = 3.164957e-02
  Batch 24: loss = 1.239036 | LR = 3.163378e-02
  Batch 25: loss = 1.214710 | LR = 3.161799e-02
  Batch 26: loss = 1.277533 | LR = 3.160220e-02
  Batch 27: loss = 1.322675 | LR = 3.158640e-02
  Batch 28: loss = 1.311890 | LR = 3.157060e-02
  Batch 29: loss = 1.348547 | LR = 3.155480e-02
  Batch 30: loss = 1.228113 | LR = 3.153900e-02
  Batch 31: loss = 1.344480 | LR = 3.152319e-02
  Batch 32: loss = 1.293169 | LR = 3.150738e-02
  Batch 33: loss = 1.257410 | LR = 3.149156e-02
  Batch 34: loss = 1.260652 | LR = 3.147575e-02
  Batch 35: loss = 1.304215 | LR = 3.145993e-02
  Batch 36: loss = 1.292897 | LR = 3.144411e-02
  Batch 37: loss = 1.391346 | LR = 3.142828e-02
  Batch 38: loss = 1.388265 | LR = 3.141246e-02
  Batch 39: loss = 1.320685 | LR = 3.139663e-02
  Batch 40: loss = 1.321137 | LR = 3.138080e-02
  Batch 41: loss = 1.090807 | LR = 3.136496e-02
  Batch 42: loss = 1.271888 | LR = 3.134912e-02
  Batch 43: loss = 1.205385 | LR = 3.133328e-02
  Batch 44: loss = 1.407295 | LR = 3.131744e-02
  Batch 45: loss = 1.232391 | LR = 3.130159e-02
  Batch 46: loss = 1.175501 | LR = 3.128574e-02
  Batch 47: loss = 1.577900 | LR = 3.126989e-02
  Batch 48: loss = 1.204405 | LR = 3.125404e-02
Epoch 42: Average loss = 1.3018, Duration = 1.09s
  Batch 1: loss = 1.314873 | LR = 3.123818e-02
  Batch 2: loss = 1.291893 | LR = 3.122232e-02
  Batch 3: loss = 1.303377 | LR = 3.120646e-02
  Batch 4: loss = 1.333979 | LR = 3.119060e-02
  Batch 5: loss = 1.266975 | LR = 3.117473e-02
  Batch 6: loss = 1.271085 | LR = 3.115886e-02
  Batch 7: loss = 1.294380 | LR = 3.114299e-02
  Batch 8: loss = 1.289221 | LR = 3.112711e-02
  Batch 9: loss = 1.436968 | LR = 3.111123e-02
  Batch 10: loss = 1.334220 | LR = 3.109535e-02
  Batch 11: loss = 1.356375 | LR = 3.107947e-02
  Batch 12: loss = 1.249463 | LR = 3.106358e-02
  Batch 13: loss = 1.118371 | LR = 3.104769e-02
  Batch 14: loss = 1.285770 | LR = 3.103180e-02
  Batch 15: loss = 1.361876 | LR = 3.101591e-02
  Batch 16: loss = 1.320769 | LR = 3.100001e-02
  Batch 17: loss = 1.259348 | LR = 3.098411e-02
  Batch 18: loss = 1.256576 | LR = 3.096821e-02
  Batch 19: loss = 1.415172 | LR = 3.095231e-02
  Batch 20: loss = 1.246922 | LR = 3.093640e-02
  Batch 21: loss = 1.266161 | LR = 3.092049e-02
  Batch 22: loss = 1.363625 | LR = 3.090458e-02
  Batch 23: loss = 1.271493 | LR = 3.088867e-02
  Batch 24: loss = 1.164197 | LR = 3.087275e-02
  Batch 25: loss = 1.233389 | LR = 3.085683e-02
  Batch 26: loss = 1.289167 | LR = 3.084091e-02
  Batch 27: loss = 1.334241 | LR = 3.082499e-02
  Batch 28: loss = 1.295772 | LR = 3.080906e-02
  Batch 29: loss = 1.427207 | LR = 3.079313e-02
  Batch 30: loss = 1.188820 | LR = 3.077720e-02
  Batch 31: loss = 1.409258 | LR = 3.076127e-02
  Batch 32: loss = 1.255918 | LR = 3.074533e-02
  Batch 33: loss = 1.220116 | LR = 3.072939e-02
  Batch 34: loss = 1.190212 | LR = 3.071345e-02
  Batch 35: loss = 1.145104 | LR = 3.069750e-02
  Batch 36: loss = 1.335154 | LR = 3.068156e-02
  Batch 37: loss = 1.285067 | LR = 3.066561e-02
  Batch 38: loss = 1.318144 | LR = 3.064966e-02
  Batch 39: loss = 1.262998 | LR = 3.063370e-02
  Batch 40: loss = 1.180633 | LR = 3.061775e-02
  Batch 41: loss = 1.222817 | LR = 3.060179e-02
  Batch 42: loss = 1.243522 | LR = 3.058583e-02
  Batch 43: loss = 1.228556 | LR = 3.056987e-02
  Batch 44: loss = 1.297258 | LR = 3.055390e-02
  Batch 45: loss = 1.248831 | LR = 3.053793e-02
  Batch 46: loss = 1.307282 | LR = 3.052196e-02
  Batch 47: loss = 1.561162 | LR = 3.050599e-02
  Batch 48: loss = 1.268907 | LR = 3.049001e-02
Epoch 43: Average loss = 1.2880, Duration = 1.04s
  Batch 1: loss = 1.299132 | LR = 3.047404e-02
  Batch 2: loss = 1.375923 | LR = 3.045806e-02
  Batch 3: loss = 1.404995 | LR = 3.044207e-02
  Batch 4: loss = 1.415561 | LR = 3.042609e-02
  Batch 5: loss = 1.344730 | LR = 3.041010e-02
  Batch 6: loss = 1.165882 | LR = 3.039411e-02
  Batch 7: loss = 1.157276 | LR = 3.037812e-02
  Batch 8: loss = 1.299012 | LR = 3.036213e-02
  Batch 9: loss = 1.454844 | LR = 3.034613e-02
  Batch 10: loss = 1.300576 | LR = 3.033013e-02
  Batch 11: loss = 1.372034 | LR = 3.031413e-02
  Batch 12: loss = 1.274782 | LR = 3.029813e-02
  Batch 13: loss = 1.167704 | LR = 3.028212e-02
  Batch 14: loss = 1.337913 | LR = 3.026612e-02
  Batch 15: loss = 1.364514 | LR = 3.025011e-02
  Batch 16: loss = 1.325001 | LR = 3.023409e-02
  Batch 17: loss = 1.321499 | LR = 3.021808e-02
  Batch 18: loss = 1.207709 | LR = 3.020206e-02
  Batch 19: loss = 1.340502 | LR = 3.018604e-02
  Batch 20: loss = 1.260915 | LR = 3.017002e-02
  Batch 21: loss = 1.308921 | LR = 3.015400e-02
  Batch 22: loss = 1.359663 | LR = 3.013798e-02
  Batch 23: loss = 1.186023 | LR = 3.012195e-02
  Batch 24: loss = 1.247399 | LR = 3.010592e-02
  Batch 25: loss = 1.172105 | LR = 3.008989e-02
  Batch 26: loss = 1.241847 | LR = 3.007385e-02
  Batch 27: loss = 1.336844 | LR = 3.005782e-02
  Batch 28: loss = 1.343959 | LR = 3.004178e-02
  Batch 29: loss = 1.458912 | LR = 3.002574e-02
  Batch 30: loss = 1.305743 | LR = 3.000969e-02
  Batch 31: loss = 1.395285 | LR = 2.999365e-02
  Batch 32: loss = 1.448874 | LR = 2.997760e-02
  Batch 33: loss = 1.176918 | LR = 2.996155e-02
  Batch 34: loss = 1.183674 | LR = 2.994550e-02
  Batch 35: loss = 1.129486 | LR = 2.992945e-02
  Batch 36: loss = 1.346720 | LR = 2.991339e-02
  Batch 37: loss = 1.368439 | LR = 2.989733e-02
  Batch 38: loss = 1.290789 | LR = 2.988127e-02
  Batch 39: loss = 1.341077 | LR = 2.986521e-02
  Batch 40: loss = 1.267202 | LR = 2.984915e-02
  Batch 41: loss = 1.203708 | LR = 2.983308e-02
  Batch 42: loss = 1.141744 | LR = 2.981701e-02
  Batch 43: loss = 1.148760 | LR = 2.980094e-02
  Batch 44: loss = 1.290935 | LR = 2.978487e-02
  Batch 45: loss = 1.265545 | LR = 2.976880e-02
  Batch 46: loss = 1.322285 | LR = 2.975272e-02
  Batch 47: loss = 1.543386 | LR = 2.973664e-02
  Batch 48: loss = 1.095058 | LR = 2.972056e-02
Epoch 44: Average loss = 1.2940, Duration = 1.03s
  Batch 1: loss = 1.255200 | LR = 2.970448e-02
  Batch 2: loss = 1.359040 | LR = 2.968839e-02
  Batch 3: loss = 1.318485 | LR = 2.967231e-02
  Batch 4: loss = 1.279090 | LR = 2.965622e-02
  Batch 5: loss = 1.295058 | LR = 2.964013e-02
  Batch 6: loss = 1.208561 | LR = 2.962404e-02
  Batch 7: loss = 1.204222 | LR = 2.960794e-02
  Batch 8: loss = 1.244457 | LR = 2.959184e-02
  Batch 9: loss = 1.430512 | LR = 2.957575e-02
  Batch 10: loss = 1.346110 | LR = 2.955965e-02
  Batch 11: loss = 1.406727 | LR = 2.954354e-02
  Batch 12: loss = 1.245854 | LR = 2.952744e-02
  Batch 13: loss = 1.252161 | LR = 2.951133e-02
  Batch 14: loss = 1.233099 | LR = 2.949522e-02
  Batch 15: loss = 1.366689 | LR = 2.947911e-02
  Batch 16: loss = 1.274935 | LR = 2.946300e-02
  Batch 17: loss = 1.273372 | LR = 2.944689e-02
  Batch 18: loss = 1.250381 | LR = 2.943077e-02
  Batch 19: loss = 1.369863 | LR = 2.941465e-02
  Batch 20: loss = 1.369718 | LR = 2.939853e-02
  Batch 21: loss = 1.160465 | LR = 2.938241e-02
  Batch 22: loss = 1.463712 | LR = 2.936629e-02
  Batch 23: loss = 1.230533 | LR = 2.935016e-02
  Batch 24: loss = 1.218325 | LR = 2.933404e-02
  Batch 25: loss = 1.250220 | LR = 2.931791e-02
  Batch 26: loss = 1.331825 | LR = 2.930178e-02
  Batch 27: loss = 1.221618 | LR = 2.928564e-02
  Batch 28: loss = 1.411897 | LR = 2.926951e-02
  Batch 29: loss = 1.246242 | LR = 2.925337e-02
  Batch 30: loss = 1.310957 | LR = 2.923723e-02
  Batch 31: loss = 1.352068 | LR = 2.922109e-02
  Batch 32: loss = 1.223813 | LR = 2.920495e-02
  Batch 33: loss = 1.161157 | LR = 2.918881e-02
  Batch 34: loss = 1.225464 | LR = 2.917266e-02
  Batch 35: loss = 1.141794 | LR = 2.915652e-02
  Batch 36: loss = 1.275056 | LR = 2.914037e-02
  Batch 37: loss = 1.279095 | LR = 2.912422e-02
  Batch 38: loss = 1.369044 | LR = 2.910806e-02
  Batch 39: loss = 1.223668 | LR = 2.909191e-02
  Batch 40: loss = 1.267492 | LR = 2.907575e-02
  Batch 41: loss = 1.133236 | LR = 2.905960e-02
  Batch 42: loss = 1.231972 | LR = 2.904344e-02
  Batch 43: loss = 1.170117 | LR = 2.902727e-02
  Batch 44: loss = 1.405229 | LR = 2.901111e-02
  Batch 45: loss = 1.277941 | LR = 2.899495e-02
  Batch 46: loss = 1.228288 | LR = 2.897878e-02
  Batch 47: loss = 1.540235 | LR = 2.896261e-02
  Batch 48: loss = 1.311272 | LR = 2.894644e-02
Epoch 45: Average loss = 1.2843, Duration = 1.05s
  Batch 1: loss = 1.187175 | LR = 2.893027e-02
  Batch 2: loss = 1.264132 | LR = 2.891410e-02
  Batch 3: loss = 1.272197 | LR = 2.889792e-02
  Batch 4: loss = 1.328925 | LR = 2.888174e-02
  Batch 5: loss = 1.248033 | LR = 2.886557e-02
  Batch 6: loss = 1.204491 | LR = 2.884939e-02
  Batch 7: loss = 1.224891 | LR = 2.883320e-02
  Batch 8: loss = 1.252671 | LR = 2.881702e-02
  Batch 9: loss = 1.295063 | LR = 2.880084e-02
  Batch 10: loss = 1.209786 | LR = 2.878465e-02
  Batch 11: loss = 1.351392 | LR = 2.876846e-02
  Batch 12: loss = 1.212630 | LR = 2.875227e-02
  Batch 13: loss = 1.176928 | LR = 2.873608e-02
  Batch 14: loss = 1.354014 | LR = 2.871989e-02
  Batch 15: loss = 1.367857 | LR = 2.870369e-02
  Batch 16: loss = 1.191226 | LR = 2.868750e-02
  Batch 17: loss = 1.263614 | LR = 2.867130e-02
  Batch 18: loss = 1.217613 | LR = 2.865510e-02
  Batch 19: loss = 1.312396 | LR = 2.863890e-02
  Batch 20: loss = 1.261618 | LR = 2.862270e-02
  Batch 21: loss = 1.094878 | LR = 2.860649e-02
  Batch 22: loss = 1.279063 | LR = 2.859029e-02
  Batch 23: loss = 1.290650 | LR = 2.857408e-02
  Batch 24: loss = 1.215507 | LR = 2.855787e-02
  Batch 25: loss = 1.203881 | LR = 2.854166e-02
  Batch 26: loss = 1.291924 | LR = 2.852545e-02
  Batch 27: loss = 1.406439 | LR = 2.850924e-02
  Batch 28: loss = 1.304197 | LR = 2.849302e-02
  Batch 29: loss = 1.291910 | LR = 2.847680e-02
  Batch 30: loss = 1.325352 | LR = 2.846059e-02
  Batch 31: loss = 1.333557 | LR = 2.844437e-02
  Batch 32: loss = 1.307488 | LR = 2.842815e-02
  Batch 33: loss = 1.204915 | LR = 2.841193e-02
  Batch 34: loss = 1.137290 | LR = 2.839570e-02
  Batch 35: loss = 1.266859 | LR = 2.837948e-02
  Batch 36: loss = 1.312031 | LR = 2.836325e-02
  Batch 37: loss = 1.321979 | LR = 2.834702e-02
  Batch 38: loss = 1.209369 | LR = 2.833079e-02
  Batch 39: loss = 1.267871 | LR = 2.831456e-02
  Batch 40: loss = 1.325557 | LR = 2.829833e-02
  Batch 41: loss = 1.181899 | LR = 2.828210e-02
  Batch 42: loss = 1.217831 | LR = 2.826586e-02
  Batch 43: loss = 1.308819 | LR = 2.824962e-02
  Batch 44: loss = 1.267013 | LR = 2.823339e-02
  Batch 45: loss = 1.267281 | LR = 2.821715e-02
  Batch 46: loss = 1.213730 | LR = 2.820091e-02
  Batch 47: loss = 1.484824 | LR = 2.818466e-02
  Batch 48: loss = 1.302708 | LR = 2.816842e-02
Epoch 46: Average loss = 1.2673, Duration = 1.03s
  Batch 1: loss = 1.249526 | LR = 2.815218e-02
  Batch 2: loss = 1.366263 | LR = 2.813593e-02
  Batch 3: loss = 1.160618 | LR = 2.811968e-02
  Batch 4: loss = 1.308278 | LR = 2.810343e-02
  Batch 5: loss = 1.252834 | LR = 2.808718e-02
  Batch 6: loss = 1.225732 | LR = 2.807093e-02
  Batch 7: loss = 1.243269 | LR = 2.805468e-02
  Batch 8: loss = 1.264324 | LR = 2.803843e-02
  Batch 9: loss = 1.396564 | LR = 2.802217e-02
  Batch 10: loss = 1.273101 | LR = 2.800591e-02
  Batch 11: loss = 1.426573 | LR = 2.798966e-02
  Batch 12: loss = 1.328342 | LR = 2.797340e-02
  Batch 13: loss = 1.181468 | LR = 2.795714e-02
  Batch 14: loss = 1.316367 | LR = 2.794087e-02
  Batch 15: loss = 1.316976 | LR = 2.792461e-02
  Batch 16: loss = 1.246995 | LR = 2.790835e-02
  Batch 17: loss = 1.280120 | LR = 2.789208e-02
  Batch 18: loss = 1.191494 | LR = 2.787581e-02
  Batch 19: loss = 1.309525 | LR = 2.785955e-02
  Batch 20: loss = 1.298818 | LR = 2.784328e-02
  Batch 21: loss = 1.083712 | LR = 2.782701e-02
  Batch 22: loss = 1.310680 | LR = 2.781074e-02
  Batch 23: loss = 1.233350 | LR = 2.779446e-02
  Batch 24: loss = 1.273750 | LR = 2.777819e-02
  Batch 25: loss = 1.086353 | LR = 2.776191e-02
  Batch 26: loss = 1.230855 | LR = 2.774564e-02
  Batch 27: loss = 1.259775 | LR = 2.772936e-02
  Batch 28: loss = 1.319966 | LR = 2.771308e-02
  Batch 29: loss = 1.482477 | LR = 2.769680e-02
  Batch 30: loss = 1.266797 | LR = 2.768052e-02
  Batch 31: loss = 1.286132 | LR = 2.766424e-02
  Batch 32: loss = 1.329017 | LR = 2.764795e-02
  Batch 33: loss = 1.172997 | LR = 2.763167e-02
  Batch 34: loss = 1.206756 | LR = 2.761538e-02
  Batch 35: loss = 1.147286 | LR = 2.759910e-02
  Batch 36: loss = 1.145075 | LR = 2.758281e-02
  Batch 37: loss = 1.283306 | LR = 2.756652e-02
  Batch 38: loss = 1.329607 | LR = 2.755023e-02
  Batch 39: loss = 1.159462 | LR = 2.753394e-02
  Batch 40: loss = 1.104717 | LR = 2.751765e-02
  Batch 41: loss = 1.160493 | LR = 2.750135e-02
  Batch 42: loss = 1.196254 | LR = 2.748506e-02
  Batch 43: loss = 1.260445 | LR = 2.746876e-02
  Batch 44: loss = 1.345097 | LR = 2.745247e-02
  Batch 45: loss = 1.222268 | LR = 2.743617e-02
  Batch 46: loss = 1.230053 | LR = 2.741987e-02
  Batch 47: loss = 1.585891 | LR = 2.740357e-02
  Batch 48: loss = 1.209584 | LR = 2.738727e-02
Epoch 47: Average loss = 1.2617, Duration = 1.01s
  Batch 1: loss = 1.188654 | LR = 2.737097e-02
  Batch 2: loss = 1.344061 | LR = 2.735466e-02
  Batch 3: loss = 1.293947 | LR = 2.733836e-02
  Batch 4: loss = 1.370424 | LR = 2.732206e-02
  Batch 5: loss = 1.256060 | LR = 2.730575e-02
  Batch 6: loss = 1.199412 | LR = 2.728944e-02
  Batch 7: loss = 1.188338 | LR = 2.727314e-02
  Batch 8: loss = 1.359277 | LR = 2.725683e-02
  Batch 9: loss = 1.317331 | LR = 2.724052e-02
  Batch 10: loss = 1.274876 | LR = 2.722421e-02
  Batch 11: loss = 1.363011 | LR = 2.720789e-02
  Batch 12: loss = 1.132301 | LR = 2.719158e-02
  Batch 13: loss = 1.138512 | LR = 2.717527e-02
  Batch 14: loss = 1.435609 | LR = 2.715895e-02
  Batch 15: loss = 1.312270 | LR = 2.714264e-02
  Batch 16: loss = 1.281183 | LR = 2.712632e-02
  Batch 17: loss = 1.271532 | LR = 2.711000e-02
  Batch 18: loss = 1.132981 | LR = 2.709369e-02
  Batch 19: loss = 1.338384 | LR = 2.707737e-02
  Batch 20: loss = 1.365420 | LR = 2.706105e-02
  Batch 21: loss = 1.149458 | LR = 2.704473e-02
  Batch 22: loss = 1.228895 | LR = 2.702841e-02
  Batch 23: loss = 1.145448 | LR = 2.701208e-02
  Batch 24: loss = 1.108789 | LR = 2.699576e-02
  Batch 25: loss = 1.284051 | LR = 2.697944e-02
  Batch 26: loss = 1.233268 | LR = 2.696311e-02
  Batch 27: loss = 1.296700 | LR = 2.694678e-02
  Batch 28: loss = 1.441367 | LR = 2.693046e-02
  Batch 29: loss = 1.392615 | LR = 2.691413e-02
  Batch 30: loss = 1.361859 | LR = 2.689780e-02
  Batch 31: loss = 1.318745 | LR = 2.688147e-02
  Batch 32: loss = 1.307719 | LR = 2.686514e-02
  Batch 33: loss = 1.273127 | LR = 2.684881e-02
  Batch 34: loss = 1.225510 | LR = 2.683248e-02
  Batch 35: loss = 1.123405 | LR = 2.681615e-02
  Batch 36: loss = 1.223387 | LR = 2.679981e-02
  Batch 37: loss = 1.180142 | LR = 2.678348e-02
  Batch 38: loss = 1.227102 | LR = 2.676714e-02
  Batch 39: loss = 1.260854 | LR = 2.675081e-02
  Batch 40: loss = 1.171385 | LR = 2.673447e-02
  Batch 41: loss = 1.190164 | LR = 2.671814e-02
  Batch 42: loss = 1.234987 | LR = 2.670180e-02
  Batch 43: loss = 1.207421 | LR = 2.668546e-02
  Batch 44: loss = 1.326683 | LR = 2.666912e-02
  Batch 45: loss = 1.248215 | LR = 2.665278e-02
  Batch 46: loss = 1.299328 | LR = 2.663644e-02
  Batch 47: loss = 1.419437 | LR = 2.662010e-02
  Batch 48: loss = 1.219398 | LR = 2.660376e-02
Epoch 48: Average loss = 1.2638, Duration = 1.01s
  Batch 1: loss = 1.181090 | LR = 2.658741e-02
  Batch 2: loss = 1.323573 | LR = 2.657107e-02
  Batch 3: loss = 1.313997 | LR = 2.655473e-02
  Batch 4: loss = 1.301018 | LR = 2.653838e-02
  Batch 5: loss = 1.190997 | LR = 2.652204e-02
  Batch 6: loss = 1.220293 | LR = 2.650569e-02
  Batch 7: loss = 1.109292 | LR = 2.648934e-02
  Batch 8: loss = 1.343860 | LR = 2.647300e-02
  Batch 9: loss = 1.329745 | LR = 2.645665e-02
  Batch 10: loss = 1.240295 | LR = 2.644030e-02
  Batch 11: loss = 1.366343 | LR = 2.642395e-02
  Batch 12: loss = 1.218652 | LR = 2.640760e-02
  Batch 13: loss = 1.058177 | LR = 2.639125e-02
  Batch 14: loss = 1.342209 | LR = 2.637490e-02
  Batch 15: loss = 1.223274 | LR = 2.635855e-02
  Batch 16: loss = 1.231250 | LR = 2.634220e-02
  Batch 17: loss = 1.182508 | LR = 2.632584e-02
  Batch 18: loss = 1.198673 | LR = 2.630949e-02
  Batch 19: loss = 1.270097 | LR = 2.629314e-02
  Batch 20: loss = 1.290752 | LR = 2.627678e-02
  Batch 21: loss = 1.209313 | LR = 2.626043e-02
  Batch 22: loss = 1.215261 | LR = 2.624407e-02
  Batch 23: loss = 1.154132 | LR = 2.622771e-02
  Batch 24: loss = 1.183852 | LR = 2.621136e-02
  Batch 25: loss = 1.127985 | LR = 2.619500e-02
  Batch 26: loss = 1.263626 | LR = 2.617864e-02
  Batch 27: loss = 1.325005 | LR = 2.616228e-02
  Batch 28: loss = 1.352327 | LR = 2.614593e-02
  Batch 29: loss = 1.335894 | LR = 2.612957e-02
  Batch 30: loss = 1.233862 | LR = 2.611321e-02
  Batch 31: loss = 1.342090 | LR = 2.609685e-02
  Batch 32: loss = 1.258717 | LR = 2.608049e-02
  Batch 33: loss = 1.162920 | LR = 2.606413e-02
  Batch 34: loss = 1.247913 | LR = 2.604776e-02
  Batch 35: loss = 1.160090 | LR = 2.603140e-02
  Batch 36: loss = 1.226035 | LR = 2.601504e-02
  Batch 37: loss = 1.328324 | LR = 2.599868e-02
  Batch 38: loss = 1.171212 | LR = 2.598231e-02
  Batch 39: loss = 1.205942 | LR = 2.596595e-02
  Batch 40: loss = 1.276237 | LR = 2.594959e-02
  Batch 41: loss = 1.137491 | LR = 2.593322e-02
  Batch 42: loss = 1.223289 | LR = 2.591686e-02
  Batch 43: loss = 1.150857 | LR = 2.590049e-02
  Batch 44: loss = 1.247489 | LR = 2.588413e-02
  Batch 45: loss = 1.310925 | LR = 2.586776e-02
  Batch 46: loss = 1.266133 | LR = 2.585139e-02
  Batch 47: loss = 1.413223 | LR = 2.583503e-02
  Batch 48: loss = 1.230501 | LR = 2.581866e-02
Epoch 49: Average loss = 1.2437, Duration = 0.98s
  Batch 1: loss = 1.176459 | LR = 2.580229e-02
  Batch 2: loss = 1.265281 | LR = 2.578592e-02
  Batch 3: loss = 1.265344 | LR = 2.576956e-02
  Batch 4: loss = 1.308176 | LR = 2.575319e-02
  Batch 5: loss = 1.106513 | LR = 2.573682e-02
  Batch 6: loss = 1.077246 | LR = 2.572045e-02
  Batch 7: loss = 1.146989 | LR = 2.570408e-02
  Batch 8: loss = 1.294497 | LR = 2.568771e-02
  Batch 9: loss = 1.289523 | LR = 2.567134e-02
  Batch 10: loss = 1.258254 | LR = 2.565497e-02
  Batch 11: loss = 1.331248 | LR = 2.563860e-02
  Batch 12: loss = 1.229095 | LR = 2.562223e-02
  Batch 13: loss = 1.149448 | LR = 2.560586e-02
  Batch 14: loss = 1.387984 | LR = 2.558949e-02
  Batch 15: loss = 1.356186 | LR = 2.557311e-02
  Batch 16: loss = 1.271621 | LR = 2.555674e-02
  Batch 17: loss = 1.166199 | LR = 2.554037e-02
  Batch 18: loss = 1.208894 | LR = 2.552400e-02
  Batch 19: loss = 1.288170 | LR = 2.550762e-02
  Batch 20: loss = 1.295131 | LR = 2.549125e-02
  Batch 21: loss = 1.060194 | LR = 2.547488e-02
  Batch 22: loss = 1.242514 | LR = 2.545851e-02
  Batch 23: loss = 1.110856 | LR = 2.544213e-02
  Batch 24: loss = 1.236451 | LR = 2.542576e-02
  Batch 25: loss = 1.149000 | LR = 2.540938e-02
  Batch 26: loss = 1.193727 | LR = 2.539301e-02
  Batch 27: loss = 1.259912 | LR = 2.537664e-02
  Batch 28: loss = 1.365179 | LR = 2.536026e-02
  Batch 29: loss = 1.272337 | LR = 2.534389e-02
  Batch 30: loss = 1.184316 | LR = 2.532751e-02
  Batch 31: loss = 1.273838 | LR = 2.531114e-02
  Batch 32: loss = 1.292707 | LR = 2.529476e-02
  Batch 33: loss = 1.141044 | LR = 2.527839e-02
  Batch 34: loss = 1.157623 | LR = 2.526201e-02
  Batch 35: loss = 1.085379 | LR = 2.524564e-02
  Batch 36: loss = 1.236384 | LR = 2.522926e-02
  Batch 37: loss = 1.192302 | LR = 2.521289e-02
  Batch 38: loss = 1.278077 | LR = 2.519651e-02
  Batch 39: loss = 1.187541 | LR = 2.518014e-02
  Batch 40: loss = 1.280943 | LR = 2.516376e-02
  Batch 41: loss = 1.186865 | LR = 2.514738e-02
  Batch 42: loss = 1.283487 | LR = 2.513101e-02
  Batch 43: loss = 1.153328 | LR = 2.511463e-02
  Batch 44: loss = 1.309210 | LR = 2.509826e-02
  Batch 45: loss = 1.314460 | LR = 2.508188e-02
  Batch 46: loss = 1.302967 | LR = 2.506550e-02
  Batch 47: loss = 1.528273 | LR = 2.504913e-02
  Batch 48: loss = 1.178139 | LR = 2.503275e-02
Epoch 50: Average loss = 1.2360, Duration = 1.03s
  Batch 1: loss = 1.298813 | LR = 2.501638e-02
  Batch 2: loss = 1.330686 | LR = 2.500000e-02
  Batch 3: loss = 1.320671 | LR = 2.498362e-02
  Batch 4: loss = 1.234076 | LR = 2.496725e-02
  Batch 5: loss = 1.203169 | LR = 2.495087e-02
  Batch 6: loss = 1.162451 | LR = 2.493450e-02
  Batch 7: loss = 1.093570 | LR = 2.491812e-02
  Batch 8: loss = 1.335896 | LR = 2.490174e-02
  Batch 9: loss = 1.308345 | LR = 2.488537e-02
  Batch 10: loss = 1.207701 | LR = 2.486899e-02
  Batch 11: loss = 1.447656 | LR = 2.485262e-02
  Batch 12: loss = 1.167740 | LR = 2.483624e-02
  Batch 13: loss = 1.212989 | LR = 2.481986e-02
  Batch 14: loss = 1.305296 | LR = 2.480349e-02
  Batch 15: loss = 1.316125 | LR = 2.478711e-02
  Batch 16: loss = 1.281792 | LR = 2.477074e-02
  Batch 17: loss = 1.204891 | LR = 2.475436e-02
  Batch 18: loss = 1.276083 | LR = 2.473799e-02
  Batch 19: loss = 1.260954 | LR = 2.472161e-02
  Batch 20: loss = 1.233984 | LR = 2.470524e-02
  Batch 21: loss = 1.154117 | LR = 2.468886e-02
  Batch 22: loss = 1.336169 | LR = 2.467249e-02
  Batch 23: loss = 1.114745 | LR = 2.465611e-02
  Batch 24: loss = 1.167542 | LR = 2.463974e-02
  Batch 25: loss = 1.094528 | LR = 2.462336e-02
  Batch 26: loss = 1.221958 | LR = 2.460699e-02
  Batch 27: loss = 1.212892 | LR = 2.459062e-02
  Batch 28: loss = 1.341767 | LR = 2.457424e-02
  Batch 29: loss = 1.286178 | LR = 2.455787e-02
  Batch 30: loss = 1.100833 | LR = 2.454149e-02
  Batch 31: loss = 1.194057 | LR = 2.452512e-02
  Batch 32: loss = 1.227716 | LR = 2.450875e-02
  Batch 33: loss = 1.122033 | LR = 2.449238e-02
  Batch 34: loss = 1.183726 | LR = 2.447600e-02
  Batch 35: loss = 1.132333 | LR = 2.445963e-02
  Batch 36: loss = 1.309665 | LR = 2.444326e-02
  Batch 37: loss = 1.278674 | LR = 2.442689e-02
  Batch 38: loss = 1.290058 | LR = 2.441051e-02
  Batch 39: loss = 1.217198 | LR = 2.439414e-02
  Batch 40: loss = 1.139060 | LR = 2.437777e-02
  Batch 41: loss = 1.167130 | LR = 2.436140e-02
  Batch 42: loss = 1.302195 | LR = 2.434503e-02
  Batch 43: loss = 1.189194 | LR = 2.432866e-02
  Batch 44: loss = 1.170434 | LR = 2.431229e-02
  Batch 45: loss = 1.238592 | LR = 2.429592e-02
  Batch 46: loss = 1.205626 | LR = 2.427955e-02
  Batch 47: loss = 1.361001 | LR = 2.426318e-02
  Batch 48: loss = 1.246911 | LR = 2.424681e-02
Epoch 51: Average loss = 1.2335, Duration = 1.01s
  Batch 1: loss = 1.143101 | LR = 2.423044e-02
  Batch 2: loss = 1.287312 | LR = 2.421408e-02
  Batch 3: loss = 1.276400 | LR = 2.419771e-02
  Batch 4: loss = 1.270560 | LR = 2.418134e-02
  Batch 5: loss = 1.082675 | LR = 2.416497e-02
  Batch 6: loss = 1.141092 | LR = 2.414861e-02
  Batch 7: loss = 1.016551 | LR = 2.413224e-02
  Batch 8: loss = 1.261055 | LR = 2.411587e-02
  Batch 9: loss = 1.280402 | LR = 2.409951e-02
  Batch 10: loss = 1.087657 | LR = 2.408314e-02
  Batch 11: loss = 1.409434 | LR = 2.406678e-02
  Batch 12: loss = 1.190513 | LR = 2.405041e-02
  Batch 13: loss = 1.064422 | LR = 2.403405e-02
  Batch 14: loss = 1.417593 | LR = 2.401769e-02
  Batch 15: loss = 1.360595 | LR = 2.400132e-02
  Batch 16: loss = 1.253775 | LR = 2.398496e-02
  Batch 17: loss = 1.184704 | LR = 2.396860e-02
  Batch 18: loss = 1.129686 | LR = 2.395224e-02
  Batch 19: loss = 1.209498 | LR = 2.393587e-02
  Batch 20: loss = 1.131483 | LR = 2.391951e-02
  Batch 21: loss = 1.034518 | LR = 2.390315e-02
  Batch 22: loss = 1.231499 | LR = 2.388679e-02
  Batch 23: loss = 1.117003 | LR = 2.387043e-02
  Batch 24: loss = 1.226686 | LR = 2.385407e-02
  Batch 25: loss = 1.147006 | LR = 2.383772e-02
  Batch 26: loss = 1.173342 | LR = 2.382136e-02
  Batch 27: loss = 1.240816 | LR = 2.380500e-02
  Batch 28: loss = 1.225075 | LR = 2.378864e-02
  Batch 29: loss = 1.284244 | LR = 2.377229e-02
  Batch 30: loss = 1.130352 | LR = 2.375593e-02
  Batch 31: loss = 1.165581 | LR = 2.373957e-02
  Batch 32: loss = 1.109214 | LR = 2.372322e-02
  Batch 33: loss = 1.096727 | LR = 2.370686e-02
  Batch 34: loss = 1.200412 | LR = 2.369051e-02
  Batch 35: loss = 1.099113 | LR = 2.367416e-02
  Batch 36: loss = 1.236019 | LR = 2.365780e-02
  Batch 37: loss = 1.247119 | LR = 2.364145e-02
  Batch 38: loss = 1.250105 | LR = 2.362510e-02
  Batch 39: loss = 1.209712 | LR = 2.360875e-02
  Batch 40: loss = 1.229901 | LR = 2.359240e-02
  Batch 41: loss = 1.172375 | LR = 2.357605e-02
  Batch 42: loss = 1.280867 | LR = 2.355970e-02
  Batch 43: loss = 1.137590 | LR = 2.354335e-02
  Batch 44: loss = 1.271329 | LR = 2.352700e-02
  Batch 45: loss = 1.183349 | LR = 2.351066e-02
  Batch 46: loss = 1.154663 | LR = 2.349431e-02
  Batch 47: loss = 1.423309 | LR = 2.347796e-02
  Batch 48: loss = 1.200575 | LR = 2.346162e-02
Epoch 52: Average loss = 1.2016, Duration = 0.99s
  Batch 1: loss = 1.092435 | LR = 2.344527e-02
  Batch 2: loss = 1.299755 | LR = 2.342893e-02
  Batch 3: loss = 1.232332 | LR = 2.341259e-02
  Batch 4: loss = 1.231873 | LR = 2.339624e-02
  Batch 5: loss = 1.109638 | LR = 2.337990e-02
  Batch 6: loss = 1.183368 | LR = 2.336356e-02
  Batch 7: loss = 1.104597 | LR = 2.334722e-02
  Batch 8: loss = 1.201573 | LR = 2.333088e-02
  Batch 9: loss = 1.277872 | LR = 2.331454e-02
  Batch 10: loss = 1.221942 | LR = 2.329820e-02
  Batch 11: loss = 1.263885 | LR = 2.328186e-02
  Batch 12: loss = 1.231227 | LR = 2.326553e-02
  Batch 13: loss = 1.120025 | LR = 2.324919e-02
  Batch 14: loss = 1.243818 | LR = 2.323286e-02
  Batch 15: loss = 1.361845 | LR = 2.321652e-02
  Batch 16: loss = 1.245639 | LR = 2.320019e-02
  Batch 17: loss = 1.169870 | LR = 2.318385e-02
  Batch 18: loss = 1.152817 | LR = 2.316752e-02
  Batch 19: loss = 1.294696 | LR = 2.315119e-02
  Batch 20: loss = 1.265587 | LR = 2.313486e-02
  Batch 21: loss = 1.068438 | LR = 2.311853e-02
  Batch 22: loss = 1.290986 | LR = 2.310220e-02
  Batch 23: loss = 1.187102 | LR = 2.308587e-02
  Batch 24: loss = 1.055313 | LR = 2.306954e-02
  Batch 25: loss = 1.117453 | LR = 2.305322e-02
  Batch 26: loss = 1.248677 | LR = 2.303689e-02
  Batch 27: loss = 1.250297 | LR = 2.302056e-02
  Batch 28: loss = 1.250670 | LR = 2.300424e-02
  Batch 29: loss = 1.286859 | LR = 2.298792e-02
  Batch 30: loss = 1.160169 | LR = 2.297159e-02
  Batch 31: loss = 1.215109 | LR = 2.295527e-02
  Batch 32: loss = 1.285412 | LR = 2.293895e-02
  Batch 33: loss = 1.088557 | LR = 2.292263e-02
  Batch 34: loss = 1.211713 | LR = 2.290631e-02
  Batch 35: loss = 1.067256 | LR = 2.289000e-02
  Batch 36: loss = 1.143150 | LR = 2.287368e-02
  Batch 37: loss = 1.177692 | LR = 2.285736e-02
  Batch 38: loss = 1.327005 | LR = 2.284105e-02
  Batch 39: loss = 1.316920 | LR = 2.282473e-02
  Batch 40: loss = 1.147423 | LR = 2.280842e-02
  Batch 41: loss = 1.077883 | LR = 2.279211e-02
  Batch 42: loss = 1.224312 | LR = 2.277579e-02
  Batch 43: loss = 1.009429 | LR = 2.275948e-02
  Batch 44: loss = 1.301926 | LR = 2.274317e-02
  Batch 45: loss = 1.165567 | LR = 2.272686e-02
  Batch 46: loss = 1.169663 | LR = 2.271056e-02
  Batch 47: loss = 1.468408 | LR = 2.269425e-02
  Batch 48: loss = 1.156097 | LR = 2.267794e-02
Epoch 53: Average loss = 1.2036, Duration = 1.01s
  Batch 1: loss = 1.125412 | LR = 2.266164e-02
  Batch 2: loss = 1.223779 | LR = 2.264534e-02
  Batch 3: loss = 1.266002 | LR = 2.262903e-02
  Batch 4: loss = 1.255060 | LR = 2.261273e-02
  Batch 5: loss = 1.066031 | LR = 2.259643e-02
  Batch 6: loss = 1.068476 | LR = 2.258013e-02
  Batch 7: loss = 0.974427 | LR = 2.256383e-02
  Batch 8: loss = 1.256029 | LR = 2.254753e-02
  Batch 9: loss = 1.212081 | LR = 2.253124e-02
  Batch 10: loss = 1.147147 | LR = 2.251494e-02
  Batch 11: loss = 1.310840 | LR = 2.249865e-02
  Batch 12: loss = 1.128766 | LR = 2.248235e-02
  Batch 13: loss = 1.203617 | LR = 2.246606e-02
  Batch 14: loss = 1.355648 | LR = 2.244977e-02
  Batch 15: loss = 1.323980 | LR = 2.243348e-02
  Batch 16: loss = 1.260964 | LR = 2.241719e-02
  Batch 17: loss = 1.065975 | LR = 2.240090e-02
  Batch 18: loss = 1.088984 | LR = 2.238462e-02
  Batch 19: loss = 1.257198 | LR = 2.236833e-02
  Batch 20: loss = 1.280622 | LR = 2.235205e-02
  Batch 21: loss = 1.137268 | LR = 2.233576e-02
  Batch 22: loss = 1.241686 | LR = 2.231948e-02
  Batch 23: loss = 1.132858 | LR = 2.230320e-02
  Batch 24: loss = 1.085261 | LR = 2.228692e-02
  Batch 25: loss = 1.064606 | LR = 2.227064e-02
  Batch 26: loss = 1.127940 | LR = 2.225436e-02
  Batch 27: loss = 1.254273 | LR = 2.223809e-02
  Batch 28: loss = 1.343507 | LR = 2.222181e-02
  Batch 29: loss = 1.303695 | LR = 2.220554e-02
  Batch 30: loss = 1.100088 | LR = 2.218926e-02
  Batch 31: loss = 1.304129 | LR = 2.217299e-02
  Batch 32: loss = 1.174574 | LR = 2.215672e-02
  Batch 33: loss = 1.134076 | LR = 2.214045e-02
  Batch 34: loss = 1.151811 | LR = 2.212419e-02
  Batch 35: loss = 0.986950 | LR = 2.210792e-02
  Batch 36: loss = 1.151685 | LR = 2.209165e-02
  Batch 37: loss = 1.252500 | LR = 2.207539e-02
  Batch 38: loss = 1.284076 | LR = 2.205913e-02
  Batch 39: loss = 1.172642 | LR = 2.204286e-02
  Batch 40: loss = 1.167975 | LR = 2.202660e-02
  Batch 41: loss = 1.163819 | LR = 2.201034e-02
  Batch 42: loss = 1.192003 | LR = 2.199409e-02
  Batch 43: loss = 1.072404 | LR = 2.197783e-02
  Batch 44: loss = 1.203812 | LR = 2.196157e-02
  Batch 45: loss = 1.139221 | LR = 2.194532e-02
  Batch 46: loss = 1.109179 | LR = 2.192907e-02
  Batch 47: loss = 1.345344 | LR = 2.191282e-02
  Batch 48: loss = 1.122765 | LR = 2.189657e-02
Epoch 54: Average loss = 1.1831, Duration = 1.00s
  Batch 1: loss = 1.169706 | LR = 2.188032e-02
  Batch 2: loss = 1.236515 | LR = 2.186407e-02
  Batch 3: loss = 1.218180 | LR = 2.184782e-02
  Batch 4: loss = 1.167857 | LR = 2.183158e-02
  Batch 5: loss = 1.130820 | LR = 2.181534e-02
  Batch 6: loss = 1.157745 | LR = 2.179909e-02
  Batch 7: loss = 1.064009 | LR = 2.178285e-02
  Batch 8: loss = 1.190383 | LR = 2.176661e-02
  Batch 9: loss = 1.237271 | LR = 2.175038e-02
  Batch 10: loss = 1.149950 | LR = 2.173414e-02
  Batch 11: loss = 1.476663 | LR = 2.171790e-02
  Batch 12: loss = 1.202250 | LR = 2.170167e-02
  Batch 13: loss = 1.068969 | LR = 2.168544e-02
  Batch 14: loss = 1.257770 | LR = 2.166921e-02
  Batch 15: loss = 1.289659 | LR = 2.165298e-02
  Batch 16: loss = 1.129725 | LR = 2.163675e-02
  Batch 17: loss = 1.168276 | LR = 2.162052e-02
  Batch 18: loss = 1.161406 | LR = 2.160430e-02
  Batch 19: loss = 1.220369 | LR = 2.158807e-02
  Batch 20: loss = 1.180066 | LR = 2.157185e-02
  Batch 21: loss = 1.095060 | LR = 2.155563e-02
  Batch 22: loss = 1.296256 | LR = 2.153941e-02
  Batch 23: loss = 1.165028 | LR = 2.152320e-02
  Batch 24: loss = 1.093574 | LR = 2.150698e-02
  Batch 25: loss = 1.110784 | LR = 2.149076e-02
  Batch 26: loss = 1.128539 | LR = 2.147455e-02
  Batch 27: loss = 1.297841 | LR = 2.145834e-02
  Batch 28: loss = 1.269905 | LR = 2.144213e-02
  Batch 29: loss = 1.304913 | LR = 2.142592e-02
  Batch 30: loss = 1.155107 | LR = 2.140971e-02
  Batch 31: loss = 1.228600 | LR = 2.139351e-02
  Batch 32: loss = 1.236286 | LR = 2.137730e-02
  Batch 33: loss = 1.074918 | LR = 2.136110e-02
  Batch 34: loss = 1.062035 | LR = 2.134490e-02
  Batch 35: loss = 1.062428 | LR = 2.132870e-02
  Batch 36: loss = 1.204521 | LR = 2.131250e-02
  Batch 37: loss = 1.227581 | LR = 2.129631e-02
  Batch 38: loss = 1.255994 | LR = 2.128011e-02
  Batch 39: loss = 1.136189 | LR = 2.126392e-02
  Batch 40: loss = 1.127042 | LR = 2.124773e-02
  Batch 41: loss = 1.203669 | LR = 2.123154e-02
  Batch 42: loss = 1.081081 | LR = 2.121535e-02
  Batch 43: loss = 1.153498 | LR = 2.119916e-02
  Batch 44: loss = 1.243410 | LR = 2.118298e-02
  Batch 45: loss = 1.173797 | LR = 2.116680e-02
  Batch 46: loss = 1.188954 | LR = 2.115061e-02
  Batch 47: loss = 1.420455 | LR = 2.113443e-02
  Batch 48: loss = 1.070837 | LR = 2.111826e-02
Epoch 55: Average loss = 1.1864, Duration = 1.02s
  Batch 1: loss = 1.117100 | LR = 2.110208e-02
  Batch 2: loss = 1.228023 | LR = 2.108590e-02
  Batch 3: loss = 1.153771 | LR = 2.106973e-02
  Batch 4: loss = 1.258621 | LR = 2.105356e-02
  Batch 5: loss = 1.013000 | LR = 2.103739e-02
  Batch 6: loss = 1.108359 | LR = 2.102122e-02
  Batch 7: loss = 0.979959 | LR = 2.100505e-02
  Batch 8: loss = 1.147006 | LR = 2.098889e-02
  Batch 9: loss = 1.221792 | LR = 2.097273e-02
  Batch 10: loss = 1.187213 | LR = 2.095656e-02
  Batch 11: loss = 1.263055 | LR = 2.094040e-02
  Batch 12: loss = 1.222080 | LR = 2.092425e-02
  Batch 13: loss = 1.108439 | LR = 2.090809e-02
  Batch 14: loss = 1.359016 | LR = 2.089194e-02
  Batch 15: loss = 1.302444 | LR = 2.087578e-02
  Batch 16: loss = 1.060270 | LR = 2.085963e-02
  Batch 17: loss = 1.038953 | LR = 2.084348e-02
  Batch 18: loss = 1.237723 | LR = 2.082734e-02
  Batch 19: loss = 1.204978 | LR = 2.081119e-02
  Batch 20: loss = 1.242317 | LR = 2.079505e-02
  Batch 21: loss = 1.172901 | LR = 2.077891e-02
  Batch 22: loss = 1.219959 | LR = 2.076277e-02
  Batch 23: loss = 1.047234 | LR = 2.074663e-02
  Batch 24: loss = 1.128540 | LR = 2.073049e-02
  Batch 25: loss = 1.217023 | LR = 2.071436e-02
  Batch 26: loss = 1.164850 | LR = 2.069822e-02
  Batch 27: loss = 1.267011 | LR = 2.068209e-02
  Batch 28: loss = 1.194823 | LR = 2.066596e-02
  Batch 29: loss = 1.307878 | LR = 2.064984e-02
  Batch 30: loss = 1.170467 | LR = 2.063371e-02
  Batch 31: loss = 1.300249 | LR = 2.061759e-02
  Batch 32: loss = 1.305600 | LR = 2.060147e-02
  Batch 33: loss = 1.104706 | LR = 2.058535e-02
  Batch 34: loss = 1.199106 | LR = 2.056923e-02
  Batch 35: loss = 1.073586 | LR = 2.055311e-02
  Batch 36: loss = 1.117797 | LR = 2.053700e-02
  Batch 37: loss = 1.292976 | LR = 2.052089e-02
  Batch 38: loss = 1.204350 | LR = 2.050478e-02
  Batch 39: loss = 1.033942 | LR = 2.048867e-02
  Batch 40: loss = 1.048568 | LR = 2.047256e-02
  Batch 41: loss = 1.080894 | LR = 2.045646e-02
  Batch 42: loss = 1.189120 | LR = 2.044035e-02
  Batch 43: loss = 1.196021 | LR = 2.042425e-02
  Batch 44: loss = 1.204429 | LR = 2.040816e-02
  Batch 45: loss = 1.032460 | LR = 2.039206e-02
  Batch 46: loss = 1.228768 | LR = 2.037596e-02
  Batch 47: loss = 1.367712 | LR = 2.035987e-02
  Batch 48: loss = 1.160891 | LR = 2.034378e-02
Epoch 56: Average loss = 1.1768, Duration = 1.07s
  Batch 1: loss = 1.113359 | LR = 2.032769e-02
  Batch 2: loss = 1.385707 | LR = 2.031161e-02
  Batch 3: loss = 1.176287 | LR = 2.029552e-02
  Batch 4: loss = 1.267468 | LR = 2.027944e-02
  Batch 5: loss = 1.139909 | LR = 2.026336e-02
  Batch 6: loss = 1.043225 | LR = 2.024728e-02
  Batch 7: loss = 1.077103 | LR = 2.023120e-02
  Batch 8: loss = 1.295421 | LR = 2.021513e-02
  Batch 9: loss = 1.325974 | LR = 2.019906e-02
  Batch 10: loss = 1.141423 | LR = 2.018299e-02
  Batch 11: loss = 1.284310 | LR = 2.016692e-02
  Batch 12: loss = 1.124385 | LR = 2.015085e-02
  Batch 13: loss = 1.033142 | LR = 2.013479e-02
  Batch 14: loss = 1.171365 | LR = 2.011873e-02
  Batch 15: loss = 1.324591 | LR = 2.010267e-02
  Batch 16: loss = 1.210173 | LR = 2.008661e-02
  Batch 17: loss = 1.166696 | LR = 2.007055e-02
  Batch 18: loss = 1.182764 | LR = 2.005450e-02
  Batch 19: loss = 1.228677 | LR = 2.003845e-02
  Batch 20: loss = 1.181494 | LR = 2.002240e-02
  Batch 21: loss = 1.156982 | LR = 2.000635e-02
  Batch 22: loss = 1.315179 | LR = 1.999031e-02
  Batch 23: loss = 1.057715 | LR = 1.997426e-02
  Batch 24: loss = 1.057081 | LR = 1.995822e-02
  Batch 25: loss = 1.131043 | LR = 1.994218e-02
  Batch 26: loss = 1.280298 | LR = 1.992615e-02
  Batch 27: loss = 1.104650 | LR = 1.991011e-02
  Batch 28: loss = 1.261134 | LR = 1.989408e-02
  Batch 29: loss = 1.102109 | LR = 1.987805e-02
  Batch 30: loss = 1.075778 | LR = 1.986202e-02
  Batch 31: loss = 1.199859 | LR = 1.984600e-02
  Batch 32: loss = 1.240958 | LR = 1.982998e-02
  Batch 33: loss = 1.168660 | LR = 1.981396e-02
  Batch 34: loss = 1.129315 | LR = 1.979794e-02
  Batch 35: loss = 1.033296 | LR = 1.978192e-02
  Batch 36: loss = 1.127623 | LR = 1.976591e-02
  Batch 37: loss = 1.257975 | LR = 1.974989e-02
  Batch 38: loss = 1.267275 | LR = 1.973388e-02
  Batch 39: loss = 1.078339 | LR = 1.971788e-02
  Batch 40: loss = 1.099830 | LR = 1.970187e-02
  Batch 41: loss = 1.093130 | LR = 1.968587e-02
  Batch 42: loss = 1.062634 | LR = 1.966987e-02
  Batch 43: loss = 1.037372 | LR = 1.965387e-02
  Batch 44: loss = 1.134114 | LR = 1.963787e-02
  Batch 45: loss = 1.140140 | LR = 1.962188e-02
  Batch 46: loss = 1.027211 | LR = 1.960589e-02
  Batch 47: loss = 1.426635 | LR = 1.958990e-02
  Batch 48: loss = 1.093980 | LR = 1.957391e-02
Epoch 57: Average loss = 1.1674, Duration = 1.02s
  Batch 1: loss = 1.187271 | LR = 1.955793e-02
  Batch 2: loss = 1.297718 | LR = 1.954194e-02
  Batch 3: loss = 1.190578 | LR = 1.952596e-02
  Batch 4: loss = 1.259072 | LR = 1.950999e-02
  Batch 5: loss = 1.078135 | LR = 1.949401e-02
  Batch 6: loss = 1.089428 | LR = 1.947804e-02
  Batch 7: loss = 1.085596 | LR = 1.946207e-02
  Batch 8: loss = 1.198576 | LR = 1.944610e-02
  Batch 9: loss = 1.314214 | LR = 1.943013e-02
  Batch 10: loss = 1.182356 | LR = 1.941417e-02
  Batch 11: loss = 1.193161 | LR = 1.939821e-02
  Batch 12: loss = 1.114891 | LR = 1.938225e-02
  Batch 13: loss = 1.086676 | LR = 1.936630e-02
  Batch 14: loss = 1.143221 | LR = 1.935034e-02
  Batch 15: loss = 1.217996 | LR = 1.933439e-02
  Batch 16: loss = 1.200048 | LR = 1.931844e-02
  Batch 17: loss = 1.132688 | LR = 1.930250e-02
  Batch 18: loss = 1.117102 | LR = 1.928655e-02
  Batch 19: loss = 1.142344 | LR = 1.927061e-02
  Batch 20: loss = 1.242147 | LR = 1.925467e-02
  Batch 21: loss = 1.090021 | LR = 1.923873e-02
  Batch 22: loss = 1.176528 | LR = 1.922280e-02
  Batch 23: loss = 1.035329 | LR = 1.920687e-02
  Batch 24: loss = 1.225046 | LR = 1.919094e-02
  Batch 25: loss = 1.090263 | LR = 1.917501e-02
  Batch 26: loss = 1.120499 | LR = 1.915909e-02
  Batch 27: loss = 1.120858 | LR = 1.914317e-02
  Batch 28: loss = 1.237363 | LR = 1.912725e-02
  Batch 29: loss = 1.213026 | LR = 1.911133e-02
  Batch 30: loss = 1.124390 | LR = 1.909542e-02
  Batch 31: loss = 1.209969 | LR = 1.907951e-02
  Batch 32: loss = 1.132575 | LR = 1.906360e-02
  Batch 33: loss = 1.042185 | LR = 1.904769e-02
  Batch 34: loss = 1.132211 | LR = 1.903179e-02
  Batch 35: loss = 0.950367 | LR = 1.901589e-02
  Batch 36: loss = 1.178727 | LR = 1.899999e-02
  Batch 37: loss = 1.119044 | LR = 1.898409e-02
  Batch 38: loss = 1.218115 | LR = 1.896820e-02
  Batch 39: loss = 1.123288 | LR = 1.895231e-02
  Batch 40: loss = 1.097824 | LR = 1.893642e-02
  Batch 41: loss = 1.094887 | LR = 1.892053e-02
  Batch 42: loss = 1.033548 | LR = 1.890465e-02
  Batch 43: loss = 0.954524 | LR = 1.888877e-02
  Batch 44: loss = 1.152260 | LR = 1.887289e-02
  Batch 45: loss = 1.164452 | LR = 1.885701e-02
  Batch 46: loss = 1.091578 | LR = 1.884114e-02
  Batch 47: loss = 1.355245 | LR = 1.882527e-02
  Batch 48: loss = 1.063884 | LR = 1.880940e-02
Epoch 58: Average loss = 1.1463, Duration = 1.00s
  Batch 1: loss = 1.123725 | LR = 1.879354e-02
  Batch 2: loss = 1.206768 | LR = 1.877768e-02
  Batch 3: loss = 1.176328 | LR = 1.876182e-02
  Batch 4: loss = 1.127866 | LR = 1.874596e-02
  Batch 5: loss = 1.129326 | LR = 1.873011e-02
  Batch 6: loss = 1.090358 | LR = 1.871426e-02
  Batch 7: loss = 0.959969 | LR = 1.869841e-02
  Batch 8: loss = 1.181256 | LR = 1.868256e-02
  Batch 9: loss = 1.199295 | LR = 1.866672e-02
  Batch 10: loss = 1.107473 | LR = 1.865088e-02
  Batch 11: loss = 1.164061 | LR = 1.863504e-02
  Batch 12: loss = 1.099838 | LR = 1.861920e-02
  Batch 13: loss = 1.048369 | LR = 1.860337e-02
  Batch 14: loss = 1.297300 | LR = 1.858754e-02
  Batch 15: loss = 1.153310 | LR = 1.857172e-02
  Batch 16: loss = 1.127931 | LR = 1.855589e-02
  Batch 17: loss = 1.148800 | LR = 1.854007e-02
  Batch 18: loss = 1.093755 | LR = 1.852425e-02
  Batch 19: loss = 1.154431 | LR = 1.850844e-02
  Batch 20: loss = 1.293850 | LR = 1.849262e-02
  Batch 21: loss = 1.080847 | LR = 1.847681e-02
  Batch 22: loss = 1.261055 | LR = 1.846100e-02
  Batch 23: loss = 1.087883 | LR = 1.844520e-02
  Batch 24: loss = 0.980009 | LR = 1.842940e-02
  Batch 25: loss = 1.014790 | LR = 1.841360e-02
  Batch 26: loss = 1.146330 | LR = 1.839780e-02
  Batch 27: loss = 1.163190 | LR = 1.838201e-02
  Batch 28: loss = 1.283000 | LR = 1.836622e-02
  Batch 29: loss = 1.231822 | LR = 1.835043e-02
  Batch 30: loss = 1.350437 | LR = 1.833465e-02
  Batch 31: loss = 1.266765 | LR = 1.831887e-02
  Batch 32: loss = 1.151827 | LR = 1.830309e-02
  Batch 33: loss = 1.037817 | LR = 1.828731e-02
  Batch 34: loss = 1.007162 | LR = 1.827154e-02
  Batch 35: loss = 1.046690 | LR = 1.825577e-02
  Batch 36: loss = 1.108140 | LR = 1.824000e-02
  Batch 37: loss = 1.183786 | LR = 1.822423e-02
  Batch 38: loss = 1.094140 | LR = 1.820847e-02
  Batch 39: loss = 1.118006 | LR = 1.819271e-02
  Batch 40: loss = 1.122481 | LR = 1.817696e-02
  Batch 41: loss = 0.986587 | LR = 1.816120e-02
  Batch 42: loss = 1.091655 | LR = 1.814545e-02
  Batch 43: loss = 0.976335 | LR = 1.812971e-02
  Batch 44: loss = 1.112535 | LR = 1.811396e-02
  Batch 45: loss = 1.066987 | LR = 1.809822e-02
  Batch 46: loss = 1.076185 | LR = 1.808248e-02
  Batch 47: loss = 1.280690 | LR = 1.806675e-02
  Batch 48: loss = 1.094497 | LR = 1.805102e-02
Epoch 59: Average loss = 1.1314, Duration = 1.01s
  Batch 1: loss = 1.181489 | LR = 1.803529e-02
  Batch 2: loss = 1.190519 | LR = 1.801956e-02
  Batch 3: loss = 1.197172 | LR = 1.800384e-02
  Batch 4: loss = 1.214263 | LR = 1.798812e-02
  Batch 5: loss = 1.110047 | LR = 1.797240e-02
  Batch 6: loss = 1.077352 | LR = 1.795669e-02
  Batch 7: loss = 1.030710 | LR = 1.794097e-02
  Batch 8: loss = 1.151526 | LR = 1.792527e-02
  Batch 9: loss = 1.165856 | LR = 1.790956e-02
  Batch 10: loss = 1.150951 | LR = 1.789386e-02
  Batch 11: loss = 1.228212 | LR = 1.787816e-02
  Batch 12: loss = 1.140799 | LR = 1.786246e-02
  Batch 13: loss = 1.062563 | LR = 1.784677e-02
  Batch 14: loss = 1.258824 | LR = 1.783108e-02
  Batch 15: loss = 1.207557 | LR = 1.781539e-02
  Batch 16: loss = 1.051692 | LR = 1.779971e-02
  Batch 17: loss = 1.086025 | LR = 1.778403e-02
  Batch 18: loss = 1.109101 | LR = 1.776835e-02
  Batch 19: loss = 1.242385 | LR = 1.775268e-02
  Batch 20: loss = 1.230540 | LR = 1.773701e-02
  Batch 21: loss = 0.989880 | LR = 1.772134e-02
  Batch 22: loss = 1.172726 | LR = 1.770567e-02
  Batch 23: loss = 1.008315 | LR = 1.769001e-02
  Batch 24: loss = 1.084801 | LR = 1.767435e-02
  Batch 25: loss = 1.049425 | LR = 1.765870e-02
  Batch 26: loss = 1.180528 | LR = 1.764304e-02
  Batch 27: loss = 1.178374 | LR = 1.762739e-02
  Batch 28: loss = 1.175363 | LR = 1.761175e-02
  Batch 29: loss = 1.133492 | LR = 1.759611e-02
  Batch 30: loss = 1.143215 | LR = 1.758047e-02
  Batch 31: loss = 1.178274 | LR = 1.756483e-02
  Batch 32: loss = 1.165694 | LR = 1.754920e-02
  Batch 33: loss = 1.075226 | LR = 1.753357e-02
  Batch 34: loss = 1.045356 | LR = 1.751794e-02
  Batch 35: loss = 0.909041 | LR = 1.750231e-02
  Batch 36: loss = 1.121212 | LR = 1.748669e-02
  Batch 37: loss = 1.146100 | LR = 1.747108e-02
  Batch 38: loss = 1.239508 | LR = 1.745546e-02
  Batch 39: loss = 1.255843 | LR = 1.743985e-02
  Batch 40: loss = 1.039968 | LR = 1.742424e-02
  Batch 41: loss = 1.142303 | LR = 1.740864e-02
  Batch 42: loss = 1.059225 | LR = 1.739304e-02
  Batch 43: loss = 1.076984 | LR = 1.737744e-02
  Batch 44: loss = 1.157264 | LR = 1.736184e-02
  Batch 45: loss = 1.067558 | LR = 1.734625e-02
  Batch 46: loss = 1.024753 | LR = 1.733067e-02
  Batch 47: loss = 1.377080 | LR = 1.731508e-02
  Batch 48: loss = 1.150503 | LR = 1.729950e-02
Epoch 60: Average loss = 1.1341, Duration = 1.02s
  Batch 1: loss = 1.147034 | LR = 1.728392e-02
  Batch 2: loss = 1.228199 | LR = 1.726835e-02
  Batch 3: loss = 1.059060 | LR = 1.725277e-02
  Batch 4: loss = 1.259725 | LR = 1.723721e-02
  Batch 5: loss = 0.997819 | LR = 1.722164e-02
  Batch 6: loss = 1.070698 | LR = 1.720608e-02
  Batch 7: loss = 1.056643 | LR = 1.719052e-02
  Batch 8: loss = 1.338083 | LR = 1.717497e-02
  Batch 9: loss = 1.221947 | LR = 1.715941e-02
  Batch 10: loss = 1.076319 | LR = 1.714387e-02
  Batch 11: loss = 1.334643 | LR = 1.712832e-02
  Batch 12: loss = 1.091220 | LR = 1.711278e-02
  Batch 13: loss = 1.008171 | LR = 1.709724e-02
  Batch 14: loss = 1.099271 | LR = 1.708171e-02
  Batch 15: loss = 1.261348 | LR = 1.706618e-02
  Batch 16: loss = 1.034155 | LR = 1.705065e-02
  Batch 17: loss = 0.989680 | LR = 1.703512e-02
  Batch 18: loss = 1.092513 | LR = 1.701960e-02
  Batch 19: loss = 1.100462 | LR = 1.700408e-02
  Batch 20: loss = 1.194645 | LR = 1.698857e-02
  Batch 21: loss = 1.091320 | LR = 1.697306e-02
  Batch 22: loss = 1.100599 | LR = 1.695755e-02
  Batch 23: loss = 1.102693 | LR = 1.694205e-02
  Batch 24: loss = 0.994128 | LR = 1.692655e-02
  Batch 25: loss = 1.073902 | LR = 1.691105e-02
  Batch 26: loss = 1.209531 | LR = 1.689556e-02
  Batch 27: loss = 1.198603 | LR = 1.688007e-02
  Batch 28: loss = 1.230767 | LR = 1.686458e-02
  Batch 29: loss = 1.140226 | LR = 1.684910e-02
  Batch 30: loss = 1.168685 | LR = 1.683362e-02
  Batch 31: loss = 1.262121 | LR = 1.681814e-02
  Batch 32: loss = 1.169610 | LR = 1.680267e-02
  Batch 33: loss = 0.958661 | LR = 1.678720e-02
  Batch 34: loss = 1.174422 | LR = 1.677174e-02
  Batch 35: loss = 1.032277 | LR = 1.675627e-02
  Batch 36: loss = 1.061012 | LR = 1.674082e-02
  Batch 37: loss = 1.074716 | LR = 1.672536e-02
  Batch 38: loss = 1.135286 | LR = 1.670991e-02
  Batch 39: loss = 1.092314 | LR = 1.669446e-02
  Batch 40: loss = 1.094169 | LR = 1.667902e-02
  Batch 41: loss = 1.135611 | LR = 1.666358e-02
  Batch 42: loss = 1.120262 | LR = 1.664814e-02
  Batch 43: loss = 1.059426 | LR = 1.663271e-02
  Batch 44: loss = 1.215391 | LR = 1.661728e-02
  Batch 45: loss = 1.006601 | LR = 1.660185e-02
  Batch 46: loss = 1.021279 | LR = 1.658643e-02
  Batch 47: loss = 1.233748 | LR = 1.657101e-02
  Batch 48: loss = 1.056969 | LR = 1.655559e-02
Epoch 61: Average loss = 1.1224, Duration = 1.02s
  Batch 1: loss = 1.070750 | LR = 1.654018e-02
  Batch 2: loss = 1.118257 | LR = 1.652477e-02
  Batch 3: loss = 1.212862 | LR = 1.650937e-02
  Batch 4: loss = 1.185461 | LR = 1.649397e-02
  Batch 5: loss = 1.049380 | LR = 1.647857e-02
  Batch 6: loss = 0.964245 | LR = 1.646318e-02
  Batch 7: loss = 0.883855 | LR = 1.644779e-02
  Batch 8: loss = 1.234519 | LR = 1.643240e-02
  Batch 9: loss = 1.184746 | LR = 1.641702e-02
  Batch 10: loss = 1.106786 | LR = 1.640164e-02
  Batch 11: loss = 1.324646 | LR = 1.638626e-02
  Batch 12: loss = 1.137973 | LR = 1.637089e-02
  Batch 13: loss = 1.022270 | LR = 1.635552e-02
  Batch 14: loss = 1.127195 | LR = 1.634016e-02
  Batch 15: loss = 1.230379 | LR = 1.632480e-02
  Batch 16: loss = 1.176802 | LR = 1.630944e-02
  Batch 17: loss = 1.191534 | LR = 1.629409e-02
  Batch 18: loss = 1.121467 | LR = 1.627874e-02
  Batch 19: loss = 1.102718 | LR = 1.626340e-02
  Batch 20: loss = 1.142036 | LR = 1.624805e-02
  Batch 21: loss = 1.010103 | LR = 1.623272e-02
  Batch 22: loss = 1.065338 | LR = 1.621738e-02
  Batch 23: loss = 0.983409 | LR = 1.620205e-02
  Batch 24: loss = 1.008618 | LR = 1.618672e-02
  Batch 25: loss = 1.027132 | LR = 1.617140e-02
  Batch 26: loss = 1.050290 | LR = 1.615608e-02
  Batch 27: loss = 1.122306 | LR = 1.614077e-02
  Batch 28: loss = 1.249087 | LR = 1.612546e-02
  Batch 29: loss = 1.199352 | LR = 1.611015e-02
  Batch 30: loss = 1.091739 | LR = 1.609484e-02
  Batch 31: loss = 1.235287 | LR = 1.607954e-02
  Batch 32: loss = 1.164944 | LR = 1.606425e-02
  Batch 33: loss = 1.026368 | LR = 1.604896e-02
  Batch 34: loss = 1.104010 | LR = 1.603367e-02
  Batch 35: loss = 0.933475 | LR = 1.601838e-02
  Batch 36: loss = 1.164996 | LR = 1.600310e-02
  Batch 37: loss = 1.112011 | LR = 1.598782e-02
  Batch 38: loss = 1.065147 | LR = 1.597255e-02
  Batch 39: loss = 1.088984 | LR = 1.595728e-02
  Batch 40: loss = 1.141542 | LR = 1.594202e-02
  Batch 41: loss = 1.031315 | LR = 1.592676e-02
  Batch 42: loss = 1.023908 | LR = 1.591150e-02
  Batch 43: loss = 1.014142 | LR = 1.589624e-02
  Batch 44: loss = 1.170359 | LR = 1.588099e-02
  Batch 45: loss = 1.105821 | LR = 1.586575e-02
  Batch 46: loss = 1.202845 | LR = 1.585051e-02
  Batch 47: loss = 1.243901 | LR = 1.583527e-02
  Batch 48: loss = 1.185040 | LR = 1.582003e-02
Epoch 62: Average loss = 1.1127, Duration = 1.00s
  Batch 1: loss = 1.100385 | LR = 1.580480e-02
  Batch 2: loss = 1.078418 | LR = 1.578958e-02
  Batch 3: loss = 1.143841 | LR = 1.577436e-02
  Batch 4: loss = 1.146732 | LR = 1.575914e-02
  Batch 5: loss = 1.036001 | LR = 1.574392e-02
  Batch 6: loss = 1.084451 | LR = 1.572871e-02
  Batch 7: loss = 1.048510 | LR = 1.571351e-02
  Batch 8: loss = 1.239107 | LR = 1.569830e-02
  Batch 9: loss = 1.219268 | LR = 1.568311e-02
  Batch 10: loss = 1.195070 | LR = 1.566791e-02
  Batch 11: loss = 1.114289 | LR = 1.565272e-02
  Batch 12: loss = 1.098345 | LR = 1.563753e-02
  Batch 13: loss = 0.954367 | LR = 1.562235e-02
  Batch 14: loss = 0.993312 | LR = 1.560717e-02
  Batch 15: loss = 1.131093 | LR = 1.559200e-02
  Batch 16: loss = 1.179939 | LR = 1.557683e-02
  Batch 17: loss = 1.115703 | LR = 1.556166e-02
  Batch 18: loss = 1.123312 | LR = 1.554650e-02
  Batch 19: loss = 1.098367 | LR = 1.553134e-02
  Batch 20: loss = 1.100272 | LR = 1.551619e-02
  Batch 21: loss = 1.095945 | LR = 1.550104e-02
  Batch 22: loss = 1.095852 | LR = 1.548589e-02
  Batch 23: loss = 1.036875 | LR = 1.547075e-02
  Batch 24: loss = 0.943303 | LR = 1.545561e-02
  Batch 25: loss = 1.037052 | LR = 1.544048e-02
  Batch 26: loss = 1.088936 | LR = 1.542535e-02
  Batch 27: loss = 1.138530 | LR = 1.541022e-02
  Batch 28: loss = 1.128012 | LR = 1.539510e-02
  Batch 29: loss = 1.101162 | LR = 1.537999e-02
  Batch 30: loss = 1.048529 | LR = 1.536487e-02
  Batch 31: loss = 0.998043 | LR = 1.534976e-02
  Batch 32: loss = 1.225180 | LR = 1.533466e-02
  Batch 33: loss = 1.039940 | LR = 1.531956e-02
  Batch 34: loss = 1.109805 | LR = 1.530446e-02
  Batch 35: loss = 0.964935 | LR = 1.528937e-02
  Batch 36: loss = 1.136333 | LR = 1.527428e-02
  Batch 37: loss = 1.158028 | LR = 1.525920e-02
  Batch 38: loss = 1.165584 | LR = 1.524412e-02
  Batch 39: loss = 1.091452 | LR = 1.522904e-02
  Batch 40: loss = 1.111288 | LR = 1.521397e-02
  Batch 41: loss = 1.123088 | LR = 1.519890e-02
  Batch 42: loss = 1.058507 | LR = 1.518384e-02
  Batch 43: loss = 1.009615 | LR = 1.516878e-02
  Batch 44: loss = 1.189902 | LR = 1.515373e-02
  Batch 45: loss = 1.119941 | LR = 1.513868e-02
  Batch 46: loss = 1.072254 | LR = 1.512363e-02
  Batch 47: loss = 1.242727 | LR = 1.510859e-02
  Batch 48: loss = 1.040807 | LR = 1.509355e-02
Epoch 63: Average loss = 1.0994, Duration = 1.01s
  Batch 1: loss = 0.988108 | LR = 1.507852e-02
  Batch 2: loss = 1.115217 | LR = 1.506349e-02
  Batch 3: loss = 1.121508 | LR = 1.504846e-02
  Batch 4: loss = 1.101710 | LR = 1.503344e-02
  Batch 5: loss = 1.062742 | LR = 1.501843e-02
  Batch 6: loss = 1.034874 | LR = 1.500341e-02
  Batch 7: loss = 1.143828 | LR = 1.498841e-02
  Batch 8: loss = 1.096135 | LR = 1.497340e-02
  Batch 9: loss = 1.154605 | LR = 1.495840e-02
  Batch 10: loss = 1.072003 | LR = 1.494341e-02
  Batch 11: loss = 1.220803 | LR = 1.492842e-02
  Batch 12: loss = 1.072441 | LR = 1.491343e-02
  Batch 13: loss = 1.001879 | LR = 1.489845e-02
  Batch 14: loss = 1.213722 | LR = 1.488347e-02
  Batch 15: loss = 1.241727 | LR = 1.486850e-02
  Batch 16: loss = 1.062382 | LR = 1.485353e-02
  Batch 17: loss = 1.087040 | LR = 1.483857e-02
  Batch 18: loss = 1.057551 | LR = 1.482361e-02
  Batch 19: loss = 1.042982 | LR = 1.480865e-02
  Batch 20: loss = 1.243686 | LR = 1.479370e-02
  Batch 21: loss = 1.050969 | LR = 1.477875e-02
  Batch 22: loss = 1.085858 | LR = 1.476381e-02
  Batch 23: loss = 1.020959 | LR = 1.474887e-02
  Batch 24: loss = 0.975502 | LR = 1.473394e-02
  Batch 25: loss = 1.003281 | LR = 1.471901e-02
  Batch 26: loss = 1.014660 | LR = 1.470408e-02
  Batch 27: loss = 1.050060 | LR = 1.468916e-02
  Batch 28: loss = 1.218479 | LR = 1.467425e-02
  Batch 29: loss = 1.216742 | LR = 1.465933e-02
  Batch 30: loss = 1.140923 | LR = 1.464443e-02
  Batch 31: loss = 1.085596 | LR = 1.462952e-02
  Batch 32: loss = 1.109280 | LR = 1.461462e-02
  Batch 33: loss = 1.006144 | LR = 1.459973e-02
  Batch 34: loss = 1.100212 | LR = 1.458484e-02
  Batch 35: loss = 0.919706 | LR = 1.456996e-02
  Batch 36: loss = 1.133347 | LR = 1.455508e-02
  Batch 37: loss = 1.217624 | LR = 1.454020e-02
  Batch 38: loss = 1.200912 | LR = 1.452533e-02
  Batch 39: loss = 1.080641 | LR = 1.451046e-02
  Batch 40: loss = 1.059475 | LR = 1.449560e-02
  Batch 41: loss = 1.078212 | LR = 1.448074e-02
  Batch 42: loss = 1.107968 | LR = 1.446589e-02
  Batch 43: loss = 1.011895 | LR = 1.445104e-02
  Batch 44: loss = 1.081849 | LR = 1.443619e-02
  Batch 45: loss = 1.169176 | LR = 1.442135e-02
  Batch 46: loss = 1.058774 | LR = 1.440652e-02
  Batch 47: loss = 1.256131 | LR = 1.439169e-02
  Batch 48: loss = 1.082505 | LR = 1.437686e-02
Epoch 64: Average loss = 1.0973, Duration = 1.01s
  Batch 1: loss = 0.970773 | LR = 1.436204e-02
  Batch 2: loss = 1.105988 | LR = 1.434722e-02
  Batch 3: loss = 1.099955 | LR = 1.433241e-02
  Batch 4: loss = 1.224366 | LR = 1.431760e-02
  Batch 5: loss = 1.023805 | LR = 1.430280e-02
  Batch 6: loss = 1.029942 | LR = 1.428800e-02
  Batch 7: loss = 0.917893 | LR = 1.427320e-02
  Batch 8: loss = 1.255320 | LR = 1.425841e-02
  Batch 9: loss = 1.198447 | LR = 1.424363e-02
  Batch 10: loss = 1.196113 | LR = 1.422885e-02
  Batch 11: loss = 1.128857 | LR = 1.421407e-02
  Batch 12: loss = 1.074664 | LR = 1.419930e-02
  Batch 13: loss = 0.914008 | LR = 1.418453e-02
  Batch 14: loss = 1.209086 | LR = 1.416977e-02
  Batch 15: loss = 1.168681 | LR = 1.415501e-02
  Batch 16: loss = 1.100109 | LR = 1.414026e-02
  Batch 17: loss = 1.032955 | LR = 1.412551e-02
  Batch 18: loss = 0.991107 | LR = 1.411077e-02
  Batch 19: loss = 1.163030 | LR = 1.409603e-02
  Batch 20: loss = 1.111229 | LR = 1.408130e-02
  Batch 21: loss = 0.969085 | LR = 1.406657e-02
  Batch 22: loss = 1.130383 | LR = 1.405184e-02
  Batch 23: loss = 1.079301 | LR = 1.403712e-02
  Batch 24: loss = 1.002419 | LR = 1.402241e-02
  Batch 25: loss = 1.006590 | LR = 1.400770e-02
  Batch 26: loss = 1.044366 | LR = 1.399299e-02
  Batch 27: loss = 0.955844 | LR = 1.397829e-02
  Batch 28: loss = 1.212704 | LR = 1.396359e-02
  Batch 29: loss = 1.084044 | LR = 1.394890e-02
  Batch 30: loss = 1.035962 | LR = 1.393422e-02
  Batch 31: loss = 1.125591 | LR = 1.391953e-02
  Batch 32: loss = 1.157805 | LR = 1.390486e-02
  Batch 33: loss = 0.976349 | LR = 1.389018e-02
  Batch 34: loss = 1.067124 | LR = 1.387552e-02
  Batch 35: loss = 1.033521 | LR = 1.386085e-02
  Batch 36: loss = 1.042288 | LR = 1.384619e-02
  Batch 37: loss = 1.115116 | LR = 1.383154e-02
  Batch 38: loss = 1.160075 | LR = 1.381689e-02
  Batch 39: loss = 1.064859 | LR = 1.380225e-02
  Batch 40: loss = 1.048983 | LR = 1.378761e-02
  Batch 41: loss = 1.052338 | LR = 1.377297e-02
  Batch 42: loss = 0.922779 | LR = 1.375835e-02
  Batch 43: loss = 1.018372 | LR = 1.374372e-02
  Batch 44: loss = 1.077155 | LR = 1.372910e-02
  Batch 45: loss = 1.057225 | LR = 1.371449e-02
  Batch 46: loss = 0.962765 | LR = 1.369988e-02
  Batch 47: loss = 1.213835 | LR = 1.368527e-02
  Batch 48: loss = 1.082273 | LR = 1.367067e-02
Epoch 65: Average loss = 1.0753, Duration = 1.04s
  Batch 1: loss = 1.016053 | LR = 1.365607e-02
  Batch 2: loss = 1.083178 | LR = 1.364148e-02
  Batch 3: loss = 1.136149 | LR = 1.362690e-02
  Batch 4: loss = 1.072754 | LR = 1.361232e-02
  Batch 5: loss = 1.076205 | LR = 1.359774e-02
  Batch 6: loss = 1.029826 | LR = 1.358317e-02
  Batch 7: loss = 0.982626 | LR = 1.356860e-02
  Batch 8: loss = 1.146317 | LR = 1.355404e-02
  Batch 9: loss = 1.067741 | LR = 1.353949e-02
  Batch 10: loss = 1.074041 | LR = 1.352493e-02
  Batch 11: loss = 1.215308 | LR = 1.351039e-02
  Batch 12: loss = 1.031406 | LR = 1.349585e-02
  Batch 13: loss = 1.097830 | LR = 1.348131e-02
  Batch 14: loss = 1.144719 | LR = 1.346678e-02
  Batch 15: loss = 1.109262 | LR = 1.345225e-02
  Batch 16: loss = 1.098285 | LR = 1.343773e-02
  Batch 17: loss = 0.989945 | LR = 1.342321e-02
  Batch 18: loss = 1.106553 | LR = 1.340870e-02
  Batch 19: loss = 1.094964 | LR = 1.339419e-02
  Batch 20: loss = 1.123379 | LR = 1.337969e-02
  Batch 21: loss = 0.994035 | LR = 1.336519e-02
  Batch 22: loss = 1.147988 | LR = 1.335070e-02
  Batch 23: loss = 0.989074 | LR = 1.333621e-02
  Batch 24: loss = 0.965740 | LR = 1.332173e-02
  Batch 25: loss = 1.012182 | LR = 1.330725e-02
  Batch 26: loss = 1.047258 | LR = 1.329278e-02
  Batch 27: loss = 1.169362 | LR = 1.327832e-02
  Batch 28: loss = 1.232177 | LR = 1.326385e-02
  Batch 29: loss = 1.181232 | LR = 1.324940e-02
  Batch 30: loss = 1.023223 | LR = 1.323494e-02
  Batch 31: loss = 1.231830 | LR = 1.322050e-02
  Batch 32: loss = 1.120452 | LR = 1.320606e-02
  Batch 33: loss = 1.014934 | LR = 1.319162e-02
  Batch 34: loss = 1.014971 | LR = 1.317719e-02
  Batch 35: loss = 0.928319 | LR = 1.316276e-02
  Batch 36: loss = 1.072741 | LR = 1.314834e-02
  Batch 37: loss = 1.106219 | LR = 1.313392e-02
  Batch 38: loss = 1.036152 | LR = 1.311951e-02
  Batch 39: loss = 1.059548 | LR = 1.310511e-02
  Batch 40: loss = 1.005037 | LR = 1.309070e-02
  Batch 41: loss = 1.142594 | LR = 1.307631e-02
  Batch 42: loss = 1.063100 | LR = 1.306192e-02
  Batch 43: loss = 0.915483 | LR = 1.304753e-02
  Batch 44: loss = 1.084523 | LR = 1.303315e-02
  Batch 45: loss = 1.038870 | LR = 1.301878e-02
  Batch 46: loss = 1.188785 | LR = 1.300440e-02
  Batch 47: loss = 1.183123 | LR = 1.299004e-02
  Batch 48: loss = 1.095971 | LR = 1.297568e-02
Epoch 66: Average loss = 1.0784, Duration = 1.00s
  Batch 1: loss = 1.012252 | LR = 1.296132e-02
  Batch 2: loss = 1.107657 | LR = 1.294697e-02
  Batch 3: loss = 1.071494 | LR = 1.293263e-02
  Batch 4: loss = 1.208951 | LR = 1.291829e-02
  Batch 5: loss = 0.970546 | LR = 1.290396e-02
  Batch 6: loss = 1.005384 | LR = 1.288963e-02
  Batch 7: loss = 0.981417 | LR = 1.287530e-02
  Batch 8: loss = 1.166720 | LR = 1.286099e-02
  Batch 9: loss = 1.111389 | LR = 1.284667e-02
  Batch 10: loss = 0.953766 | LR = 1.283236e-02
  Batch 11: loss = 1.012154 | LR = 1.281806e-02
  Batch 12: loss = 1.117154 | LR = 1.280376e-02
  Batch 13: loss = 1.147432 | LR = 1.278947e-02
  Batch 14: loss = 1.136448 | LR = 1.277518e-02
  Batch 15: loss = 1.202602 | LR = 1.276090e-02
  Batch 16: loss = 1.049000 | LR = 1.274662e-02
  Batch 17: loss = 1.076476 | LR = 1.273235e-02
  Batch 18: loss = 1.108533 | LR = 1.271809e-02
  Batch 19: loss = 1.085025 | LR = 1.270383e-02
  Batch 20: loss = 1.129264 | LR = 1.268957e-02
  Batch 21: loss = 0.925746 | LR = 1.267532e-02
  Batch 22: loss = 1.057087 | LR = 1.266107e-02
  Batch 23: loss = 1.002241 | LR = 1.264683e-02
  Batch 24: loss = 1.014814 | LR = 1.263260e-02
  Batch 25: loss = 1.006596 | LR = 1.261837e-02
  Batch 26: loss = 1.021230 | LR = 1.260415e-02
  Batch 27: loss = 1.167269 | LR = 1.258993e-02
  Batch 28: loss = 1.169936 | LR = 1.257571e-02
  Batch 29: loss = 1.087430 | LR = 1.256151e-02
  Batch 30: loss = 1.064909 | LR = 1.254730e-02
  Batch 31: loss = 1.045930 | LR = 1.253311e-02
  Batch 32: loss = 1.115914 | LR = 1.251891e-02
  Batch 33: loss = 1.063490 | LR = 1.250473e-02
  Batch 34: loss = 1.193585 | LR = 1.249055e-02
  Batch 35: loss = 0.874403 | LR = 1.247637e-02
  Batch 36: loss = 0.909562 | LR = 1.246220e-02
  Batch 37: loss = 1.136728 | LR = 1.244803e-02
  Batch 38: loss = 1.074854 | LR = 1.243388e-02
  Batch 39: loss = 1.059845 | LR = 1.241972e-02
  Batch 40: loss = 1.041175 | LR = 1.240557e-02
  Batch 41: loss = 1.058799 | LR = 1.239143e-02
  Batch 42: loss = 1.082879 | LR = 1.237729e-02
  Batch 43: loss = 1.037899 | LR = 1.236316e-02
  Batch 44: loss = 1.002437 | LR = 1.234903e-02
  Batch 45: loss = 1.057742 | LR = 1.233491e-02
  Batch 46: loss = 1.044501 | LR = 1.232079e-02
  Batch 47: loss = 1.156431 | LR = 1.230668e-02
  Batch 48: loss = 1.074191 | LR = 1.229258e-02
Epoch 67: Average loss = 1.0667, Duration = 1.02s
  Batch 1: loss = 0.980903 | LR = 1.227848e-02
  Batch 2: loss = 1.081650 | LR = 1.226438e-02
  Batch 3: loss = 1.129231 | LR = 1.225029e-02
  Batch 4: loss = 1.121833 | LR = 1.223621e-02
  Batch 5: loss = 0.997641 | LR = 1.222213e-02
  Batch 6: loss = 0.971755 | LR = 1.220806e-02
  Batch 7: loss = 0.899682 | LR = 1.219399e-02
  Batch 8: loss = 1.334213 | LR = 1.217993e-02
  Batch 9: loss = 1.167700 | LR = 1.216587e-02
  Batch 10: loss = 1.052451 | LR = 1.215182e-02
  Batch 11: loss = 1.213029 | LR = 1.213778e-02
  Batch 12: loss = 1.061605 | LR = 1.212374e-02
  Batch 13: loss = 1.054059 | LR = 1.210970e-02
  Batch 14: loss = 1.036114 | LR = 1.209567e-02
  Batch 15: loss = 1.128348 | LR = 1.208165e-02
  Batch 16: loss = 1.077432 | LR = 1.206763e-02
  Batch 17: loss = 1.077348 | LR = 1.205362e-02
  Batch 18: loss = 1.140113 | LR = 1.203961e-02
  Batch 19: loss = 1.064423 | LR = 1.202561e-02
  Batch 20: loss = 1.143922 | LR = 1.201162e-02
  Batch 21: loss = 0.987221 | LR = 1.199763e-02
  Batch 22: loss = 1.107192 | LR = 1.198364e-02
  Batch 23: loss = 1.039654 | LR = 1.196967e-02
  Batch 24: loss = 1.009416 | LR = 1.195569e-02
  Batch 25: loss = 0.914297 | LR = 1.194173e-02
  Batch 26: loss = 1.042199 | LR = 1.192776e-02
  Batch 27: loss = 1.128795 | LR = 1.191381e-02
  Batch 28: loss = 1.184741 | LR = 1.189986e-02
  Batch 29: loss = 1.072279 | LR = 1.188591e-02
  Batch 30: loss = 1.069478 | LR = 1.187197e-02
  Batch 31: loss = 1.096529 | LR = 1.185804e-02
  Batch 32: loss = 0.942369 | LR = 1.184411e-02
  Batch 33: loss = 1.063753 | LR = 1.183019e-02
  Batch 34: loss = 1.042570 | LR = 1.181627e-02
  Batch 35: loss = 0.899611 | LR = 1.180236e-02
  Batch 36: loss = 1.046643 | LR = 1.178845e-02
  Batch 37: loss = 1.185606 | LR = 1.177455e-02
  Batch 38: loss = 1.197881 | LR = 1.176066e-02
  Batch 39: loss = 1.060329 | LR = 1.174677e-02
  Batch 40: loss = 0.947244 | LR = 1.173289e-02
  Batch 41: loss = 0.934234 | LR = 1.171901e-02
  Batch 42: loss = 0.985009 | LR = 1.170514e-02
  Batch 43: loss = 0.886531 | LR = 1.169128e-02
  Batch 44: loss = 1.136416 | LR = 1.167742e-02
  Batch 45: loss = 0.997926 | LR = 1.166356e-02
  Batch 46: loss = 1.054529 | LR = 1.164971e-02
  Batch 47: loss = 1.215150 | LR = 1.163587e-02
  Batch 48: loss = 0.980477 | LR = 1.162203e-02
Epoch 68: Average loss = 1.0617, Duration = 1.10s
  Batch 1: loss = 1.101865 | LR = 1.160820e-02
  Batch 2: loss = 1.130153 | LR = 1.159438e-02
  Batch 3: loss = 1.025449 | LR = 1.158056e-02
  Batch 4: loss = 1.075807 | LR = 1.156674e-02
  Batch 5: loss = 1.036214 | LR = 1.155293e-02
  Batch 6: loss = 0.913317 | LR = 1.153913e-02
  Batch 7: loss = 1.046139 | LR = 1.152534e-02
  Batch 8: loss = 1.116861 | LR = 1.151154e-02
  Batch 9: loss = 1.145421 | LR = 1.149776e-02
  Batch 10: loss = 1.059417 | LR = 1.148398e-02
  Batch 11: loss = 1.123893 | LR = 1.147021e-02
  Batch 12: loss = 1.102269 | LR = 1.145644e-02
  Batch 13: loss = 0.938847 | LR = 1.144268e-02
  Batch 14: loss = 1.208880 | LR = 1.142892e-02
  Batch 15: loss = 1.165417 | LR = 1.141517e-02
  Batch 16: loss = 0.952750 | LR = 1.140143e-02
  Batch 17: loss = 1.010590 | LR = 1.138769e-02
  Batch 18: loss = 1.099783 | LR = 1.137395e-02
  Batch 19: loss = 1.156298 | LR = 1.136023e-02
  Batch 20: loss = 1.113801 | LR = 1.134651e-02
  Batch 21: loss = 0.960613 | LR = 1.133279e-02
  Batch 22: loss = 1.125408 | LR = 1.131908e-02
  Batch 23: loss = 0.959710 | LR = 1.130538e-02
  Batch 24: loss = 1.002983 | LR = 1.129168e-02
  Batch 25: loss = 1.026715 | LR = 1.127799e-02
  Batch 26: loss = 1.025642 | LR = 1.126430e-02
  Batch 27: loss = 1.045115 | LR = 1.125062e-02
  Batch 28: loss = 1.145120 | LR = 1.123695e-02
  Batch 29: loss = 1.168205 | LR = 1.122328e-02
  Batch 30: loss = 1.022407 | LR = 1.120962e-02
  Batch 31: loss = 1.161239 | LR = 1.119596e-02
  Batch 32: loss = 1.012596 | LR = 1.118231e-02
  Batch 33: loss = 0.985260 | LR = 1.116867e-02
  Batch 34: loss = 1.094280 | LR = 1.115503e-02
  Batch 35: loss = 0.866045 | LR = 1.114140e-02
  Batch 36: loss = 1.012032 | LR = 1.112777e-02
  Batch 37: loss = 1.263033 | LR = 1.111415e-02
  Batch 38: loss = 1.100521 | LR = 1.110053e-02
  Batch 39: loss = 1.063350 | LR = 1.108692e-02
  Batch 40: loss = 0.953213 | LR = 1.107332e-02
  Batch 41: loss = 0.959076 | LR = 1.105973e-02
  Batch 42: loss = 1.097819 | LR = 1.104613e-02
  Batch 43: loss = 0.919862 | LR = 1.103255e-02
  Batch 44: loss = 0.998895 | LR = 1.101897e-02
  Batch 45: loss = 1.030309 | LR = 1.100540e-02
  Batch 46: loss = 0.964139 | LR = 1.099183e-02
  Batch 47: loss = 1.175625 | LR = 1.097827e-02
  Batch 48: loss = 1.023994 | LR = 1.096472e-02
Epoch 69: Average loss = 1.0560, Duration = 1.02s
  Batch 1: loss = 1.024007 | LR = 1.095117e-02
  Batch 2: loss = 1.022220 | LR = 1.093762e-02
  Batch 3: loss = 1.052128 | LR = 1.092409e-02
  Batch 4: loss = 1.117698 | LR = 1.091056e-02
  Batch 5: loss = 0.991751 | LR = 1.089703e-02
  Batch 6: loss = 1.057388 | LR = 1.088351e-02
  Batch 7: loss = 0.939842 | LR = 1.087000e-02
  Batch 8: loss = 1.043835 | LR = 1.085649e-02
  Batch 9: loss = 1.153682 | LR = 1.084299e-02
  Batch 10: loss = 1.002794 | LR = 1.082950e-02
  Batch 11: loss = 1.106811 | LR = 1.081601e-02
  Batch 12: loss = 1.060992 | LR = 1.080253e-02
  Batch 13: loss = 0.879635 | LR = 1.078905e-02
  Batch 14: loss = 1.090274 | LR = 1.077558e-02
  Batch 15: loss = 1.113654 | LR = 1.076212e-02
  Batch 16: loss = 0.998605 | LR = 1.074866e-02
  Batch 17: loss = 1.042900 | LR = 1.073521e-02
  Batch 18: loss = 1.150761 | LR = 1.072176e-02
  Batch 19: loss = 1.078739 | LR = 1.070832e-02
  Batch 20: loss = 1.004448 | LR = 1.069489e-02
  Batch 21: loss = 0.914267 | LR = 1.068146e-02
  Batch 22: loss = 1.130438 | LR = 1.066804e-02
  Batch 23: loss = 0.947683 | LR = 1.065463e-02
  Batch 24: loss = 0.904092 | LR = 1.064122e-02
  Batch 25: loss = 0.929825 | LR = 1.062782e-02
  Batch 26: loss = 0.987051 | LR = 1.061442e-02
  Batch 27: loss = 0.986033 | LR = 1.060103e-02
  Batch 28: loss = 1.127775 | LR = 1.058765e-02
  Batch 29: loss = 1.038858 | LR = 1.057427e-02
  Batch 30: loss = 1.012437 | LR = 1.056090e-02
  Batch 31: loss = 1.034278 | LR = 1.054753e-02
  Batch 32: loss = 0.993726 | LR = 1.053417e-02
  Batch 33: loss = 1.048257 | LR = 1.052082e-02
  Batch 34: loss = 0.963060 | LR = 1.050747e-02
  Batch 35: loss = 0.872989 | LR = 1.049413e-02
  Batch 36: loss = 0.988685 | LR = 1.048080e-02
  Batch 37: loss = 1.034822 | LR = 1.046747e-02
  Batch 38: loss = 1.137741 | LR = 1.045415e-02
  Batch 39: loss = 1.002315 | LR = 1.044083e-02
  Batch 40: loss = 0.972093 | LR = 1.042752e-02
  Batch 41: loss = 0.961761 | LR = 1.041422e-02
  Batch 42: loss = 0.952004 | LR = 1.040092e-02
  Batch 43: loss = 0.892289 | LR = 1.038763e-02
  Batch 44: loss = 0.999292 | LR = 1.037435e-02
  Batch 45: loss = 1.076434 | LR = 1.036107e-02
  Batch 46: loss = 0.978299 | LR = 1.034780e-02
  Batch 47: loss = 1.168454 | LR = 1.033453e-02
  Batch 48: loss = 0.981298 | LR = 1.032127e-02
Epoch 70: Average loss = 1.0202, Duration = 1.03s
  Batch 1: loss = 1.055565 | LR = 1.030802e-02
  Batch 2: loss = 1.046491 | LR = 1.029477e-02
  Batch 3: loss = 1.078091 | LR = 1.028153e-02
  Batch 4: loss = 1.086086 | LR = 1.026830e-02
  Batch 5: loss = 0.935158 | LR = 1.025507e-02
  Batch 6: loss = 0.947767 | LR = 1.024185e-02
  Batch 7: loss = 0.949723 | LR = 1.022863e-02
  Batch 8: loss = 1.130605 | LR = 1.021542e-02
  Batch 9: loss = 1.112161 | LR = 1.020222e-02
  Batch 10: loss = 0.983982 | LR = 1.018903e-02
  Batch 11: loss = 1.144153 | LR = 1.017584e-02
  Batch 12: loss = 0.994609 | LR = 1.016265e-02
  Batch 13: loss = 0.900042 | LR = 1.014948e-02
  Batch 14: loss = 1.152736 | LR = 1.013631e-02
  Batch 15: loss = 1.101735 | LR = 1.012314e-02
  Batch 16: loss = 1.104164 | LR = 1.010998e-02
  Batch 17: loss = 1.048589 | LR = 1.009683e-02
  Batch 18: loss = 1.039644 | LR = 1.008369e-02
  Batch 19: loss = 0.993386 | LR = 1.007055e-02
  Batch 20: loss = 1.096014 | LR = 1.005742e-02
  Batch 21: loss = 0.857239 | LR = 1.004429e-02
  Batch 22: loss = 1.001779 | LR = 1.003117e-02
  Batch 23: loss = 1.040977 | LR = 1.001806e-02
  Batch 24: loss = 0.977665 | LR = 1.000495e-02
  Batch 25: loss = 0.993424 | LR = 9.991852e-03
  Batch 26: loss = 1.097258 | LR = 9.978758e-03
  Batch 27: loss = 1.016054 | LR = 9.965671e-03
  Batch 28: loss = 1.136115 | LR = 9.952590e-03
  Batch 29: loss = 1.105571 | LR = 9.939516e-03
  Batch 30: loss = 0.959206 | LR = 9.926448e-03
  Batch 31: loss = 1.032202 | LR = 9.913387e-03
  Batch 32: loss = 1.067488 | LR = 9.900332e-03
  Batch 33: loss = 1.113184 | LR = 9.887283e-03
  Batch 34: loss = 1.037794 | LR = 9.874241e-03
  Batch 35: loss = 0.984783 | LR = 9.861206e-03
  Batch 36: loss = 0.986265 | LR = 9.848177e-03
  Batch 37: loss = 1.096914 | LR = 9.835154e-03
  Batch 38: loss = 1.105763 | LR = 9.822138e-03
  Batch 39: loss = 0.924783 | LR = 9.809129e-03
  Batch 40: loss = 0.955868 | LR = 9.796126e-03
  Batch 41: loss = 1.003408 | LR = 9.783130e-03
  Batch 42: loss = 1.034060 | LR = 9.770140e-03
  Batch 43: loss = 0.932094 | LR = 9.757157e-03
  Batch 44: loss = 0.915155 | LR = 9.744180e-03
  Batch 45: loss = 1.019062 | LR = 9.731209e-03
  Batch 46: loss = 0.997110 | LR = 9.718246e-03
  Batch 47: loss = 1.277413 | LR = 9.705289e-03
  Batch 48: loss = 1.038608 | LR = 9.692338e-03
Epoch 71: Average loss = 1.0335, Duration = 1.04s
  Batch 1: loss = 0.904839 | LR = 9.679394e-03
  Batch 2: loss = 1.062006 | LR = 9.666457e-03
  Batch 3: loss = 1.118863 | LR = 9.653526e-03
  Batch 4: loss = 1.116774 | LR = 9.640602e-03
  Batch 5: loss = 0.882590 | LR = 9.627684e-03
  Batch 6: loss = 0.914633 | LR = 9.614773e-03
  Batch 7: loss = 0.960568 | LR = 9.601868e-03
  Batch 8: loss = 1.004311 | LR = 9.588970e-03
  Batch 9: loss = 1.053630 | LR = 9.576079e-03
  Batch 10: loss = 0.973841 | LR = 9.563195e-03
  Batch 11: loss = 1.111128 | LR = 9.550317e-03
  Batch 12: loss = 1.006746 | LR = 9.537445e-03
  Batch 13: loss = 0.919505 | LR = 9.524580e-03
  Batch 14: loss = 1.052420 | LR = 9.511722e-03
  Batch 15: loss = 1.029142 | LR = 9.498871e-03
  Batch 16: loss = 1.083893 | LR = 9.486026e-03
  Batch 17: loss = 1.000332 | LR = 9.473188e-03
  Batch 18: loss = 0.953993 | LR = 9.460356e-03
  Batch 19: loss = 1.120218 | LR = 9.447532e-03
  Batch 20: loss = 0.995394 | LR = 9.434713e-03
  Batch 21: loss = 0.919246 | LR = 9.421902e-03
  Batch 22: loss = 0.954806 | LR = 9.409097e-03
  Batch 23: loss = 1.033499 | LR = 9.396299e-03
  Batch 24: loss = 0.863898 | LR = 9.383508e-03
  Batch 25: loss = 0.939310 | LR = 9.370723e-03
  Batch 26: loss = 0.993556 | LR = 9.357945e-03
  Batch 27: loss = 1.012982 | LR = 9.345174e-03
  Batch 28: loss = 1.024633 | LR = 9.332409e-03
  Batch 29: loss = 0.970769 | LR = 9.319651e-03
  Batch 30: loss = 1.009964 | LR = 9.306900e-03
  Batch 31: loss = 1.086352 | LR = 9.294156e-03
  Batch 32: loss = 1.072206 | LR = 9.281418e-03
  Batch 33: loss = 0.983146 | LR = 9.268687e-03
  Batch 34: loss = 1.016980 | LR = 9.255963e-03
  Batch 35: loss = 0.901035 | LR = 9.243246e-03
  Batch 36: loss = 0.999560 | LR = 9.230535e-03
  Batch 37: loss = 1.176251 | LR = 9.217831e-03
  Batch 38: loss = 1.141963 | LR = 9.205134e-03
  Batch 39: loss = 0.962270 | LR = 9.192444e-03
  Batch 40: loss = 0.988114 | LR = 9.179760e-03
  Batch 41: loss = 0.947753 | LR = 9.167083e-03
  Batch 42: loss = 1.026073 | LR = 9.154413e-03
  Batch 43: loss = 0.846383 | LR = 9.141750e-03
  Batch 44: loss = 0.993338 | LR = 9.129094e-03
  Batch 45: loss = 1.027600 | LR = 9.116444e-03
  Batch 46: loss = 0.983452 | LR = 9.103802e-03
  Batch 47: loss = 1.165804 | LR = 9.091166e-03
  Batch 48: loss = 1.006750 | LR = 9.078537e-03
Epoch 72: Average loss = 1.0065, Duration = 0.96s
  Batch 1: loss = 0.869305 | LR = 9.065914e-03
  Batch 2: loss = 1.060196 | LR = 9.053299e-03
  Batch 3: loss = 1.064921 | LR = 9.040690e-03
  Batch 4: loss = 1.084089 | LR = 9.028089e-03
  Batch 5: loss = 0.956671 | LR = 9.015494e-03
  Batch 6: loss = 0.917138 | LR = 9.002906e-03
  Batch 7: loss = 0.958800 | LR = 8.990325e-03
  Batch 8: loss = 1.076293 | LR = 8.977750e-03
  Batch 9: loss = 1.054933 | LR = 8.965183e-03
  Batch 10: loss = 0.944567 | LR = 8.952623e-03
  Batch 11: loss = 1.038749 | LR = 8.940069e-03
  Batch 12: loss = 0.945481 | LR = 8.927522e-03
  Batch 13: loss = 0.884953 | LR = 8.914982e-03
  Batch 14: loss = 1.044918 | LR = 8.902449e-03
  Batch 15: loss = 1.128387 | LR = 8.889923e-03
  Batch 16: loss = 1.036463 | LR = 8.877404e-03
  Batch 17: loss = 1.014703 | LR = 8.864892e-03
  Batch 18: loss = 1.036721 | LR = 8.852387e-03
  Batch 19: loss = 1.016586 | LR = 8.839888e-03
  Batch 20: loss = 1.079941 | LR = 8.827397e-03
  Batch 21: loss = 0.931302 | LR = 8.814912e-03
  Batch 22: loss = 1.087807 | LR = 8.802435e-03
  Batch 23: loss = 0.952835 | LR = 8.789964e-03
  Batch 24: loss = 0.876822 | LR = 8.777501e-03
  Batch 25: loss = 0.948814 | LR = 8.765044e-03
  Batch 26: loss = 1.023898 | LR = 8.752594e-03
  Batch 27: loss = 0.980381 | LR = 8.740152e-03
  Batch 28: loss = 1.019747 | LR = 8.727716e-03
  Batch 29: loss = 0.958214 | LR = 8.715287e-03
  Batch 30: loss = 1.055371 | LR = 8.702865e-03
  Batch 31: loss = 1.090827 | LR = 8.690451e-03
  Batch 32: loss = 1.013841 | LR = 8.678043e-03
  Batch 33: loss = 0.963774 | LR = 8.665642e-03
  Batch 34: loss = 0.984260 | LR = 8.653248e-03
  Batch 35: loss = 0.925977 | LR = 8.640861e-03
  Batch 36: loss = 0.946298 | LR = 8.628482e-03
  Batch 37: loss = 1.084400 | LR = 8.616109e-03
  Batch 38: loss = 1.070150 | LR = 8.603743e-03
  Batch 39: loss = 0.990606 | LR = 8.591385e-03
  Batch 40: loss = 1.040752 | LR = 8.579033e-03
  Batch 41: loss = 0.945268 | LR = 8.566688e-03
  Batch 42: loss = 0.971281 | LR = 8.554351e-03
  Batch 43: loss = 0.942736 | LR = 8.542020e-03
  Batch 44: loss = 0.980438 | LR = 8.529697e-03
  Batch 45: loss = 0.961755 | LR = 8.517381e-03
  Batch 46: loss = 0.990599 | LR = 8.505071e-03
  Batch 47: loss = 1.089368 | LR = 8.492769e-03
  Batch 48: loss = 1.046836 | LR = 8.480474e-03
Epoch 73: Average loss = 1.0018, Duration = 1.08s
  Batch 1: loss = 1.050122 | LR = 8.468186e-03
  Batch 2: loss = 0.968863 | LR = 8.455905e-03
  Batch 3: loss = 1.050014 | LR = 8.443631e-03
  Batch 4: loss = 1.110564 | LR = 8.431365e-03
  Batch 5: loss = 0.907204 | LR = 8.419105e-03
  Batch 6: loss = 0.945351 | LR = 8.406853e-03
  Batch 7: loss = 0.916641 | LR = 8.394607e-03
  Batch 8: loss = 1.045583 | LR = 8.382369e-03
  Batch 9: loss = 1.079828 | LR = 8.370138e-03
  Batch 10: loss = 0.933313 | LR = 8.357914e-03
  Batch 11: loss = 0.993500 | LR = 8.345697e-03
  Batch 12: loss = 0.922404 | LR = 8.333487e-03
  Batch 13: loss = 0.800142 | LR = 8.321285e-03
  Batch 14: loss = 1.039554 | LR = 8.309089e-03
  Batch 15: loss = 1.048362 | LR = 8.296901e-03
  Batch 16: loss = 0.967904 | LR = 8.284720e-03
  Batch 17: loss = 1.022497 | LR = 8.272546e-03
  Batch 18: loss = 1.042153 | LR = 8.260379e-03
  Batch 19: loss = 1.091931 | LR = 8.248220e-03
  Batch 20: loss = 1.148201 | LR = 8.236068e-03
  Batch 21: loss = 0.887958 | LR = 8.223922e-03
  Batch 22: loss = 0.912841 | LR = 8.211785e-03
  Batch 23: loss = 0.943217 | LR = 8.199654e-03
  Batch 24: loss = 0.906463 | LR = 8.187530e-03
  Batch 25: loss = 1.091940 | LR = 8.175414e-03
  Batch 26: loss = 0.967616 | LR = 8.163305e-03
  Batch 27: loss = 1.085020 | LR = 8.151203e-03
  Batch 28: loss = 1.151876 | LR = 8.139108e-03
  Batch 29: loss = 1.026311 | LR = 8.127021e-03
  Batch 30: loss = 1.024237 | LR = 8.114941e-03
  Batch 31: loss = 1.127012 | LR = 8.102868e-03
  Batch 32: loss = 1.098261 | LR = 8.090802e-03
  Batch 33: loss = 0.936832 | LR = 8.078744e-03
  Batch 34: loss = 0.938915 | LR = 8.066693e-03
  Batch 35: loss = 0.917594 | LR = 8.054649e-03
  Batch 36: loss = 0.857747 | LR = 8.042612e-03
  Batch 37: loss = 1.014897 | LR = 8.030583e-03
  Batch 38: loss = 0.978396 | LR = 8.018561e-03
  Batch 39: loss = 1.019090 | LR = 8.006546e-03
  Batch 40: loss = 0.932952 | LR = 7.994538e-03
  Batch 41: loss = 1.051774 | LR = 7.982538e-03
  Batch 42: loss = 1.011110 | LR = 7.970545e-03
  Batch 43: loss = 0.727150 | LR = 7.958560e-03
  Batch 44: loss = 0.989974 | LR = 7.946581e-03
  Batch 45: loss = 0.935981 | LR = 7.934610e-03
  Batch 46: loss = 0.916149 | LR = 7.922647e-03
  Batch 47: loss = 1.247272 | LR = 7.910690e-03
  Batch 48: loss = 0.947540 | LR = 7.898741e-03
Epoch 74: Average loss = 0.9944, Duration = 1.02s
  Batch 1: loss = 0.948415 | LR = 7.886800e-03
  Batch 2: loss = 1.000118 | LR = 7.874866e-03
  Batch 3: loss = 1.022997 | LR = 7.862939e-03
  Batch 4: loss = 1.131335 | LR = 7.851019e-03
  Batch 5: loss = 0.866928 | LR = 7.839107e-03
  Batch 6: loss = 0.945460 | LR = 7.827202e-03
  Batch 7: loss = 0.877907 | LR = 7.815304e-03
  Batch 8: loss = 1.007053 | LR = 7.803414e-03
  Batch 9: loss = 0.940795 | LR = 7.791532e-03
  Batch 10: loss = 1.007565 | LR = 7.779656e-03
  Batch 11: loss = 1.043528 | LR = 7.767788e-03
  Batch 12: loss = 0.969269 | LR = 7.755928e-03
  Batch 13: loss = 1.005072 | LR = 7.744074e-03
  Batch 14: loss = 1.005667 | LR = 7.732229e-03
  Batch 15: loss = 1.044298 | LR = 7.720390e-03
  Batch 16: loss = 0.866738 | LR = 7.708559e-03
  Batch 17: loss = 0.933318 | LR = 7.696736e-03
  Batch 18: loss = 0.880661 | LR = 7.684920e-03
  Batch 19: loss = 0.993144 | LR = 7.673111e-03
  Batch 20: loss = 1.001800 | LR = 7.661310e-03
  Batch 21: loss = 0.952969 | LR = 7.649516e-03
  Batch 22: loss = 0.947278 | LR = 7.637730e-03
  Batch 23: loss = 0.999538 | LR = 7.625951e-03
  Batch 24: loss = 0.884594 | LR = 7.614179e-03
  Batch 25: loss = 0.985252 | LR = 7.602415e-03
  Batch 26: loss = 1.005554 | LR = 7.590659e-03
  Batch 27: loss = 0.987237 | LR = 7.578910e-03
  Batch 28: loss = 1.034205 | LR = 7.567168e-03
  Batch 29: loss = 1.007168 | LR = 7.555434e-03
  Batch 30: loss = 1.031384 | LR = 7.543707e-03
  Batch 31: loss = 0.911214 | LR = 7.531988e-03
  Batch 32: loss = 1.036520 | LR = 7.520277e-03
  Batch 33: loss = 0.990970 | LR = 7.508572e-03
  Batch 34: loss = 0.985300 | LR = 7.496876e-03
  Batch 35: loss = 0.839983 | LR = 7.485187e-03
  Batch 36: loss = 0.980851 | LR = 7.473505e-03
  Batch 37: loss = 0.962789 | LR = 7.461831e-03
  Batch 38: loss = 1.022903 | LR = 7.450165e-03
  Batch 39: loss = 0.910280 | LR = 7.438505e-03
  Batch 40: loss = 0.973114 | LR = 7.426854e-03
  Batch 41: loss = 0.926248 | LR = 7.415210e-03
  Batch 42: loss = 0.982230 | LR = 7.403574e-03
  Batch 43: loss = 0.905303 | LR = 7.391945e-03
  Batch 44: loss = 0.948719 | LR = 7.380323e-03
  Batch 45: loss = 0.945438 | LR = 7.368710e-03
  Batch 46: loss = 0.893482 | LR = 7.357104e-03
  Batch 47: loss = 1.333862 | LR = 7.345505e-03
  Batch 48: loss = 0.964109 | LR = 7.333914e-03
Epoch 75: Average loss = 0.9758, Duration = 1.03s
  Batch 1: loss = 1.042668 | LR = 7.322330e-03
  Batch 2: loss = 0.976890 | LR = 7.310755e-03
  Batch 3: loss = 0.939363 | LR = 7.299186e-03
  Batch 4: loss = 1.022390 | LR = 7.287626e-03
  Batch 5: loss = 0.951800 | LR = 7.276073e-03
  Batch 6: loss = 0.990284 | LR = 7.264527e-03
  Batch 7: loss = 0.824197 | LR = 7.252989e-03
  Batch 8: loss = 1.134658 | LR = 7.241459e-03
  Batch 9: loss = 1.038160 | LR = 7.229936e-03
  Batch 10: loss = 1.013985 | LR = 7.218421e-03
  Batch 11: loss = 1.063313 | LR = 7.206914e-03
  Batch 12: loss = 0.982431 | LR = 7.195414e-03
  Batch 13: loss = 0.902646 | LR = 7.183922e-03
  Batch 14: loss = 1.067417 | LR = 7.172438e-03
  Batch 15: loss = 0.985677 | LR = 7.160961e-03
  Batch 16: loss = 0.971543 | LR = 7.149492e-03
  Batch 17: loss = 0.983551 | LR = 7.138030e-03
  Batch 18: loss = 0.968196 | LR = 7.126576e-03
  Batch 19: loss = 1.070627 | LR = 7.115130e-03
  Batch 20: loss = 1.013846 | LR = 7.103692e-03
  Batch 21: loss = 0.876782 | LR = 7.092261e-03
  Batch 22: loss = 1.060400 | LR = 7.080838e-03
  Batch 23: loss = 1.032941 | LR = 7.069422e-03
  Batch 24: loss = 0.847547 | LR = 7.058015e-03
  Batch 25: loss = 0.923646 | LR = 7.046615e-03
  Batch 26: loss = 0.916772 | LR = 7.035222e-03
  Batch 27: loss = 1.065179 | LR = 7.023838e-03
  Batch 28: loss = 1.032125 | LR = 7.012461e-03
  Batch 29: loss = 1.056812 | LR = 7.001092e-03
  Batch 30: loss = 0.950303 | LR = 6.989730e-03
  Batch 31: loss = 1.045528 | LR = 6.978376e-03
  Batch 32: loss = 1.080575 | LR = 6.967030e-03
  Batch 33: loss = 0.971332 | LR = 6.955692e-03
  Batch 34: loss = 0.955558 | LR = 6.944362e-03
  Batch 35: loss = 0.855872 | LR = 6.933039e-03
  Batch 36: loss = 0.844149 | LR = 6.921724e-03
  Batch 37: loss = 1.130529 | LR = 6.910416e-03
  Batch 38: loss = 0.939585 | LR = 6.899117e-03
  Batch 39: loss = 0.959841 | LR = 6.887825e-03
  Batch 40: loss = 0.936477 | LR = 6.876541e-03
  Batch 41: loss = 1.000733 | LR = 6.865265e-03
  Batch 42: loss = 0.902384 | LR = 6.853997e-03
  Batch 43: loss = 0.835031 | LR = 6.842736e-03
  Batch 44: loss = 1.038418 | LR = 6.831483e-03
  Batch 45: loss = 0.883853 | LR = 6.820238e-03
  Batch 46: loss = 0.954554 | LR = 6.809001e-03
  Batch 47: loss = 1.062133 | LR = 6.797771e-03
  Batch 48: loss = 1.020876 | LR = 6.786550e-03
Epoch 76: Average loss = 0.9817, Duration = 1.01s
  Batch 1: loss = 1.077667 | LR = 6.775336e-03
  Batch 2: loss = 0.976753 | LR = 6.764130e-03
  Batch 3: loss = 1.020512 | LR = 6.752932e-03
  Batch 4: loss = 1.034952 | LR = 6.741741e-03
  Batch 5: loss = 0.894131 | LR = 6.730559e-03
  Batch 6: loss = 0.911578 | LR = 6.719384e-03
  Batch 7: loss = 0.837997 | LR = 6.708217e-03
  Batch 8: loss = 1.099726 | LR = 6.697058e-03
  Batch 9: loss = 1.026578 | LR = 6.685907e-03
  Batch 10: loss = 1.039434 | LR = 6.674764e-03
  Batch 11: loss = 1.017884 | LR = 6.663629e-03
  Batch 12: loss = 0.952132 | LR = 6.652501e-03
  Batch 13: loss = 0.852472 | LR = 6.641381e-03
  Batch 14: loss = 1.080385 | LR = 6.630270e-03
  Batch 15: loss = 0.965761 | LR = 6.619166e-03
  Batch 16: loss = 0.896692 | LR = 6.608070e-03
  Batch 17: loss = 0.968409 | LR = 6.596982e-03
  Batch 18: loss = 0.920100 | LR = 6.585901e-03
  Batch 19: loss = 1.052642 | LR = 6.574829e-03
  Batch 20: loss = 0.960380 | LR = 6.563765e-03
  Batch 21: loss = 0.825239 | LR = 6.552708e-03
  Batch 22: loss = 0.954628 | LR = 6.541660e-03
  Batch 23: loss = 0.930740 | LR = 6.530619e-03
  Batch 24: loss = 0.851485 | LR = 6.519586e-03
  Batch 25: loss = 0.922500 | LR = 6.508561e-03
  Batch 26: loss = 0.878098 | LR = 6.497544e-03
  Batch 27: loss = 0.956408 | LR = 6.486536e-03
  Batch 28: loss = 1.079817 | LR = 6.475535e-03
  Batch 29: loss = 1.151157 | LR = 6.464541e-03
  Batch 30: loss = 0.930232 | LR = 6.453556e-03
  Batch 31: loss = 1.000461 | LR = 6.442579e-03
  Batch 32: loss = 1.001016 | LR = 6.431610e-03
  Batch 33: loss = 1.063276 | LR = 6.420649e-03
  Batch 34: loss = 1.030429 | LR = 6.409696e-03
  Batch 35: loss = 0.864808 | LR = 6.398750e-03
  Batch 36: loss = 0.956287 | LR = 6.387813e-03
  Batch 37: loss = 1.022676 | LR = 6.376884e-03
  Batch 38: loss = 1.071728 | LR = 6.365962e-03
  Batch 39: loss = 0.932203 | LR = 6.355049e-03
  Batch 40: loss = 0.882591 | LR = 6.344144e-03
  Batch 41: loss = 0.889690 | LR = 6.333247e-03
  Batch 42: loss = 0.840465 | LR = 6.322357e-03
  Batch 43: loss = 0.875243 | LR = 6.311476e-03
  Batch 44: loss = 1.060563 | LR = 6.300603e-03
  Batch 45: loss = 1.050691 | LR = 6.289738e-03
  Batch 46: loss = 0.981203 | LR = 6.278880e-03
  Batch 47: loss = 1.103428 | LR = 6.268031e-03
  Batch 48: loss = 1.019530 | LR = 6.257190e-03
Epoch 77: Average loss = 0.9732, Duration = 1.06s
  Batch 1: loss = 0.910933 | LR = 6.246357e-03
  Batch 2: loss = 0.978724 | LR = 6.235532e-03
  Batch 3: loss = 0.906481 | LR = 6.224715e-03
  Batch 4: loss = 1.015206 | LR = 6.213906e-03
  Batch 5: loss = 0.906072 | LR = 6.203105e-03
  Batch 6: loss = 0.987690 | LR = 6.192312e-03
  Batch 7: loss = 0.955940 | LR = 6.181527e-03
  Batch 8: loss = 1.087652 | LR = 6.170751e-03
  Batch 9: loss = 1.037195 | LR = 6.159982e-03
  Batch 10: loss = 1.013741 | LR = 6.149222e-03
  Batch 11: loss = 1.048825 | LR = 6.138469e-03
  Batch 12: loss = 0.932317 | LR = 6.127725e-03
  Batch 13: loss = 0.815060 | LR = 6.116989e-03
  Batch 14: loss = 0.968666 | LR = 6.106261e-03
  Batch 15: loss = 0.963921 | LR = 6.095541e-03
  Batch 16: loss = 0.882867 | LR = 6.084829e-03
  Batch 17: loss = 0.994192 | LR = 6.074125e-03
  Batch 18: loss = 0.979574 | LR = 6.063429e-03
  Batch 19: loss = 1.087674 | LR = 6.052742e-03
  Batch 20: loss = 1.027473 | LR = 6.042062e-03
  Batch 21: loss = 0.844352 | LR = 6.031391e-03
  Batch 22: loss = 1.051687 | LR = 6.020728e-03
  Batch 23: loss = 0.927887 | LR = 6.010073e-03
  Batch 24: loss = 0.814325 | LR = 5.999426e-03
  Batch 25: loss = 0.877203 | LR = 5.988787e-03
  Batch 26: loss = 0.891285 | LR = 5.978157e-03
  Batch 27: loss = 0.987079 | LR = 5.967534e-03
  Batch 28: loss = 0.989593 | LR = 5.956920e-03
  Batch 29: loss = 1.066108 | LR = 5.946314e-03
  Batch 30: loss = 0.852072 | LR = 5.935716e-03
  Batch 31: loss = 0.928507 | LR = 5.925127e-03
  Batch 32: loss = 0.870975 | LR = 5.914545e-03
  Batch 33: loss = 0.989583 | LR = 5.903972e-03
  Batch 34: loss = 0.989732 | LR = 5.893407e-03
  Batch 35: loss = 0.901005 | LR = 5.882850e-03
  Batch 36: loss = 0.900768 | LR = 5.872301e-03
  Batch 37: loss = 1.168222 | LR = 5.861761e-03
  Batch 38: loss = 1.060067 | LR = 5.851228e-03
  Batch 39: loss = 1.004221 | LR = 5.840704e-03
  Batch 40: loss = 0.871724 | LR = 5.830188e-03
  Batch 41: loss = 0.865878 | LR = 5.819681e-03
  Batch 42: loss = 0.927410 | LR = 5.809181e-03
  Batch 43: loss = 0.833481 | LR = 5.798690e-03
  Batch 44: loss = 0.925192 | LR = 5.788207e-03
  Batch 45: loss = 0.911035 | LR = 5.777733e-03
  Batch 46: loss = 0.963122 | LR = 5.767266e-03
  Batch 47: loss = 1.118347 | LR = 5.756808e-03
  Batch 48: loss = 1.043558 | LR = 5.746358e-03
Epoch 78: Average loss = 0.9599, Duration = 1.03s
  Batch 1: loss = 0.868947 | LR = 5.735916e-03
  Batch 2: loss = 0.906390 | LR = 5.725483e-03
  Batch 3: loss = 0.930400 | LR = 5.715058e-03
  Batch 4: loss = 0.995695 | LR = 5.704641e-03
  Batch 5: loss = 0.967508 | LR = 5.694232e-03
  Batch 6: loss = 0.899560 | LR = 5.683832e-03
  Batch 7: loss = 0.751636 | LR = 5.673440e-03
  Batch 8: loss = 0.958728 | LR = 5.663056e-03
  Batch 9: loss = 1.052901 | LR = 5.652681e-03
  Batch 10: loss = 0.962281 | LR = 5.642314e-03
  Batch 11: loss = 0.922581 | LR = 5.631955e-03
  Batch 12: loss = 0.884394 | LR = 5.621605e-03
  Batch 13: loss = 0.920934 | LR = 5.611262e-03
  Batch 14: loss = 1.019739 | LR = 5.600929e-03
  Batch 15: loss = 1.005938 | LR = 5.590603e-03
  Batch 16: loss = 0.824871 | LR = 5.580286e-03
  Batch 17: loss = 1.005368 | LR = 5.569977e-03
  Batch 18: loss = 1.046077 | LR = 5.559676e-03
  Batch 19: loss = 1.105928 | LR = 5.549384e-03
  Batch 20: loss = 1.111578 | LR = 5.539100e-03
  Batch 21: loss = 0.936449 | LR = 5.528825e-03
  Batch 22: loss = 0.990306 | LR = 5.518558e-03
  Batch 23: loss = 0.845544 | LR = 5.508299e-03
  Batch 24: loss = 0.825855 | LR = 5.498048e-03
  Batch 25: loss = 0.982222 | LR = 5.487806e-03
  Batch 26: loss = 0.882273 | LR = 5.477573e-03
  Batch 27: loss = 0.948125 | LR = 5.467347e-03
  Batch 28: loss = 0.920869 | LR = 5.457131e-03
  Batch 29: loss = 1.102004 | LR = 5.446922e-03
  Batch 30: loss = 0.957904 | LR = 5.436722e-03
  Batch 31: loss = 1.008557 | LR = 5.426530e-03
  Batch 32: loss = 0.952422 | LR = 5.416347e-03
  Batch 33: loss = 0.878989 | LR = 5.406172e-03
  Batch 34: loss = 0.892205 | LR = 5.396005e-03
  Batch 35: loss = 0.785539 | LR = 5.385847e-03
  Batch 36: loss = 0.860930 | LR = 5.375697e-03
  Batch 37: loss = 1.050991 | LR = 5.365556e-03
  Batch 38: loss = 1.061570 | LR = 5.355423e-03
  Batch 39: loss = 0.936236 | LR = 5.345299e-03
  Batch 40: loss = 0.909825 | LR = 5.335183e-03
  Batch 41: loss = 0.783013 | LR = 5.325075e-03
  Batch 42: loss = 0.883097 | LR = 5.314976e-03
  Batch 43: loss = 0.816219 | LR = 5.304885e-03
  Batch 44: loss = 1.031403 | LR = 5.294803e-03
  Batch 45: loss = 0.906936 | LR = 5.284729e-03
  Batch 46: loss = 0.899077 | LR = 5.274664e-03
  Batch 47: loss = 1.153236 | LR = 5.264607e-03
  Batch 48: loss = 0.985906 | LR = 5.254559e-03
Epoch 79: Average loss = 0.9444, Duration = 1.05s
  Batch 1: loss = 0.991600 | LR = 5.244519e-03
  Batch 2: loss = 0.990575 | LR = 5.234487e-03
  Batch 3: loss = 1.014352 | LR = 5.224464e-03
  Batch 4: loss = 0.966520 | LR = 5.214450e-03
  Batch 5: loss = 0.920989 | LR = 5.204444e-03
  Batch 6: loss = 0.929110 | LR = 5.194447e-03
  Batch 7: loss = 0.789868 | LR = 5.184458e-03
  Batch 8: loss = 1.127499 | LR = 5.174477e-03
  Batch 9: loss = 0.900107 | LR = 5.164505e-03
  Batch 10: loss = 1.057347 | LR = 5.154542e-03
  Batch 11: loss = 0.992860 | LR = 5.144587e-03
  Batch 12: loss = 0.891925 | LR = 5.134640e-03
  Batch 13: loss = 0.825437 | LR = 5.124702e-03
  Batch 14: loss = 0.935007 | LR = 5.114773e-03
  Batch 15: loss = 1.080739 | LR = 5.104852e-03
  Batch 16: loss = 0.941984 | LR = 5.094940e-03
  Batch 17: loss = 0.885500 | LR = 5.085036e-03
  Batch 18: loss = 0.875391 | LR = 5.075141e-03
  Batch 19: loss = 0.947825 | LR = 5.065254e-03
  Batch 20: loss = 0.945991 | LR = 5.055376e-03
  Batch 21: loss = 0.964736 | LR = 5.045506e-03
  Batch 22: loss = 1.023617 | LR = 5.035645e-03
  Batch 23: loss = 0.974982 | LR = 5.025793e-03
  Batch 24: loss = 0.850254 | LR = 5.015949e-03
  Batch 25: loss = 0.969499 | LR = 5.006114e-03
  Batch 26: loss = 0.922032 | LR = 4.996287e-03
  Batch 27: loss = 1.042303 | LR = 4.986469e-03
  Batch 28: loss = 1.043389 | LR = 4.976659e-03
  Batch 29: loss = 1.054376 | LR = 4.966858e-03
  Batch 30: loss = 0.893080 | LR = 4.957066e-03
  Batch 31: loss = 1.033720 | LR = 4.947282e-03
  Batch 32: loss = 0.984438 | LR = 4.937507e-03
  Batch 33: loss = 0.896917 | LR = 4.927741e-03
  Batch 34: loss = 0.976047 | LR = 4.917983e-03
  Batch 35: loss = 0.826619 | LR = 4.908233e-03
  Batch 36: loss = 0.905103 | LR = 4.898493e-03
  Batch 37: loss = 1.039719 | LR = 4.888761e-03
  Batch 38: loss = 0.908637 | LR = 4.879037e-03
  Batch 39: loss = 0.914098 | LR = 4.869322e-03
  Batch 40: loss = 0.893623 | LR = 4.859616e-03
  Batch 41: loss = 0.889024 | LR = 4.849919e-03
  Batch 42: loss = 0.856367 | LR = 4.840230e-03
  Batch 43: loss = 0.801560 | LR = 4.830550e-03
  Batch 44: loss = 0.933964 | LR = 4.820878e-03
  Batch 45: loss = 0.956863 | LR = 4.811215e-03
  Batch 46: loss = 0.925697 | LR = 4.801561e-03
  Batch 47: loss = 1.187820 | LR = 4.791915e-03
  Batch 48: loss = 0.866611 | LR = 4.782278e-03
Epoch 80: Average loss = 0.9489, Duration = 1.02s
  Batch 1: loss = 0.801120 | LR = 4.772650e-03
  Batch 2: loss = 0.918927 | LR = 4.763031e-03
  Batch 3: loss = 0.874065 | LR = 4.753420e-03
  Batch 4: loss = 1.038460 | LR = 4.743818e-03
  Batch 5: loss = 0.915624 | LR = 4.734224e-03
  Batch 6: loss = 0.841265 | LR = 4.724639e-03
  Batch 7: loss = 0.846350 | LR = 4.715063e-03
  Batch 8: loss = 1.045882 | LR = 4.705496e-03
  Batch 9: loss = 1.001623 | LR = 4.695937e-03
  Batch 10: loss = 0.966883 | LR = 4.686387e-03
  Batch 11: loss = 0.862489 | LR = 4.676846e-03
  Batch 12: loss = 0.995559 | LR = 4.667313e-03
  Batch 13: loss = 0.795857 | LR = 4.657789e-03
  Batch 14: loss = 0.966009 | LR = 4.648274e-03
  Batch 15: loss = 1.009826 | LR = 4.638768e-03
  Batch 16: loss = 0.931546 | LR = 4.629270e-03
  Batch 17: loss = 0.912157 | LR = 4.619782e-03
  Batch 18: loss = 0.935097 | LR = 4.610301e-03
  Batch 19: loss = 0.974024 | LR = 4.600830e-03
  Batch 20: loss = 0.975066 | LR = 4.591367e-03
  Batch 21: loss = 0.799228 | LR = 4.581914e-03
  Batch 22: loss = 0.921836 | LR = 4.572468e-03
  Batch 23: loss = 0.940986 | LR = 4.563032e-03
  Batch 24: loss = 0.889682 | LR = 4.553604e-03
  Batch 25: loss = 0.994806 | LR = 4.544186e-03
  Batch 26: loss = 0.993151 | LR = 4.534776e-03
  Batch 27: loss = 1.004579 | LR = 4.525374e-03
  Batch 28: loss = 1.018978 | LR = 4.515982e-03
  Batch 29: loss = 1.039634 | LR = 4.506598e-03
  Batch 30: loss = 0.981379 | LR = 4.497223e-03
  Batch 31: loss = 0.913467 | LR = 4.487857e-03
  Batch 32: loss = 1.002605 | LR = 4.478500e-03
  Batch 33: loss = 0.941012 | LR = 4.469152e-03
  Batch 34: loss = 0.805961 | LR = 4.459812e-03
  Batch 35: loss = 0.804284 | LR = 4.450481e-03
  Batch 36: loss = 0.850378 | LR = 4.441159e-03
  Batch 37: loss = 1.018077 | LR = 4.431846e-03
  Batch 38: loss = 0.858535 | LR = 4.422541e-03
  Batch 39: loss = 1.036716 | LR = 4.413246e-03
  Batch 40: loss = 0.802888 | LR = 4.403959e-03
  Batch 41: loss = 0.933968 | LR = 4.394681e-03
  Batch 42: loss = 1.000401 | LR = 4.385412e-03
  Batch 43: loss = 0.822941 | LR = 4.376152e-03
  Batch 44: loss = 0.990103 | LR = 4.366901e-03
  Batch 45: loss = 0.907310 | LR = 4.357658e-03
  Batch 46: loss = 0.873111 | LR = 4.348424e-03
  Batch 47: loss = 1.159263 | LR = 4.339200e-03
  Batch 48: loss = 0.876184 | LR = 4.329984e-03
Epoch 81: Average loss = 0.9331, Duration = 1.03s
  Batch 1: loss = 0.972270 | LR = 4.320777e-03
  Batch 2: loss = 0.910401 | LR = 4.311579e-03
  Batch 3: loss = 0.966078 | LR = 4.302389e-03
  Batch 4: loss = 0.872486 | LR = 4.293209e-03
  Batch 5: loss = 0.855779 | LR = 4.284037e-03
  Batch 6: loss = 1.009218 | LR = 4.274875e-03
  Batch 7: loss = 0.820762 | LR = 4.265721e-03
  Batch 8: loss = 0.964185 | LR = 4.256576e-03
  Batch 9: loss = 0.924158 | LR = 4.247440e-03
  Batch 10: loss = 0.891298 | LR = 4.238313e-03
  Batch 11: loss = 0.907552 | LR = 4.229195e-03
  Batch 12: loss = 0.930968 | LR = 4.220086e-03
  Batch 13: loss = 0.953204 | LR = 4.210985e-03
  Batch 14: loss = 1.048757 | LR = 4.201894e-03
  Batch 15: loss = 1.014725 | LR = 4.192812e-03
  Batch 16: loss = 0.936449 | LR = 4.183738e-03
  Batch 17: loss = 0.969644 | LR = 4.174673e-03
  Batch 18: loss = 0.973823 | LR = 4.165618e-03
  Batch 19: loss = 1.074755 | LR = 4.156571e-03
  Batch 20: loss = 0.903655 | LR = 4.147533e-03
  Batch 21: loss = 0.892839 | LR = 4.138504e-03
  Batch 22: loss = 0.954217 | LR = 4.129485e-03
  Batch 23: loss = 0.914196 | LR = 4.120474e-03
  Batch 24: loss = 0.902898 | LR = 4.111472e-03
  Batch 25: loss = 0.833166 | LR = 4.102479e-03
  Batch 26: loss = 0.851472 | LR = 4.093495e-03
  Batch 27: loss = 0.922386 | LR = 4.084520e-03
  Batch 28: loss = 0.971575 | LR = 4.075553e-03
  Batch 29: loss = 0.948677 | LR = 4.066596e-03
  Batch 30: loss = 0.881244 | LR = 4.057648e-03
  Batch 31: loss = 0.870444 | LR = 4.048709e-03
  Batch 32: loss = 0.906148 | LR = 4.039779e-03
  Batch 33: loss = 0.834159 | LR = 4.030858e-03
  Batch 34: loss = 0.984610 | LR = 4.021946e-03
  Batch 35: loss = 0.817286 | LR = 4.013042e-03
  Batch 36: loss = 0.872115 | LR = 4.004148e-03
  Batch 37: loss = 1.079534 | LR = 3.995263e-03
  Batch 38: loss = 1.006407 | LR = 3.986387e-03
  Batch 39: loss = 0.952644 | LR = 3.977520e-03
  Batch 40: loss = 0.837102 | LR = 3.968662e-03
  Batch 41: loss = 0.901514 | LR = 3.959813e-03
  Batch 42: loss = 0.836195 | LR = 3.950973e-03
  Batch 43: loss = 0.752671 | LR = 3.942142e-03
  Batch 44: loss = 0.867827 | LR = 3.933320e-03
  Batch 45: loss = 0.923109 | LR = 3.924507e-03
  Batch 46: loss = 0.999626 | LR = 3.915703e-03
  Batch 47: loss = 0.964422 | LR = 3.906908e-03
  Batch 48: loss = 0.916130 | LR = 3.898122e-03
Epoch 82: Average loss = 0.9228, Duration = 1.00s
  Batch 1: loss = 0.912652 | LR = 3.889345e-03
  Batch 2: loss = 0.879047 | LR = 3.880578e-03
  Batch 3: loss = 0.994395 | LR = 3.871819e-03
  Batch 4: loss = 1.023681 | LR = 3.863069e-03
  Batch 5: loss = 0.878484 | LR = 3.854329e-03
  Batch 6: loss = 0.835393 | LR = 3.845597e-03
  Batch 7: loss = 0.820337 | LR = 3.836875e-03
  Batch 8: loss = 0.983570 | LR = 3.828162e-03
  Batch 9: loss = 1.024678 | LR = 3.819458e-03
  Batch 10: loss = 1.002028 | LR = 3.810763e-03
  Batch 11: loss = 0.962221 | LR = 3.802077e-03
  Batch 12: loss = 0.949395 | LR = 3.793400e-03
  Batch 13: loss = 0.896840 | LR = 3.784732e-03
  Batch 14: loss = 0.902676 | LR = 3.776073e-03
  Batch 15: loss = 1.036498 | LR = 3.767424e-03
  Batch 16: loss = 0.881471 | LR = 3.758783e-03
  Batch 17: loss = 0.928167 | LR = 3.750152e-03
  Batch 18: loss = 0.840480 | LR = 3.741530e-03
  Batch 19: loss = 0.894279 | LR = 3.732916e-03
  Batch 20: loss = 0.948597 | LR = 3.724312e-03
  Batch 21: loss = 0.783385 | LR = 3.715717e-03
  Batch 22: loss = 0.979061 | LR = 3.707132e-03
  Batch 23: loss = 0.816818 | LR = 3.698555e-03
  Batch 24: loss = 0.863686 | LR = 3.689988e-03
  Batch 25: loss = 0.906735 | LR = 3.681429e-03
  Batch 26: loss = 0.842723 | LR = 3.672880e-03
  Batch 27: loss = 1.019828 | LR = 3.664340e-03
  Batch 28: loss = 1.010988 | LR = 3.655809e-03
  Batch 29: loss = 1.114030 | LR = 3.647288e-03
  Batch 30: loss = 0.924839 | LR = 3.638775e-03
  Batch 31: loss = 0.965828 | LR = 3.630272e-03
  Batch 32: loss = 0.902347 | LR = 3.621777e-03
  Batch 33: loss = 0.710243 | LR = 3.613292e-03
  Batch 34: loss = 0.953154 | LR = 3.604817e-03
  Batch 35: loss = 0.810732 | LR = 3.596350e-03
  Batch 36: loss = 0.863905 | LR = 3.587892e-03
  Batch 37: loss = 1.051160 | LR = 3.579444e-03
  Batch 38: loss = 1.041910 | LR = 3.571005e-03
  Batch 39: loss = 0.875459 | LR = 3.562575e-03
  Batch 40: loss = 0.871953 | LR = 3.554154e-03
  Batch 41: loss = 0.878945 | LR = 3.545743e-03
  Batch 42: loss = 0.781901 | LR = 3.537340e-03
  Batch 43: loss = 0.770679 | LR = 3.528947e-03
  Batch 44: loss = 0.922368 | LR = 3.520563e-03
  Batch 45: loss = 0.945879 | LR = 3.512189e-03
  Batch 46: loss = 0.841328 | LR = 3.503823e-03
  Batch 47: loss = 1.073899 | LR = 3.495467e-03
  Batch 48: loss = 0.896505 | LR = 3.487120e-03
Epoch 83: Average loss = 0.9170, Duration = 0.99s
  Batch 1: loss = 0.879936 | LR = 3.478782e-03
  Batch 2: loss = 0.876823 | LR = 3.470454e-03
  Batch 3: loss = 0.881501 | LR = 3.462134e-03
  Batch 4: loss = 0.965601 | LR = 3.453824e-03
  Batch 5: loss = 0.883154 | LR = 3.445524e-03
  Batch 6: loss = 0.887371 | LR = 3.437232e-03
  Batch 7: loss = 0.816637 | LR = 3.428950e-03
  Batch 8: loss = 1.002314 | LR = 3.420677e-03
  Batch 9: loss = 0.953566 | LR = 3.412413e-03
  Batch 10: loss = 0.961837 | LR = 3.404158e-03
  Batch 11: loss = 0.980764 | LR = 3.395913e-03
  Batch 12: loss = 0.823808 | LR = 3.387677e-03
  Batch 13: loss = 0.905512 | LR = 3.379450e-03
  Batch 14: loss = 0.948715 | LR = 3.371233e-03
  Batch 15: loss = 1.112985 | LR = 3.363025e-03
  Batch 16: loss = 0.910391 | LR = 3.354826e-03
  Batch 17: loss = 0.921398 | LR = 3.346636e-03
  Batch 18: loss = 0.857070 | LR = 3.338456e-03
  Batch 19: loss = 1.036280 | LR = 3.330285e-03
  Batch 20: loss = 0.999927 | LR = 3.322123e-03
  Batch 21: loss = 0.773034 | LR = 3.313971e-03
  Batch 22: loss = 0.858559 | LR = 3.305827e-03
  Batch 23: loss = 0.890211 | LR = 3.297694e-03
  Batch 24: loss = 0.782913 | LR = 3.289569e-03
  Batch 25: loss = 0.859997 | LR = 3.281454e-03
  Batch 26: loss = 0.954648 | LR = 3.273348e-03
  Batch 27: loss = 1.062602 | LR = 3.265252e-03
  Batch 28: loss = 1.060857 | LR = 3.257164e-03
  Batch 29: loss = 0.929834 | LR = 3.249087e-03
  Batch 30: loss = 0.869580 | LR = 3.241018e-03
  Batch 31: loss = 0.974234 | LR = 3.232959e-03
  Batch 32: loss = 0.925478 | LR = 3.224909e-03
  Batch 33: loss = 0.857335 | LR = 3.216868e-03
  Batch 34: loss = 1.002466 | LR = 3.208837e-03
  Batch 35: loss = 0.824056 | LR = 3.200815e-03
  Batch 36: loss = 0.910444 | LR = 3.192803e-03
  Batch 37: loss = 1.105435 | LR = 3.184800e-03
  Batch 38: loss = 1.081175 | LR = 3.176806e-03
  Batch 39: loss = 0.914062 | LR = 3.168822e-03
  Batch 40: loss = 0.901614 | LR = 3.160847e-03
  Batch 41: loss = 0.910397 | LR = 3.152881e-03
  Batch 42: loss = 0.847245 | LR = 3.144925e-03
  Batch 43: loss = 0.842535 | LR = 3.136978e-03
  Batch 44: loss = 0.940448 | LR = 3.129040e-03
  Batch 45: loss = 0.894321 | LR = 3.121112e-03
  Batch 46: loss = 0.962048 | LR = 3.113193e-03
  Batch 47: loss = 1.075579 | LR = 3.105284e-03
  Batch 48: loss = 0.892362 | LR = 3.097384e-03
Epoch 84: Average loss = 0.9273, Duration = 1.05s
  Batch 1: loss = 0.985732 | LR = 3.089493e-03
  Batch 2: loss = 0.933633 | LR = 3.081612e-03
  Batch 3: loss = 0.888456 | LR = 3.073741e-03
  Batch 4: loss = 1.014058 | LR = 3.065878e-03
  Batch 5: loss = 0.898076 | LR = 3.058025e-03
  Batch 6: loss = 0.831698 | LR = 3.050182e-03
  Batch 7: loss = 0.865329 | LR = 3.042348e-03
  Batch 8: loss = 1.058438 | LR = 3.034523e-03
  Batch 9: loss = 1.042262 | LR = 3.026708e-03
  Batch 10: loss = 0.868204 | LR = 3.018902e-03
  Batch 11: loss = 0.904230 | LR = 3.011105e-03
  Batch 12: loss = 0.855547 | LR = 3.003318e-03
  Batch 13: loss = 0.852254 | LR = 2.995541e-03
  Batch 14: loss = 1.064442 | LR = 2.987773e-03
  Batch 15: loss = 0.944356 | LR = 2.980014e-03
  Batch 16: loss = 1.081585 | LR = 2.972265e-03
  Batch 17: loss = 0.881719 | LR = 2.964525e-03
  Batch 18: loss = 0.785170 | LR = 2.956795e-03
  Batch 19: loss = 0.889480 | LR = 2.949074e-03
  Batch 20: loss = 0.884330 | LR = 2.941363e-03
  Batch 21: loss = 0.866752 | LR = 2.933661e-03
  Batch 22: loss = 0.857502 | LR = 2.925968e-03
  Batch 23: loss = 0.854168 | LR = 2.918286e-03
  Batch 24: loss = 0.885571 | LR = 2.910612e-03
  Batch 25: loss = 0.898737 | LR = 2.902948e-03
  Batch 26: loss = 0.901390 | LR = 2.895294e-03
  Batch 27: loss = 0.895514 | LR = 2.887648e-03
  Batch 28: loss = 1.055438 | LR = 2.880013e-03
  Batch 29: loss = 0.987569 | LR = 2.872387e-03
  Batch 30: loss = 0.824759 | LR = 2.864770e-03
  Batch 31: loss = 0.836530 | LR = 2.857163e-03
  Batch 32: loss = 0.921764 | LR = 2.849566e-03
  Batch 33: loss = 0.772660 | LR = 2.841978e-03
  Batch 34: loss = 1.026441 | LR = 2.834399e-03
  Batch 35: loss = 0.766859 | LR = 2.826830e-03
  Batch 36: loss = 0.909667 | LR = 2.819270e-03
  Batch 37: loss = 0.966449 | LR = 2.811720e-03
  Batch 38: loss = 0.958847 | LR = 2.804180e-03
  Batch 39: loss = 0.914509 | LR = 2.796649e-03
  Batch 40: loss = 0.830003 | LR = 2.789128e-03
  Batch 41: loss = 0.834845 | LR = 2.781616e-03
  Batch 42: loss = 0.923433 | LR = 2.774113e-03
  Batch 43: loss = 0.773377 | LR = 2.766620e-03
  Batch 44: loss = 0.983771 | LR = 2.759137e-03
  Batch 45: loss = 0.868806 | LR = 2.751663e-03
  Batch 46: loss = 0.911054 | LR = 2.744199e-03
  Batch 47: loss = 1.017854 | LR = 2.736744e-03
  Batch 48: loss = 0.798908 | LR = 2.729299e-03
Epoch 85: Average loss = 0.9078, Duration = 1.01s
  Batch 1: loss = 0.886822 | LR = 2.721864e-03
  Batch 2: loss = 0.908967 | LR = 2.714438e-03
  Batch 3: loss = 0.831856 | LR = 2.707021e-03
  Batch 4: loss = 1.016085 | LR = 2.699615e-03
  Batch 5: loss = 0.890994 | LR = 2.692217e-03
  Batch 6: loss = 0.848971 | LR = 2.684830e-03
  Batch 7: loss = 0.843799 | LR = 2.677451e-03
  Batch 8: loss = 0.957517 | LR = 2.670083e-03
  Batch 9: loss = 1.009735 | LR = 2.662724e-03
  Batch 10: loss = 0.836316 | LR = 2.655374e-03
  Batch 11: loss = 0.965616 | LR = 2.648035e-03
  Batch 12: loss = 0.850714 | LR = 2.640704e-03
  Batch 13: loss = 0.788107 | LR = 2.633384e-03
  Batch 14: loss = 1.002278 | LR = 2.626073e-03
  Batch 15: loss = 0.980702 | LR = 2.618771e-03
  Batch 16: loss = 0.863662 | LR = 2.611479e-03
  Batch 17: loss = 0.938135 | LR = 2.604197e-03
  Batch 18: loss = 0.960636 | LR = 2.596925e-03
  Batch 19: loss = 1.011590 | LR = 2.589662e-03
  Batch 20: loss = 0.956602 | LR = 2.582408e-03
  Batch 21: loss = 0.849478 | LR = 2.575164e-03
  Batch 22: loss = 0.907598 | LR = 2.567930e-03
  Batch 23: loss = 0.764750 | LR = 2.560706e-03
  Batch 24: loss = 0.836781 | LR = 2.553491e-03
  Batch 25: loss = 0.836737 | LR = 2.546286e-03
  Batch 26: loss = 0.933062 | LR = 2.539090e-03
  Batch 27: loss = 0.930772 | LR = 2.531904e-03
  Batch 28: loss = 1.048040 | LR = 2.524728e-03
  Batch 29: loss = 0.908753 | LR = 2.517561e-03
  Batch 30: loss = 0.863057 | LR = 2.510404e-03
  Batch 31: loss = 0.774323 | LR = 2.503256e-03
  Batch 32: loss = 0.940504 | LR = 2.496119e-03
  Batch 33: loss = 0.802391 | LR = 2.488991e-03
  Batch 34: loss = 0.901419 | LR = 2.481872e-03
  Batch 35: loss = 0.792322 | LR = 2.474763e-03
  Batch 36: loss = 0.902106 | LR = 2.467664e-03
  Batch 37: loss = 0.993765 | LR = 2.460575e-03
  Batch 38: loss = 0.911731 | LR = 2.453495e-03
  Batch 39: loss = 0.851727 | LR = 2.446425e-03
  Batch 40: loss = 0.829700 | LR = 2.439365e-03
  Batch 41: loss = 0.871453 | LR = 2.432314e-03
  Batch 42: loss = 0.828353 | LR = 2.425273e-03
  Batch 43: loss = 0.717605 | LR = 2.418241e-03
  Batch 44: loss = 0.947986 | LR = 2.411220e-03
  Batch 45: loss = 0.956922 | LR = 2.404208e-03
  Batch 46: loss = 0.852968 | LR = 2.397205e-03
  Batch 47: loss = 0.963471 | LR = 2.390213e-03
  Batch 48: loss = 0.906829 | LR = 2.383230e-03
Epoch 86: Average loss = 0.8953, Duration = 1.06s
  Batch 1: loss = 0.844035 | LR = 2.376257e-03
  Batch 2: loss = 0.928128 | LR = 2.369293e-03
  Batch 3: loss = 0.988255 | LR = 2.362339e-03
  Batch 4: loss = 0.942723 | LR = 2.355395e-03
  Batch 5: loss = 0.836984 | LR = 2.348461e-03
  Batch 6: loss = 0.895112 | LR = 2.341536e-03
  Batch 7: loss = 0.797548 | LR = 2.334622e-03
  Batch 8: loss = 0.898162 | LR = 2.327716e-03
  Batch 9: loss = 0.887706 | LR = 2.320821e-03
  Batch 10: loss = 0.796427 | LR = 2.313935e-03
  Batch 11: loss = 0.901053 | LR = 2.307059e-03
  Batch 12: loss = 0.869521 | LR = 2.300193e-03
  Batch 13: loss = 0.793541 | LR = 2.293336e-03
  Batch 14: loss = 0.938768 | LR = 2.286490e-03
  Batch 15: loss = 1.022397 | LR = 2.279653e-03
  Batch 16: loss = 0.875229 | LR = 2.272825e-03
  Batch 17: loss = 0.881477 | LR = 2.266008e-03
  Batch 18: loss = 0.815774 | LR = 2.259200e-03
  Batch 19: loss = 0.894781 | LR = 2.252402e-03
  Batch 20: loss = 1.020365 | LR = 2.245614e-03
  Batch 21: loss = 0.769893 | LR = 2.238835e-03
  Batch 22: loss = 0.977294 | LR = 2.232067e-03
  Batch 23: loss = 0.922465 | LR = 2.225308e-03
  Batch 24: loss = 0.869553 | LR = 2.218559e-03
  Batch 25: loss = 0.857512 | LR = 2.211819e-03
  Batch 26: loss = 0.836497 | LR = 2.205090e-03
  Batch 27: loss = 0.992662 | LR = 2.198370e-03
  Batch 28: loss = 0.962634 | LR = 2.191660e-03
  Batch 29: loss = 0.961971 | LR = 2.184959e-03
  Batch 30: loss = 0.803055 | LR = 2.178269e-03
  Batch 31: loss = 0.993884 | LR = 2.171588e-03
  Batch 32: loss = 0.811793 | LR = 2.164917e-03
  Batch 33: loss = 0.898092 | LR = 2.158256e-03
  Batch 34: loss = 0.976967 | LR = 2.151605e-03
  Batch 35: loss = 0.731318 | LR = 2.144963e-03
  Batch 36: loss = 0.866210 | LR = 2.138332e-03
  Batch 37: loss = 1.077069 | LR = 2.131710e-03
  Batch 38: loss = 0.989920 | LR = 2.125098e-03
  Batch 39: loss = 0.880293 | LR = 2.118496e-03
  Batch 40: loss = 0.848906 | LR = 2.111903e-03
  Batch 41: loss = 0.868586 | LR = 2.105321e-03
  Batch 42: loss = 0.811400 | LR = 2.098748e-03
  Batch 43: loss = 0.781724 | LR = 2.092185e-03
  Batch 44: loss = 0.803259 | LR = 2.085632e-03
  Batch 45: loss = 0.906862 | LR = 2.079088e-03
  Batch 46: loss = 0.860250 | LR = 2.072555e-03
  Batch 47: loss = 1.047153 | LR = 2.066031e-03
  Batch 48: loss = 0.867685 | LR = 2.059518e-03
Epoch 87: Average loss = 0.8917, Duration = 1.01s
  Batch 1: loss = 0.919786 | LR = 2.053014e-03
  Batch 2: loss = 0.938314 | LR = 2.046520e-03
  Batch 3: loss = 0.900331 | LR = 2.040035e-03
  Batch 4: loss = 0.887207 | LR = 2.033561e-03
  Batch 5: loss = 0.716910 | LR = 2.027096e-03
  Batch 6: loss = 0.836067 | LR = 2.020642e-03
  Batch 7: loss = 0.860123 | LR = 2.014197e-03
  Batch 8: loss = 0.841363 | LR = 2.007762e-03
  Batch 9: loss = 0.963653 | LR = 2.001337e-03
  Batch 10: loss = 0.840413 | LR = 1.994922e-03
  Batch 11: loss = 0.844538 | LR = 1.988516e-03
  Batch 12: loss = 0.899757 | LR = 1.982121e-03
  Batch 13: loss = 0.715283 | LR = 1.975735e-03
  Batch 14: loss = 0.865627 | LR = 1.969360e-03
  Batch 15: loss = 0.855688 | LR = 1.962994e-03
  Batch 16: loss = 0.896223 | LR = 1.956638e-03
  Batch 17: loss = 0.869219 | LR = 1.950292e-03
  Batch 18: loss = 0.909446 | LR = 1.943956e-03
  Batch 19: loss = 0.861033 | LR = 1.937629e-03
  Batch 20: loss = 0.853635 | LR = 1.931313e-03
  Batch 21: loss = 0.833915 | LR = 1.925006e-03
  Batch 22: loss = 0.958186 | LR = 1.918710e-03
  Batch 23: loss = 0.847253 | LR = 1.912423e-03
  Batch 24: loss = 0.840348 | LR = 1.906146e-03
  Batch 25: loss = 0.816674 | LR = 1.899879e-03
  Batch 26: loss = 0.804609 | LR = 1.893623e-03
  Batch 27: loss = 0.906704 | LR = 1.887376e-03
  Batch 28: loss = 0.966125 | LR = 1.881138e-03
  Batch 29: loss = 0.939008 | LR = 1.874911e-03
  Batch 30: loss = 0.836030 | LR = 1.868694e-03
  Batch 31: loss = 0.864553 | LR = 1.862487e-03
  Batch 32: loss = 0.924683 | LR = 1.856289e-03
  Batch 33: loss = 0.804777 | LR = 1.850102e-03
  Batch 34: loss = 0.980567 | LR = 1.843924e-03
  Batch 35: loss = 0.745318 | LR = 1.837756e-03
  Batch 36: loss = 0.941337 | LR = 1.831599e-03
  Batch 37: loss = 0.973150 | LR = 1.825451e-03
  Batch 38: loss = 0.958807 | LR = 1.819313e-03
  Batch 39: loss = 0.931943 | LR = 1.813185e-03
  Batch 40: loss = 0.742610 | LR = 1.807067e-03
  Batch 41: loss = 0.832197 | LR = 1.800959e-03
  Batch 42: loss = 0.832511 | LR = 1.794861e-03
  Batch 43: loss = 0.785686 | LR = 1.788773e-03
  Batch 44: loss = 0.963209 | LR = 1.782695e-03
  Batch 45: loss = 0.949860 | LR = 1.776627e-03
  Batch 46: loss = 0.794078 | LR = 1.770569e-03
  Batch 47: loss = 1.146668 | LR = 1.764521e-03
  Batch 48: loss = 0.953971 | LR = 1.758483e-03
Epoch 88: Average loss = 0.8781, Duration = 0.99s
  Batch 1: loss = 0.854420 | LR = 1.752454e-03
  Batch 2: loss = 0.883916 | LR = 1.746436e-03
  Batch 3: loss = 0.869058 | LR = 1.740428e-03
  Batch 4: loss = 0.890026 | LR = 1.734430e-03
  Batch 5: loss = 0.861598 | LR = 1.728441e-03
  Batch 6: loss = 0.872790 | LR = 1.722463e-03
  Batch 7: loss = 0.774613 | LR = 1.716494e-03
  Batch 8: loss = 0.900889 | LR = 1.710536e-03
  Batch 9: loss = 0.881995 | LR = 1.704588e-03
  Batch 10: loss = 0.935356 | LR = 1.698649e-03
  Batch 11: loss = 0.977119 | LR = 1.692721e-03
  Batch 12: loss = 0.917823 | LR = 1.686803e-03
  Batch 13: loss = 0.803501 | LR = 1.680894e-03
  Batch 14: loss = 0.931207 | LR = 1.674996e-03
  Batch 15: loss = 0.916598 | LR = 1.669107e-03
  Batch 16: loss = 0.824978 | LR = 1.663229e-03
  Batch 17: loss = 0.915847 | LR = 1.657361e-03
  Batch 18: loss = 0.822925 | LR = 1.651502e-03
  Batch 19: loss = 0.958463 | LR = 1.645654e-03
  Batch 20: loss = 0.954573 | LR = 1.639816e-03
  Batch 21: loss = 0.790512 | LR = 1.633988e-03
  Batch 22: loss = 0.896590 | LR = 1.628169e-03
  Batch 23: loss = 0.823613 | LR = 1.622361e-03
  Batch 24: loss = 0.840438 | LR = 1.616563e-03
  Batch 25: loss = 0.801245 | LR = 1.610775e-03
  Batch 26: loss = 0.863599 | LR = 1.604997e-03
  Batch 27: loss = 0.942080 | LR = 1.599229e-03
  Batch 28: loss = 0.978012 | LR = 1.593471e-03
  Batch 29: loss = 0.896340 | LR = 1.587723e-03
  Batch 30: loss = 0.807240 | LR = 1.581985e-03
  Batch 31: loss = 0.950639 | LR = 1.576257e-03
  Batch 32: loss = 0.850961 | LR = 1.570539e-03
  Batch 33: loss = 0.926453 | LR = 1.564831e-03
  Batch 34: loss = 0.974094 | LR = 1.559134e-03
  Batch 35: loss = 0.800980 | LR = 1.553446e-03
  Batch 36: loss = 0.904733 | LR = 1.547768e-03
  Batch 37: loss = 1.022243 | LR = 1.542101e-03
  Batch 38: loss = 0.867709 | LR = 1.536443e-03
  Batch 39: loss = 0.864668 | LR = 1.530796e-03
  Batch 40: loss = 0.837924 | LR = 1.525158e-03
  Batch 41: loss = 0.801988 | LR = 1.519531e-03
  Batch 42: loss = 0.736609 | LR = 1.513914e-03
  Batch 43: loss = 0.930314 | LR = 1.508307e-03
  Batch 44: loss = 0.870707 | LR = 1.502710e-03
  Batch 45: loss = 0.763796 | LR = 1.497123e-03
  Batch 46: loss = 0.896929 | LR = 1.491546e-03
  Batch 47: loss = 0.925441 | LR = 1.485979e-03
  Batch 48: loss = 0.847702 | LR = 1.480423e-03
Epoch 89: Average loss = 0.8784, Duration = 1.03s
  Batch 1: loss = 0.896134 | LR = 1.474876e-03
  Batch 2: loss = 0.873787 | LR = 1.469339e-03
  Batch 3: loss = 0.855909 | LR = 1.463813e-03
  Batch 4: loss = 0.895194 | LR = 1.458297e-03
  Batch 5: loss = 0.837696 | LR = 1.452790e-03
  Batch 6: loss = 0.858206 | LR = 1.447294e-03
  Batch 7: loss = 0.728272 | LR = 1.441808e-03
  Batch 8: loss = 0.987299 | LR = 1.436332e-03
  Batch 9: loss = 0.868692 | LR = 1.430867e-03
  Batch 10: loss = 0.979957 | LR = 1.425411e-03
  Batch 11: loss = 0.911589 | LR = 1.419965e-03
  Batch 12: loss = 0.783639 | LR = 1.414530e-03
  Batch 13: loss = 0.790373 | LR = 1.409105e-03
  Batch 14: loss = 0.844310 | LR = 1.403690e-03
  Batch 15: loss = 0.864682 | LR = 1.398284e-03
  Batch 16: loss = 0.938416 | LR = 1.392890e-03
  Batch 17: loss = 0.831344 | LR = 1.387505e-03
  Batch 18: loss = 0.830196 | LR = 1.382130e-03
  Batch 19: loss = 0.869749 | LR = 1.376765e-03
  Batch 20: loss = 0.838707 | LR = 1.371411e-03
  Batch 21: loss = 0.826947 | LR = 1.366067e-03
  Batch 22: loss = 0.953889 | LR = 1.360733e-03
  Batch 23: loss = 0.831115 | LR = 1.355409e-03
  Batch 24: loss = 0.860141 | LR = 1.350095e-03
  Batch 25: loss = 0.813323 | LR = 1.344791e-03
  Batch 26: loss = 0.853983 | LR = 1.339498e-03
  Batch 27: loss = 0.903695 | LR = 1.334214e-03
  Batch 28: loss = 0.930020 | LR = 1.328941e-03
  Batch 29: loss = 0.913922 | LR = 1.323678e-03
  Batch 30: loss = 0.835752 | LR = 1.318425e-03
  Batch 31: loss = 0.898475 | LR = 1.313182e-03
  Batch 32: loss = 0.888865 | LR = 1.307950e-03
  Batch 33: loss = 0.867823 | LR = 1.302727e-03
  Batch 34: loss = 0.933929 | LR = 1.297515e-03
  Batch 35: loss = 0.784892 | LR = 1.292313e-03
  Batch 36: loss = 0.807667 | LR = 1.287121e-03
  Batch 37: loss = 0.992094 | LR = 1.281939e-03
  Batch 38: loss = 1.055687 | LR = 1.276768e-03
  Batch 39: loss = 0.803611 | LR = 1.271606e-03
  Batch 40: loss = 0.773114 | LR = 1.266455e-03
  Batch 41: loss = 0.810856 | LR = 1.261314e-03
  Batch 42: loss = 0.795541 | LR = 1.256183e-03
  Batch 43: loss = 0.773322 | LR = 1.251062e-03
  Batch 44: loss = 1.001488 | LR = 1.245952e-03
  Batch 45: loss = 0.919914 | LR = 1.240852e-03
  Batch 46: loss = 0.900382 | LR = 1.235762e-03
  Batch 47: loss = 1.028832 | LR = 1.230682e-03
  Batch 48: loss = 0.912460 | LR = 1.225612e-03
Epoch 90: Average loss = 0.8741, Duration = 1.00s
  Batch 1: loss = 0.860052 | LR = 1.220553e-03
  Batch 2: loss = 0.813762 | LR = 1.215503e-03
  Batch 3: loss = 0.901146 | LR = 1.210464e-03
  Batch 4: loss = 1.003013 | LR = 1.205435e-03
  Batch 5: loss = 0.778048 | LR = 1.200417e-03
  Batch 6: loss = 0.813498 | LR = 1.195408e-03
  Batch 7: loss = 0.707225 | LR = 1.190410e-03
  Batch 8: loss = 0.889634 | LR = 1.185422e-03
  Batch 9: loss = 0.906044 | LR = 1.180444e-03
  Batch 10: loss = 0.877070 | LR = 1.175477e-03
  Batch 11: loss = 0.887125 | LR = 1.170519e-03
  Batch 12: loss = 0.875151 | LR = 1.165572e-03
  Batch 13: loss = 0.908568 | LR = 1.160635e-03
  Batch 14: loss = 0.998478 | LR = 1.155709e-03
  Batch 15: loss = 0.966959 | LR = 1.150792e-03
  Batch 16: loss = 0.855665 | LR = 1.145886e-03
  Batch 17: loss = 0.913264 | LR = 1.140990e-03
  Batch 18: loss = 0.828368 | LR = 1.136104e-03
  Batch 19: loss = 0.991368 | LR = 1.131229e-03
  Batch 20: loss = 0.917152 | LR = 1.126364e-03
  Batch 21: loss = 0.766890 | LR = 1.121509e-03
  Batch 22: loss = 0.917198 | LR = 1.116664e-03
  Batch 23: loss = 0.933773 | LR = 1.111829e-03
  Batch 24: loss = 0.852231 | LR = 1.107005e-03
  Batch 25: loss = 0.813426 | LR = 1.102191e-03
  Batch 26: loss = 0.849072 | LR = 1.097387e-03
  Batch 27: loss = 0.962796 | LR = 1.092594e-03
  Batch 28: loss = 0.994627 | LR = 1.087811e-03
  Batch 29: loss = 0.943680 | LR = 1.083038e-03
  Batch 30: loss = 0.911630 | LR = 1.078275e-03
  Batch 31: loss = 0.912689 | LR = 1.073523e-03
  Batch 32: loss = 0.903450 | LR = 1.068780e-03
  Batch 33: loss = 0.985212 | LR = 1.064048e-03
  Batch 34: loss = 0.819355 | LR = 1.059327e-03
  Batch 35: loss = 0.736024 | LR = 1.054615e-03
  Batch 36: loss = 0.852669 | LR = 1.049914e-03
  Batch 37: loss = 1.007275 | LR = 1.045223e-03
  Batch 38: loss = 0.877457 | LR = 1.040543e-03
  Batch 39: loss = 0.971814 | LR = 1.035873e-03
  Batch 40: loss = 0.825506 | LR = 1.031213e-03
  Batch 41: loss = 0.809155 | LR = 1.026563e-03
  Batch 42: loss = 0.882325 | LR = 1.021924e-03
  Batch 43: loss = 0.701284 | LR = 1.017294e-03
  Batch 44: loss = 0.863220 | LR = 1.012676e-03
  Batch 45: loss = 0.821003 | LR = 1.008067e-03
  Batch 46: loss = 0.909502 | LR = 1.003469e-03
  Batch 47: loss = 1.043974 | LR = 9.988809e-04
  Batch 48: loss = 0.837389 | LR = 9.943033e-04
Epoch 91: Average loss = 0.8833, Duration = 0.98s
  Batch 1: loss = 0.968607 | LR = 9.897359e-04
  Batch 2: loss = 0.841487 | LR = 9.851789e-04
  Batch 3: loss = 0.856869 | LR = 9.806322e-04
  Batch 4: loss = 0.988685 | LR = 9.760957e-04
  Batch 5: loss = 0.751599 | LR = 9.715696e-04
  Batch 6: loss = 0.783373 | LR = 9.670538e-04
  Batch 7: loss = 0.836111 | LR = 9.625483e-04
  Batch 8: loss = 0.954934 | LR = 9.580531e-04
  Batch 9: loss = 0.841027 | LR = 9.535682e-04
  Batch 10: loss = 0.916816 | LR = 9.490937e-04
  Batch 11: loss = 0.884388 | LR = 9.446294e-04
  Batch 12: loss = 0.869796 | LR = 9.401755e-04
  Batch 13: loss = 0.798642 | LR = 9.357319e-04
  Batch 14: loss = 0.924962 | LR = 9.312987e-04
  Batch 15: loss = 0.938241 | LR = 9.268757e-04
  Batch 16: loss = 0.828881 | LR = 9.224631e-04
  Batch 17: loss = 0.848164 | LR = 9.180608e-04
  Batch 18: loss = 0.823291 | LR = 9.136689e-04
  Batch 19: loss = 1.098950 | LR = 9.092873e-04
  Batch 20: loss = 0.926340 | LR = 9.049160e-04
  Batch 21: loss = 0.740114 | LR = 9.005551e-04
  Batch 22: loss = 0.846768 | LR = 8.962045e-04
  Batch 23: loss = 0.894190 | LR = 8.918643e-04
  Batch 24: loss = 0.755894 | LR = 8.875343e-04
  Batch 25: loss = 0.788540 | LR = 8.832148e-04
  Batch 26: loss = 0.819215 | LR = 8.789056e-04
  Batch 27: loss = 0.898001 | LR = 8.746067e-04
  Batch 28: loss = 0.807315 | LR = 8.703182e-04
  Batch 29: loss = 0.984189 | LR = 8.660401e-04
  Batch 30: loss = 0.827167 | LR = 8.617723e-04
  Batch 31: loss = 0.922504 | LR = 8.575148e-04
  Batch 32: loss = 0.870251 | LR = 8.532677e-04
  Batch 33: loss = 0.853832 | LR = 8.490310e-04
  Batch 34: loss = 0.884453 | LR = 8.448047e-04
  Batch 35: loss = 0.801423 | LR = 8.405887e-04
  Batch 36: loss = 0.880035 | LR = 8.363830e-04
  Batch 37: loss = 0.942497 | LR = 8.321878e-04
  Batch 38: loss = 0.814801 | LR = 8.280029e-04
  Batch 39: loss = 0.826934 | LR = 8.238284e-04
  Batch 40: loss = 0.740094 | LR = 8.196642e-04
  Batch 41: loss = 0.764820 | LR = 8.155105e-04
  Batch 42: loss = 0.866967 | LR = 8.113671e-04
  Batch 43: loss = 0.800381 | LR = 8.072340e-04
  Batch 44: loss = 0.958831 | LR = 8.031114e-04
  Batch 45: loss = 0.833142 | LR = 7.989992e-04
  Batch 46: loss = 0.885102 | LR = 7.948973e-04
  Batch 47: loss = 0.991908 | LR = 7.908058e-04
  Batch 48: loss = 0.808406 | LR = 7.867247e-04
Epoch 92: Average loss = 0.8644, Duration = 1.03s
  Batch 1: loss = 0.815573 | LR = 7.826540e-04
  Batch 2: loss = 0.819952 | LR = 7.785937e-04
  Batch 3: loss = 0.863000 | LR = 7.745438e-04
  Batch 4: loss = 0.947006 | LR = 7.705043e-04
  Batch 5: loss = 0.812147 | LR = 7.664751e-04
  Batch 6: loss = 0.894000 | LR = 7.624564e-04
  Batch 7: loss = 0.727955 | LR = 7.584481e-04
  Batch 8: loss = 0.841459 | LR = 7.544502e-04
  Batch 9: loss = 1.012098 | LR = 7.504626e-04
  Batch 10: loss = 1.040291 | LR = 7.464855e-04
  Batch 11: loss = 1.016409 | LR = 7.425188e-04
  Batch 12: loss = 0.789612 | LR = 7.385625e-04
  Batch 13: loss = 0.769130 | LR = 7.346166e-04
  Batch 14: loss = 0.832225 | LR = 7.306811e-04
  Batch 15: loss = 1.040445 | LR = 7.267561e-04
  Batch 16: loss = 0.898473 | LR = 7.228414e-04
  Batch 17: loss = 0.769583 | LR = 7.189372e-04
  Batch 18: loss = 0.877724 | LR = 7.150434e-04
  Batch 19: loss = 1.029076 | LR = 7.111600e-04
  Batch 20: loss = 0.941301 | LR = 7.072870e-04
  Batch 21: loss = 0.787920 | LR = 7.034244e-04
  Batch 22: loss = 0.931023 | LR = 6.995723e-04
  Batch 23: loss = 0.856706 | LR = 6.957306e-04
  Batch 24: loss = 0.813100 | LR = 6.918993e-04
  Batch 25: loss = 0.765793 | LR = 6.880785e-04
  Batch 26: loss = 0.835157 | LR = 6.842681e-04
  Batch 27: loss = 0.886295 | LR = 6.804681e-04
  Batch 28: loss = 0.937769 | LR = 6.766786e-04
  Batch 29: loss = 0.814838 | LR = 6.728995e-04
  Batch 30: loss = 0.798895 | LR = 6.691308e-04
  Batch 31: loss = 0.830713 | LR = 6.653726e-04
  Batch 32: loss = 0.923750 | LR = 6.616248e-04
  Batch 33: loss = 0.808295 | LR = 6.578875e-04
  Batch 34: loss = 0.835321 | LR = 6.541606e-04
  Batch 35: loss = 0.787834 | LR = 6.504441e-04
  Batch 36: loss = 0.843940 | LR = 6.467381e-04
  Batch 37: loss = 0.935152 | LR = 6.430426e-04
  Batch 38: loss = 0.924680 | LR = 6.393575e-04
  Batch 39: loss = 0.919625 | LR = 6.356828e-04
  Batch 40: loss = 0.833065 | LR = 6.320186e-04
  Batch 41: loss = 0.830092 | LR = 6.283649e-04
  Batch 42: loss = 0.872105 | LR = 6.247216e-04
  Batch 43: loss = 0.804559 | LR = 6.210888e-04
  Batch 44: loss = 0.899650 | LR = 6.174664e-04
  Batch 45: loss = 0.914610 | LR = 6.138545e-04
  Batch 46: loss = 0.868945 | LR = 6.102531e-04
  Batch 47: loss = 1.100304 | LR = 6.066621e-04
  Batch 48: loss = 0.899819 | LR = 6.030816e-04
Epoch 93: Average loss = 0.8749, Duration = 0.99s
  Batch 1: loss = 0.829800 | LR = 5.995116e-04
  Batch 2: loss = 0.899491 | LR = 5.959520e-04
  Batch 3: loss = 0.863782 | LR = 5.924029e-04
  Batch 4: loss = 0.903024 | LR = 5.888643e-04
  Batch 5: loss = 0.887297 | LR = 5.853362e-04
  Batch 6: loss = 0.826078 | LR = 5.818185e-04
  Batch 7: loss = 0.770210 | LR = 5.783113e-04
  Batch 8: loss = 0.890757 | LR = 5.748146e-04
  Batch 9: loss = 0.946652 | LR = 5.713284e-04
  Batch 10: loss = 0.906963 | LR = 5.678526e-04
  Batch 11: loss = 0.819101 | LR = 5.643873e-04
  Batch 12: loss = 0.836355 | LR = 5.609325e-04
  Batch 13: loss = 0.869940 | LR = 5.574883e-04
  Batch 14: loss = 0.949124 | LR = 5.540544e-04
  Batch 15: loss = 0.856159 | LR = 5.506311e-04
  Batch 16: loss = 0.824425 | LR = 5.472183e-04
  Batch 17: loss = 0.832512 | LR = 5.438160e-04
  Batch 18: loss = 0.864849 | LR = 5.404241e-04
  Batch 19: loss = 0.916054 | LR = 5.370428e-04
  Batch 20: loss = 0.879327 | LR = 5.336719e-04
  Batch 21: loss = 0.933738 | LR = 5.303116e-04
  Batch 22: loss = 0.920262 | LR = 5.269617e-04
  Batch 23: loss = 0.861900 | LR = 5.236224e-04
  Batch 24: loss = 0.674026 | LR = 5.202935e-04
  Batch 25: loss = 0.856891 | LR = 5.169752e-04
  Batch 26: loss = 0.778343 | LR = 5.136673e-04
  Batch 27: loss = 0.932005 | LR = 5.103700e-04
  Batch 28: loss = 1.045426 | LR = 5.070832e-04
  Batch 29: loss = 0.875416 | LR = 5.038069e-04
  Batch 30: loss = 0.868124 | LR = 5.005410e-04
  Batch 31: loss = 1.010148 | LR = 4.972858e-04
  Batch 32: loss = 0.821768 | LR = 4.940410e-04
  Batch 33: loss = 0.928365 | LR = 4.908067e-04
  Batch 34: loss = 0.977464 | LR = 4.875830e-04
  Batch 35: loss = 0.709387 | LR = 4.843697e-04
  Batch 36: loss = 0.916709 | LR = 4.811670e-04
  Batch 37: loss = 0.879850 | LR = 4.779748e-04
  Batch 38: loss = 0.874246 | LR = 4.747932e-04
  Batch 39: loss = 0.870361 | LR = 4.716220e-04
  Batch 40: loss = 0.835052 | LR = 4.684614e-04
  Batch 41: loss = 0.810941 | LR = 4.653113e-04
  Batch 42: loss = 0.824950 | LR = 4.621717e-04
  Batch 43: loss = 0.797590 | LR = 4.590427e-04
  Batch 44: loss = 0.884256 | LR = 4.559242e-04
  Batch 45: loss = 0.915688 | LR = 4.528162e-04
  Batch 46: loss = 0.838676 | LR = 4.497188e-04
  Batch 47: loss = 0.953704 | LR = 4.466319e-04
  Batch 48: loss = 0.834978 | LR = 4.435555e-04
Epoch 94: Average loss = 0.8709, Duration = 0.99s
  Batch 1: loss = 1.031420 | LR = 4.404897e-04
  Batch 2: loss = 0.840246 | LR = 4.374344e-04
  Batch 3: loss = 0.888143 | LR = 4.343896e-04
  Batch 4: loss = 0.827088 | LR = 4.313554e-04
  Batch 5: loss = 0.835138 | LR = 4.283317e-04
  Batch 6: loss = 0.888741 | LR = 4.253186e-04
  Batch 7: loss = 0.759212 | LR = 4.223160e-04
  Batch 8: loss = 0.914050 | LR = 4.193239e-04
  Batch 9: loss = 0.897325 | LR = 4.163424e-04
  Batch 10: loss = 0.901666 | LR = 4.133715e-04
  Batch 11: loss = 0.907300 | LR = 4.104111e-04
  Batch 12: loss = 0.789946 | LR = 4.074612e-04
  Batch 13: loss = 0.823132 | LR = 4.045220e-04
  Batch 14: loss = 0.862727 | LR = 4.015932e-04
  Batch 15: loss = 0.938801 | LR = 3.986750e-04
  Batch 16: loss = 0.815744 | LR = 3.957674e-04
  Batch 17: loss = 0.776876 | LR = 3.928703e-04
  Batch 18: loss = 0.801115 | LR = 3.899838e-04
  Batch 19: loss = 0.944410 | LR = 3.871079e-04
  Batch 20: loss = 0.886396 | LR = 3.842425e-04
  Batch 21: loss = 0.911331 | LR = 3.813876e-04
  Batch 22: loss = 0.942382 | LR = 3.785434e-04
  Batch 23: loss = 0.913181 | LR = 3.757097e-04
  Batch 24: loss = 0.789542 | LR = 3.728865e-04
  Batch 25: loss = 0.767840 | LR = 3.700739e-04
  Batch 26: loss = 0.791926 | LR = 3.672719e-04
  Batch 27: loss = 0.901511 | LR = 3.644805e-04
  Batch 28: loss = 0.939904 | LR = 3.616997e-04
  Batch 29: loss = 0.959307 | LR = 3.589294e-04
  Batch 30: loss = 0.906652 | LR = 3.561696e-04
  Batch 31: loss = 0.883445 | LR = 3.534205e-04
  Batch 32: loss = 0.908507 | LR = 3.506819e-04
  Batch 33: loss = 0.875996 | LR = 3.479539e-04
  Batch 34: loss = 0.856459 | LR = 3.452365e-04
  Batch 35: loss = 0.768474 | LR = 3.425297e-04
  Batch 36: loss = 0.789784 | LR = 3.398334e-04
  Batch 37: loss = 0.949107 | LR = 3.371478e-04
  Batch 38: loss = 0.904919 | LR = 3.344727e-04
  Batch 39: loss = 0.957456 | LR = 3.318082e-04
  Batch 40: loss = 0.779217 | LR = 3.291542e-04
  Batch 41: loss = 0.827221 | LR = 3.265109e-04
  Batch 42: loss = 0.866753 | LR = 3.238782e-04
  Batch 43: loss = 0.808323 | LR = 3.212560e-04
  Batch 44: loss = 0.837849 | LR = 3.186444e-04
  Batch 45: loss = 0.847198 | LR = 3.160434e-04
  Batch 46: loss = 0.797121 | LR = 3.134531e-04
  Batch 47: loss = 0.956124 | LR = 3.108733e-04
  Batch 48: loss = 0.818191 | LR = 3.083041e-04
Epoch 95: Average loss = 0.8664, Duration = 1.05s
  Batch 1: loss = 0.852832 | LR = 3.057454e-04
  Batch 2: loss = 0.821479 | LR = 3.031974e-04
  Batch 3: loss = 0.928074 | LR = 3.006600e-04
  Batch 4: loss = 0.960795 | LR = 2.981332e-04
  Batch 5: loss = 0.828499 | LR = 2.956170e-04
  Batch 6: loss = 0.774301 | LR = 2.931114e-04
  Batch 7: loss = 0.760750 | LR = 2.906163e-04
  Batch 8: loss = 0.944483 | LR = 2.881319e-04
  Batch 9: loss = 0.966079 | LR = 2.856581e-04
  Batch 10: loss = 0.939975 | LR = 2.831949e-04
  Batch 11: loss = 0.900632 | LR = 2.807423e-04
  Batch 12: loss = 0.846871 | LR = 2.783003e-04
  Batch 13: loss = 0.858035 | LR = 2.758689e-04
  Batch 14: loss = 0.835422 | LR = 2.734481e-04
  Batch 15: loss = 0.922109 | LR = 2.710380e-04
  Batch 16: loss = 0.783214 | LR = 2.686384e-04
  Batch 17: loss = 0.854225 | LR = 2.662495e-04
  Batch 18: loss = 0.784589 | LR = 2.638711e-04
  Batch 19: loss = 0.934462 | LR = 2.615034e-04
  Batch 20: loss = 0.884102 | LR = 2.591463e-04
  Batch 21: loss = 0.792374 | LR = 2.567998e-04
  Batch 22: loss = 0.921596 | LR = 2.544640e-04
  Batch 23: loss = 0.894650 | LR = 2.521387e-04
  Batch 24: loss = 0.761946 | LR = 2.498241e-04
  Batch 25: loss = 0.845434 | LR = 2.475200e-04
  Batch 26: loss = 0.810143 | LR = 2.452267e-04
  Batch 27: loss = 0.835178 | LR = 2.429439e-04
  Batch 28: loss = 0.975625 | LR = 2.406717e-04
  Batch 29: loss = 0.856765 | LR = 2.384102e-04
  Batch 30: loss = 0.727785 | LR = 2.361593e-04
  Batch 31: loss = 0.922400 | LR = 2.339190e-04
  Batch 32: loss = 0.911635 | LR = 2.316894e-04
  Batch 33: loss = 0.920906 | LR = 2.294704e-04
  Batch 34: loss = 0.814465 | LR = 2.272620e-04
  Batch 35: loss = 0.690606 | LR = 2.250642e-04
  Batch 36: loss = 0.845102 | LR = 2.228771e-04
  Batch 37: loss = 0.930315 | LR = 2.207006e-04
  Batch 38: loss = 0.943934 | LR = 2.185347e-04
  Batch 39: loss = 0.921999 | LR = 2.163795e-04
  Batch 40: loss = 0.795101 | LR = 2.142349e-04
  Batch 41: loss = 0.873408 | LR = 2.121009e-04
  Batch 42: loss = 0.886970 | LR = 2.099776e-04
  Batch 43: loss = 0.766958 | LR = 2.078649e-04
  Batch 44: loss = 0.888364 | LR = 2.057628e-04
  Batch 45: loss = 0.845978 | LR = 2.036714e-04
  Batch 46: loss = 0.833620 | LR = 2.015906e-04
  Batch 47: loss = 1.017361 | LR = 1.995205e-04
  Batch 48: loss = 0.869245 | LR = 1.974610e-04
Epoch 96: Average loss = 0.8642, Duration = 1.02s
  Batch 1: loss = 0.889557 | LR = 1.954121e-04
  Batch 2: loss = 0.823697 | LR = 1.933739e-04
  Batch 3: loss = 0.900145 | LR = 1.913464e-04
  Batch 4: loss = 0.971827 | LR = 1.893295e-04
  Batch 5: loss = 0.771632 | LR = 1.873232e-04
  Batch 6: loss = 0.772372 | LR = 1.853276e-04
  Batch 7: loss = 0.733551 | LR = 1.833426e-04
  Batch 8: loss = 0.935874 | LR = 1.813682e-04
  Batch 9: loss = 0.863614 | LR = 1.794046e-04
  Batch 10: loss = 0.940091 | LR = 1.774515e-04
  Batch 11: loss = 0.974387 | LR = 1.755091e-04
  Batch 12: loss = 0.880161 | LR = 1.735774e-04
  Batch 13: loss = 0.895643 | LR = 1.716563e-04
  Batch 14: loss = 0.975761 | LR = 1.697459e-04
  Batch 15: loss = 0.935353 | LR = 1.678461e-04
  Batch 16: loss = 0.893843 | LR = 1.659570e-04
  Batch 17: loss = 0.836633 | LR = 1.640786e-04
  Batch 18: loss = 0.744375 | LR = 1.622108e-04
  Batch 19: loss = 0.875593 | LR = 1.603536e-04
  Batch 20: loss = 0.907872 | LR = 1.585071e-04
  Batch 21: loss = 0.818134 | LR = 1.566713e-04
  Batch 22: loss = 0.896954 | LR = 1.548462e-04
  Batch 23: loss = 0.800511 | LR = 1.530316e-04
  Batch 24: loss = 0.755425 | LR = 1.512278e-04
  Batch 25: loss = 0.813412 | LR = 1.494346e-04
  Batch 26: loss = 0.882691 | LR = 1.476521e-04
  Batch 27: loss = 0.889833 | LR = 1.458802e-04
  Batch 28: loss = 0.992965 | LR = 1.441191e-04
  Batch 29: loss = 0.849278 | LR = 1.423685e-04
  Batch 30: loss = 0.856813 | LR = 1.406287e-04
  Batch 31: loss = 0.864452 | LR = 1.388995e-04
  Batch 32: loss = 0.832474 | LR = 1.371809e-04
  Batch 33: loss = 0.856601 | LR = 1.354731e-04
  Batch 34: loss = 0.914627 | LR = 1.337759e-04
  Batch 35: loss = 0.722333 | LR = 1.320894e-04
  Batch 36: loss = 0.843059 | LR = 1.304135e-04
  Batch 37: loss = 1.024074 | LR = 1.287484e-04
  Batch 38: loss = 0.833896 | LR = 1.270938e-04
  Batch 39: loss = 0.908747 | LR = 1.254500e-04
  Batch 40: loss = 0.804986 | LR = 1.238169e-04
  Batch 41: loss = 0.872591 | LR = 1.221944e-04
  Batch 42: loss = 0.757563 | LR = 1.205826e-04
  Batch 43: loss = 0.810603 | LR = 1.189814e-04
  Batch 44: loss = 0.883507 | LR = 1.173910e-04
  Batch 45: loss = 0.859865 | LR = 1.158112e-04
  Batch 46: loss = 0.928319 | LR = 1.142421e-04
  Batch 47: loss = 1.095275 | LR = 1.126836e-04
  Batch 48: loss = 0.869827 | LR = 1.111359e-04
Epoch 97: Average loss = 0.8700, Duration = 1.02s
  Batch 1: loss = 0.863050 | LR = 1.095988e-04
  Batch 2: loss = 0.829290 | LR = 1.080724e-04
  Batch 3: loss = 0.866921 | LR = 1.065567e-04
  Batch 4: loss = 0.943153 | LR = 1.050517e-04
  Batch 5: loss = 0.744419 | LR = 1.035574e-04
  Batch 6: loss = 0.930586 | LR = 1.020737e-04
  Batch 7: loss = 0.770070 | LR = 1.006007e-04
  Batch 8: loss = 0.834770 | LR = 9.913842e-05
  Batch 9: loss = 0.832730 | LR = 9.768681e-05
  Batch 10: loss = 0.842694 | LR = 9.624588e-05
  Batch 11: loss = 0.973227 | LR = 9.481564e-05
  Batch 12: loss = 0.875200 | LR = 9.339609e-05
  Batch 13: loss = 0.769569 | LR = 9.198722e-05
  Batch 14: loss = 0.837820 | LR = 9.058904e-05
  Batch 15: loss = 0.919563 | LR = 8.920155e-05
  Batch 16: loss = 0.826757 | LR = 8.782475e-05
  Batch 17: loss = 0.735244 | LR = 8.645863e-05
  Batch 18: loss = 0.867317 | LR = 8.510321e-05
  Batch 19: loss = 0.959225 | LR = 8.375848e-05
  Batch 20: loss = 0.844780 | LR = 8.242444e-05
  Batch 21: loss = 0.771745 | LR = 8.110109e-05
  Batch 22: loss = 0.892951 | LR = 7.978843e-05
  Batch 23: loss = 0.805884 | LR = 7.848647e-05
  Batch 24: loss = 0.742383 | LR = 7.719520e-05
  Batch 25: loss = 0.807855 | LR = 7.591462e-05
  Batch 26: loss = 0.797085 | LR = 7.464474e-05
  Batch 27: loss = 0.896089 | LR = 7.338555e-05
  Batch 28: loss = 0.979095 | LR = 7.213706e-05
  Batch 29: loss = 0.901328 | LR = 7.089926e-05
  Batch 30: loss = 0.846182 | LR = 6.967216e-05
  Batch 31: loss = 0.953700 | LR = 6.845576e-05
  Batch 32: loss = 0.937658 | LR = 6.725006e-05
  Batch 33: loss = 0.884004 | LR = 6.605505e-05
  Batch 34: loss = 0.828432 | LR = 6.487074e-05
  Batch 35: loss = 0.801840 | LR = 6.369713e-05
  Batch 36: loss = 0.871759 | LR = 6.253423e-05
  Batch 37: loss = 0.959549 | LR = 6.138202e-05
  Batch 38: loss = 0.886417 | LR = 6.024051e-05
  Batch 39: loss = 0.844960 | LR = 5.910971e-05
  Batch 40: loss = 0.811588 | LR = 5.798960e-05
  Batch 41: loss = 0.781851 | LR = 5.688020e-05
  Batch 42: loss = 0.896791 | LR = 5.578150e-05
  Batch 43: loss = 0.822016 | LR = 5.469350e-05
  Batch 44: loss = 0.829534 | LR = 5.361621e-05
  Batch 45: loss = 0.861910 | LR = 5.254962e-05
  Batch 46: loss = 0.932317 | LR = 5.149374e-05
  Batch 47: loss = 0.932485 | LR = 5.044856e-05
  Batch 48: loss = 0.805785 | LR = 4.941408e-05
Epoch 98: Average loss = 0.8573, Duration = 1.02s
  Batch 1: loss = 0.805754 | LR = 4.839032e-05
  Batch 2: loss = 0.820307 | LR = 4.737726e-05
  Batch 3: loss = 0.860544 | LR = 4.637490e-05
  Batch 4: loss = 0.819860 | LR = 4.538325e-05
  Batch 5: loss = 0.851668 | LR = 4.440231e-05
  Batch 6: loss = 0.807730 | LR = 4.343208e-05
  Batch 7: loss = 0.837635 | LR = 4.247256e-05
  Batch 8: loss = 0.847700 | LR = 4.152374e-05
  Batch 9: loss = 0.870041 | LR = 4.058564e-05
  Batch 10: loss = 0.814287 | LR = 3.965824e-05
  Batch 11: loss = 0.950260 | LR = 3.874156e-05
  Batch 12: loss = 0.870745 | LR = 3.783558e-05
  Batch 13: loss = 0.822689 | LR = 3.694032e-05
  Batch 14: loss = 0.921553 | LR = 3.605576e-05
  Batch 15: loss = 0.911853 | LR = 3.518192e-05
  Batch 16: loss = 0.898376 | LR = 3.431879e-05
  Batch 17: loss = 0.843409 | LR = 3.346638e-05
  Batch 18: loss = 0.774678 | LR = 3.262467e-05
  Batch 19: loss = 0.934869 | LR = 3.179368e-05
  Batch 20: loss = 0.842745 | LR = 3.097340e-05
  Batch 21: loss = 0.779289 | LR = 3.016384e-05
  Batch 22: loss = 0.906220 | LR = 2.936499e-05
  Batch 23: loss = 0.846708 | LR = 2.857685e-05
  Batch 24: loss = 0.814237 | LR = 2.779943e-05
  Batch 25: loss = 0.825914 | LR = 2.703272e-05
  Batch 26: loss = 0.828822 | LR = 2.627673e-05
  Batch 27: loss = 0.900597 | LR = 2.553146e-05
  Batch 28: loss = 0.905326 | LR = 2.479690e-05
  Batch 29: loss = 0.843578 | LR = 2.407306e-05
  Batch 30: loss = 0.830468 | LR = 2.335994e-05
  Batch 31: loss = 0.807330 | LR = 2.265753e-05
  Batch 32: loss = 0.897988 | LR = 2.196584e-05
  Batch 33: loss = 0.871858 | LR = 2.128486e-05
  Batch 34: loss = 0.966772 | LR = 2.061461e-05
  Batch 35: loss = 0.742029 | LR = 1.995507e-05
  Batch 36: loss = 0.879871 | LR = 1.930625e-05
  Batch 37: loss = 0.995759 | LR = 1.866815e-05
  Batch 38: loss = 0.846047 | LR = 1.804077e-05
  Batch 39: loss = 0.931542 | LR = 1.742411e-05
  Batch 40: loss = 0.869689 | LR = 1.681817e-05
  Batch 41: loss = 0.800668 | LR = 1.622295e-05
  Batch 42: loss = 0.836993 | LR = 1.563845e-05
  Batch 43: loss = 0.819507 | LR = 1.506467e-05
  Batch 44: loss = 0.831448 | LR = 1.450161e-05
  Batch 45: loss = 0.859318 | LR = 1.394927e-05
  Batch 46: loss = 0.806985 | LR = 1.340765e-05
  Batch 47: loss = 1.080435 | LR = 1.287675e-05
  Batch 48: loss = 0.835532 | LR = 1.235657e-05
Epoch 99: Average loss = 0.8597, Duration = 1.03s
  Batch 1: loss = 0.882905 | LR = 1.184712e-05
  Batch 2: loss = 0.772461 | LR = 1.134839e-05
  Batch 3: loss = 0.932442 | LR = 1.086038e-05
  Batch 4: loss = 1.024559 | LR = 1.038309e-05
  Batch 5: loss = 0.781203 | LR = 9.916527e-06
  Batch 6: loss = 0.824243 | LR = 9.460685e-06
  Batch 7: loss = 0.773260 | LR = 9.015566e-06
  Batch 8: loss = 0.883681 | LR = 8.581171e-06
  Batch 9: loss = 0.960901 | LR = 8.157499e-06
  Batch 10: loss = 0.875849 | LR = 7.744550e-06
  Batch 11: loss = 0.864825 | LR = 7.342325e-06
  Batch 12: loss = 0.793549 | LR = 6.950824e-06
  Batch 13: loss = 0.821940 | LR = 6.570047e-06
  Batch 14: loss = 0.876858 | LR = 6.199994e-06
  Batch 15: loss = 0.927562 | LR = 5.840666e-06
  Batch 16: loss = 0.801746 | LR = 5.492062e-06
  Batch 17: loss = 0.811029 | LR = 5.154183e-06
  Batch 18: loss = 0.887969 | LR = 4.827029e-06
  Batch 19: loss = 0.975228 | LR = 4.510600e-06
  Batch 20: loss = 0.959280 | LR = 4.204896e-06
  Batch 21: loss = 0.827539 | LR = 3.909918e-06
  Batch 22: loss = 0.970249 | LR = 3.625664e-06
  Batch 23: loss = 0.819320 | LR = 3.352137e-06
  Batch 24: loss = 0.768738 | LR = 3.089335e-06
  Batch 25: loss = 0.861817 | LR = 2.837258e-06
  Batch 26: loss = 0.950542 | LR = 2.595908e-06
  Batch 27: loss = 0.867117 | LR = 2.365283e-06
  Batch 28: loss = 0.952642 | LR = 2.145385e-06
  Batch 29: loss = 0.938721 | LR = 1.936212e-06
  Batch 30: loss = 0.862916 | LR = 1.737766e-06
  Batch 31: loss = 0.840468 | LR = 1.550047e-06
  Batch 32: loss = 0.894166 | LR = 1.373053e-06
  Batch 33: loss = 0.885502 | LR = 1.206786e-06
  Batch 34: loss = 0.791930 | LR = 1.051246e-06
  Batch 35: loss = 0.696434 | LR = 9.064325e-07
  Batch 36: loss = 0.839331 | LR = 7.723456e-07
  Batch 37: loss = 1.003505 | LR = 6.489854e-07
  Batch 38: loss = 0.878814 | LR = 5.363519e-07
  Batch 39: loss = 0.910637 | LR = 4.344454e-07
  Batch 40: loss = 0.843382 | LR = 3.432657e-07
  Batch 41: loss = 0.869561 | LR = 2.628129e-07
  Batch 42: loss = 0.867064 | LR = 1.930871e-07
  Batch 43: loss = 0.812120 | LR = 1.340883e-07
  Batch 44: loss = 0.879431 | LR = 8.581657e-08
  Batch 45: loss = 0.751982 | LR = 4.827183e-08
  Batch 46: loss = 0.836057 | LR = 2.145415e-08
  Batch 47: loss = 1.031489 | LR = 5.363538e-09
  Batch 48: loss = 0.848066 | LR = 0.000000e+00
Epoch 100: Average loss = 0.8694, Duration = 1.08s
