Initialized distributed training on 8 GPUs
Global batch size: 1024
Base LR: 0.050000
Loading CIFAR-10 training dataset...
  Batch 1: loss = 2.563288 | LR = 1.287500e-02
  Batch 2: loss = 2.406203 | LR = 2.525000e-02
  Batch 3: loss = 2.428531 | LR = 3.762500e-02
  Batch 4: loss = 2.434458 | LR = 5.000000e-02
  Batch 5: loss = 2.387711 | LR = 4.999999e-02
  Batch 6: loss = 2.481486 | LR = 4.999998e-02
  Batch 7: loss = 2.481658 | LR = 4.999995e-02
  Batch 8: loss = 2.420755 | LR = 4.999991e-02
  Batch 9: loss = 2.268406 | LR = 4.999987e-02
  Batch 10: loss = 2.336451 | LR = 4.999981e-02
  Batch 11: loss = 2.266411 | LR = 4.999974e-02
  Batch 12: loss = 2.420956 | LR = 4.999966e-02
  Batch 13: loss = 2.175421 | LR = 4.999957e-02
  Batch 14: loss = 2.182945 | LR = 4.999946e-02
  Batch 15: loss = 2.403457 | LR = 4.999935e-02
  Batch 16: loss = 2.303536 | LR = 4.999923e-02
  Batch 17: loss = 2.341187 | LR = 4.999909e-02
  Batch 18: loss = 2.512346 | LR = 4.999895e-02
  Batch 19: loss = 2.346944 | LR = 4.999879e-02
  Batch 20: loss = 2.150142 | LR = 4.999863e-02
  Batch 21: loss = 2.229809 | LR = 4.999845e-02
  Batch 22: loss = 2.662152 | LR = 4.999826e-02
  Batch 23: loss = 2.319850 | LR = 4.999806e-02
  Batch 24: loss = 2.330218 | LR = 4.999785e-02
  Batch 25: loss = 2.083702 | LR = 4.999763e-02
  Batch 26: loss = 2.504853 | LR = 4.999740e-02
  Batch 27: loss = 2.387369 | LR = 4.999716e-02
  Batch 28: loss = 2.331315 | LR = 4.999691e-02
  Batch 29: loss = 2.261065 | LR = 4.999665e-02
  Batch 30: loss = 2.267931 | LR = 4.999637e-02
  Batch 31: loss = 2.325320 | LR = 4.999609e-02
  Batch 32: loss = 2.459050 | LR = 4.999580e-02
  Batch 33: loss = 2.070099 | LR = 4.999549e-02
  Batch 34: loss = 2.249268 | LR = 4.999517e-02
  Batch 35: loss = 2.026480 | LR = 4.999485e-02
  Batch 36: loss = 2.203253 | LR = 4.999451e-02
  Batch 37: loss = 2.118248 | LR = 4.999416e-02
  Batch 38: loss = 2.374380 | LR = 4.999380e-02
  Batch 39: loss = 2.168126 | LR = 4.999343e-02
  Batch 40: loss = 2.197657 | LR = 4.999305e-02
  Batch 41: loss = 2.285440 | LR = 4.999266e-02
  Batch 42: loss = 2.093367 | LR = 4.999226e-02
  Batch 43: loss = 2.069193 | LR = 4.999184e-02
  Batch 44: loss = 2.221131 | LR = 4.999142e-02
  Batch 45: loss = 1.986234 | LR = 4.999098e-02
  Batch 46: loss = 2.063611 | LR = 4.999054e-02
  Batch 47: loss = 2.109901 | LR = 4.999008e-02
  Batch 48: loss = 1.909129 | LR = 4.998962e-02
Epoch 1: Average loss = 2.2838, Duration = 1.09s
  Batch 1: loss = 2.487938 | LR = 4.998914e-02
  Batch 2: loss = 1.917104 | LR = 4.998865e-02
  Batch 3: loss = 2.548270 | LR = 4.998815e-02
  Batch 4: loss = 1.821555 | LR = 4.998764e-02
  Batch 5: loss = 1.983509 | LR = 4.998712e-02
  Batch 6: loss = 2.063968 | LR = 4.998659e-02
  Batch 7: loss = 2.213435 | LR = 4.998605e-02
  Batch 8: loss = 1.901557 | LR = 4.998550e-02
  Batch 9: loss = 1.858673 | LR = 4.998494e-02
  Batch 10: loss = 1.862709 | LR = 4.998436e-02
  Batch 11: loss = 2.106706 | LR = 4.998378e-02
  Batch 12: loss = 1.963086 | LR = 4.998318e-02
  Batch 13: loss = 1.844808 | LR = 4.998258e-02
  Batch 14: loss = 1.982564 | LR = 4.998196e-02
  Batch 15: loss = 1.931995 | LR = 4.998133e-02
  Batch 16: loss = 1.878695 | LR = 4.998069e-02
  Batch 17: loss = 2.112900 | LR = 4.998004e-02
  Batch 18: loss = 2.034840 | LR = 4.997939e-02
  Batch 19: loss = 1.902180 | LR = 4.997872e-02
  Batch 20: loss = 1.873112 | LR = 4.997803e-02
  Batch 21: loss = 1.676540 | LR = 4.997734e-02
  Batch 22: loss = 2.386837 | LR = 4.997664e-02
  Batch 23: loss = 1.886863 | LR = 4.997593e-02
  Batch 24: loss = 2.198344 | LR = 4.997520e-02
  Batch 25: loss = 1.720730 | LR = 4.997447e-02
  Batch 26: loss = 1.959677 | LR = 4.997372e-02
  Batch 27: loss = 1.966807 | LR = 4.997297e-02
  Batch 28: loss = 2.024504 | LR = 4.997220e-02
  Batch 29: loss = 2.141240 | LR = 4.997142e-02
  Batch 30: loss = 1.872418 | LR = 4.997064e-02
  Batch 31: loss = 1.884518 | LR = 4.996984e-02
  Batch 32: loss = 2.250510 | LR = 4.996903e-02
  Batch 33: loss = 1.760388 | LR = 4.996821e-02
  Batch 34: loss = 2.226384 | LR = 4.996738e-02
  Batch 35: loss = 2.320392 | LR = 4.996653e-02
  Batch 36: loss = 2.308299 | LR = 4.996568e-02
  Batch 37: loss = 2.031732 | LR = 4.996482e-02
  Batch 38: loss = 1.974037 | LR = 4.996394e-02
  Batch 39: loss = 2.308515 | LR = 4.996306e-02
  Batch 40: loss = 2.847008 | LR = 4.996216e-02
  Batch 41: loss = 1.929827 | LR = 4.996126e-02
  Batch 42: loss = 2.227620 | LR = 4.996034e-02
  Batch 43: loss = 2.715329 | LR = 4.995941e-02
  Batch 44: loss = 3.639640 | LR = 4.995848e-02
  Batch 45: loss = 3.133593 | LR = 4.995753e-02
  Batch 46: loss = 2.049423 | LR = 4.995657e-02
  Batch 47: loss = 2.076316 | LR = 4.995560e-02
  Batch 48: loss = 2.046081 | LR = 4.995462e-02
Epoch 2: Average loss = 2.1219, Duration = 0.71s
  Batch 1: loss = 2.243750 | LR = 4.995363e-02
  Batch 2: loss = 1.828561 | LR = 4.995262e-02
  Batch 3: loss = 1.950608 | LR = 4.995161e-02
  Batch 4: loss = 1.882711 | LR = 4.995059e-02
  Batch 5: loss = 1.803061 | LR = 4.994955e-02
  Batch 6: loss = 1.806898 | LR = 4.994851e-02
  Batch 7: loss = 2.169374 | LR = 4.994745e-02
  Batch 8: loss = 1.808772 | LR = 4.994638e-02
  Batch 9: loss = 1.750089 | LR = 4.994531e-02
  Batch 10: loss = 1.866661 | LR = 4.994422e-02
  Batch 11: loss = 1.942856 | LR = 4.994312e-02
  Batch 12: loss = 1.926493 | LR = 4.994201e-02
  Batch 13: loss = 1.822259 | LR = 4.994089e-02
  Batch 14: loss = 2.019866 | LR = 4.993976e-02
  Batch 15: loss = 1.897074 | LR = 4.993862e-02
  Batch 16: loss = 1.880031 | LR = 4.993747e-02
  Batch 17: loss = 1.834091 | LR = 4.993630e-02
  Batch 18: loss = 2.044047 | LR = 4.993513e-02
  Batch 19: loss = 1.744030 | LR = 4.993394e-02
  Batch 20: loss = 1.737919 | LR = 4.993275e-02
  Batch 21: loss = 1.650807 | LR = 4.993154e-02
  Batch 22: loss = 2.014380 | LR = 4.993033e-02
  Batch 23: loss = 1.981442 | LR = 4.992910e-02
  Batch 24: loss = 2.269030 | LR = 4.992786e-02
  Batch 25: loss = 1.702858 | LR = 4.992661e-02
  Batch 26: loss = 2.115395 | LR = 4.992536e-02
  Batch 27: loss = 1.808210 | LR = 4.992409e-02
  Batch 28: loss = 2.119717 | LR = 4.992280e-02
  Batch 29: loss = 2.075068 | LR = 4.992151e-02
  Batch 30: loss = 1.810458 | LR = 4.992021e-02
  Batch 31: loss = 1.851665 | LR = 4.991890e-02
  Batch 32: loss = 2.367488 | LR = 4.991758e-02
  Batch 33: loss = 1.635822 | LR = 4.991624e-02
  Batch 34: loss = 2.080914 | LR = 4.991490e-02
  Batch 35: loss = 1.654778 | LR = 4.991354e-02
  Batch 36: loss = 2.213494 | LR = 4.991218e-02
  Batch 37: loss = 1.634138 | LR = 4.991080e-02
  Batch 38: loss = 2.179157 | LR = 4.990941e-02
  Batch 39: loss = 1.957984 | LR = 4.990801e-02
  Batch 40: loss = 1.701410 | LR = 4.990660e-02
  Batch 41: loss = 1.780152 | LR = 4.990518e-02
  Batch 42: loss = 1.889741 | LR = 4.990375e-02
  Batch 43: loss = 1.637507 | LR = 4.990231e-02
  Batch 44: loss = 1.719865 | LR = 4.990086e-02
  Batch 45: loss = 1.690320 | LR = 4.989940e-02
  Batch 46: loss = 1.763159 | LR = 4.989793e-02
  Batch 47: loss = 1.870953 | LR = 4.989644e-02
  Batch 48: loss = 1.641048 | LR = 4.989495e-02
Epoch 3: Average loss = 1.8912, Duration = 0.67s
  Batch 1: loss = 1.810049 | LR = 4.989344e-02
  Batch 2: loss = 1.637723 | LR = 4.989193e-02
  Batch 3: loss = 2.021382 | LR = 4.989040e-02
  Batch 4: loss = 1.674475 | LR = 4.988886e-02
  Batch 5: loss = 1.560173 | LR = 4.988732e-02
  Batch 6: loss = 1.629063 | LR = 4.988576e-02
  Batch 7: loss = 1.936258 | LR = 4.988419e-02
  Batch 8: loss = 1.637812 | LR = 4.988261e-02
  Batch 9: loss = 1.723718 | LR = 4.988102e-02
  Batch 10: loss = 2.157517 | LR = 4.987942e-02
  Batch 11: loss = 1.864088 | LR = 4.987781e-02
  Batch 12: loss = 1.682837 | LR = 4.987618e-02
  Batch 13: loss = 1.652365 | LR = 4.987455e-02
  Batch 14: loss = 1.856407 | LR = 4.987291e-02
  Batch 15: loss = 1.795853 | LR = 4.987125e-02
  Batch 16: loss = 1.571088 | LR = 4.986959e-02
  Batch 17: loss = 1.718083 | LR = 4.986791e-02
  Batch 18: loss = 1.886147 | LR = 4.986622e-02
  Batch 19: loss = 1.668398 | LR = 4.986453e-02
  Batch 20: loss = 1.656959 | LR = 4.986282e-02
  Batch 21: loss = 1.496436 | LR = 4.986110e-02
  Batch 22: loss = 1.767381 | LR = 4.985937e-02
  Batch 23: loss = 1.722260 | LR = 4.985763e-02
  Batch 24: loss = 1.721767 | LR = 4.985588e-02
  Batch 25: loss = 1.469657 | LR = 4.985412e-02
  Batch 26: loss = 1.816507 | LR = 4.985235e-02
  Batch 27: loss = 1.801033 | LR = 4.985057e-02
  Batch 28: loss = 1.813975 | LR = 4.984877e-02
  Batch 29: loss = 1.767431 | LR = 4.984697e-02
  Batch 30: loss = 1.760806 | LR = 4.984515e-02
  Batch 31: loss = 1.692416 | LR = 4.984333e-02
  Batch 32: loss = 2.120648 | LR = 4.984149e-02
  Batch 33: loss = 1.629780 | LR = 4.983965e-02
  Batch 34: loss = 1.647085 | LR = 4.983779e-02
  Batch 35: loss = 1.581571 | LR = 4.983592e-02
  Batch 36: loss = 1.729474 | LR = 4.983404e-02
  Batch 37: loss = 1.630760 | LR = 4.983215e-02
  Batch 38: loss = 1.772481 | LR = 4.983025e-02
  Batch 39: loss = 1.862663 | LR = 4.982834e-02
  Batch 40: loss = 1.653748 | LR = 4.982642e-02
  Batch 41: loss = 1.429006 | LR = 4.982449e-02
  Batch 42: loss = 1.692452 | LR = 4.982255e-02
  Batch 43: loss = 1.516803 | LR = 4.982060e-02
  Batch 44: loss = 1.752370 | LR = 4.981863e-02
  Batch 45: loss = 2.196071 | LR = 4.981666e-02
  Batch 46: loss = 2.259093 | LR = 4.981467e-02
  Batch 47: loss = 1.777066 | LR = 4.981268e-02
  Batch 48: loss = 1.545629 | LR = 4.981067e-02
Epoch 4: Average loss = 1.7451, Duration = 0.72s
  Batch 1: loss = 1.785254 | LR = 4.980865e-02
  Batch 2: loss = 2.111707 | LR = 4.980663e-02
  Batch 3: loss = 1.967156 | LR = 4.980459e-02
  Batch 4: loss = 1.753262 | LR = 4.980254e-02
  Batch 5: loss = 1.616805 | LR = 4.980048e-02
  Batch 6: loss = 1.650257 | LR = 4.979841e-02
  Batch 7: loss = 1.913484 | LR = 4.979633e-02
  Batch 8: loss = 1.694340 | LR = 4.979424e-02
  Batch 9: loss = 1.584919 | LR = 4.979214e-02
  Batch 10: loss = 1.628565 | LR = 4.979002e-02
  Batch 11: loss = 1.640450 | LR = 4.978790e-02
  Batch 12: loss = 1.922939 | LR = 4.978577e-02
  Batch 13: loss = 1.662904 | LR = 4.978362e-02
  Batch 14: loss = 2.507027 | LR = 4.978147e-02
  Batch 15: loss = 1.745954 | LR = 4.977930e-02
  Batch 16: loss = 1.456545 | LR = 4.977712e-02
  Batch 17: loss = 1.592341 | LR = 4.977494e-02
  Batch 18: loss = 1.798229 | LR = 4.977274e-02
  Batch 19: loss = 1.608083 | LR = 4.977053e-02
  Batch 20: loss = 1.550072 | LR = 4.976831e-02
  Batch 21: loss = 1.472041 | LR = 4.976608e-02
  Batch 22: loss = 2.208146 | LR = 4.976384e-02
  Batch 23: loss = 1.547475 | LR = 4.976159e-02
  Batch 24: loss = 1.578603 | LR = 4.975933e-02
  Batch 25: loss = 1.599816 | LR = 4.975706e-02
  Batch 26: loss = 1.555592 | LR = 4.975477e-02
  Batch 27: loss = 1.843237 | LR = 4.975248e-02
  Batch 28: loss = 1.593998 | LR = 4.975018e-02
  Batch 29: loss = 1.702307 | LR = 4.974786e-02
  Batch 30: loss = 1.540354 | LR = 4.974554e-02
  Batch 31: loss = 1.676046 | LR = 4.974320e-02
  Batch 32: loss = 1.639276 | LR = 4.974085e-02
  Batch 33: loss = 1.429978 | LR = 4.973850e-02
  Batch 34: loss = 1.698162 | LR = 4.973613e-02
  Batch 35: loss = 1.493364 | LR = 4.973375e-02
  Batch 36: loss = 1.473644 | LR = 4.973136e-02
  Batch 37: loss = 1.473992 | LR = 4.972896e-02
  Batch 38: loss = 1.608710 | LR = 4.972655e-02
  Batch 39: loss = 1.568331 | LR = 4.972413e-02
  Batch 40: loss = 1.521345 | LR = 4.972170e-02
  Batch 41: loss = 1.426386 | LR = 4.971926e-02
  Batch 42: loss = 1.530713 | LR = 4.971681e-02
  Batch 43: loss = 1.402704 | LR = 4.971434e-02
  Batch 44: loss = 1.522246 | LR = 4.971187e-02
  Batch 45: loss = 1.978039 | LR = 4.970938e-02
  Batch 46: loss = 1.574397 | LR = 4.970689e-02
  Batch 47: loss = 1.930276 | LR = 4.970438e-02
  Batch 48: loss = 1.546862 | LR = 4.970187e-02
Epoch 5: Average loss = 1.6735, Duration = 0.71s
  Batch 1: loss = 1.572272 | LR = 4.969934e-02
  Batch 2: loss = 1.573151 | LR = 4.969680e-02
  Batch 3: loss = 1.683004 | LR = 4.969425e-02
  Batch 4: loss = 1.569615 | LR = 4.969170e-02
  Batch 5: loss = 1.510401 | LR = 4.968913e-02
  Batch 6: loss = 1.614684 | LR = 4.968655e-02
  Batch 7: loss = 1.654925 | LR = 4.968396e-02
  Batch 8: loss = 1.610456 | LR = 4.968136e-02
  Batch 9: loss = 1.514716 | LR = 4.967874e-02
  Batch 10: loss = 1.768851 | LR = 4.967612e-02
  Batch 11: loss = 1.754242 | LR = 4.967349e-02
  Batch 12: loss = 1.602749 | LR = 4.967085e-02
  Batch 13: loss = 1.519200 | LR = 4.966819e-02
  Batch 14: loss = 1.555537 | LR = 4.966553e-02
  Batch 15: loss = 1.678455 | LR = 4.966285e-02
  Batch 16: loss = 1.447517 | LR = 4.966017e-02
  Batch 17: loss = 1.490040 | LR = 4.965747e-02
  Batch 18: loss = 1.534574 | LR = 4.965476e-02
  Batch 19: loss = 1.490495 | LR = 4.965205e-02
  Batch 20: loss = 1.442177 | LR = 4.964932e-02
  Batch 21: loss = 1.453803 | LR = 4.964658e-02
  Batch 22: loss = 1.791708 | LR = 4.964383e-02
  Batch 23: loss = 1.490443 | LR = 4.964107e-02
  Batch 24: loss = 1.706283 | LR = 4.963830e-02
  Batch 25: loss = 1.340589 | LR = 4.963552e-02
  Batch 26: loss = 1.871684 | LR = 4.963273e-02
  Batch 27: loss = 1.642240 | LR = 4.962993e-02
  Batch 28: loss = 1.542699 | LR = 4.962711e-02
  Batch 29: loss = 1.784083 | LR = 4.962429e-02
  Batch 30: loss = 1.498757 | LR = 4.962146e-02
  Batch 31: loss = 1.586269 | LR = 4.961861e-02
  Batch 32: loss = 2.070078 | LR = 4.961576e-02
  Batch 33: loss = 1.321300 | LR = 4.961289e-02
  Batch 34: loss = 1.454215 | LR = 4.961002e-02
  Batch 35: loss = 1.348174 | LR = 4.960713e-02
  Batch 36: loss = 1.674705 | LR = 4.960423e-02
  Batch 37: loss = 1.693993 | LR = 4.960132e-02
  Batch 38: loss = 1.596446 | LR = 4.959841e-02
  Batch 39: loss = 1.812266 | LR = 4.959548e-02
  Batch 40: loss = 1.536129 | LR = 4.959254e-02
  Batch 41: loss = 1.675859 | LR = 4.958959e-02
  Batch 42: loss = 1.741456 | LR = 4.958663e-02
  Batch 43: loss = 1.555838 | LR = 4.958366e-02
  Batch 44: loss = 1.770171 | LR = 4.958068e-02
  Batch 45: loss = 1.746857 | LR = 4.957768e-02
  Batch 46: loss = 1.607984 | LR = 4.957468e-02
  Batch 47: loss = 1.733616 | LR = 4.957167e-02
  Batch 48: loss = 1.714551 | LR = 4.956864e-02
Epoch 6: Average loss = 1.6114, Duration = 0.74s
  Batch 1: loss = 1.662429 | LR = 4.956561e-02
  Batch 2: loss = 1.787832 | LR = 4.956257e-02
  Batch 3: loss = 1.744280 | LR = 4.955951e-02
  Batch 4: loss = 1.674758 | LR = 4.955644e-02
  Batch 5: loss = 1.743782 | LR = 4.955337e-02
  Batch 6: loss = 1.702791 | LR = 4.955028e-02
  Batch 7: loss = 1.537473 | LR = 4.954718e-02
  Batch 8: loss = 1.492777 | LR = 4.954408e-02
  Batch 9: loss = 1.906608 | LR = 4.954096e-02
  Batch 10: loss = 1.831780 | LR = 4.953783e-02
  Batch 11: loss = 1.876463 | LR = 4.953469e-02
  Batch 12: loss = 1.706851 | LR = 4.953154e-02
  Batch 13: loss = 1.713858 | LR = 4.952838e-02
  Batch 14: loss = 1.911318 | LR = 4.952521e-02
  Batch 15: loss = 1.685565 | LR = 4.952203e-02
  Batch 16: loss = 1.609857 | LR = 4.951883e-02
  Batch 17: loss = 1.537005 | LR = 4.951563e-02
  Batch 18: loss = 1.733188 | LR = 4.951242e-02
  Batch 19: loss = 1.605883 | LR = 4.950919e-02
  Batch 20: loss = 1.591189 | LR = 4.950596e-02
  Batch 21: loss = 1.402314 | LR = 4.950271e-02
  Batch 22: loss = 1.668861 | LR = 4.949946e-02
  Batch 23: loss = 1.438180 | LR = 4.949619e-02
  Batch 24: loss = 1.459704 | LR = 4.949292e-02
  Batch 25: loss = 1.380138 | LR = 4.948963e-02
  Batch 26: loss = 1.700985 | LR = 4.948633e-02
  Batch 27: loss = 1.510538 | LR = 4.948302e-02
  Batch 28: loss = 1.781354 | LR = 4.947971e-02
  Batch 29: loss = 2.016327 | LR = 4.947638e-02
  Batch 30: loss = 1.880575 | LR = 4.947304e-02
  Batch 31: loss = 1.650528 | LR = 4.946969e-02
  Batch 32: loss = 1.771791 | LR = 4.946633e-02
  Batch 33: loss = 1.399185 | LR = 4.946296e-02
  Batch 34: loss = 1.619950 | LR = 4.945958e-02
  Batch 35: loss = 1.790121 | LR = 4.945618e-02
  Batch 36: loss = 1.663197 | LR = 4.945278e-02
  Batch 37: loss = 1.591428 | LR = 4.944937e-02
  Batch 38: loss = 1.511644 | LR = 4.944595e-02
  Batch 39: loss = 1.553857 | LR = 4.944251e-02
  Batch 40: loss = 1.515666 | LR = 4.943907e-02
  Batch 41: loss = 1.659908 | LR = 4.943561e-02
  Batch 42: loss = 1.725846 | LR = 4.943215e-02
  Batch 43: loss = 1.520556 | LR = 4.942867e-02
  Batch 44: loss = 1.698629 | LR = 4.942519e-02
  Batch 45: loss = 1.846121 | LR = 4.942169e-02
  Batch 46: loss = 1.522831 | LR = 4.941818e-02
  Batch 47: loss = 1.781695 | LR = 4.941466e-02
  Batch 48: loss = 1.551931 | LR = 4.941114e-02
Epoch 7: Average loss = 1.6598, Duration = 0.69s
  Batch 1: loss = 1.453433 | LR = 4.940760e-02
  Batch 2: loss = 1.849046 | LR = 4.940405e-02
  Batch 3: loss = 1.563809 | LR = 4.940049e-02
  Batch 4: loss = 1.556265 | LR = 4.939692e-02
  Batch 5: loss = 1.527814 | LR = 4.939334e-02
  Batch 6: loss = 1.564139 | LR = 4.938975e-02
  Batch 7: loss = 1.563499 | LR = 4.938615e-02
  Batch 8: loss = 1.562894 | LR = 4.938253e-02
  Batch 9: loss = 1.534409 | LR = 4.937891e-02
  Batch 10: loss = 1.475956 | LR = 4.937528e-02
  Batch 11: loss = 1.785770 | LR = 4.937164e-02
  Batch 12: loss = 1.672503 | LR = 4.936798e-02
  Batch 13: loss = 1.445583 | LR = 4.936432e-02
  Batch 14: loss = 1.642964 | LR = 4.936064e-02
  Batch 15: loss = 1.524997 | LR = 4.935696e-02
  Batch 16: loss = 1.403563 | LR = 4.935326e-02
  Batch 17: loss = 1.478606 | LR = 4.934956e-02
  Batch 18: loss = 1.709401 | LR = 4.934584e-02
  Batch 19: loss = 1.505700 | LR = 4.934211e-02
  Batch 20: loss = 1.550347 | LR = 4.933838e-02
  Batch 21: loss = 1.396412 | LR = 4.933463e-02
  Batch 22: loss = 1.670036 | LR = 4.933087e-02
  Batch 23: loss = 1.378223 | LR = 4.932710e-02
  Batch 24: loss = 1.450499 | LR = 4.932332e-02
  Batch 25: loss = 1.355688 | LR = 4.931953e-02
  Batch 26: loss = 1.527769 | LR = 4.931573e-02
  Batch 27: loss = 1.426302 | LR = 4.931192e-02
  Batch 28: loss = 1.573260 | LR = 4.930810e-02
  Batch 29: loss = 1.541272 | LR = 4.930427e-02
  Batch 30: loss = 1.442107 | LR = 4.930043e-02
  Batch 31: loss = 1.627404 | LR = 4.929658e-02
  Batch 32: loss = 2.007440 | LR = 4.929271e-02
  Batch 33: loss = 1.267727 | LR = 4.928884e-02
  Batch 34: loss = 1.499084 | LR = 4.928496e-02
  Batch 35: loss = 1.245727 | LR = 4.928106e-02
  Batch 36: loss = 1.398394 | LR = 4.927716e-02
  Batch 37: loss = 1.331555 | LR = 4.927324e-02
  Batch 38: loss = 1.613533 | LR = 4.926932e-02
  Batch 39: loss = 1.495352 | LR = 4.926538e-02
  Batch 40: loss = 1.384485 | LR = 4.926144e-02
  Batch 41: loss = 1.446641 | LR = 4.925748e-02
  Batch 42: loss = 1.511379 | LR = 4.925351e-02
  Batch 43: loss = 1.319708 | LR = 4.924954e-02
  Batch 44: loss = 1.533581 | LR = 4.924555e-02
  Batch 45: loss = 1.776043 | LR = 4.924155e-02
  Batch 46: loss = 1.483001 | LR = 4.923754e-02
  Batch 47: loss = 1.664812 | LR = 4.923352e-02
  Batch 48: loss = 1.463119 | LR = 4.922950e-02
Epoch 8: Average loss = 1.5250, Duration = 0.68s
  Batch 1: loss = 1.448345 | LR = 4.922546e-02
  Batch 2: loss = 1.638854 | LR = 4.922141e-02
  Batch 3: loss = 1.590583 | LR = 4.921735e-02
  Batch 4: loss = 1.452347 | LR = 4.921328e-02
  Batch 5: loss = 1.405746 | LR = 4.920919e-02
  Batch 6: loss = 1.443864 | LR = 4.920510e-02
  Batch 7: loss = 1.422111 | LR = 4.920100e-02
  Batch 8: loss = 1.507007 | LR = 4.919689e-02
  Batch 9: loss = 1.662937 | LR = 4.919277e-02
  Batch 10: loss = 1.723544 | LR = 4.918863e-02
  Batch 11: loss = 1.473279 | LR = 4.918449e-02
  Batch 12: loss = 1.451201 | LR = 4.918034e-02
  Batch 13: loss = 1.389848 | LR = 4.917617e-02
  Batch 14: loss = 1.582198 | LR = 4.917200e-02
  Batch 15: loss = 1.576273 | LR = 4.916781e-02
  Batch 16: loss = 1.311113 | LR = 4.916362e-02
  Batch 17: loss = 1.399068 | LR = 4.915941e-02
  Batch 18: loss = 1.413535 | LR = 4.915520e-02
  Batch 19: loss = 1.446287 | LR = 4.915097e-02
  Batch 20: loss = 1.421417 | LR = 4.914673e-02
  Batch 21: loss = 1.253238 | LR = 4.914249e-02
  Batch 22: loss = 1.573394 | LR = 4.913823e-02
  Batch 23: loss = 1.323355 | LR = 4.913396e-02
  Batch 24: loss = 1.393661 | LR = 4.912968e-02
  Batch 25: loss = 1.376501 | LR = 4.912539e-02
  Batch 26: loss = 1.484288 | LR = 4.912109e-02
  Batch 27: loss = 1.563349 | LR = 4.911679e-02
  Batch 28: loss = 1.454415 | LR = 4.911247e-02
  Batch 29: loss = 1.440781 | LR = 4.910814e-02
  Batch 30: loss = 1.352292 | LR = 4.910380e-02
  Batch 31: loss = 1.502351 | LR = 4.909944e-02
  Batch 32: loss = 1.547238 | LR = 4.909508e-02
  Batch 33: loss = 1.202351 | LR = 4.909071e-02
  Batch 34: loss = 1.390503 | LR = 4.908633e-02
  Batch 35: loss = 1.165120 | LR = 4.908194e-02
  Batch 36: loss = 1.459618 | LR = 4.907754e-02
  Batch 37: loss = 1.320278 | LR = 4.907312e-02
  Batch 38: loss = 1.724487 | LR = 4.906870e-02
  Batch 39: loss = 1.245390 | LR = 4.906427e-02
  Batch 40: loss = 1.386034 | LR = 4.905982e-02
  Batch 41: loss = 1.377767 | LR = 4.905537e-02
  Batch 42: loss = 1.448938 | LR = 4.905091e-02
  Batch 43: loss = 1.276403 | LR = 4.904643e-02
  Batch 44: loss = 1.515252 | LR = 4.904195e-02
  Batch 45: loss = 1.508703 | LR = 4.903745e-02
  Batch 46: loss = 1.339523 | LR = 4.903295e-02
  Batch 47: loss = 1.689448 | LR = 4.902843e-02
  Batch 48: loss = 1.444196 | LR = 4.902390e-02
Epoch 9: Average loss = 1.4483, Duration = 0.67s
  Batch 1: loss = 1.368692 | LR = 4.901937e-02
  Batch 2: loss = 1.405475 | LR = 4.901482e-02
  Batch 3: loss = 1.493837 | LR = 4.901026e-02
  Batch 4: loss = 1.374867 | LR = 4.900570e-02
  Batch 5: loss = 1.323247 | LR = 4.900112e-02
  Batch 6: loss = 1.391220 | LR = 4.899653e-02
  Batch 7: loss = 1.356583 | LR = 4.899193e-02
  Batch 8: loss = 1.385792 | LR = 4.898732e-02
  Batch 9: loss = 1.498204 | LR = 4.898271e-02
  Batch 10: loss = 1.370618 | LR = 4.897808e-02
  Batch 11: loss = 1.438304 | LR = 4.897344e-02
  Batch 12: loss = 1.449035 | LR = 4.896879e-02
  Batch 13: loss = 1.316868 | LR = 4.896413e-02
  Batch 14: loss = 1.706249 | LR = 4.895946e-02
  Batch 15: loss = 1.515592 | LR = 4.895478e-02
  Batch 16: loss = 1.315150 | LR = 4.895009e-02
  Batch 17: loss = 1.348788 | LR = 4.894538e-02
  Batch 18: loss = 1.585684 | LR = 4.894067e-02
  Batch 19: loss = 1.378577 | LR = 4.893595e-02
  Batch 20: loss = 1.390394 | LR = 4.893122e-02
  Batch 21: loss = 1.232790 | LR = 4.892648e-02
  Batch 22: loss = 1.643142 | LR = 4.892173e-02
  Batch 23: loss = 1.295813 | LR = 4.891696e-02
  Batch 24: loss = 1.383010 | LR = 4.891219e-02
  Batch 25: loss = 1.246217 | LR = 4.890741e-02
  Batch 26: loss = 1.406519 | LR = 4.890261e-02
  Batch 27: loss = 1.377321 | LR = 4.889781e-02
  Batch 28: loss = 1.322830 | LR = 4.889299e-02
  Batch 29: loss = 1.442092 | LR = 4.888817e-02
  Batch 30: loss = 1.327030 | LR = 4.888334e-02
  Batch 31: loss = 1.341093 | LR = 4.887849e-02
  Batch 32: loss = 1.581559 | LR = 4.887364e-02
  Batch 33: loss = 1.200976 | LR = 4.886877e-02
  Batch 34: loss = 1.469717 | LR = 4.886390e-02
  Batch 35: loss = 1.277593 | LR = 4.885901e-02
  Batch 36: loss = 1.401853 | LR = 4.885411e-02
  Batch 37: loss = 1.307486 | LR = 4.884921e-02
  Batch 38: loss = 1.518142 | LR = 4.884429e-02
  Batch 39: loss = 1.399421 | LR = 4.883936e-02
  Batch 40: loss = 1.392845 | LR = 4.883443e-02
  Batch 41: loss = 1.265966 | LR = 4.882948e-02
  Batch 42: loss = 1.397472 | LR = 4.882452e-02
  Batch 43: loss = 1.325046 | LR = 4.881956e-02
  Batch 44: loss = 1.512667 | LR = 4.881458e-02
  Batch 45: loss = 1.610513 | LR = 4.880959e-02
  Batch 46: loss = 1.469144 | LR = 4.880459e-02
  Batch 47: loss = 1.557108 | LR = 4.879958e-02
  Batch 48: loss = 1.460798 | LR = 4.879456e-02
Epoch 10: Average loss = 1.4079, Duration = 0.70s
  Batch 1: loss = 1.360261 | LR = 4.878954e-02
  Batch 2: loss = 1.398012 | LR = 4.878450e-02
  Batch 3: loss = 1.606947 | LR = 4.877945e-02
  Batch 4: loss = 1.362756 | LR = 4.877439e-02
  Batch 5: loss = 1.323302 | LR = 4.876932e-02
  Batch 6: loss = 1.340120 | LR = 4.876424e-02
  Batch 7: loss = 1.493181 | LR = 4.875915e-02
  Batch 8: loss = 1.419311 | LR = 4.875405e-02
  Batch 9: loss = 1.471878 | LR = 4.874894e-02
  Batch 10: loss = 1.771127 | LR = 4.874382e-02
  Batch 11: loss = 1.422989 | LR = 4.873869e-02
  Batch 12: loss = 1.525465 | LR = 4.873355e-02
  Batch 13: loss = 1.242708 | LR = 4.872839e-02
  Batch 14: loss = 1.587724 | LR = 4.872323e-02
  Batch 15: loss = 1.487962 | LR = 4.871806e-02
  Batch 16: loss = 1.227130 | LR = 4.871288e-02
  Batch 17: loss = 1.337653 | LR = 4.870769e-02
  Batch 18: loss = 1.386413 | LR = 4.870249e-02
  Batch 19: loss = 1.423717 | LR = 4.869727e-02
  Batch 20: loss = 1.376978 | LR = 4.869205e-02
  Batch 21: loss = 1.307610 | LR = 4.868682e-02
  Batch 22: loss = 1.314698 | LR = 4.868158e-02
  Batch 23: loss = 1.265475 | LR = 4.867632e-02
  Batch 24: loss = 1.273080 | LR = 4.867106e-02
  Batch 25: loss = 1.233853 | LR = 4.866579e-02
  Batch 26: loss = 1.393346 | LR = 4.866050e-02
  Batch 27: loss = 1.559042 | LR = 4.865521e-02
  Batch 28: loss = 1.264179 | LR = 4.864991e-02
  Batch 29: loss = 1.379947 | LR = 4.864459e-02
  Batch 30: loss = 1.260497 | LR = 4.863927e-02
  Batch 31: loss = 1.425915 | LR = 4.863393e-02
  Batch 32: loss = 1.717436 | LR = 4.862859e-02
  Batch 33: loss = 1.069576 | LR = 4.862323e-02
  Batch 34: loss = 1.521024 | LR = 4.861787e-02
  Batch 35: loss = 1.087282 | LR = 4.861250e-02
  Batch 36: loss = 1.129907 | LR = 4.860711e-02
  Batch 37: loss = 1.303732 | LR = 4.860172e-02
  Batch 38: loss = 1.359717 | LR = 4.859631e-02
  Batch 39: loss = 1.386583 | LR = 4.859090e-02
  Batch 40: loss = 1.302130 | LR = 4.858547e-02
  Batch 41: loss = 1.188406 | LR = 4.858003e-02
  Batch 42: loss = 1.251809 | LR = 4.857459e-02
  Batch 43: loss = 1.263819 | LR = 4.856913e-02
  Batch 44: loss = 1.561104 | LR = 4.856367e-02
  Batch 45: loss = 1.689367 | LR = 4.855819e-02
  Batch 46: loss = 1.301572 | LR = 4.855271e-02
  Batch 47: loss = 1.455928 | LR = 4.854721e-02
  Batch 48: loss = 1.242341 | LR = 4.854170e-02
Epoch 11: Average loss = 1.3766, Duration = 0.70s
  Batch 1: loss = 1.385962 | LR = 4.853619e-02
  Batch 2: loss = 1.454069 | LR = 4.853066e-02
  Batch 3: loss = 1.624620 | LR = 4.852512e-02
  Batch 4: loss = 1.399890 | LR = 4.851958e-02
  Batch 5: loss = 1.076726 | LR = 4.851402e-02
  Batch 6: loss = 1.316971 | LR = 4.850845e-02
  Batch 7: loss = 1.236636 | LR = 4.850288e-02
  Batch 8: loss = 1.342824 | LR = 4.849729e-02
  Batch 9: loss = 1.438351 | LR = 4.849169e-02
  Batch 10: loss = 1.393063 | LR = 4.848609e-02
  Batch 11: loss = 1.579163 | LR = 4.848047e-02
  Batch 12: loss = 1.348610 | LR = 4.847484e-02
  Batch 13: loss = 1.283367 | LR = 4.846920e-02
  Batch 14: loss = 1.642016 | LR = 4.846356e-02
  Batch 15: loss = 1.372075 | LR = 4.845790e-02
  Batch 16: loss = 1.093699 | LR = 4.845223e-02
  Batch 17: loss = 1.269718 | LR = 4.844655e-02
  Batch 18: loss = 1.348087 | LR = 4.844087e-02
  Batch 19: loss = 1.289475 | LR = 4.843517e-02
  Batch 20: loss = 1.254926 | LR = 4.842946e-02
  Batch 21: loss = 1.200331 | LR = 4.842374e-02
  Batch 22: loss = 1.538302 | LR = 4.841802e-02
  Batch 23: loss = 1.281823 | LR = 4.841228e-02
  Batch 24: loss = 1.645509 | LR = 4.840653e-02
  Batch 25: loss = 1.084924 | LR = 4.840077e-02
  Batch 26: loss = 1.425350 | LR = 4.839500e-02
  Batch 27: loss = 1.615276 | LR = 4.838923e-02
  Batch 28: loss = 1.186136 | LR = 4.838344e-02
  Batch 29: loss = 1.392230 | LR = 4.837764e-02
  Batch 30: loss = 1.290940 | LR = 4.837183e-02
  Batch 31: loss = 1.285896 | LR = 4.836601e-02
  Batch 32: loss = 1.698858 | LR = 4.836018e-02
  Batch 33: loss = 1.097357 | LR = 4.835435e-02
  Batch 34: loss = 1.293214 | LR = 4.834850e-02
  Batch 35: loss = 1.007205 | LR = 4.834264e-02
  Batch 36: loss = 1.115120 | LR = 4.833677e-02
  Batch 37: loss = 1.294330 | LR = 4.833089e-02
  Batch 38: loss = 1.534036 | LR = 4.832500e-02
  Batch 39: loss = 1.291286 | LR = 4.831911e-02
  Batch 40: loss = 1.094028 | LR = 4.831320e-02
  Batch 41: loss = 1.326591 | LR = 4.830728e-02
  Batch 42: loss = 1.326253 | LR = 4.830135e-02
  Batch 43: loss = 1.180951 | LR = 4.829541e-02
  Batch 44: loss = 1.473832 | LR = 4.828946e-02
  Batch 45: loss = 1.529200 | LR = 4.828351e-02
  Batch 46: loss = 1.238746 | LR = 4.827754e-02
  Batch 47: loss = 1.537832 | LR = 4.827156e-02
  Batch 48: loss = 1.252003 | LR = 4.826557e-02
Epoch 12: Average loss = 1.3414, Duration = 0.71s
  Batch 1: loss = 1.417161 | LR = 4.825957e-02
  Batch 2: loss = 1.456772 | LR = 4.825356e-02
  Batch 3: loss = 1.549965 | LR = 4.824755e-02
  Batch 4: loss = 1.331025 | LR = 4.824152e-02
  Batch 5: loss = 1.163857 | LR = 4.823548e-02
  Batch 6: loss = 1.330788 | LR = 4.822943e-02
  Batch 7: loss = 1.314889 | LR = 4.822337e-02
  Batch 8: loss = 1.274681 | LR = 4.821730e-02
  Batch 9: loss = 1.412908 | LR = 4.821123e-02
  Batch 10: loss = 1.547939 | LR = 4.820514e-02
  Batch 11: loss = 1.470857 | LR = 4.819904e-02
  Batch 12: loss = 1.259622 | LR = 4.819293e-02
  Batch 13: loss = 1.155095 | LR = 4.818681e-02
  Batch 14: loss = 1.415028 | LR = 4.818069e-02
  Batch 15: loss = 1.325071 | LR = 4.817455e-02
  Batch 16: loss = 1.161193 | LR = 4.816840e-02
  Batch 17: loss = 1.138890 | LR = 4.816224e-02
  Batch 18: loss = 1.197418 | LR = 4.815608e-02
  Batch 19: loss = 1.312011 | LR = 4.814990e-02
  Batch 20: loss = 1.340683 | LR = 4.814371e-02
  Batch 21: loss = 1.138412 | LR = 4.813751e-02
  Batch 22: loss = 1.208930 | LR = 4.813131e-02
  Batch 23: loss = 1.203276 | LR = 4.812509e-02
  Batch 24: loss = 1.503575 | LR = 4.811886e-02
  Batch 25: loss = 1.092071 | LR = 4.811262e-02
  Batch 26: loss = 1.416430 | LR = 4.810638e-02
  Batch 27: loss = 1.604636 | LR = 4.810012e-02
  Batch 28: loss = 1.329544 | LR = 4.809385e-02
  Batch 29: loss = 1.243458 | LR = 4.808758e-02
  Batch 30: loss = 1.179320 | LR = 4.808129e-02
  Batch 31: loss = 1.329410 | LR = 4.807499e-02
  Batch 32: loss = 1.543553 | LR = 4.806869e-02
  Batch 33: loss = 1.154242 | LR = 4.806237e-02
  Batch 34: loss = 1.186927 | LR = 4.805604e-02
  Batch 35: loss = 1.020755 | LR = 4.804971e-02
  Batch 36: loss = 1.037706 | LR = 4.804336e-02
  Batch 37: loss = 1.251950 | LR = 4.803701e-02
  Batch 38: loss = 1.225609 | LR = 4.803064e-02
  Batch 39: loss = 1.077653 | LR = 4.802426e-02
  Batch 40: loss = 1.263866 | LR = 4.801788e-02
  Batch 41: loss = 1.277909 | LR = 4.801148e-02
  Batch 42: loss = 1.316916 | LR = 4.800508e-02
  Batch 43: loss = 1.058620 | LR = 4.799866e-02
  Batch 44: loss = 1.393444 | LR = 4.799224e-02
  Batch 45: loss = 1.437449 | LR = 4.798580e-02
  Batch 46: loss = 1.353044 | LR = 4.797936e-02
  Batch 47: loss = 1.399537 | LR = 4.797290e-02
  Batch 48: loss = 1.077096 | LR = 4.796644e-02
Epoch 13: Average loss = 1.2896, Duration = 0.70s
  Batch 1: loss = 1.295056 | LR = 4.795996e-02
  Batch 2: loss = 1.244002 | LR = 4.795348e-02
  Batch 3: loss = 1.550029 | LR = 4.794699e-02
  Batch 4: loss = 1.200156 | LR = 4.794048e-02
  Batch 5: loss = 1.102136 | LR = 4.793397e-02
  Batch 6: loss = 1.131396 | LR = 4.792744e-02
  Batch 7: loss = 1.243066 | LR = 4.792091e-02
  Batch 8: loss = 1.266167 | LR = 4.791437e-02
  Batch 9: loss = 1.248548 | LR = 4.790782e-02
  Batch 10: loss = 1.462080 | LR = 4.790125e-02
  Batch 11: loss = 1.446546 | LR = 4.789468e-02
  Batch 12: loss = 1.184708 | LR = 4.788810e-02
  Batch 13: loss = 1.224012 | LR = 4.788150e-02
  Batch 14: loss = 1.516965 | LR = 4.787490e-02
  Batch 15: loss = 1.244187 | LR = 4.786829e-02
  Batch 16: loss = 1.074375 | LR = 4.786167e-02
  Batch 17: loss = 1.109279 | LR = 4.785504e-02
  Batch 18: loss = 1.179233 | LR = 4.784840e-02
  Batch 19: loss = 1.242763 | LR = 4.784174e-02
  Batch 20: loss = 1.231736 | LR = 4.783508e-02
  Batch 21: loss = 1.073858 | LR = 4.782841e-02
  Batch 22: loss = 1.164113 | LR = 4.782173e-02
  Batch 23: loss = 1.090009 | LR = 4.781504e-02
  Batch 24: loss = 1.350283 | LR = 4.780834e-02
  Batch 25: loss = 1.067384 | LR = 4.780163e-02
  Batch 26: loss = 1.291229 | LR = 4.779491e-02
  Batch 27: loss = 1.194904 | LR = 4.778818e-02
  Batch 28: loss = 1.332572 | LR = 4.778144e-02
  Batch 29: loss = 1.272600 | LR = 4.777469e-02
  Batch 30: loss = 1.394011 | LR = 4.776793e-02
  Batch 31: loss = 1.172932 | LR = 4.776116e-02
  Batch 32: loss = 1.416818 | LR = 4.775439e-02
  Batch 33: loss = 1.042507 | LR = 4.774760e-02
  Batch 34: loss = 1.309762 | LR = 4.774080e-02
  Batch 35: loss = 0.968603 | LR = 4.773399e-02
  Batch 36: loss = 1.049671 | LR = 4.772717e-02
  Batch 37: loss = 1.190316 | LR = 4.772035e-02
  Batch 38: loss = 1.280600 | LR = 4.771351e-02
  Batch 39: loss = 1.043671 | LR = 4.770666e-02
  Batch 40: loss = 1.171101 | LR = 4.769981e-02
  Batch 41: loss = 1.138976 | LR = 4.769294e-02
  Batch 42: loss = 1.344374 | LR = 4.768606e-02
  Batch 43: loss = 1.038702 | LR = 4.767918e-02
  Batch 44: loss = 1.216961 | LR = 4.767228e-02
  Batch 45: loss = 1.239014 | LR = 4.766538e-02
  Batch 46: loss = 1.136622 | LR = 4.765846e-02
  Batch 47: loss = 1.322342 | LR = 4.765154e-02
  Batch 48: loss = 1.097266 | LR = 4.764460e-02
Epoch 14: Average loss = 1.2210, Duration = 0.73s
  Batch 1: loss = 1.084301 | LR = 4.763766e-02
  Batch 2: loss = 1.181217 | LR = 4.763071e-02
  Batch 3: loss = 1.533716 | LR = 4.762374e-02
  Batch 4: loss = 1.254392 | LR = 4.761677e-02
  Batch 5: loss = 1.003676 | LR = 4.760979e-02
  Batch 6: loss = 1.223524 | LR = 4.760279e-02
  Batch 7: loss = 1.256365 | LR = 4.759579e-02
  Batch 8: loss = 1.137405 | LR = 4.758878e-02
  Batch 9: loss = 1.247795 | LR = 4.758176e-02
  Batch 10: loss = 1.282108 | LR = 4.757473e-02
  Batch 11: loss = 1.394365 | LR = 4.756769e-02
  Batch 12: loss = 1.175873 | LR = 4.756064e-02
  Batch 13: loss = 0.924993 | LR = 4.755358e-02
  Batch 14: loss = 1.250268 | LR = 4.754650e-02
  Batch 15: loss = 1.192627 | LR = 4.753943e-02
  Batch 16: loss = 1.114304 | LR = 4.753234e-02
  Batch 17: loss = 1.100356 | LR = 4.752524e-02
  Batch 18: loss = 1.199284 | LR = 4.751813e-02
  Batch 19: loss = 1.237038 | LR = 4.751101e-02
  Batch 20: loss = 1.129339 | LR = 4.750388e-02
  Batch 21: loss = 1.092667 | LR = 4.749674e-02
  Batch 22: loss = 1.381927 | LR = 4.748960e-02
  Batch 23: loss = 1.066335 | LR = 4.748244e-02
  Batch 24: loss = 1.131931 | LR = 4.747527e-02
  Batch 25: loss = 1.002831 | LR = 4.746810e-02
  Batch 26: loss = 1.167264 | LR = 4.746091e-02
  Batch 27: loss = 1.216363 | LR = 4.745371e-02
  Batch 28: loss = 1.285110 | LR = 4.744651e-02
  Batch 29: loss = 1.438900 | LR = 4.743929e-02
  Batch 30: loss = 1.122202 | LR = 4.743207e-02
  Batch 31: loss = 1.300313 | LR = 4.742484e-02
  Batch 32: loss = 1.111913 | LR = 4.741759e-02
  Batch 33: loss = 0.986656 | LR = 4.741034e-02
  Batch 34: loss = 1.291456 | LR = 4.740308e-02
  Batch 35: loss = 0.925043 | LR = 4.739580e-02
  Batch 36: loss = 1.043866 | LR = 4.738852e-02
  Batch 37: loss = 1.085303 | LR = 4.738123e-02
  Batch 38: loss = 1.399741 | LR = 4.737393e-02
  Batch 39: loss = 1.295523 | LR = 4.736662e-02
  Batch 40: loss = 1.106337 | LR = 4.735930e-02
  Batch 41: loss = 1.042001 | LR = 4.735197e-02
  Batch 42: loss = 1.168867 | LR = 4.734463e-02
  Batch 43: loss = 1.007005 | LR = 4.733728e-02
  Batch 44: loss = 1.276838 | LR = 4.732992e-02
  Batch 45: loss = 1.293717 | LR = 4.732255e-02
  Batch 46: loss = 0.999495 | LR = 4.731517e-02
  Batch 47: loss = 1.402583 | LR = 4.730778e-02
  Batch 48: loss = 1.176612 | LR = 4.730039e-02
Epoch 15: Average loss = 1.1821, Duration = 0.66s
  Batch 1: loss = 1.160321 | LR = 4.729298e-02
  Batch 2: loss = 1.182134 | LR = 4.728556e-02
  Batch 3: loss = 1.375221 | LR = 4.727814e-02
  Batch 4: loss = 1.165195 | LR = 4.727070e-02
  Batch 5: loss = 1.164333 | LR = 4.726326e-02
  Batch 6: loss = 1.110052 | LR = 4.725580e-02
  Batch 7: loss = 1.398378 | LR = 4.724834e-02
  Batch 8: loss = 1.234680 | LR = 4.724086e-02
  Batch 9: loss = 1.270432 | LR = 4.723338e-02
  Batch 10: loss = 1.234203 | LR = 4.722589e-02
  Batch 11: loss = 1.372834 | LR = 4.721838e-02
  Batch 12: loss = 1.107935 | LR = 4.721087e-02
  Batch 13: loss = 1.095434 | LR = 4.720335e-02
  Batch 14: loss = 1.201407 | LR = 4.719582e-02
  Batch 15: loss = 1.275170 | LR = 4.718828e-02
  Batch 16: loss = 1.045776 | LR = 4.718073e-02
  Batch 17: loss = 1.042563 | LR = 4.717317e-02
  Batch 18: loss = 1.161719 | LR = 4.716560e-02
  Batch 19: loss = 1.100418 | LR = 4.715802e-02
  Batch 20: loss = 1.088885 | LR = 4.715043e-02
  Batch 21: loss = 1.090303 | LR = 4.714284e-02
  Batch 22: loss = 1.181272 | LR = 4.713523e-02
  Batch 23: loss = 1.025327 | LR = 4.712761e-02
  Batch 24: loss = 1.134727 | LR = 4.711999e-02
  Batch 25: loss = 0.970350 | LR = 4.711235e-02
  Batch 26: loss = 1.043510 | LR = 4.710471e-02
  Batch 27: loss = 1.080955 | LR = 4.709705e-02
  Batch 28: loss = 1.223332 | LR = 4.708939e-02
  Batch 29: loss = 1.147354 | LR = 4.708171e-02
  Batch 30: loss = 1.055546 | LR = 4.707403e-02
  Batch 31: loss = 1.155721 | LR = 4.706634e-02
  Batch 32: loss = 1.491191 | LR = 4.705864e-02
  Batch 33: loss = 0.953767 | LR = 4.705093e-02
  Batch 34: loss = 1.153132 | LR = 4.704320e-02
  Batch 35: loss = 0.871474 | LR = 4.703547e-02
  Batch 36: loss = 1.054246 | LR = 4.702773e-02
  Batch 37: loss = 1.087001 | LR = 4.701999e-02
  Batch 38: loss = 1.179696 | LR = 4.701223e-02
  Batch 39: loss = 1.024022 | LR = 4.700446e-02
  Batch 40: loss = 1.149564 | LR = 4.699668e-02
  Batch 41: loss = 1.091586 | LR = 4.698889e-02
  Batch 42: loss = 1.219597 | LR = 4.698110e-02
  Batch 43: loss = 0.962920 | LR = 4.697329e-02
  Batch 44: loss = 1.075168 | LR = 4.696548e-02
  Batch 45: loss = 1.291867 | LR = 4.695765e-02
  Batch 46: loss = 1.002800 | LR = 4.694982e-02
  Batch 47: loss = 1.180085 | LR = 4.694197e-02
  Batch 48: loss = 0.998985 | LR = 4.693412e-02
Epoch 16: Average loss = 1.1392, Duration = 0.71s
  Batch 1: loss = 1.286446 | LR = 4.692626e-02
  Batch 2: loss = 1.145469 | LR = 4.691839e-02
  Batch 3: loss = 1.331593 | LR = 4.691051e-02
  Batch 4: loss = 1.118859 | LR = 4.690262e-02
  Batch 5: loss = 0.990597 | LR = 4.689472e-02
  Batch 6: loss = 1.019674 | LR = 4.688681e-02
  Batch 7: loss = 0.959196 | LR = 4.687889e-02
  Batch 8: loss = 1.053038 | LR = 4.687096e-02
  Batch 9: loss = 1.291944 | LR = 4.686302e-02
  Batch 10: loss = 1.177526 | LR = 4.685508e-02
  Batch 11: loss = 1.115076 | LR = 4.684712e-02
  Batch 12: loss = 1.056479 | LR = 4.683915e-02
  Batch 13: loss = 0.909143 | LR = 4.683118e-02
  Batch 14: loss = 1.169123 | LR = 4.682319e-02
  Batch 15: loss = 1.210232 | LR = 4.681520e-02
  Batch 16: loss = 1.003318 | LR = 4.680720e-02
  Batch 17: loss = 1.111828 | LR = 4.679918e-02
  Batch 18: loss = 1.022452 | LR = 4.679116e-02
  Batch 19: loss = 0.936670 | LR = 4.678313e-02
  Batch 20: loss = 1.088264 | LR = 4.677509e-02
  Batch 21: loss = 1.024872 | LR = 4.676704e-02
  Batch 22: loss = 1.185024 | LR = 4.675898e-02
  Batch 23: loss = 0.903352 | LR = 4.675091e-02
  Batch 24: loss = 1.147233 | LR = 4.674284e-02
  Batch 25: loss = 0.872109 | LR = 4.673475e-02
  Batch 26: loss = 1.148166 | LR = 4.672665e-02
  Batch 27: loss = 1.097752 | LR = 4.671855e-02
  Batch 28: loss = 1.155142 | LR = 4.671043e-02
  Batch 29: loss = 1.050287 | LR = 4.670231e-02
  Batch 30: loss = 1.033339 | LR = 4.669417e-02
  Batch 31: loss = 1.100144 | LR = 4.668603e-02
  Batch 32: loss = 1.400533 | LR = 4.667788e-02
  Batch 33: loss = 1.012666 | LR = 4.666972e-02
  Batch 34: loss = 1.062875 | LR = 4.666154e-02
  Batch 35: loss = 0.890359 | LR = 4.665336e-02
  Batch 36: loss = 0.931692 | LR = 4.664517e-02
  Batch 37: loss = 1.047053 | LR = 4.663698e-02
  Batch 38: loss = 1.086763 | LR = 4.662877e-02
  Batch 39: loss = 1.081366 | LR = 4.662055e-02
  Batch 40: loss = 1.030433 | LR = 4.661232e-02
  Batch 41: loss = 0.953908 | LR = 4.660409e-02
  Batch 42: loss = 1.029855 | LR = 4.659584e-02
  Batch 43: loss = 0.965490 | LR = 4.658759e-02
  Batch 44: loss = 1.130573 | LR = 4.657932e-02
  Batch 45: loss = 1.239880 | LR = 4.657105e-02
  Batch 46: loss = 1.037359 | LR = 4.656277e-02
  Batch 47: loss = 1.131651 | LR = 4.655448e-02
  Batch 48: loss = 1.053307 | LR = 4.654618e-02
Epoch 17: Average loss = 1.0792, Duration = 0.73s
  Batch 1: loss = 1.210674 | LR = 4.653787e-02
  Batch 2: loss = 0.957808 | LR = 4.652955e-02
  Batch 3: loss = 1.073175 | LR = 4.652122e-02
  Batch 4: loss = 1.140662 | LR = 4.651288e-02
  Batch 5: loss = 0.969061 | LR = 4.650453e-02
  Batch 6: loss = 1.130719 | LR = 4.649618e-02
  Batch 7: loss = 0.853758 | LR = 4.648781e-02
  Batch 8: loss = 1.203398 | LR = 4.647944e-02
  Batch 9: loss = 1.169680 | LR = 4.647105e-02
  Batch 10: loss = 1.175681 | LR = 4.646266e-02
  Batch 11: loss = 1.107634 | LR = 4.645426e-02
  Batch 12: loss = 1.164674 | LR = 4.644585e-02
  Batch 13: loss = 0.978975 | LR = 4.643743e-02
  Batch 14: loss = 1.148619 | LR = 4.642900e-02
  Batch 15: loss = 1.161626 | LR = 4.642056e-02
  Batch 16: loss = 0.940347 | LR = 4.641211e-02
  Batch 17: loss = 0.933966 | LR = 4.640365e-02
  Batch 18: loss = 0.944566 | LR = 4.639518e-02
  Batch 19: loss = 1.071680 | LR = 4.638671e-02
  Batch 20: loss = 1.171714 | LR = 4.637822e-02
  Batch 21: loss = 1.125106 | LR = 4.636973e-02
  Batch 22: loss = 1.089975 | LR = 4.636122e-02
  Batch 23: loss = 0.904645 | LR = 4.635271e-02
  Batch 24: loss = 1.120235 | LR = 4.634419e-02
  Batch 25: loss = 0.909218 | LR = 4.633566e-02
  Batch 26: loss = 1.088887 | LR = 4.632712e-02
  Batch 27: loss = 0.925074 | LR = 4.631857e-02
  Batch 28: loss = 1.034688 | LR = 4.631001e-02
  Batch 29: loss = 1.110826 | LR = 4.630144e-02
  Batch 30: loss = 0.991210 | LR = 4.629287e-02
  Batch 31: loss = 1.065798 | LR = 4.628428e-02
  Batch 32: loss = 1.215237 | LR = 4.627569e-02
  Batch 33: loss = 0.916706 | LR = 4.626708e-02
  Batch 34: loss = 1.044561 | LR = 4.625847e-02
  Batch 35: loss = 0.932667 | LR = 4.624985e-02
  Batch 36: loss = 0.924077 | LR = 4.624122e-02
  Batch 37: loss = 1.000020 | LR = 4.623258e-02
  Batch 38: loss = 1.054114 | LR = 4.622393e-02
  Batch 39: loss = 0.981172 | LR = 4.621527e-02
  Batch 40: loss = 1.027620 | LR = 4.620660e-02
  Batch 41: loss = 0.949181 | LR = 4.619792e-02
  Batch 42: loss = 1.140869 | LR = 4.618924e-02
  Batch 43: loss = 0.910989 | LR = 4.618054e-02
  Batch 44: loss = 1.046911 | LR = 4.617184e-02
  Batch 45: loss = 1.298787 | LR = 4.616312e-02
  Batch 46: loss = 1.043089 | LR = 4.615440e-02
  Batch 47: loss = 1.161699 | LR = 4.614567e-02
  Batch 48: loss = 1.021249 | LR = 4.613693e-02
Epoch 18: Average loss = 1.0530, Duration = 0.72s
  Batch 1: loss = 1.215805 | LR = 4.612818e-02
  Batch 2: loss = 1.050523 | LR = 4.611942e-02
  Batch 3: loss = 1.061556 | LR = 4.611065e-02
  Batch 4: loss = 1.073928 | LR = 4.610188e-02
  Batch 5: loss = 0.985447 | LR = 4.609309e-02
  Batch 6: loss = 1.029023 | LR = 4.608430e-02
  Batch 7: loss = 0.960776 | LR = 4.607549e-02
  Batch 8: loss = 1.078604 | LR = 4.606668e-02
  Batch 9: loss = 1.220650 | LR = 4.605786e-02
  Batch 10: loss = 1.071105 | LR = 4.604903e-02
  Batch 11: loss = 0.988035 | LR = 4.604019e-02
  Batch 12: loss = 1.095710 | LR = 4.603134e-02
  Batch 13: loss = 0.982035 | LR = 4.602248e-02
  Batch 14: loss = 1.459780 | LR = 4.601361e-02
  Batch 15: loss = 1.089038 | LR = 4.600474e-02
  Batch 16: loss = 1.018228 | LR = 4.599585e-02
  Batch 17: loss = 1.093070 | LR = 4.598696e-02
  Batch 18: loss = 1.094552 | LR = 4.597805e-02
  Batch 19: loss = 1.057303 | LR = 4.596914e-02
  Batch 20: loss = 0.929094 | LR = 4.596022e-02
  Batch 21: loss = 1.088910 | LR = 4.595129e-02
  Batch 22: loss = 1.164407 | LR = 4.594235e-02
  Batch 23: loss = 1.008317 | LR = 4.593340e-02
  Batch 24: loss = 1.057277 | LR = 4.592445e-02
  Batch 25: loss = 1.056029 | LR = 4.591548e-02
  Batch 26: loss = 1.119860 | LR = 4.590651e-02
  Batch 27: loss = 1.039194 | LR = 4.589752e-02
  Batch 28: loss = 1.222751 | LR = 4.588853e-02
  Batch 29: loss = 1.085468 | LR = 4.587953e-02
  Batch 30: loss = 1.084782 | LR = 4.587052e-02
  Batch 31: loss = 1.105168 | LR = 4.586150e-02
  Batch 32: loss = 1.141880 | LR = 4.585247e-02
  Batch 33: loss = 0.974204 | LR = 4.584343e-02
  Batch 34: loss = 0.955353 | LR = 4.583438e-02
  Batch 35: loss = 0.964140 | LR = 4.582533e-02
  Batch 36: loss = 0.932905 | LR = 4.581626e-02
  Batch 37: loss = 1.027116 | LR = 4.580719e-02
  Batch 38: loss = 1.169006 | LR = 4.579811e-02
  Batch 39: loss = 0.901126 | LR = 4.578901e-02
  Batch 40: loss = 1.048352 | LR = 4.577991e-02
  Batch 41: loss = 0.939457 | LR = 4.577081e-02
  Batch 42: loss = 1.070617 | LR = 4.576169e-02
  Batch 43: loss = 0.988199 | LR = 4.575256e-02
  Batch 44: loss = 0.978068 | LR = 4.574342e-02
  Batch 45: loss = 1.180467 | LR = 4.573428e-02
  Batch 46: loss = 1.519385 | LR = 4.572513e-02
  Batch 47: loss = 1.197247 | LR = 4.571596e-02
  Batch 48: loss = 0.965130 | LR = 4.570679e-02
Epoch 19: Average loss = 1.0737, Duration = 0.70s
  Batch 1: loss = 1.263062 | LR = 4.569761e-02
  Batch 2: loss = 0.984303 | LR = 4.568842e-02
  Batch 3: loss = 1.069022 | LR = 4.567922e-02
  Batch 4: loss = 1.023885 | LR = 4.567002e-02
  Batch 5: loss = 0.842262 | LR = 4.566080e-02
  Batch 6: loss = 1.110091 | LR = 4.565158e-02
  Batch 7: loss = 0.934410 | LR = 4.564234e-02
  Batch 8: loss = 1.074302 | LR = 4.563310e-02
  Batch 9: loss = 1.155065 | LR = 4.562385e-02
  Batch 10: loss = 1.091471 | LR = 4.561459e-02
  Batch 11: loss = 1.022192 | LR = 4.560532e-02
  Batch 12: loss = 0.936389 | LR = 4.559604e-02
  Batch 13: loss = 0.938465 | LR = 4.558675e-02
  Batch 14: loss = 1.087381 | LR = 4.557746e-02
  Batch 15: loss = 1.090944 | LR = 4.556815e-02
  Batch 16: loss = 0.913359 | LR = 4.555884e-02
  Batch 17: loss = 0.857374 | LR = 4.554952e-02
  Batch 18: loss = 1.032262 | LR = 4.554019e-02
  Batch 19: loss = 1.024357 | LR = 4.553085e-02
  Batch 20: loss = 1.002954 | LR = 4.552150e-02
  Batch 21: loss = 0.940937 | LR = 4.551214e-02
  Batch 22: loss = 0.963265 | LR = 4.550278e-02
  Batch 23: loss = 0.766300 | LR = 4.549340e-02
  Batch 24: loss = 1.047508 | LR = 4.548402e-02
  Batch 25: loss = 0.921667 | LR = 4.547463e-02
  Batch 26: loss = 1.041401 | LR = 4.546522e-02
  Batch 27: loss = 1.012391 | LR = 4.545581e-02
  Batch 28: loss = 1.083476 | LR = 4.544640e-02
  Batch 29: loss = 1.054380 | LR = 4.543697e-02
  Batch 30: loss = 0.970305 | LR = 4.542753e-02
  Batch 31: loss = 1.010169 | LR = 4.541809e-02
  Batch 32: loss = 0.971096 | LR = 4.540863e-02
  Batch 33: loss = 0.782625 | LR = 4.539917e-02
  Batch 34: loss = 0.933585 | LR = 4.538970e-02
  Batch 35: loss = 0.755332 | LR = 4.538022e-02
  Batch 36: loss = 0.861629 | LR = 4.537073e-02
  Batch 37: loss = 1.041786 | LR = 4.536123e-02
  Batch 38: loss = 0.981954 | LR = 4.535173e-02
  Batch 39: loss = 0.931559 | LR = 4.534221e-02
  Batch 40: loss = 0.944623 | LR = 4.533269e-02
  Batch 41: loss = 0.897874 | LR = 4.532315e-02
  Batch 42: loss = 0.989152 | LR = 4.531361e-02
  Batch 43: loss = 0.920402 | LR = 4.530406e-02
  Batch 44: loss = 0.956546 | LR = 4.529450e-02
  Batch 45: loss = 1.055154 | LR = 4.528494e-02
  Batch 46: loss = 1.012215 | LR = 4.527536e-02
  Batch 47: loss = 1.154400 | LR = 4.526578e-02
  Batch 48: loss = 0.946075 | LR = 4.525618e-02
Epoch 20: Average loss = 0.9875, Duration = 0.67s
  Batch 1: loss = 0.918703 | LR = 4.524658e-02
  Batch 2: loss = 0.995650 | LR = 4.523697e-02
  Batch 3: loss = 1.084465 | LR = 4.522735e-02
  Batch 4: loss = 0.894228 | LR = 4.521772e-02
  Batch 5: loss = 0.883064 | LR = 4.520808e-02
  Batch 6: loss = 0.890226 | LR = 4.519844e-02
  Batch 7: loss = 1.029614 | LR = 4.518878e-02
  Batch 8: loss = 1.023169 | LR = 4.517912e-02
  Batch 9: loss = 1.097978 | LR = 4.516945e-02
  Batch 10: loss = 0.931179 | LR = 4.515977e-02
  Batch 11: loss = 1.052688 | LR = 4.515008e-02
  Batch 12: loss = 0.931078 | LR = 4.514038e-02
  Batch 13: loss = 0.870350 | LR = 4.513068e-02
  Batch 14: loss = 0.997681 | LR = 4.512096e-02
  Batch 15: loss = 1.048880 | LR = 4.511124e-02
  Batch 16: loss = 0.837785 | LR = 4.510151e-02
  Batch 17: loss = 0.940128 | LR = 4.509177e-02
  Batch 18: loss = 0.982049 | LR = 4.508202e-02
  Batch 19: loss = 1.041978 | LR = 4.507226e-02
  Batch 20: loss = 0.840525 | LR = 4.506249e-02
  Batch 21: loss = 0.820497 | LR = 4.505272e-02
  Batch 22: loss = 1.043845 | LR = 4.504293e-02
  Batch 23: loss = 0.858089 | LR = 4.503314e-02
  Batch 24: loss = 1.116429 | LR = 4.502334e-02
  Batch 25: loss = 0.868074 | LR = 4.501353e-02
  Batch 26: loss = 0.989085 | LR = 4.500371e-02
  Batch 27: loss = 0.875325 | LR = 4.499389e-02
  Batch 28: loss = 0.989218 | LR = 4.498405e-02
  Batch 29: loss = 1.109120 | LR = 4.497421e-02
  Batch 30: loss = 0.939680 | LR = 4.496435e-02
  Batch 31: loss = 1.038115 | LR = 4.495449e-02
  Batch 32: loss = 1.044363 | LR = 4.494462e-02
  Batch 33: loss = 0.794800 | LR = 4.493475e-02
  Batch 34: loss = 0.970585 | LR = 4.492486e-02
  Batch 35: loss = 0.812860 | LR = 4.491496e-02
  Batch 36: loss = 0.901394 | LR = 4.490506e-02
  Batch 37: loss = 0.974614 | LR = 4.489515e-02
  Batch 38: loss = 0.915777 | LR = 4.488523e-02
  Batch 39: loss = 0.825421 | LR = 4.487530e-02
  Batch 40: loss = 1.041072 | LR = 4.486536e-02
  Batch 41: loss = 0.826701 | LR = 4.485541e-02
  Batch 42: loss = 0.966359 | LR = 4.484546e-02
  Batch 43: loss = 0.880747 | LR = 4.483549e-02
  Batch 44: loss = 0.892633 | LR = 4.482552e-02
  Batch 45: loss = 0.924206 | LR = 4.481554e-02
  Batch 46: loss = 0.946853 | LR = 4.480555e-02
  Batch 47: loss = 1.031064 | LR = 4.479556e-02
  Batch 48: loss = 0.888058 | LR = 4.478555e-02
Epoch 21: Average loss = 0.9495, Duration = 0.71s
  Batch 1: loss = 1.021134 | LR = 4.477554e-02
  Batch 2: loss = 0.842753 | LR = 4.476551e-02
  Batch 3: loss = 1.085237 | LR = 4.475548e-02
  Batch 4: loss = 0.909475 | LR = 4.474544e-02
  Batch 5: loss = 0.874570 | LR = 4.473539e-02
  Batch 6: loss = 0.940153 | LR = 4.472534e-02
  Batch 7: loss = 0.928806 | LR = 4.471527e-02
  Batch 8: loss = 0.908209 | LR = 4.470520e-02
  Batch 9: loss = 1.084334 | LR = 4.469511e-02
  Batch 10: loss = 1.037724 | LR = 4.468502e-02
  Batch 11: loss = 0.919318 | LR = 4.467492e-02
  Batch 12: loss = 0.980751 | LR = 4.466482e-02
  Batch 13: loss = 0.809133 | LR = 4.465470e-02
  Batch 14: loss = 0.864869 | LR = 4.464458e-02
  Batch 15: loss = 0.983385 | LR = 4.463444e-02
  Batch 16: loss = 0.873633 | LR = 4.462430e-02
  Batch 17: loss = 0.923576 | LR = 4.461415e-02
  Batch 18: loss = 0.966375 | LR = 4.460399e-02
  Batch 19: loss = 1.148903 | LR = 4.459383e-02
  Batch 20: loss = 0.900703 | LR = 4.458365e-02
  Batch 21: loss = 0.945993 | LR = 4.457347e-02
  Batch 22: loss = 0.903241 | LR = 4.456328e-02
  Batch 23: loss = 0.791308 | LR = 4.455308e-02
  Batch 24: loss = 0.912693 | LR = 4.454287e-02
  Batch 25: loss = 1.012333 | LR = 4.453265e-02
  Batch 26: loss = 0.966389 | LR = 4.452243e-02
  Batch 27: loss = 0.908230 | LR = 4.451219e-02
  Batch 28: loss = 1.027725 | LR = 4.450195e-02
  Batch 29: loss = 0.988840 | LR = 4.449170e-02
  Batch 30: loss = 0.886439 | LR = 4.448144e-02
  Batch 31: loss = 1.025294 | LR = 4.447118e-02
  Batch 32: loss = 0.971268 | LR = 4.446090e-02
  Batch 33: loss = 0.848573 | LR = 4.445062e-02
  Batch 34: loss = 0.799296 | LR = 4.444032e-02
  Batch 35: loss = 0.797936 | LR = 4.443002e-02
  Batch 36: loss = 1.009249 | LR = 4.441971e-02
  Batch 37: loss = 0.976247 | LR = 4.440940e-02
  Batch 38: loss = 1.054978 | LR = 4.439907e-02
  Batch 39: loss = 0.781249 | LR = 4.438874e-02
  Batch 40: loss = 0.917917 | LR = 4.437840e-02
  Batch 41: loss = 0.816617 | LR = 4.436804e-02
  Batch 42: loss = 0.903639 | LR = 4.435769e-02
  Batch 43: loss = 0.791424 | LR = 4.434732e-02
  Batch 44: loss = 0.812504 | LR = 4.433694e-02
  Batch 45: loss = 1.042217 | LR = 4.432656e-02
  Batch 46: loss = 0.900241 | LR = 4.431617e-02
  Batch 47: loss = 1.062001 | LR = 4.430577e-02
  Batch 48: loss = 0.908791 | LR = 4.429536e-02
Epoch 22: Average loss = 0.9326, Duration = 0.68s
  Batch 1: loss = 0.909421 | LR = 4.428494e-02
  Batch 2: loss = 0.918558 | LR = 4.427452e-02
  Batch 3: loss = 0.921988 | LR = 4.426408e-02
  Batch 4: loss = 0.923146 | LR = 4.425364e-02
  Batch 5: loss = 0.883217 | LR = 4.424319e-02
  Batch 6: loss = 0.898193 | LR = 4.423273e-02
  Batch 7: loss = 0.746558 | LR = 4.422227e-02
  Batch 8: loss = 0.920675 | LR = 4.421179e-02
  Batch 9: loss = 1.089741 | LR = 4.420131e-02
  Batch 10: loss = 0.938785 | LR = 4.419082e-02
  Batch 11: loss = 0.859998 | LR = 4.418032e-02
  Batch 12: loss = 0.810449 | LR = 4.416981e-02
  Batch 13: loss = 0.790140 | LR = 4.415930e-02
  Batch 14: loss = 0.904656 | LR = 4.414877e-02
  Batch 15: loss = 0.922695 | LR = 4.413824e-02
  Batch 16: loss = 0.852659 | LR = 4.412770e-02
  Batch 17: loss = 0.944457 | LR = 4.411715e-02
  Batch 18: loss = 0.757505 | LR = 4.410659e-02
  Batch 19: loss = 0.944628 | LR = 4.409603e-02
  Batch 20: loss = 0.874851 | LR = 4.408545e-02
  Batch 21: loss = 0.837560 | LR = 4.407487e-02
  Batch 22: loss = 0.850371 | LR = 4.406428e-02
  Batch 23: loss = 0.883402 | LR = 4.405369e-02
  Batch 24: loss = 0.872769 | LR = 4.404308e-02
  Batch 25: loss = 0.823557 | LR = 4.403247e-02
  Batch 26: loss = 0.815816 | LR = 4.402184e-02
  Batch 27: loss = 0.855390 | LR = 4.401121e-02
  Batch 28: loss = 1.015140 | LR = 4.400057e-02
  Batch 29: loss = 0.988162 | LR = 4.398993e-02
  Batch 30: loss = 0.860860 | LR = 4.397927e-02
  Batch 31: loss = 0.926927 | LR = 4.396861e-02
  Batch 32: loss = 0.944514 | LR = 4.395794e-02
  Batch 33: loss = 0.808926 | LR = 4.394726e-02
  Batch 34: loss = 0.922416 | LR = 4.393657e-02
  Batch 35: loss = 0.734149 | LR = 4.392588e-02
  Batch 36: loss = 0.943134 | LR = 4.391517e-02
  Batch 37: loss = 1.001820 | LR = 4.390446e-02
  Batch 38: loss = 0.948231 | LR = 4.389374e-02
  Batch 39: loss = 0.831362 | LR = 4.388301e-02
  Batch 40: loss = 0.896025 | LR = 4.387228e-02
  Batch 41: loss = 0.869498 | LR = 4.386153e-02
  Batch 42: loss = 0.899399 | LR = 4.385078e-02
  Batch 43: loss = 0.745106 | LR = 4.384002e-02
  Batch 44: loss = 0.965876 | LR = 4.382925e-02
  Batch 45: loss = 1.073974 | LR = 4.381847e-02
  Batch 46: loss = 0.740933 | LR = 4.380769e-02
  Batch 47: loss = 0.874409 | LR = 4.379689e-02
  Batch 48: loss = 0.850505 | LR = 4.378609e-02
Epoch 23: Average loss = 0.8873, Duration = 0.69s
  Batch 1: loss = 0.959804 | LR = 4.377529e-02
  Batch 2: loss = 0.854134 | LR = 4.376447e-02
  Batch 3: loss = 0.871790 | LR = 4.375364e-02
  Batch 4: loss = 0.945438 | LR = 4.374281e-02
  Batch 5: loss = 0.876051 | LR = 4.373197e-02
  Batch 6: loss = 0.860121 | LR = 4.372112e-02
  Batch 7: loss = 0.667940 | LR = 4.371026e-02
  Batch 8: loss = 0.949012 | LR = 4.369940e-02
  Batch 9: loss = 1.067272 | LR = 4.368852e-02
  Batch 10: loss = 0.935708 | LR = 4.367764e-02
  Batch 11: loss = 0.884570 | LR = 4.366675e-02
  Batch 12: loss = 0.885164 | LR = 4.365586e-02
  Batch 13: loss = 0.749723 | LR = 4.364495e-02
  Batch 14: loss = 0.840550 | LR = 4.363404e-02
  Batch 15: loss = 1.005296 | LR = 4.362312e-02
  Batch 16: loss = 0.670621 | LR = 4.361219e-02
  Batch 17: loss = 0.761331 | LR = 4.360125e-02
  Batch 18: loss = 0.783219 | LR = 4.359030e-02
  Batch 19: loss = 0.925448 | LR = 4.357935e-02
  Batch 20: loss = 0.849347 | LR = 4.356839e-02
  Batch 21: loss = 0.862229 | LR = 4.355742e-02
  Batch 22: loss = 0.814190 | LR = 4.354644e-02
  Batch 23: loss = 0.698431 | LR = 4.353546e-02
  Batch 24: loss = 0.831580 | LR = 4.352447e-02
  Batch 25: loss = 0.725591 | LR = 4.351346e-02
  Batch 26: loss = 0.967706 | LR = 4.350246e-02
  Batch 27: loss = 0.959860 | LR = 4.349144e-02
  Batch 28: loss = 0.906095 | LR = 4.348041e-02
  Batch 29: loss = 0.795629 | LR = 4.346938e-02
  Batch 30: loss = 0.924180 | LR = 4.345834e-02
  Batch 31: loss = 1.019535 | LR = 4.344729e-02
  Batch 32: loss = 0.945996 | LR = 4.343624e-02
  Batch 33: loss = 0.765483 | LR = 4.342517e-02
  Batch 34: loss = 0.877083 | LR = 4.341410e-02
  Batch 35: loss = 0.711484 | LR = 4.340302e-02
  Batch 36: loss = 0.796581 | LR = 4.339193e-02
  Batch 37: loss = 0.881443 | LR = 4.338083e-02
  Batch 38: loss = 0.933983 | LR = 4.336973e-02
  Batch 39: loss = 0.754235 | LR = 4.335862e-02
  Batch 40: loss = 0.892996 | LR = 4.334750e-02
  Batch 41: loss = 0.726143 | LR = 4.333637e-02
  Batch 42: loss = 0.974298 | LR = 4.332524e-02
  Batch 43: loss = 0.748046 | LR = 4.331409e-02
  Batch 44: loss = 0.796414 | LR = 4.330294e-02
  Batch 45: loss = 0.869665 | LR = 4.329178e-02
  Batch 46: loss = 0.906431 | LR = 4.328062e-02
  Batch 47: loss = 0.977803 | LR = 4.326944e-02
  Batch 48: loss = 0.819836 | LR = 4.325826e-02
Epoch 24: Average loss = 0.8589, Duration = 0.66s
  Batch 1: loss = 0.902458 | LR = 4.324707e-02
  Batch 2: loss = 0.640272 | LR = 4.323587e-02
  Batch 3: loss = 0.784543 | LR = 4.322466e-02
  Batch 4: loss = 0.777382 | LR = 4.321345e-02
  Batch 5: loss = 0.745899 | LR = 4.320223e-02
  Batch 6: loss = 0.814323 | LR = 4.319100e-02
  Batch 7: loss = 0.774506 | LR = 4.317976e-02
  Batch 8: loss = 0.830020 | LR = 4.316852e-02
  Batch 9: loss = 0.943500 | LR = 4.315726e-02
  Batch 10: loss = 0.911036 | LR = 4.314600e-02
  Batch 11: loss = 0.858292 | LR = 4.313474e-02
  Batch 12: loss = 0.846224 | LR = 4.312346e-02
  Batch 13: loss = 0.732538 | LR = 4.311217e-02
  Batch 14: loss = 0.800505 | LR = 4.310088e-02
  Batch 15: loss = 0.809494 | LR = 4.308958e-02
  Batch 16: loss = 0.811451 | LR = 4.307828e-02
  Batch 17: loss = 0.869526 | LR = 4.306696e-02
  Batch 18: loss = 0.935247 | LR = 4.305564e-02
  Batch 19: loss = 0.996624 | LR = 4.304431e-02
  Batch 20: loss = 0.837307 | LR = 4.303297e-02
  Batch 21: loss = 0.696678 | LR = 4.302162e-02
  Batch 22: loss = 0.892892 | LR = 4.301027e-02
  Batch 23: loss = 0.804097 | LR = 4.299891e-02
  Batch 24: loss = 0.891019 | LR = 4.298754e-02
  Batch 25: loss = 0.767674 | LR = 4.297616e-02
  Batch 26: loss = 0.940893 | LR = 4.296478e-02
  Batch 27: loss = 0.792607 | LR = 4.295339e-02
  Batch 28: loss = 0.875671 | LR = 4.294199e-02
  Batch 29: loss = 0.870689 | LR = 4.293058e-02
  Batch 30: loss = 0.776772 | LR = 4.291916e-02
  Batch 31: loss = 0.798893 | LR = 4.290774e-02
  Batch 32: loss = 0.804367 | LR = 4.289631e-02
  Batch 33: loss = 0.713314 | LR = 4.288487e-02
  Batch 34: loss = 0.832021 | LR = 4.287342e-02
  Batch 35: loss = 0.662996 | LR = 4.286197e-02
  Batch 36: loss = 0.722033 | LR = 4.285051e-02
  Batch 37: loss = 0.782340 | LR = 4.283904e-02
  Batch 38: loss = 0.951611 | LR = 4.282756e-02
  Batch 39: loss = 0.885194 | LR = 4.281608e-02
  Batch 40: loss = 0.833973 | LR = 4.280459e-02
  Batch 41: loss = 0.817033 | LR = 4.279309e-02
  Batch 42: loss = 0.842365 | LR = 4.278158e-02
  Batch 43: loss = 0.727996 | LR = 4.277006e-02
  Batch 44: loss = 0.869104 | LR = 4.275854e-02
  Batch 45: loss = 0.981718 | LR = 4.274701e-02
  Batch 46: loss = 0.781370 | LR = 4.273547e-02
  Batch 47: loss = 0.994838 | LR = 4.272393e-02
  Batch 48: loss = 0.870653 | LR = 4.271237e-02
Epoch 25: Average loss = 0.8292, Duration = 0.73s
  Batch 1: loss = 0.824681 | LR = 4.270081e-02
  Batch 2: loss = 0.719461 | LR = 4.268925e-02
  Batch 3: loss = 0.873015 | LR = 4.267767e-02
  Batch 4: loss = 0.761359 | LR = 4.266609e-02
  Batch 5: loss = 0.814965 | LR = 4.265450e-02
  Batch 6: loss = 0.885897 | LR = 4.264290e-02
  Batch 7: loss = 0.681798 | LR = 4.263129e-02
  Batch 8: loss = 0.867579 | LR = 4.261968e-02
  Batch 9: loss = 0.958470 | LR = 4.260806e-02
  Batch 10: loss = 0.857999 | LR = 4.259643e-02
  Batch 11: loss = 0.763827 | LR = 4.258479e-02
  Batch 12: loss = 0.838691 | LR = 4.257315e-02
  Batch 13: loss = 0.738424 | LR = 4.256149e-02
  Batch 14: loss = 0.746493 | LR = 4.254984e-02
  Batch 15: loss = 0.916592 | LR = 4.253817e-02
  Batch 16: loss = 0.734324 | LR = 4.252649e-02
  Batch 17: loss = 0.756181 | LR = 4.251481e-02
  Batch 18: loss = 0.729512 | LR = 4.250312e-02
  Batch 19: loss = 0.872064 | LR = 4.249143e-02
  Batch 20: loss = 0.753138 | LR = 4.247972e-02
  Batch 21: loss = 0.700696 | LR = 4.246801e-02
  Batch 22: loss = 0.687680 | LR = 4.245629e-02
  Batch 23: loss = 0.773756 | LR = 4.244457e-02
  Batch 24: loss = 0.745398 | LR = 4.243283e-02
  Batch 25: loss = 0.842378 | LR = 4.242109e-02
  Batch 26: loss = 0.723189 | LR = 4.240934e-02
  Batch 27: loss = 0.852555 | LR = 4.239758e-02
  Batch 28: loss = 0.760089 | LR = 4.238582e-02
  Batch 29: loss = 0.897968 | LR = 4.237405e-02
  Batch 30: loss = 0.950181 | LR = 4.236227e-02
  Batch 31: loss = 0.816743 | LR = 4.235048e-02
  Batch 32: loss = 0.827591 | LR = 4.233869e-02
  Batch 33: loss = 0.795930 | LR = 4.232689e-02
  Batch 34: loss = 0.740821 | LR = 4.231508e-02
  Batch 35: loss = 0.747140 | LR = 4.230326e-02
  Batch 36: loss = 0.720569 | LR = 4.229144e-02
  Batch 37: loss = 0.819114 | LR = 4.227961e-02
  Batch 38: loss = 0.986665 | LR = 4.226777e-02
  Batch 39: loss = 0.769191 | LR = 4.225593e-02
  Batch 40: loss = 0.869082 | LR = 4.224407e-02
  Batch 41: loss = 0.816865 | LR = 4.223221e-02
  Batch 42: loss = 0.702809 | LR = 4.222034e-02
  Batch 43: loss = 0.590231 | LR = 4.220847e-02
  Batch 44: loss = 0.832258 | LR = 4.219659e-02
  Batch 45: loss = 0.857670 | LR = 4.218470e-02
  Batch 46: loss = 0.721169 | LR = 4.217280e-02
  Batch 47: loss = 1.025954 | LR = 4.216089e-02
  Batch 48: loss = 0.868623 | LR = 4.214898e-02
Epoch 26: Average loss = 0.8028, Duration = 0.73s
  Batch 1: loss = 0.816946 | LR = 4.213706e-02
  Batch 2: loss = 0.916427 | LR = 4.212513e-02
  Batch 3: loss = 0.837956 | LR = 4.211320e-02
  Batch 4: loss = 0.782954 | LR = 4.210126e-02
  Batch 5: loss = 0.743559 | LR = 4.208931e-02
  Batch 6: loss = 0.779835 | LR = 4.207735e-02
  Batch 7: loss = 0.790082 | LR = 4.206539e-02
  Batch 8: loss = 0.763888 | LR = 4.205342e-02
  Batch 9: loss = 0.950786 | LR = 4.204144e-02
  Batch 10: loss = 0.855678 | LR = 4.202945e-02
  Batch 11: loss = 0.922442 | LR = 4.201746e-02
  Batch 12: loss = 0.761179 | LR = 4.200546e-02
  Batch 13: loss = 0.676248 | LR = 4.199345e-02
  Batch 14: loss = 0.740852 | LR = 4.198144e-02
  Batch 15: loss = 0.785938 | LR = 4.196942e-02
  Batch 16: loss = 0.749009 | LR = 4.195739e-02
  Batch 17: loss = 0.692492 | LR = 4.194535e-02
  Batch 18: loss = 0.661363 | LR = 4.193331e-02
  Batch 19: loss = 0.825015 | LR = 4.192126e-02
  Batch 20: loss = 0.783429 | LR = 4.190920e-02
  Batch 21: loss = 0.738542 | LR = 4.189713e-02
  Batch 22: loss = 0.652864 | LR = 4.188506e-02
  Batch 23: loss = 0.793969 | LR = 4.187298e-02
  Batch 24: loss = 0.851295 | LR = 4.186089e-02
  Batch 25: loss = 0.670677 | LR = 4.184880e-02
  Batch 26: loss = 0.708558 | LR = 4.183670e-02
  Batch 27: loss = 0.849523 | LR = 4.182459e-02
  Batch 28: loss = 0.823317 | LR = 4.181247e-02
  Batch 29: loss = 0.871735 | LR = 4.180035e-02
  Batch 30: loss = 0.893917 | LR = 4.178822e-02
  Batch 31: loss = 0.806034 | LR = 4.177608e-02
  Batch 32: loss = 0.779902 | LR = 4.176393e-02
  Batch 33: loss = 0.768544 | LR = 4.175178e-02
  Batch 34: loss = 0.698440 | LR = 4.173962e-02
  Batch 35: loss = 0.642107 | LR = 4.172745e-02
  Batch 36: loss = 0.652140 | LR = 4.171528e-02
  Batch 37: loss = 0.760278 | LR = 4.170310e-02
  Batch 38: loss = 0.909698 | LR = 4.169091e-02
  Batch 39: loss = 0.676687 | LR = 4.167872e-02
  Batch 40: loss = 0.777510 | LR = 4.166651e-02
  Batch 41: loss = 0.682730 | LR = 4.165430e-02
  Batch 42: loss = 0.794220 | LR = 4.164209e-02
  Batch 43: loss = 0.609230 | LR = 4.162986e-02
  Batch 44: loss = 0.801446 | LR = 4.161763e-02
  Batch 45: loss = 0.660866 | LR = 4.160539e-02
  Batch 46: loss = 0.697217 | LR = 4.159315e-02
  Batch 47: loss = 0.997632 | LR = 4.158089e-02
  Batch 48: loss = 0.770701 | LR = 4.156864e-02
Epoch 27: Average loss = 0.7745, Duration = 0.72s
  Batch 1: loss = 0.777964 | LR = 4.155637e-02
  Batch 2: loss = 0.593377 | LR = 4.154409e-02
  Batch 3: loss = 0.919855 | LR = 4.153181e-02
  Batch 4: loss = 0.781144 | LR = 4.151953e-02
  Batch 5: loss = 0.665810 | LR = 4.150723e-02
  Batch 6: loss = 0.791632 | LR = 4.149493e-02
  Batch 7: loss = 0.663624 | LR = 4.148262e-02
  Batch 8: loss = 0.838400 | LR = 4.147030e-02
  Batch 9: loss = 0.918404 | LR = 4.145798e-02
  Batch 10: loss = 0.757413 | LR = 4.144565e-02
  Batch 11: loss = 0.697295 | LR = 4.143331e-02
  Batch 12: loss = 0.844684 | LR = 4.142097e-02
  Batch 13: loss = 0.668646 | LR = 4.140862e-02
  Batch 14: loss = 0.747641 | LR = 4.139626e-02
  Batch 15: loss = 0.753003 | LR = 4.138389e-02
  Batch 16: loss = 0.671841 | LR = 4.137152e-02
  Batch 17: loss = 0.773207 | LR = 4.135914e-02
  Batch 18: loss = 0.724431 | LR = 4.134675e-02
  Batch 19: loss = 0.888877 | LR = 4.133436e-02
  Batch 20: loss = 0.799658 | LR = 4.132196e-02
  Batch 21: loss = 0.675171 | LR = 4.130955e-02
  Batch 22: loss = 0.714623 | LR = 4.129713e-02
  Batch 23: loss = 0.828520 | LR = 4.128471e-02
  Batch 24: loss = 0.836324 | LR = 4.127228e-02
  Batch 25: loss = 0.759430 | LR = 4.125985e-02
  Batch 26: loss = 0.684249 | LR = 4.124741e-02
  Batch 27: loss = 0.778146 | LR = 4.123496e-02
  Batch 28: loss = 0.766729 | LR = 4.122250e-02
  Batch 29: loss = 0.825131 | LR = 4.121004e-02
  Batch 30: loss = 0.711309 | LR = 4.119757e-02
  Batch 31: loss = 0.748671 | LR = 4.118509e-02
  Batch 32: loss = 0.837749 | LR = 4.117260e-02
  Batch 33: loss = 0.608245 | LR = 4.116011e-02
  Batch 34: loss = 0.664397 | LR = 4.114761e-02
  Batch 35: loss = 0.632404 | LR = 4.113511e-02
  Batch 36: loss = 0.662026 | LR = 4.112260e-02
  Batch 37: loss = 0.740201 | LR = 4.111008e-02
  Batch 38: loss = 0.846614 | LR = 4.109755e-02
  Batch 39: loss = 0.596733 | LR = 4.108502e-02
  Batch 40: loss = 0.858821 | LR = 4.107248e-02
  Batch 41: loss = 0.690586 | LR = 4.105993e-02
  Batch 42: loss = 0.653835 | LR = 4.104738e-02
  Batch 43: loss = 0.602033 | LR = 4.103482e-02
  Batch 44: loss = 0.818678 | LR = 4.102225e-02
  Batch 45: loss = 0.662400 | LR = 4.100968e-02
  Batch 46: loss = 0.737696 | LR = 4.099709e-02
  Batch 47: loss = 0.854745 | LR = 4.098451e-02
  Batch 48: loss = 0.708232 | LR = 4.097191e-02
Epoch 28: Average loss = 0.7454, Duration = 0.69s
  Batch 1: loss = 0.807870 | LR = 4.095931e-02
  Batch 2: loss = 0.706864 | LR = 4.094670e-02
  Batch 3: loss = 0.957159 | LR = 4.093409e-02
  Batch 4: loss = 0.633426 | LR = 4.092146e-02
  Batch 5: loss = 0.639039 | LR = 4.090883e-02
  Batch 6: loss = 0.613699 | LR = 4.089620e-02
  Batch 7: loss = 0.775960 | LR = 4.088356e-02
  Batch 8: loss = 0.981592 | LR = 4.087091e-02
  Batch 9: loss = 0.923097 | LR = 4.085825e-02
  Batch 10: loss = 0.904123 | LR = 4.084559e-02
  Batch 11: loss = 0.770954 | LR = 4.083292e-02
  Batch 12: loss = 0.773580 | LR = 4.082024e-02
  Batch 13: loss = 0.729281 | LR = 4.080756e-02
  Batch 14: loss = 0.623777 | LR = 4.079487e-02
  Batch 15: loss = 0.795259 | LR = 4.078217e-02
  Batch 16: loss = 0.666099 | LR = 4.076947e-02
  Batch 17: loss = 0.750463 | LR = 4.075675e-02
  Batch 18: loss = 0.670776 | LR = 4.074404e-02
  Batch 19: loss = 0.817037 | LR = 4.073131e-02
  Batch 20: loss = 0.785982 | LR = 4.071858e-02
  Batch 21: loss = 0.723862 | LR = 4.070584e-02
  Batch 22: loss = 0.669097 | LR = 4.069310e-02
  Batch 23: loss = 0.784697 | LR = 4.068035e-02
  Batch 24: loss = 0.771086 | LR = 4.066759e-02
  Batch 25: loss = 0.693471 | LR = 4.065483e-02
  Batch 26: loss = 0.651278 | LR = 4.064206e-02
  Batch 27: loss = 0.754179 | LR = 4.062928e-02
  Batch 28: loss = 0.831475 | LR = 4.061649e-02
  Batch 29: loss = 0.711037 | LR = 4.060370e-02
  Batch 30: loss = 0.699505 | LR = 4.059090e-02
  Batch 31: loss = 0.868336 | LR = 4.057810e-02
  Batch 32: loss = 0.743990 | LR = 4.056529e-02
  Batch 33: loss = 0.613132 | LR = 4.055247e-02
  Batch 34: loss = 0.731615 | LR = 4.053964e-02
  Batch 35: loss = 0.677086 | LR = 4.052681e-02
  Batch 36: loss = 0.780784 | LR = 4.051397e-02
  Batch 37: loss = 0.674433 | LR = 4.050113e-02
  Batch 38: loss = 0.807353 | LR = 4.048828e-02
  Batch 39: loss = 0.598655 | LR = 4.047542e-02
  Batch 40: loss = 0.803794 | LR = 4.046255e-02
  Batch 41: loss = 0.679473 | LR = 4.044968e-02
  Batch 42: loss = 0.672986 | LR = 4.043681e-02
  Batch 43: loss = 0.632821 | LR = 4.042392e-02
  Batch 44: loss = 0.724805 | LR = 4.041103e-02
  Batch 45: loss = 0.766040 | LR = 4.039813e-02
  Batch 46: loss = 0.615802 | LR = 4.038523e-02
  Batch 47: loss = 0.934459 | LR = 4.037232e-02
  Batch 48: loss = 0.761869 | LR = 4.035940e-02
Epoch 29: Average loss = 0.7438, Duration = 0.68s
  Batch 1: loss = 0.701247 | LR = 4.034647e-02
  Batch 2: loss = 0.718768 | LR = 4.033354e-02
  Batch 3: loss = 0.894387 | LR = 4.032061e-02
  Batch 4: loss = 0.741209 | LR = 4.030766e-02
  Batch 5: loss = 0.613689 | LR = 4.029471e-02
  Batch 6: loss = 0.602102 | LR = 4.028175e-02
  Batch 7: loss = 0.699544 | LR = 4.026879e-02
  Batch 8: loss = 0.796817 | LR = 4.025582e-02
  Batch 9: loss = 0.807292 | LR = 4.024284e-02
  Batch 10: loss = 0.728334 | LR = 4.022986e-02
  Batch 11: loss = 0.649635 | LR = 4.021687e-02
  Batch 12: loss = 0.634096 | LR = 4.020387e-02
  Batch 13: loss = 0.582833 | LR = 4.019087e-02
  Batch 14: loss = 0.616542 | LR = 4.017786e-02
  Batch 15: loss = 0.652411 | LR = 4.016485e-02
  Batch 16: loss = 0.695635 | LR = 4.015182e-02
  Batch 17: loss = 0.658866 | LR = 4.013879e-02
  Batch 18: loss = 0.635259 | LR = 4.012576e-02
  Batch 19: loss = 0.735616 | LR = 4.011272e-02
  Batch 20: loss = 0.730104 | LR = 4.009967e-02
  Batch 21: loss = 0.563743 | LR = 4.008661e-02
  Batch 22: loss = 0.782496 | LR = 4.007355e-02
  Batch 23: loss = 0.587864 | LR = 4.006048e-02
  Batch 24: loss = 0.647729 | LR = 4.004741e-02
  Batch 25: loss = 0.562635 | LR = 4.003433e-02
  Batch 26: loss = 0.740443 | LR = 4.002124e-02
  Batch 27: loss = 0.779319 | LR = 4.000815e-02
  Batch 28: loss = 0.766357 | LR = 3.999505e-02
  Batch 29: loss = 0.772973 | LR = 3.998194e-02
  Batch 30: loss = 0.723531 | LR = 3.996883e-02
  Batch 31: loss = 0.650896 | LR = 3.995571e-02
  Batch 32: loss = 0.750430 | LR = 3.994258e-02
  Batch 33: loss = 0.717390 | LR = 3.992945e-02
  Batch 34: loss = 0.531271 | LR = 3.991631e-02
  Batch 35: loss = 0.628989 | LR = 3.990317e-02
  Batch 36: loss = 0.685652 | LR = 3.989002e-02
  Batch 37: loss = 0.759360 | LR = 3.987686e-02
  Batch 38: loss = 0.763768 | LR = 3.986369e-02
  Batch 39: loss = 0.694622 | LR = 3.985052e-02
  Batch 40: loss = 0.684856 | LR = 3.983735e-02
  Batch 41: loss = 0.623084 | LR = 3.982416e-02
  Batch 42: loss = 0.760495 | LR = 3.981097e-02
  Batch 43: loss = 0.693647 | LR = 3.979778e-02
  Batch 44: loss = 0.691014 | LR = 3.978458e-02
  Batch 45: loss = 0.852696 | LR = 3.977137e-02
  Batch 46: loss = 0.655272 | LR = 3.975815e-02
  Batch 47: loss = 0.836704 | LR = 3.974493e-02
  Batch 48: loss = 0.763930 | LR = 3.973170e-02
Epoch 30: Average loss = 0.6993, Duration = 0.70s
  Batch 1: loss = 0.672653 | LR = 3.971847e-02
  Batch 2: loss = 0.551535 | LR = 3.970523e-02
  Batch 3: loss = 0.748967 | LR = 3.969198e-02
  Batch 4: loss = 0.694604 | LR = 3.967873e-02
  Batch 5: loss = 0.663780 | LR = 3.966547e-02
  Batch 6: loss = 0.691892 | LR = 3.965220e-02
  Batch 7: loss = 0.659072 | LR = 3.963893e-02
  Batch 8: loss = 0.588419 | LR = 3.962565e-02
  Batch 9: loss = 0.936050 | LR = 3.961237e-02
  Batch 10: loss = 0.644410 | LR = 3.959908e-02
  Batch 11: loss = 0.847661 | LR = 3.958578e-02
  Batch 12: loss = 0.743935 | LR = 3.957248e-02
  Batch 13: loss = 0.556601 | LR = 3.955917e-02
  Batch 14: loss = 0.647971 | LR = 3.954585e-02
  Batch 15: loss = 0.707507 | LR = 3.953253e-02
  Batch 16: loss = 0.609478 | LR = 3.951920e-02
  Batch 17: loss = 0.644584 | LR = 3.950587e-02
  Batch 18: loss = 0.617904 | LR = 3.949253e-02
  Batch 19: loss = 0.827355 | LR = 3.947918e-02
  Batch 20: loss = 0.731265 | LR = 3.946583e-02
  Batch 21: loss = 0.608486 | LR = 3.945247e-02
  Batch 22: loss = 0.814579 | LR = 3.943910e-02
  Batch 23: loss = 0.637663 | LR = 3.942573e-02
  Batch 24: loss = 0.802115 | LR = 3.941235e-02
  Batch 25: loss = 0.682148 | LR = 3.939897e-02
  Batch 26: loss = 0.638125 | LR = 3.938558e-02
  Batch 27: loss = 0.682547 | LR = 3.937218e-02
  Batch 28: loss = 0.673887 | LR = 3.935878e-02
  Batch 29: loss = 0.694571 | LR = 3.934537e-02
  Batch 30: loss = 0.564532 | LR = 3.933196e-02
  Batch 31: loss = 0.595110 | LR = 3.931854e-02
  Batch 32: loss = 0.680993 | LR = 3.930511e-02
  Batch 33: loss = 0.682789 | LR = 3.929168e-02
  Batch 34: loss = 0.607446 | LR = 3.927824e-02
  Batch 35: loss = 0.618166 | LR = 3.926479e-02
  Batch 36: loss = 0.569681 | LR = 3.925134e-02
  Batch 37: loss = 0.675640 | LR = 3.923788e-02
  Batch 38: loss = 0.802353 | LR = 3.922442e-02
  Batch 39: loss = 0.744398 | LR = 3.921095e-02
  Batch 40: loss = 0.804991 | LR = 3.919747e-02
  Batch 41: loss = 0.661452 | LR = 3.918399e-02
  Batch 42: loss = 0.666031 | LR = 3.917050e-02
  Batch 43: loss = 0.521724 | LR = 3.915701e-02
  Batch 44: loss = 0.466081 | LR = 3.914351e-02
  Batch 45: loss = 0.601505 | LR = 3.913000e-02
  Batch 46: loss = 0.635280 | LR = 3.911649e-02
  Batch 47: loss = 0.869893 | LR = 3.910297e-02
  Batch 48: loss = 0.722172 | LR = 3.908944e-02
Epoch 31: Average loss = 0.6773, Duration = 0.70s
  Batch 1: loss = 0.774844 | LR = 3.907591e-02
  Batch 2: loss = 0.556180 | LR = 3.906238e-02
  Batch 3: loss = 0.816468 | LR = 3.904883e-02
  Batch 4: loss = 0.626526 | LR = 3.903528e-02
  Batch 5: loss = 0.617217 | LR = 3.902173e-02
  Batch 6: loss = 0.692181 | LR = 3.900817e-02
  Batch 7: loss = 0.619650 | LR = 3.899460e-02
  Batch 8: loss = 0.674119 | LR = 3.898103e-02
  Batch 9: loss = 0.875896 | LR = 3.896745e-02
  Batch 10: loss = 0.613634 | LR = 3.895387e-02
  Batch 11: loss = 0.697562 | LR = 3.894027e-02
  Batch 12: loss = 0.496692 | LR = 3.892668e-02
  Batch 13: loss = 0.630556 | LR = 3.891308e-02
  Batch 14: loss = 0.624298 | LR = 3.889947e-02
  Batch 15: loss = 0.699620 | LR = 3.888585e-02
  Batch 16: loss = 0.603943 | LR = 3.887223e-02
  Batch 17: loss = 0.644984 | LR = 3.885860e-02
  Batch 18: loss = 0.543726 | LR = 3.884497e-02
  Batch 19: loss = 0.651826 | LR = 3.883133e-02
  Batch 20: loss = 0.663115 | LR = 3.881769e-02
  Batch 21: loss = 0.636677 | LR = 3.880404e-02
  Batch 22: loss = 0.706799 | LR = 3.879038e-02
  Batch 23: loss = 0.566741 | LR = 3.877672e-02
  Batch 24: loss = 0.711581 | LR = 3.876305e-02
  Batch 25: loss = 0.714946 | LR = 3.874938e-02
  Batch 26: loss = 0.679299 | LR = 3.873570e-02
  Batch 27: loss = 0.617428 | LR = 3.872201e-02
  Batch 28: loss = 0.646925 | LR = 3.870832e-02
  Batch 29: loss = 0.748243 | LR = 3.869462e-02
  Batch 30: loss = 0.606981 | LR = 3.868092e-02
  Batch 31: loss = 0.643929 | LR = 3.866721e-02
  Batch 32: loss = 0.721830 | LR = 3.865349e-02
  Batch 33: loss = 0.665598 | LR = 3.863977e-02
  Batch 34: loss = 0.568855 | LR = 3.862605e-02
  Batch 35: loss = 0.569646 | LR = 3.861231e-02
  Batch 36: loss = 0.466936 | LR = 3.859857e-02
  Batch 37: loss = 0.596893 | LR = 3.858483e-02
  Batch 38: loss = 0.670263 | LR = 3.857108e-02
  Batch 39: loss = 0.502617 | LR = 3.855732e-02
  Batch 40: loss = 0.647669 | LR = 3.854356e-02
  Batch 41: loss = 0.475358 | LR = 3.852979e-02
  Batch 42: loss = 0.623393 | LR = 3.851602e-02
  Batch 43: loss = 0.695395 | LR = 3.850224e-02
  Batch 44: loss = 0.537001 | LR = 3.848846e-02
  Batch 45: loss = 0.732308 | LR = 3.847466e-02
  Batch 46: loss = 0.584544 | LR = 3.846087e-02
  Batch 47: loss = 0.726746 | LR = 3.844707e-02
  Batch 48: loss = 0.555173 | LR = 3.843326e-02
Epoch 32: Average loss = 0.6405, Duration = 0.69s
  Batch 1: loss = 0.702955 | LR = 3.841944e-02
  Batch 2: loss = 0.642918 | LR = 3.840562e-02
  Batch 3: loss = 0.667358 | LR = 3.839180e-02
  Batch 4: loss = 0.703148 | LR = 3.837797e-02
  Batch 5: loss = 0.441942 | LR = 3.836413e-02
  Batch 6: loss = 0.671573 | LR = 3.835029e-02
  Batch 7: loss = 0.545753 | LR = 3.833644e-02
  Batch 8: loss = 0.604349 | LR = 3.832258e-02
  Batch 9: loss = 0.834858 | LR = 3.830872e-02
  Batch 10: loss = 0.764109 | LR = 3.829486e-02
  Batch 11: loss = 0.724720 | LR = 3.828099e-02
  Batch 12: loss = 0.691148 | LR = 3.826711e-02
  Batch 13: loss = 0.605616 | LR = 3.825323e-02
  Batch 14: loss = 0.695454 | LR = 3.823934e-02
  Batch 15: loss = 0.752998 | LR = 3.822545e-02
  Batch 16: loss = 0.622083 | LR = 3.821155e-02
  Batch 17: loss = 0.642036 | LR = 3.819764e-02
  Batch 18: loss = 0.677169 | LR = 3.818373e-02
  Batch 19: loss = 0.777676 | LR = 3.816981e-02
  Batch 20: loss = 0.628854 | LR = 3.815589e-02
  Batch 21: loss = 0.698138 | LR = 3.814196e-02
  Batch 22: loss = 0.721220 | LR = 3.812803e-02
  Batch 23: loss = 0.634998 | LR = 3.811409e-02
  Batch 24: loss = 0.643937 | LR = 3.810014e-02
  Batch 25: loss = 0.655803 | LR = 3.808619e-02
  Batch 26: loss = 0.673007 | LR = 3.807224e-02
  Batch 27: loss = 0.617463 | LR = 3.805827e-02
  Batch 28: loss = 0.548394 | LR = 3.804431e-02
  Batch 29: loss = 0.695439 | LR = 3.803033e-02
  Batch 30: loss = 0.669093 | LR = 3.801636e-02
  Batch 31: loss = 0.584977 | LR = 3.800237e-02
  Batch 32: loss = 0.679874 | LR = 3.798838e-02
  Batch 33: loss = 0.696171 | LR = 3.797439e-02
  Batch 34: loss = 0.662056 | LR = 3.796039e-02
  Batch 35: loss = 0.645100 | LR = 3.794638e-02
  Batch 36: loss = 0.716674 | LR = 3.793237e-02
  Batch 37: loss = 0.585506 | LR = 3.791835e-02
  Batch 38: loss = 0.829562 | LR = 3.790433e-02
  Batch 39: loss = 0.629777 | LR = 3.789030e-02
  Batch 40: loss = 0.742500 | LR = 3.787626e-02
  Batch 41: loss = 0.460066 | LR = 3.786222e-02
  Batch 42: loss = 0.805574 | LR = 3.784818e-02
  Batch 43: loss = 0.639715 | LR = 3.783413e-02
  Batch 44: loss = 0.681699 | LR = 3.782007e-02
  Batch 45: loss = 0.669640 | LR = 3.780601e-02
  Batch 46: loss = 0.658506 | LR = 3.779194e-02
  Batch 47: loss = 0.816270 | LR = 3.777787e-02
  Batch 48: loss = 0.667571 | LR = 3.776379e-02
Epoch 33: Average loss = 0.6693, Duration = 0.68s
  Batch 1: loss = 0.769352 | LR = 3.774971e-02
  Batch 2: loss = 0.654265 | LR = 3.773562e-02
  Batch 3: loss = 0.670992 | LR = 3.772152e-02
  Batch 4: loss = 0.650770 | LR = 3.770742e-02
  Batch 5: loss = 0.602193 | LR = 3.769332e-02
  Batch 6: loss = 0.668884 | LR = 3.767921e-02
  Batch 7: loss = 0.682017 | LR = 3.766509e-02
  Batch 8: loss = 0.602506 | LR = 3.765097e-02
  Batch 9: loss = 0.848559 | LR = 3.763684e-02
  Batch 10: loss = 0.573827 | LR = 3.762271e-02
  Batch 11: loss = 0.678169 | LR = 3.760857e-02
  Batch 12: loss = 0.554485 | LR = 3.759443e-02
  Batch 13: loss = 0.519780 | LR = 3.758028e-02
  Batch 14: loss = 0.605304 | LR = 3.756612e-02
  Batch 15: loss = 0.600895 | LR = 3.755197e-02
  Batch 16: loss = 0.576220 | LR = 3.753780e-02
  Batch 17: loss = 0.663891 | LR = 3.752363e-02
  Batch 18: loss = 0.551170 | LR = 3.750945e-02
  Batch 19: loss = 0.640177 | LR = 3.749527e-02
  Batch 20: loss = 0.548505 | LR = 3.748109e-02
  Batch 21: loss = 0.681283 | LR = 3.746689e-02
  Batch 22: loss = 0.531761 | LR = 3.745270e-02
  Batch 23: loss = 0.704656 | LR = 3.743849e-02
  Batch 24: loss = 0.638821 | LR = 3.742429e-02
  Batch 25: loss = 0.680910 | LR = 3.741007e-02
  Batch 26: loss = 0.634967 | LR = 3.739585e-02
  Batch 27: loss = 0.674866 | LR = 3.738163e-02
  Batch 28: loss = 0.714052 | LR = 3.736740e-02
  Batch 29: loss = 0.658259 | LR = 3.735317e-02
  Batch 30: loss = 0.644917 | LR = 3.733893e-02
  Batch 31: loss = 0.619534 | LR = 3.732468e-02
  Batch 32: loss = 0.538955 | LR = 3.731043e-02
  Batch 33: loss = 0.454701 | LR = 3.729617e-02
  Batch 34: loss = 0.474774 | LR = 3.728191e-02
  Batch 35: loss = 0.616574 | LR = 3.726765e-02
  Batch 36: loss = 0.571438 | LR = 3.725338e-02
  Batch 37: loss = 0.667011 | LR = 3.723910e-02
  Batch 38: loss = 0.876588 | LR = 3.722482e-02
  Batch 39: loss = 0.609321 | LR = 3.721053e-02
  Batch 40: loss = 0.679583 | LR = 3.719624e-02
  Batch 41: loss = 0.424757 | LR = 3.718194e-02
  Batch 42: loss = 0.636526 | LR = 3.716764e-02
  Batch 43: loss = 0.527685 | LR = 3.715333e-02
  Batch 44: loss = 0.551468 | LR = 3.713901e-02
  Batch 45: loss = 0.598414 | LR = 3.712470e-02
  Batch 46: loss = 0.415664 | LR = 3.711037e-02
  Batch 47: loss = 0.578980 | LR = 3.709604e-02
  Batch 48: loss = 0.511969 | LR = 3.708171e-02
Epoch 34: Average loss = 0.6163, Duration = 0.71s
  Batch 1: loss = 0.702171 | LR = 3.706737e-02
  Batch 2: loss = 0.525334 | LR = 3.705303e-02
  Batch 3: loss = 0.701422 | LR = 3.703868e-02
  Batch 4: loss = 0.650554 | LR = 3.702432e-02
  Batch 5: loss = 0.557364 | LR = 3.700996e-02
  Batch 6: loss = 0.657362 | LR = 3.699560e-02
  Batch 7: loss = 0.456365 | LR = 3.698122e-02
  Batch 8: loss = 0.555154 | LR = 3.696685e-02
  Batch 9: loss = 0.580114 | LR = 3.695247e-02
  Batch 10: loss = 0.631256 | LR = 3.693808e-02
  Batch 11: loss = 0.592919 | LR = 3.692369e-02
  Batch 12: loss = 0.575591 | LR = 3.690930e-02
  Batch 13: loss = 0.561314 | LR = 3.689489e-02
  Batch 14: loss = 0.656449 | LR = 3.688049e-02
  Batch 15: loss = 0.747916 | LR = 3.686608e-02
  Batch 16: loss = 0.560921 | LR = 3.685166e-02
  Batch 17: loss = 0.473147 | LR = 3.683724e-02
  Batch 18: loss = 0.563014 | LR = 3.682281e-02
  Batch 19: loss = 0.644772 | LR = 3.680838e-02
  Batch 20: loss = 0.629676 | LR = 3.679394e-02
  Batch 21: loss = 0.605889 | LR = 3.677950e-02
  Batch 22: loss = 0.696922 | LR = 3.676506e-02
  Batch 23: loss = 0.521707 | LR = 3.675060e-02
  Batch 24: loss = 0.519886 | LR = 3.673615e-02
  Batch 25: loss = 0.702082 | LR = 3.672168e-02
  Batch 26: loss = 0.592233 | LR = 3.670722e-02
  Batch 27: loss = 0.703341 | LR = 3.669275e-02
  Batch 28: loss = 0.699346 | LR = 3.667827e-02
  Batch 29: loss = 0.584559 | LR = 3.666379e-02
  Batch 30: loss = 0.599722 | LR = 3.664930e-02
  Batch 31: loss = 0.666656 | LR = 3.663481e-02
  Batch 32: loss = 0.623889 | LR = 3.662031e-02
  Batch 33: loss = 0.581617 | LR = 3.660581e-02
  Batch 34: loss = 0.644917 | LR = 3.659130e-02
  Batch 35: loss = 0.473989 | LR = 3.657679e-02
  Batch 36: loss = 0.516115 | LR = 3.656227e-02
  Batch 37: loss = 0.600281 | LR = 3.654775e-02
  Batch 38: loss = 0.700490 | LR = 3.653322e-02
  Batch 39: loss = 0.619550 | LR = 3.651869e-02
  Batch 40: loss = 0.590197 | LR = 3.650415e-02
  Batch 41: loss = 0.636429 | LR = 3.648961e-02
  Batch 42: loss = 0.497512 | LR = 3.647507e-02
  Batch 43: loss = 0.469618 | LR = 3.646051e-02
  Batch 44: loss = 0.603102 | LR = 3.644596e-02
  Batch 45: loss = 0.505952 | LR = 3.643140e-02
  Batch 46: loss = 0.516203 | LR = 3.641683e-02
  Batch 47: loss = 0.644405 | LR = 3.640226e-02
  Batch 48: loss = 0.594011 | LR = 3.638768e-02
Epoch 35: Average loss = 0.5986, Duration = 0.75s
  Batch 1: loss = 0.572174 | LR = 3.637310e-02
  Batch 2: loss = 0.569961 | LR = 3.635852e-02
  Batch 3: loss = 0.525345 | LR = 3.634393e-02
  Batch 4: loss = 0.707007 | LR = 3.632933e-02
  Batch 5: loss = 0.533923 | LR = 3.631473e-02
  Batch 6: loss = 0.549475 | LR = 3.630012e-02
  Batch 7: loss = 0.459679 | LR = 3.628551e-02
  Batch 8: loss = 0.497922 | LR = 3.627090e-02
  Batch 9: loss = 0.736765 | LR = 3.625628e-02
  Batch 10: loss = 0.608965 | LR = 3.624165e-02
  Batch 11: loss = 0.665748 | LR = 3.622703e-02
  Batch 12: loss = 0.626149 | LR = 3.621239e-02
  Batch 13: loss = 0.478319 | LR = 3.619775e-02
  Batch 14: loss = 0.591906 | LR = 3.618311e-02
  Batch 15: loss = 0.566604 | LR = 3.616846e-02
  Batch 16: loss = 0.534002 | LR = 3.615381e-02
  Batch 17: loss = 0.576588 | LR = 3.613915e-02
  Batch 18: loss = 0.609330 | LR = 3.612448e-02
  Batch 19: loss = 0.680292 | LR = 3.610982e-02
  Batch 20: loss = 0.554555 | LR = 3.609514e-02
  Batch 21: loss = 0.526578 | LR = 3.608047e-02
  Batch 22: loss = 0.585147 | LR = 3.606578e-02
  Batch 23: loss = 0.607030 | LR = 3.605110e-02
  Batch 24: loss = 0.470492 | LR = 3.603641e-02
  Batch 25: loss = 0.585658 | LR = 3.602171e-02
  Batch 26: loss = 0.523320 | LR = 3.600701e-02
  Batch 27: loss = 0.730007 | LR = 3.599230e-02
  Batch 28: loss = 0.656795 | LR = 3.597759e-02
  Batch 29: loss = 0.595205 | LR = 3.596288e-02
  Batch 30: loss = 0.544248 | LR = 3.594816e-02
  Batch 31: loss = 0.512232 | LR = 3.593343e-02
  Batch 32: loss = 0.493668 | LR = 3.591870e-02
  Batch 33: loss = 0.508738 | LR = 3.590397e-02
  Batch 34: loss = 0.501729 | LR = 3.588923e-02
  Batch 35: loss = 0.406460 | LR = 3.587449e-02
  Batch 36: loss = 0.487517 | LR = 3.585974e-02
  Batch 37: loss = 0.487010 | LR = 3.584499e-02
  Batch 38: loss = 0.747766 | LR = 3.583023e-02
  Batch 39: loss = 0.491144 | LR = 3.581547e-02
  Batch 40: loss = 0.662102 | LR = 3.580070e-02
  Batch 41: loss = 0.594631 | LR = 3.578593e-02
  Batch 42: loss = 0.578661 | LR = 3.577115e-02
  Batch 43: loss = 0.478915 | LR = 3.575637e-02
  Batch 44: loss = 0.514598 | LR = 3.574159e-02
  Batch 45: loss = 0.652320 | LR = 3.572680e-02
  Batch 46: loss = 0.576467 | LR = 3.571200e-02
  Batch 47: loss = 0.773640 | LR = 3.569720e-02
  Batch 48: loss = 0.611967 | LR = 3.568240e-02
Epoch 36: Average loss = 0.5739, Duration = 0.71s
  Batch 1: loss = 0.678364 | LR = 3.566759e-02
  Batch 2: loss = 0.664873 | LR = 3.565278e-02
  Batch 3: loss = 0.632681 | LR = 3.563796e-02
  Batch 4: loss = 0.634927 | LR = 3.562314e-02
  Batch 5: loss = 0.537726 | LR = 3.560831e-02
  Batch 6: loss = 0.573280 | LR = 3.559348e-02
  Batch 7: loss = 0.633060 | LR = 3.557865e-02
  Batch 8: loss = 0.677265 | LR = 3.556381e-02
  Batch 9: loss = 0.587563 | LR = 3.554896e-02
  Batch 10: loss = 0.752477 | LR = 3.553411e-02
  Batch 11: loss = 0.594934 | LR = 3.551926e-02
  Batch 12: loss = 0.559658 | LR = 3.550440e-02
  Batch 13: loss = 0.528294 | LR = 3.548954e-02
  Batch 14: loss = 0.511251 | LR = 3.547467e-02
  Batch 15: loss = 0.663487 | LR = 3.545980e-02
  Batch 16: loss = 0.571420 | LR = 3.544492e-02
  Batch 17: loss = 0.592311 | LR = 3.543004e-02
  Batch 18: loss = 0.566505 | LR = 3.541516e-02
  Batch 19: loss = 0.667359 | LR = 3.540027e-02
  Batch 20: loss = 0.570451 | LR = 3.538538e-02
  Batch 21: loss = 0.532851 | LR = 3.537048e-02
  Batch 22: loss = 0.493333 | LR = 3.535557e-02
  Batch 23: loss = 0.669518 | LR = 3.534067e-02
  Batch 24: loss = 0.460551 | LR = 3.532575e-02
  Batch 25: loss = 0.569121 | LR = 3.531084e-02
  Batch 26: loss = 0.592514 | LR = 3.529592e-02
  Batch 27: loss = 0.518669 | LR = 3.528099e-02
  Batch 28: loss = 0.644148 | LR = 3.526606e-02
  Batch 29: loss = 0.522816 | LR = 3.525113e-02
  Batch 30: loss = 0.475987 | LR = 3.523619e-02
  Batch 31: loss = 0.615889 | LR = 3.522125e-02
  Batch 32: loss = 0.545222 | LR = 3.520630e-02
  Batch 33: loss = 0.340147 | LR = 3.519135e-02
  Batch 34: loss = 0.500597 | LR = 3.517639e-02
  Batch 35: loss = 0.492497 | LR = 3.516143e-02
  Batch 36: loss = 0.540548 | LR = 3.514647e-02
  Batch 37: loss = 0.644040 | LR = 3.513150e-02
  Batch 38: loss = 0.530086 | LR = 3.511653e-02
  Batch 39: loss = 0.462375 | LR = 3.510155e-02
  Batch 40: loss = 0.635265 | LR = 3.508657e-02
  Batch 41: loss = 0.427054 | LR = 3.507158e-02
  Batch 42: loss = 0.454639 | LR = 3.505659e-02
  Batch 43: loss = 0.496616 | LR = 3.504160e-02
  Batch 44: loss = 0.405469 | LR = 3.502660e-02
  Batch 45: loss = 0.540427 | LR = 3.501159e-02
  Batch 46: loss = 0.454286 | LR = 3.499659e-02
  Batch 47: loss = 0.661162 | LR = 3.498157e-02
  Batch 48: loss = 0.584841 | LR = 3.496656e-02
Epoch 37: Average loss = 0.5627, Duration = 0.69s
  Batch 1: loss = 0.591160 | LR = 3.495154e-02
  Batch 2: loss = 0.413929 | LR = 3.493651e-02
  Batch 3: loss = 0.610206 | LR = 3.492148e-02
  Batch 4: loss = 0.571393 | LR = 3.490645e-02
  Batch 5: loss = 0.433187 | LR = 3.489141e-02
  Batch 6: loss = 0.529492 | LR = 3.487637e-02
  Batch 7: loss = 0.436540 | LR = 3.486132e-02
  Batch 8: loss = 0.584625 | LR = 3.484627e-02
  Batch 9: loss = 0.666862 | LR = 3.483122e-02
  Batch 10: loss = 0.638582 | LR = 3.481616e-02
  Batch 11: loss = 0.586379 | LR = 3.480110e-02
  Batch 12: loss = 0.469995 | LR = 3.478603e-02
  Batch 13: loss = 0.465820 | LR = 3.477096e-02
  Batch 14: loss = 0.561141 | LR = 3.475588e-02
  Batch 15: loss = 0.485759 | LR = 3.474080e-02
  Batch 16: loss = 0.615043 | LR = 3.472572e-02
  Batch 17: loss = 0.560492 | LR = 3.471063e-02
  Batch 18: loss = 0.496809 | LR = 3.469554e-02
  Batch 19: loss = 0.690997 | LR = 3.468044e-02
  Batch 20: loss = 0.530343 | LR = 3.466534e-02
  Batch 21: loss = 0.603334 | LR = 3.465024e-02
  Batch 22: loss = 0.578065 | LR = 3.463513e-02
  Batch 23: loss = 0.527417 | LR = 3.462001e-02
  Batch 24: loss = 0.460266 | LR = 3.460490e-02
  Batch 25: loss = 0.578062 | LR = 3.458978e-02
  Batch 26: loss = 0.549736 | LR = 3.457465e-02
  Batch 27: loss = 0.586313 | LR = 3.455952e-02
  Batch 28: loss = 0.627607 | LR = 3.454439e-02
  Batch 29: loss = 0.588339 | LR = 3.452925e-02
  Batch 30: loss = 0.547689 | LR = 3.451411e-02
  Batch 31: loss = 0.489704 | LR = 3.449896e-02
  Batch 32: loss = 0.629182 | LR = 3.448381e-02
  Batch 33: loss = 0.491595 | LR = 3.446866e-02
  Batch 34: loss = 0.517909 | LR = 3.445350e-02
  Batch 35: loss = 0.474900 | LR = 3.443834e-02
  Batch 36: loss = 0.452215 | LR = 3.442317e-02
  Batch 37: loss = 0.515602 | LR = 3.440800e-02
  Batch 38: loss = 0.638755 | LR = 3.439283e-02
  Batch 39: loss = 0.550791 | LR = 3.437765e-02
  Batch 40: loss = 0.455426 | LR = 3.436247e-02
  Batch 41: loss = 0.413935 | LR = 3.434728e-02
  Batch 42: loss = 0.475292 | LR = 3.433209e-02
  Batch 43: loss = 0.513594 | LR = 3.431689e-02
  Batch 44: loss = 0.580822 | LR = 3.430170e-02
  Batch 45: loss = 0.424865 | LR = 3.428649e-02
  Batch 46: loss = 0.489069 | LR = 3.427129e-02
  Batch 47: loss = 0.606867 | LR = 3.425608e-02
  Batch 48: loss = 0.549004 | LR = 3.424086e-02
Epoch 38: Average loss = 0.5386, Duration = 0.72s
  Batch 1: loss = 0.524091 | LR = 3.422564e-02
  Batch 2: loss = 0.596091 | LR = 3.421042e-02
  Batch 3: loss = 0.569868 | LR = 3.419520e-02
  Batch 4: loss = 0.621264 | LR = 3.417997e-02
  Batch 5: loss = 0.384167 | LR = 3.416473e-02
  Batch 6: loss = 0.500862 | LR = 3.414949e-02
  Batch 7: loss = 0.421080 | LR = 3.413425e-02
  Batch 8: loss = 0.597457 | LR = 3.411901e-02
  Batch 9: loss = 0.503336 | LR = 3.410376e-02
  Batch 10: loss = 0.548099 | LR = 3.408850e-02
  Batch 11: loss = 0.480802 | LR = 3.407324e-02
  Batch 12: loss = 0.541911 | LR = 3.405798e-02
  Batch 13: loss = 0.514929 | LR = 3.404272e-02
  Batch 14: loss = 0.424814 | LR = 3.402745e-02
  Batch 15: loss = 0.451371 | LR = 3.401218e-02
  Batch 16: loss = 0.567089 | LR = 3.399690e-02
  Batch 17: loss = 0.570070 | LR = 3.398162e-02
  Batch 18: loss = 0.466636 | LR = 3.396633e-02
  Batch 19: loss = 0.630799 | LR = 3.395104e-02
  Batch 20: loss = 0.520988 | LR = 3.393575e-02
  Batch 21: loss = 0.413016 | LR = 3.392046e-02
  Batch 22: loss = 0.518952 | LR = 3.390516e-02
  Batch 23: loss = 0.525297 | LR = 3.388985e-02
  Batch 24: loss = 0.435189 | LR = 3.387454e-02
  Batch 25: loss = 0.569133 | LR = 3.385923e-02
  Batch 26: loss = 0.505401 | LR = 3.384392e-02
  Batch 27: loss = 0.495629 | LR = 3.382860e-02
  Batch 28: loss = 0.752381 | LR = 3.381328e-02
  Batch 29: loss = 0.543980 | LR = 3.379795e-02
  Batch 30: loss = 0.467092 | LR = 3.378262e-02
  Batch 31: loss = 0.495612 | LR = 3.376728e-02
  Batch 32: loss = 0.476768 | LR = 3.375195e-02
  Batch 33: loss = 0.582437 | LR = 3.373660e-02
  Batch 34: loss = 0.474527 | LR = 3.372126e-02
  Batch 35: loss = 0.454984 | LR = 3.370591e-02
  Batch 36: loss = 0.546198 | LR = 3.369056e-02
  Batch 37: loss = 0.570690 | LR = 3.367520e-02
  Batch 38: loss = 0.614338 | LR = 3.365984e-02
  Batch 39: loss = 0.445948 | LR = 3.364448e-02
  Batch 40: loss = 0.465482 | LR = 3.362911e-02
  Batch 41: loss = 0.410088 | LR = 3.361374e-02
  Batch 42: loss = 0.585942 | LR = 3.359836e-02
  Batch 43: loss = 0.364231 | LR = 3.358298e-02
  Batch 44: loss = 0.474802 | LR = 3.356760e-02
  Batch 45: loss = 0.508736 | LR = 3.355221e-02
  Batch 46: loss = 0.502297 | LR = 3.353682e-02
  Batch 47: loss = 0.454097 | LR = 3.352143e-02
  Batch 48: loss = 0.449315 | LR = 3.350603e-02
Epoch 39: Average loss = 0.5112, Duration = 0.67s
  Batch 1: loss = 0.545451 | LR = 3.349063e-02
  Batch 2: loss = 0.504230 | LR = 3.347523e-02
  Batch 3: loss = 0.706349 | LR = 3.345982e-02
  Batch 4: loss = 0.531381 | LR = 3.344441e-02
  Batch 5: loss = 0.349939 | LR = 3.342899e-02
  Batch 6: loss = 0.438169 | LR = 3.341357e-02
  Batch 7: loss = 0.467067 | LR = 3.339815e-02
  Batch 8: loss = 0.558029 | LR = 3.338272e-02
  Batch 9: loss = 0.608359 | LR = 3.336729e-02
  Batch 10: loss = 0.469851 | LR = 3.335186e-02
  Batch 11: loss = 0.381687 | LR = 3.333642e-02
  Batch 12: loss = 0.564366 | LR = 3.332098e-02
  Batch 13: loss = 0.520579 | LR = 3.330554e-02
  Batch 14: loss = 0.506444 | LR = 3.329009e-02
  Batch 15: loss = 0.505487 | LR = 3.327464e-02
  Batch 16: loss = 0.452538 | LR = 3.325918e-02
  Batch 17: loss = 0.422208 | LR = 3.324373e-02
  Batch 18: loss = 0.576060 | LR = 3.322826e-02
  Batch 19: loss = 0.553745 | LR = 3.321280e-02
  Batch 20: loss = 0.434258 | LR = 3.319733e-02
  Batch 21: loss = 0.391665 | LR = 3.318186e-02
  Batch 22: loss = 0.405058 | LR = 3.316638e-02
  Batch 23: loss = 0.458642 | LR = 3.315090e-02
  Batch 24: loss = 0.539940 | LR = 3.313542e-02
  Batch 25: loss = 0.465730 | LR = 3.311993e-02
  Batch 26: loss = 0.499140 | LR = 3.310444e-02
  Batch 27: loss = 0.660900 | LR = 3.308895e-02
  Batch 28: loss = 0.553328 | LR = 3.307345e-02
  Batch 29: loss = 0.412866 | LR = 3.305795e-02
  Batch 30: loss = 0.480532 | LR = 3.304245e-02
  Batch 31: loss = 0.362048 | LR = 3.302694e-02
  Batch 32: loss = 0.418216 | LR = 3.301143e-02
  Batch 33: loss = 0.427275 | LR = 3.299592e-02
  Batch 34: loss = 0.510009 | LR = 3.298040e-02
  Batch 35: loss = 0.422614 | LR = 3.296488e-02
  Batch 36: loss = 0.535497 | LR = 3.294935e-02
  Batch 37: loss = 0.417133 | LR = 3.293382e-02
  Batch 38: loss = 0.497071 | LR = 3.291829e-02
  Batch 39: loss = 0.608709 | LR = 3.290276e-02
  Batch 40: loss = 0.507358 | LR = 3.288722e-02
  Batch 41: loss = 0.453446 | LR = 3.287168e-02
  Batch 42: loss = 0.517888 | LR = 3.285613e-02
  Batch 43: loss = 0.388297 | LR = 3.284059e-02
  Batch 44: loss = 0.571509 | LR = 3.282503e-02
  Batch 45: loss = 0.394443 | LR = 3.280948e-02
  Batch 46: loss = 0.524783 | LR = 3.279392e-02
  Batch 47: loss = 0.516262 | LR = 3.277836e-02
  Batch 48: loss = 0.453799 | LR = 3.276279e-02
Epoch 40: Average loss = 0.4894, Duration = 0.66s
  Batch 1: loss = 0.538685 | LR = 3.274723e-02
  Batch 2: loss = 0.448260 | LR = 3.273165e-02
  Batch 3: loss = 0.515739 | LR = 3.271608e-02
  Batch 4: loss = 0.607894 | LR = 3.270050e-02
  Batch 5: loss = 0.488126 | LR = 3.268492e-02
  Batch 6: loss = 0.498937 | LR = 3.266933e-02
  Batch 7: loss = 0.422737 | LR = 3.265375e-02
  Batch 8: loss = 0.515445 | LR = 3.263816e-02
  Batch 9: loss = 0.525741 | LR = 3.262256e-02
  Batch 10: loss = 0.407141 | LR = 3.260696e-02
  Batch 11: loss = 0.449543 | LR = 3.259136e-02
  Batch 12: loss = 0.441061 | LR = 3.257576e-02
  Batch 13: loss = 0.506282 | LR = 3.256015e-02
  Batch 14: loss = 0.498624 | LR = 3.254454e-02
  Batch 15: loss = 0.583750 | LR = 3.252892e-02
  Batch 16: loss = 0.456632 | LR = 3.251331e-02
  Batch 17: loss = 0.639306 | LR = 3.249769e-02
  Batch 18: loss = 0.527869 | LR = 3.248206e-02
  Batch 19: loss = 0.520951 | LR = 3.246643e-02
  Batch 20: loss = 0.587882 | LR = 3.245080e-02
  Batch 21: loss = 0.538005 | LR = 3.243517e-02
  Batch 22: loss = 0.513469 | LR = 3.241953e-02
  Batch 23: loss = 0.497880 | LR = 3.240389e-02
  Batch 24: loss = 0.437772 | LR = 3.238825e-02
  Batch 25: loss = 0.427243 | LR = 3.237261e-02
  Batch 26: loss = 0.419509 | LR = 3.235696e-02
  Batch 27: loss = 0.475734 | LR = 3.234130e-02
  Batch 28: loss = 0.514976 | LR = 3.232565e-02
  Batch 29: loss = 0.376876 | LR = 3.230999e-02
  Batch 30: loss = 0.571337 | LR = 3.229433e-02
  Batch 31: loss = 0.492010 | LR = 3.227866e-02
  Batch 32: loss = 0.386472 | LR = 3.226299e-02
  Batch 33: loss = 0.443080 | LR = 3.224732e-02
  Batch 34: loss = 0.347650 | LR = 3.223165e-02
  Batch 35: loss = 0.361088 | LR = 3.221597e-02
  Batch 36: loss = 0.540072 | LR = 3.220029e-02
  Batch 37: loss = 0.470371 | LR = 3.218461e-02
  Batch 38: loss = 0.561855 | LR = 3.216892e-02
  Batch 39: loss = 0.416317 | LR = 3.215323e-02
  Batch 40: loss = 0.500871 | LR = 3.213754e-02
  Batch 41: loss = 0.355848 | LR = 3.212184e-02
  Batch 42: loss = 0.405848 | LR = 3.210614e-02
  Batch 43: loss = 0.491707 | LR = 3.209044e-02
  Batch 44: loss = 0.402756 | LR = 3.207473e-02
  Batch 45: loss = 0.484514 | LR = 3.205903e-02
  Batch 46: loss = 0.376068 | LR = 3.204331e-02
  Batch 47: loss = 0.587890 | LR = 3.202760e-02
  Batch 48: loss = 0.499695 | LR = 3.201188e-02
Epoch 41: Average loss = 0.4808, Duration = 0.69s
  Batch 1: loss = 0.494846 | LR = 3.199616e-02
  Batch 2: loss = 0.374776 | LR = 3.198044e-02
  Batch 3: loss = 0.665889 | LR = 3.196471e-02
  Batch 4: loss = 0.536848 | LR = 3.194898e-02
  Batch 5: loss = 0.476509 | LR = 3.193325e-02
  Batch 6: loss = 0.689123 | LR = 3.191752e-02
  Batch 7: loss = 0.400768 | LR = 3.190178e-02
  Batch 8: loss = 0.440307 | LR = 3.188604e-02
  Batch 9: loss = 0.603183 | LR = 3.187029e-02
  Batch 10: loss = 0.444655 | LR = 3.185455e-02
  Batch 11: loss = 0.359555 | LR = 3.183880e-02
  Batch 12: loss = 0.381612 | LR = 3.182304e-02
  Batch 13: loss = 0.415060 | LR = 3.180729e-02
  Batch 14: loss = 0.417376 | LR = 3.179153e-02
  Batch 15: loss = 0.414295 | LR = 3.177577e-02
  Batch 16: loss = 0.412118 | LR = 3.176000e-02
  Batch 17: loss = 0.477294 | LR = 3.174423e-02
  Batch 18: loss = 0.405152 | LR = 3.172846e-02
  Batch 19: loss = 0.409856 | LR = 3.171269e-02
  Batch 20: loss = 0.485500 | LR = 3.169691e-02
  Batch 21: loss = 0.530317 | LR = 3.168113e-02
  Batch 22: loss = 0.420012 | LR = 3.166535e-02
  Batch 23: loss = 0.506916 | LR = 3.164957e-02
  Batch 24: loss = 0.441244 | LR = 3.163378e-02
  Batch 25: loss = 0.479716 | LR = 3.161799e-02
  Batch 26: loss = 0.316493 | LR = 3.160220e-02
  Batch 27: loss = 0.485493 | LR = 3.158640e-02
  Batch 28: loss = 0.550452 | LR = 3.157060e-02
  Batch 29: loss = 0.382561 | LR = 3.155480e-02
  Batch 30: loss = 0.406240 | LR = 3.153900e-02
  Batch 31: loss = 0.365649 | LR = 3.152319e-02
  Batch 32: loss = 0.460000 | LR = 3.150738e-02
  Batch 33: loss = 0.341445 | LR = 3.149156e-02
  Batch 34: loss = 0.374354 | LR = 3.147575e-02
  Batch 35: loss = 0.357553 | LR = 3.145993e-02
  Batch 36: loss = 0.415664 | LR = 3.144411e-02
  Batch 37: loss = 0.527622 | LR = 3.142828e-02
  Batch 38: loss = 0.480064 | LR = 3.141246e-02
  Batch 39: loss = 0.423852 | LR = 3.139663e-02
  Batch 40: loss = 0.494686 | LR = 3.138080e-02
  Batch 41: loss = 0.301389 | LR = 3.136496e-02
  Batch 42: loss = 0.499354 | LR = 3.134912e-02
  Batch 43: loss = 0.358790 | LR = 3.133328e-02
  Batch 44: loss = 0.394982 | LR = 3.131744e-02
  Batch 45: loss = 0.415203 | LR = 3.130159e-02
  Batch 46: loss = 0.440732 | LR = 3.128574e-02
  Batch 47: loss = 0.426352 | LR = 3.126989e-02
  Batch 48: loss = 0.434146 | LR = 3.125404e-02
Epoch 42: Average loss = 0.4445, Duration = 0.77s
  Batch 1: loss = 0.364082 | LR = 3.123818e-02
  Batch 2: loss = 0.426435 | LR = 3.122232e-02
  Batch 3: loss = 0.459392 | LR = 3.120646e-02
  Batch 4: loss = 0.434566 | LR = 3.119060e-02
  Batch 5: loss = 0.309466 | LR = 3.117473e-02
  Batch 6: loss = 0.388233 | LR = 3.115886e-02
  Batch 7: loss = 0.393371 | LR = 3.114299e-02
  Batch 8: loss = 0.407309 | LR = 3.112711e-02
  Batch 9: loss = 0.652908 | LR = 3.111123e-02
  Batch 10: loss = 0.367112 | LR = 3.109535e-02
  Batch 11: loss = 0.546324 | LR = 3.107947e-02
  Batch 12: loss = 0.315291 | LR = 3.106358e-02
  Batch 13: loss = 0.367271 | LR = 3.104769e-02
  Batch 14: loss = 0.417575 | LR = 3.103180e-02
  Batch 15: loss = 0.446226 | LR = 3.101591e-02
  Batch 16: loss = 0.360690 | LR = 3.100001e-02
  Batch 17: loss = 0.358179 | LR = 3.098411e-02
  Batch 18: loss = 0.393482 | LR = 3.096821e-02
  Batch 19: loss = 0.560374 | LR = 3.095231e-02
  Batch 20: loss = 0.525602 | LR = 3.093640e-02
  Batch 21: loss = 0.413909 | LR = 3.092049e-02
  Batch 22: loss = 0.391084 | LR = 3.090458e-02
  Batch 23: loss = 0.303999 | LR = 3.088867e-02
  Batch 24: loss = 0.414133 | LR = 3.087275e-02
  Batch 25: loss = 0.505617 | LR = 3.085683e-02
  Batch 26: loss = 0.379503 | LR = 3.084091e-02
  Batch 27: loss = 0.328641 | LR = 3.082499e-02
  Batch 28: loss = 0.383536 | LR = 3.080906e-02
  Batch 29: loss = 0.495488 | LR = 3.079313e-02
  Batch 30: loss = 0.430119 | LR = 3.077720e-02
  Batch 31: loss = 0.350947 | LR = 3.076127e-02
  Batch 32: loss = 0.533852 | LR = 3.074533e-02
  Batch 33: loss = 0.493036 | LR = 3.072939e-02
  Batch 34: loss = 0.478642 | LR = 3.071345e-02
  Batch 35: loss = 0.401455 | LR = 3.069750e-02
  Batch 36: loss = 0.519275 | LR = 3.068156e-02
  Batch 37: loss = 0.417177 | LR = 3.066561e-02
  Batch 38: loss = 0.506911 | LR = 3.064966e-02
  Batch 39: loss = 0.354659 | LR = 3.063370e-02
  Batch 40: loss = 0.467374 | LR = 3.061775e-02
  Batch 41: loss = 0.363102 | LR = 3.060179e-02
  Batch 42: loss = 0.359311 | LR = 3.058583e-02
  Batch 43: loss = 0.408698 | LR = 3.056987e-02
  Batch 44: loss = 0.479302 | LR = 3.055390e-02
  Batch 45: loss = 0.507881 | LR = 3.053793e-02
  Batch 46: loss = 0.365603 | LR = 3.052196e-02
  Batch 47: loss = 0.358284 | LR = 3.050599e-02
  Batch 48: loss = 0.414139 | LR = 3.049001e-02
Epoch 43: Average loss = 0.4233, Duration = 0.71s
  Batch 1: loss = 0.446938 | LR = 3.047404e-02
  Batch 2: loss = 0.284057 | LR = 3.045806e-02
  Batch 3: loss = 0.400794 | LR = 3.044207e-02
  Batch 4: loss = 0.377760 | LR = 3.042609e-02
  Batch 5: loss = 0.390822 | LR = 3.041010e-02
  Batch 6: loss = 0.454902 | LR = 3.039411e-02
  Batch 7: loss = 0.346998 | LR = 3.037812e-02
  Batch 8: loss = 0.448920 | LR = 3.036213e-02
  Batch 9: loss = 0.487610 | LR = 3.034613e-02
  Batch 10: loss = 0.389825 | LR = 3.033013e-02
  Batch 11: loss = 0.484206 | LR = 3.031413e-02
  Batch 12: loss = 0.490405 | LR = 3.029813e-02
  Batch 13: loss = 0.386963 | LR = 3.028212e-02
  Batch 14: loss = 0.403126 | LR = 3.026612e-02
  Batch 15: loss = 0.490234 | LR = 3.025011e-02
  Batch 16: loss = 0.453455 | LR = 3.023409e-02
  Batch 17: loss = 0.484316 | LR = 3.021808e-02
  Batch 18: loss = 0.439454 | LR = 3.020206e-02
  Batch 19: loss = 0.465594 | LR = 3.018604e-02
  Batch 20: loss = 0.441547 | LR = 3.017002e-02
  Batch 21: loss = 0.411476 | LR = 3.015400e-02
  Batch 22: loss = 0.452180 | LR = 3.013798e-02
  Batch 23: loss = 0.488388 | LR = 3.012195e-02
  Batch 24: loss = 0.430404 | LR = 3.010592e-02
  Batch 25: loss = 0.502543 | LR = 3.008989e-02
  Batch 26: loss = 0.474902 | LR = 3.007385e-02
  Batch 27: loss = 0.424024 | LR = 3.005782e-02
  Batch 28: loss = 0.470939 | LR = 3.004178e-02
  Batch 29: loss = 0.449571 | LR = 3.002574e-02
  Batch 30: loss = 0.540367 | LR = 3.000969e-02
  Batch 31: loss = 0.408440 | LR = 2.999365e-02
  Batch 32: loss = 0.330680 | LR = 2.997760e-02
  Batch 33: loss = 0.360459 | LR = 2.996155e-02
  Batch 34: loss = 0.409710 | LR = 2.994550e-02
  Batch 35: loss = 0.313086 | LR = 2.992945e-02
  Batch 36: loss = 0.345320 | LR = 2.991339e-02
  Batch 37: loss = 0.377582 | LR = 2.989733e-02
  Batch 38: loss = 0.443980 | LR = 2.988127e-02
  Batch 39: loss = 0.581347 | LR = 2.986521e-02
  Batch 40: loss = 0.458929 | LR = 2.984915e-02
  Batch 41: loss = 0.330882 | LR = 2.983308e-02
  Batch 42: loss = 0.444859 | LR = 2.981701e-02
  Batch 43: loss = 0.361364 | LR = 2.980094e-02
  Batch 44: loss = 0.372071 | LR = 2.978487e-02
  Batch 45: loss = 0.304247 | LR = 2.976880e-02
  Batch 46: loss = 0.465357 | LR = 2.975272e-02
  Batch 47: loss = 0.353221 | LR = 2.973664e-02
  Batch 48: loss = 0.332332 | LR = 2.972056e-02
Epoch 44: Average loss = 0.4210, Duration = 0.66s
  Batch 1: loss = 0.384882 | LR = 2.970448e-02
  Batch 2: loss = 0.313872 | LR = 2.968839e-02
  Batch 3: loss = 0.470212 | LR = 2.967231e-02
  Batch 4: loss = 0.493322 | LR = 2.965622e-02
  Batch 5: loss = 0.402631 | LR = 2.964013e-02
  Batch 6: loss = 0.426513 | LR = 2.962404e-02
  Batch 7: loss = 0.403991 | LR = 2.960794e-02
  Batch 8: loss = 0.422859 | LR = 2.959184e-02
  Batch 9: loss = 0.590337 | LR = 2.957575e-02
  Batch 10: loss = 0.308481 | LR = 2.955965e-02
  Batch 11: loss = 0.575775 | LR = 2.954354e-02
  Batch 12: loss = 0.410040 | LR = 2.952744e-02
  Batch 13: loss = 0.420116 | LR = 2.951133e-02
  Batch 14: loss = 0.401649 | LR = 2.949522e-02
  Batch 15: loss = 0.514509 | LR = 2.947911e-02
  Batch 16: loss = 0.436171 | LR = 2.946300e-02
  Batch 17: loss = 0.522864 | LR = 2.944689e-02
  Batch 18: loss = 0.574582 | LR = 2.943077e-02
  Batch 19: loss = 0.620105 | LR = 2.941465e-02
  Batch 20: loss = 0.371036 | LR = 2.939853e-02
  Batch 21: loss = 0.547457 | LR = 2.938241e-02
  Batch 22: loss = 0.405760 | LR = 2.936629e-02
  Batch 23: loss = 0.407460 | LR = 2.935016e-02
  Batch 24: loss = 0.343149 | LR = 2.933404e-02
  Batch 25: loss = 0.364122 | LR = 2.931791e-02
  Batch 26: loss = 0.377943 | LR = 2.930178e-02
  Batch 27: loss = 0.449491 | LR = 2.928564e-02
  Batch 28: loss = 0.530912 | LR = 2.926951e-02
  Batch 29: loss = 0.396300 | LR = 2.925337e-02
  Batch 30: loss = 0.444171 | LR = 2.923723e-02
  Batch 31: loss = 0.372993 | LR = 2.922109e-02
  Batch 32: loss = 0.492856 | LR = 2.920495e-02
  Batch 33: loss = 0.397976 | LR = 2.918881e-02
  Batch 34: loss = 0.410198 | LR = 2.917266e-02
  Batch 35: loss = 0.386607 | LR = 2.915652e-02
  Batch 36: loss = 0.362298 | LR = 2.914037e-02
  Batch 37: loss = 0.333912 | LR = 2.912422e-02
  Batch 38: loss = 0.579127 | LR = 2.910806e-02
  Batch 39: loss = 0.344040 | LR = 2.909191e-02
  Batch 40: loss = 0.389792 | LR = 2.907575e-02
  Batch 41: loss = 0.309917 | LR = 2.905960e-02
  Batch 42: loss = 0.387362 | LR = 2.904344e-02
  Batch 43: loss = 0.287715 | LR = 2.902727e-02
  Batch 44: loss = 0.312734 | LR = 2.901111e-02
  Batch 45: loss = 0.301966 | LR = 2.899495e-02
  Batch 46: loss = 0.277275 | LR = 2.897878e-02
  Batch 47: loss = 0.495527 | LR = 2.896261e-02
  Batch 48: loss = 0.416596 | LR = 2.894644e-02
Epoch 45: Average loss = 0.4206, Duration = 0.74s
  Batch 1: loss = 0.325364 | LR = 2.893027e-02
  Batch 2: loss = 0.349667 | LR = 2.891410e-02
  Batch 3: loss = 0.572136 | LR = 2.889792e-02
  Batch 4: loss = 0.361095 | LR = 2.888174e-02
  Batch 5: loss = 0.332601 | LR = 2.886557e-02
  Batch 6: loss = 0.463591 | LR = 2.884939e-02
  Batch 7: loss = 0.311831 | LR = 2.883320e-02
  Batch 8: loss = 0.352644 | LR = 2.881702e-02
  Batch 9: loss = 0.386781 | LR = 2.880084e-02
  Batch 10: loss = 0.323880 | LR = 2.878465e-02
  Batch 11: loss = 0.374704 | LR = 2.876846e-02
  Batch 12: loss = 0.349167 | LR = 2.875227e-02
  Batch 13: loss = 0.261573 | LR = 2.873608e-02
  Batch 14: loss = 0.368697 | LR = 2.871989e-02
  Batch 15: loss = 0.326142 | LR = 2.870369e-02
  Batch 16: loss = 0.420459 | LR = 2.868750e-02
  Batch 17: loss = 0.348960 | LR = 2.867130e-02
  Batch 18: loss = 0.577245 | LR = 2.865510e-02
  Batch 19: loss = 0.608737 | LR = 2.863890e-02
  Batch 20: loss = 0.487377 | LR = 2.862270e-02
  Batch 21: loss = 0.364500 | LR = 2.860649e-02
  Batch 22: loss = 0.444978 | LR = 2.859029e-02
  Batch 23: loss = 0.368030 | LR = 2.857408e-02
  Batch 24: loss = 0.339568 | LR = 2.855787e-02
  Batch 25: loss = 0.337664 | LR = 2.854166e-02
  Batch 26: loss = 0.418141 | LR = 2.852545e-02
  Batch 27: loss = 0.483187 | LR = 2.850924e-02
  Batch 28: loss = 0.421706 | LR = 2.849302e-02
  Batch 29: loss = 0.381636 | LR = 2.847680e-02
  Batch 30: loss = 0.314151 | LR = 2.846059e-02
  Batch 31: loss = 0.371831 | LR = 2.844437e-02
  Batch 32: loss = 0.317020 | LR = 2.842815e-02
  Batch 33: loss = 0.352803 | LR = 2.841193e-02
  Batch 34: loss = 0.429304 | LR = 2.839570e-02
  Batch 35: loss = 0.272449 | LR = 2.837948e-02
  Batch 36: loss = 0.354183 | LR = 2.836325e-02
  Batch 37: loss = 0.443496 | LR = 2.834702e-02
  Batch 38: loss = 0.449021 | LR = 2.833079e-02
  Batch 39: loss = 0.402687 | LR = 2.831456e-02
  Batch 40: loss = 0.341080 | LR = 2.829833e-02
  Batch 41: loss = 0.432409 | LR = 2.828210e-02
  Batch 42: loss = 0.405935 | LR = 2.826586e-02
  Batch 43: loss = 0.337118 | LR = 2.824962e-02
  Batch 44: loss = 0.279712 | LR = 2.823339e-02
  Batch 45: loss = 0.301878 | LR = 2.821715e-02
  Batch 46: loss = 0.485078 | LR = 2.820091e-02
  Batch 47: loss = 0.518160 | LR = 2.818466e-02
  Batch 48: loss = 0.378910 | LR = 2.816842e-02
Epoch 46: Average loss = 0.3885, Duration = 0.71s
  Batch 1: loss = 0.370650 | LR = 2.815218e-02
  Batch 2: loss = 0.330095 | LR = 2.813593e-02
  Batch 3: loss = 0.382491 | LR = 2.811968e-02
  Batch 4: loss = 0.364642 | LR = 2.810343e-02
  Batch 5: loss = 0.346447 | LR = 2.808718e-02
  Batch 6: loss = 0.344555 | LR = 2.807093e-02
  Batch 7: loss = 0.287737 | LR = 2.805468e-02
  Batch 8: loss = 0.290614 | LR = 2.803843e-02
  Batch 9: loss = 0.356272 | LR = 2.802217e-02
  Batch 10: loss = 0.352514 | LR = 2.800591e-02
  Batch 11: loss = 0.370263 | LR = 2.798966e-02
  Batch 12: loss = 0.374611 | LR = 2.797340e-02
  Batch 13: loss = 0.380761 | LR = 2.795714e-02
  Batch 14: loss = 0.327171 | LR = 2.794087e-02
  Batch 15: loss = 0.331915 | LR = 2.792461e-02
  Batch 16: loss = 0.248586 | LR = 2.790835e-02
  Batch 17: loss = 0.349666 | LR = 2.789208e-02
  Batch 18: loss = 0.424038 | LR = 2.787581e-02
  Batch 19: loss = 0.522359 | LR = 2.785955e-02
  Batch 20: loss = 0.486289 | LR = 2.784328e-02
  Batch 21: loss = 0.349538 | LR = 2.782701e-02
  Batch 22: loss = 0.439972 | LR = 2.781074e-02
  Batch 23: loss = 0.373751 | LR = 2.779446e-02
  Batch 24: loss = 0.309010 | LR = 2.777819e-02
  Batch 25: loss = 0.400657 | LR = 2.776191e-02
  Batch 26: loss = 0.445367 | LR = 2.774564e-02
  Batch 27: loss = 0.369014 | LR = 2.772936e-02
  Batch 28: loss = 0.401047 | LR = 2.771308e-02
  Batch 29: loss = 0.238259 | LR = 2.769680e-02
  Batch 30: loss = 0.555779 | LR = 2.768052e-02
  Batch 31: loss = 0.481442 | LR = 2.766424e-02
  Batch 32: loss = 0.314701 | LR = 2.764795e-02
  Batch 33: loss = 0.470402 | LR = 2.763167e-02
  Batch 34: loss = 0.395734 | LR = 2.761538e-02
  Batch 35: loss = 0.276319 | LR = 2.759910e-02
  Batch 36: loss = 0.295166 | LR = 2.758281e-02
  Batch 37: loss = 0.413137 | LR = 2.756652e-02
  Batch 38: loss = 0.435301 | LR = 2.755023e-02
  Batch 39: loss = 0.295444 | LR = 2.753394e-02
  Batch 40: loss = 0.468016 | LR = 2.751765e-02
  Batch 41: loss = 0.280907 | LR = 2.750135e-02
  Batch 42: loss = 0.436271 | LR = 2.748506e-02
  Batch 43: loss = 0.292636 | LR = 2.746876e-02
  Batch 44: loss = 0.337755 | LR = 2.745247e-02
  Batch 45: loss = 0.366861 | LR = 2.743617e-02
  Batch 46: loss = 0.462049 | LR = 2.741987e-02
  Batch 47: loss = 0.558452 | LR = 2.740357e-02
  Batch 48: loss = 0.428048 | LR = 2.738727e-02
Epoch 47: Average loss = 0.3778, Duration = 0.79s
  Batch 1: loss = 0.341192 | LR = 2.737097e-02
  Batch 2: loss = 0.439053 | LR = 2.735466e-02
  Batch 3: loss = 0.392875 | LR = 2.733836e-02
  Batch 4: loss = 0.403894 | LR = 2.732206e-02
  Batch 5: loss = 0.322444 | LR = 2.730575e-02
  Batch 6: loss = 0.335870 | LR = 2.728944e-02
  Batch 7: loss = 0.371837 | LR = 2.727314e-02
  Batch 8: loss = 0.328815 | LR = 2.725683e-02
  Batch 9: loss = 0.439500 | LR = 2.724052e-02
  Batch 10: loss = 0.306356 | LR = 2.722421e-02
  Batch 11: loss = 0.436737 | LR = 2.720789e-02
  Batch 12: loss = 0.366009 | LR = 2.719158e-02
  Batch 13: loss = 0.331434 | LR = 2.717527e-02
  Batch 14: loss = 0.229273 | LR = 2.715895e-02
  Batch 15: loss = 0.343808 | LR = 2.714264e-02
  Batch 16: loss = 0.357453 | LR = 2.712632e-02
  Batch 17: loss = 0.431543 | LR = 2.711000e-02
  Batch 18: loss = 0.364844 | LR = 2.709369e-02
  Batch 19: loss = 0.372193 | LR = 2.707737e-02
  Batch 20: loss = 0.323690 | LR = 2.706105e-02
  Batch 21: loss = 0.338866 | LR = 2.704473e-02
  Batch 22: loss = 0.318120 | LR = 2.702841e-02
  Batch 23: loss = 0.406011 | LR = 2.701208e-02
  Batch 24: loss = 0.374339 | LR = 2.699576e-02
  Batch 25: loss = 0.510014 | LR = 2.697944e-02
  Batch 26: loss = 0.362555 | LR = 2.696311e-02
  Batch 27: loss = 0.444545 | LR = 2.694678e-02
  Batch 28: loss = 0.358204 | LR = 2.693046e-02
  Batch 29: loss = 0.335818 | LR = 2.691413e-02
  Batch 30: loss = 0.287123 | LR = 2.689780e-02
  Batch 31: loss = 0.338687 | LR = 2.688147e-02
  Batch 32: loss = 0.380594 | LR = 2.686514e-02
  Batch 33: loss = 0.294164 | LR = 2.684881e-02
  Batch 34: loss = 0.360945 | LR = 2.683248e-02
  Batch 35: loss = 0.484646 | LR = 2.681615e-02
  Batch 36: loss = 0.370877 | LR = 2.679981e-02
  Batch 37: loss = 0.319070 | LR = 2.678348e-02
  Batch 38: loss = 0.407966 | LR = 2.676714e-02
  Batch 39: loss = 0.364821 | LR = 2.675081e-02
  Batch 40: loss = 0.372148 | LR = 2.673447e-02
  Batch 41: loss = 0.313514 | LR = 2.671814e-02
  Batch 42: loss = 0.298125 | LR = 2.670180e-02
  Batch 43: loss = 0.399056 | LR = 2.668546e-02
  Batch 44: loss = 0.389231 | LR = 2.666912e-02
  Batch 45: loss = 0.284868 | LR = 2.665278e-02
  Batch 46: loss = 0.427385 | LR = 2.663644e-02
  Batch 47: loss = 0.353762 | LR = 2.662010e-02
  Batch 48: loss = 0.272424 | LR = 2.660376e-02
Epoch 48: Average loss = 0.3626, Duration = 0.73s
  Batch 1: loss = 0.321800 | LR = 2.658741e-02
  Batch 2: loss = 0.345808 | LR = 2.657107e-02
  Batch 3: loss = 0.490185 | LR = 2.655473e-02
  Batch 4: loss = 0.340844 | LR = 2.653838e-02
  Batch 5: loss = 0.361383 | LR = 2.652204e-02
  Batch 6: loss = 0.384167 | LR = 2.650569e-02
  Batch 7: loss = 0.314093 | LR = 2.648934e-02
  Batch 8: loss = 0.218244 | LR = 2.647300e-02
  Batch 9: loss = 0.421713 | LR = 2.645665e-02
  Batch 10: loss = 0.243386 | LR = 2.644030e-02
  Batch 11: loss = 0.314179 | LR = 2.642395e-02
  Batch 12: loss = 0.427575 | LR = 2.640760e-02
  Batch 13: loss = 0.246109 | LR = 2.639125e-02
  Batch 14: loss = 0.386355 | LR = 2.637490e-02
  Batch 15: loss = 0.362076 | LR = 2.635855e-02
  Batch 16: loss = 0.414177 | LR = 2.634220e-02
  Batch 17: loss = 0.265257 | LR = 2.632584e-02
  Batch 18: loss = 0.274541 | LR = 2.630949e-02
  Batch 19: loss = 0.481262 | LR = 2.629314e-02
  Batch 20: loss = 0.337858 | LR = 2.627678e-02
  Batch 21: loss = 0.299984 | LR = 2.626043e-02
  Batch 22: loss = 0.248724 | LR = 2.624407e-02
  Batch 23: loss = 0.233163 | LR = 2.622771e-02
  Batch 24: loss = 0.359083 | LR = 2.621136e-02
  Batch 25: loss = 0.446217 | LR = 2.619500e-02
  Batch 26: loss = 0.400618 | LR = 2.617864e-02
  Batch 27: loss = 0.468110 | LR = 2.616228e-02
  Batch 28: loss = 0.387719 | LR = 2.614593e-02
  Batch 29: loss = 0.245442 | LR = 2.612957e-02
  Batch 30: loss = 0.331333 | LR = 2.611321e-02
  Batch 31: loss = 0.353306 | LR = 2.609685e-02
  Batch 32: loss = 0.230206 | LR = 2.608049e-02
  Batch 33: loss = 0.333444 | LR = 2.606413e-02
  Batch 34: loss = 0.356892 | LR = 2.604776e-02
  Batch 35: loss = 0.405767 | LR = 2.603140e-02
  Batch 36: loss = 0.359071 | LR = 2.601504e-02
  Batch 37: loss = 0.294505 | LR = 2.599868e-02
  Batch 38: loss = 0.447879 | LR = 2.598231e-02
  Batch 39: loss = 0.327244 | LR = 2.596595e-02
  Batch 40: loss = 0.306214 | LR = 2.594959e-02
  Batch 41: loss = 0.342740 | LR = 2.593322e-02
  Batch 42: loss = 0.262750 | LR = 2.591686e-02
  Batch 43: loss = 0.335344 | LR = 2.590049e-02
  Batch 44: loss = 0.335234 | LR = 2.588413e-02
  Batch 45: loss = 0.238737 | LR = 2.586776e-02
  Batch 46: loss = 0.332062 | LR = 2.585139e-02
  Batch 47: loss = 0.421308 | LR = 2.583503e-02
  Batch 48: loss = 0.371358 | LR = 2.581866e-02
Epoch 49: Average loss = 0.3422, Duration = 0.69s
  Batch 1: loss = 0.419547 | LR = 2.580229e-02
  Batch 2: loss = 0.351373 | LR = 2.578592e-02
  Batch 3: loss = 0.464830 | LR = 2.576956e-02
  Batch 4: loss = 0.436809 | LR = 2.575319e-02
  Batch 5: loss = 0.298578 | LR = 2.573682e-02
  Batch 6: loss = 0.384267 | LR = 2.572045e-02
  Batch 7: loss = 0.239715 | LR = 2.570408e-02
  Batch 8: loss = 0.280748 | LR = 2.568771e-02
  Batch 9: loss = 0.370854 | LR = 2.567134e-02
  Batch 10: loss = 0.317929 | LR = 2.565497e-02
  Batch 11: loss = 0.317106 | LR = 2.563860e-02
  Batch 12: loss = 0.319014 | LR = 2.562223e-02
  Batch 13: loss = 0.284784 | LR = 2.560586e-02
  Batch 14: loss = 0.215186 | LR = 2.558949e-02
  Batch 15: loss = 0.254760 | LR = 2.557311e-02
  Batch 16: loss = 0.263070 | LR = 2.555674e-02
  Batch 17: loss = 0.426367 | LR = 2.554037e-02
  Batch 18: loss = 0.274616 | LR = 2.552400e-02
  Batch 19: loss = 0.457891 | LR = 2.550762e-02
  Batch 20: loss = 0.372791 | LR = 2.549125e-02
  Batch 21: loss = 0.426683 | LR = 2.547488e-02
  Batch 22: loss = 0.280917 | LR = 2.545851e-02
  Batch 23: loss = 0.306153 | LR = 2.544213e-02
  Batch 24: loss = 0.280369 | LR = 2.542576e-02
  Batch 25: loss = 0.344143 | LR = 2.540938e-02
  Batch 26: loss = 0.295506 | LR = 2.539301e-02
  Batch 27: loss = 0.393098 | LR = 2.537664e-02
  Batch 28: loss = 0.410749 | LR = 2.536026e-02
  Batch 29: loss = 0.372390 | LR = 2.534389e-02
  Batch 30: loss = 0.393211 | LR = 2.532751e-02
  Batch 31: loss = 0.418606 | LR = 2.531114e-02
  Batch 32: loss = 0.336763 | LR = 2.529476e-02
  Batch 33: loss = 0.274889 | LR = 2.527839e-02
  Batch 34: loss = 0.253138 | LR = 2.526201e-02
  Batch 35: loss = 0.277982 | LR = 2.524564e-02
  Batch 36: loss = 0.378143 | LR = 2.522926e-02
  Batch 37: loss = 0.345139 | LR = 2.521289e-02
  Batch 38: loss = 0.340122 | LR = 2.519651e-02
  Batch 39: loss = 0.258328 | LR = 2.518014e-02
  Batch 40: loss = 0.278697 | LR = 2.516376e-02
  Batch 41: loss = 0.266063 | LR = 2.514738e-02
  Batch 42: loss = 0.290454 | LR = 2.513101e-02
  Batch 43: loss = 0.313453 | LR = 2.511463e-02
  Batch 44: loss = 0.285210 | LR = 2.509826e-02
  Batch 45: loss = 0.263167 | LR = 2.508188e-02
  Batch 46: loss = 0.391606 | LR = 2.506550e-02
  Batch 47: loss = 0.539500 | LR = 2.504913e-02
  Batch 48: loss = 0.275998 | LR = 2.503275e-02
Epoch 50: Average loss = 0.3342, Duration = 0.71s
  Batch 1: loss = 0.307218 | LR = 2.501638e-02
  Batch 2: loss = 0.344004 | LR = 2.500000e-02
  Batch 3: loss = 0.333788 | LR = 2.498362e-02
  Batch 4: loss = 0.335897 | LR = 2.496725e-02
  Batch 5: loss = 0.336064 | LR = 2.495087e-02
  Batch 6: loss = 0.323153 | LR = 2.493450e-02
  Batch 7: loss = 0.224861 | LR = 2.491812e-02
  Batch 8: loss = 0.350669 | LR = 2.490174e-02
  Batch 9: loss = 0.311206 | LR = 2.488537e-02
  Batch 10: loss = 0.246503 | LR = 2.486899e-02
  Batch 11: loss = 0.268923 | LR = 2.485262e-02
  Batch 12: loss = 0.336890 | LR = 2.483624e-02
  Batch 13: loss = 0.267855 | LR = 2.481986e-02
  Batch 14: loss = 0.183068 | LR = 2.480349e-02
  Batch 15: loss = 0.337591 | LR = 2.478711e-02
  Batch 16: loss = 0.326040 | LR = 2.477074e-02
  Batch 17: loss = 0.325105 | LR = 2.475436e-02
  Batch 18: loss = 0.305357 | LR = 2.473799e-02
  Batch 19: loss = 0.343271 | LR = 2.472161e-02
  Batch 20: loss = 0.407629 | LR = 2.470524e-02
  Batch 21: loss = 0.257320 | LR = 2.468886e-02
  Batch 22: loss = 0.196778 | LR = 2.467249e-02
  Batch 23: loss = 0.238573 | LR = 2.465611e-02
  Batch 24: loss = 0.248922 | LR = 2.463974e-02
  Batch 25: loss = 0.324128 | LR = 2.462336e-02
  Batch 26: loss = 0.229946 | LR = 2.460699e-02
  Batch 27: loss = 0.254282 | LR = 2.459062e-02
  Batch 28: loss = 0.347229 | LR = 2.457424e-02
  Batch 29: loss = 0.236109 | LR = 2.455787e-02
  Batch 30: loss = 0.239329 | LR = 2.454149e-02
  Batch 31: loss = 0.401324 | LR = 2.452512e-02
  Batch 32: loss = 0.225096 | LR = 2.450875e-02
  Batch 33: loss = 0.294691 | LR = 2.449238e-02
  Batch 34: loss = 0.463216 | LR = 2.447600e-02
  Batch 35: loss = 0.184491 | LR = 2.445963e-02
  Batch 36: loss = 0.194528 | LR = 2.444326e-02
  Batch 37: loss = 0.301267 | LR = 2.442689e-02
  Batch 38: loss = 0.480298 | LR = 2.441051e-02
  Batch 39: loss = 0.226836 | LR = 2.439414e-02
  Batch 40: loss = 0.353648 | LR = 2.437777e-02
  Batch 41: loss = 0.349890 | LR = 2.436140e-02
  Batch 42: loss = 0.463769 | LR = 2.434503e-02
  Batch 43: loss = 0.369603 | LR = 2.432866e-02
  Batch 44: loss = 0.235104 | LR = 2.431229e-02
  Batch 45: loss = 0.311175 | LR = 2.429592e-02
  Batch 46: loss = 0.313454 | LR = 2.427955e-02
  Batch 47: loss = 0.391972 | LR = 2.426318e-02
  Batch 48: loss = 0.292318 | LR = 2.424681e-02
Epoch 51: Average loss = 0.3050, Duration = 0.69s
  Batch 1: loss = 0.276446 | LR = 2.423044e-02
  Batch 2: loss = 0.235741 | LR = 2.421408e-02
  Batch 3: loss = 0.315689 | LR = 2.419771e-02
  Batch 4: loss = 0.422971 | LR = 2.418134e-02
  Batch 5: loss = 0.291449 | LR = 2.416497e-02
  Batch 6: loss = 0.410799 | LR = 2.414861e-02
  Batch 7: loss = 0.233485 | LR = 2.413224e-02
  Batch 8: loss = 0.213592 | LR = 2.411587e-02
  Batch 9: loss = 0.410577 | LR = 2.409951e-02
  Batch 10: loss = 0.339229 | LR = 2.408314e-02
  Batch 11: loss = 0.242419 | LR = 2.406678e-02
  Batch 12: loss = 0.245379 | LR = 2.405041e-02
  Batch 13: loss = 0.274908 | LR = 2.403405e-02
  Batch 14: loss = 0.208244 | LR = 2.401769e-02
  Batch 15: loss = 0.369860 | LR = 2.400132e-02
  Batch 16: loss = 0.309871 | LR = 2.398496e-02
  Batch 17: loss = 0.323085 | LR = 2.396860e-02
  Batch 18: loss = 0.174024 | LR = 2.395224e-02
  Batch 19: loss = 0.382474 | LR = 2.393587e-02
  Batch 20: loss = 0.360379 | LR = 2.391951e-02
  Batch 21: loss = 0.357097 | LR = 2.390315e-02
  Batch 22: loss = 0.286130 | LR = 2.388679e-02
  Batch 23: loss = 0.309276 | LR = 2.387043e-02
  Batch 24: loss = 0.352490 | LR = 2.385407e-02
  Batch 25: loss = 0.244068 | LR = 2.383772e-02
  Batch 26: loss = 0.262277 | LR = 2.382136e-02
  Batch 27: loss = 0.292949 | LR = 2.380500e-02
  Batch 28: loss = 0.402784 | LR = 2.378864e-02
  Batch 29: loss = 0.231648 | LR = 2.377229e-02
  Batch 30: loss = 0.445166 | LR = 2.375593e-02
  Batch 31: loss = 0.408305 | LR = 2.373957e-02
  Batch 32: loss = 0.309236 | LR = 2.372322e-02
  Batch 33: loss = 0.258458 | LR = 2.370686e-02
  Batch 34: loss = 0.191316 | LR = 2.369051e-02
  Batch 35: loss = 0.310693 | LR = 2.367416e-02
  Batch 36: loss = 0.400040 | LR = 2.365780e-02
  Batch 37: loss = 0.316161 | LR = 2.364145e-02
  Batch 38: loss = 0.349286 | LR = 2.362510e-02
  Batch 39: loss = 0.232294 | LR = 2.360875e-02
  Batch 40: loss = 0.332251 | LR = 2.359240e-02
  Batch 41: loss = 0.194335 | LR = 2.357605e-02
  Batch 42: loss = 0.292017 | LR = 2.355970e-02
  Batch 43: loss = 0.192970 | LR = 2.354335e-02
  Batch 44: loss = 0.309529 | LR = 2.352700e-02
  Batch 45: loss = 0.301857 | LR = 2.351066e-02
  Batch 46: loss = 0.405172 | LR = 2.349431e-02
  Batch 47: loss = 0.387482 | LR = 2.347796e-02
  Batch 48: loss = 0.282329 | LR = 2.346162e-02
Epoch 52: Average loss = 0.3062, Duration = 0.71s
  Batch 1: loss = 0.304579 | LR = 2.344527e-02
  Batch 2: loss = 0.371971 | LR = 2.342893e-02
  Batch 3: loss = 0.312809 | LR = 2.341259e-02
  Batch 4: loss = 0.324280 | LR = 2.339624e-02
  Batch 5: loss = 0.266826 | LR = 2.337990e-02
  Batch 6: loss = 0.308525 | LR = 2.336356e-02
  Batch 7: loss = 0.236318 | LR = 2.334722e-02
  Batch 8: loss = 0.397896 | LR = 2.333088e-02
  Batch 9: loss = 0.427617 | LR = 2.331454e-02
  Batch 10: loss = 0.349494 | LR = 2.329820e-02
  Batch 11: loss = 0.201644 | LR = 2.328186e-02
  Batch 12: loss = 0.357595 | LR = 2.326553e-02
  Batch 13: loss = 0.213129 | LR = 2.324919e-02
  Batch 14: loss = 0.385087 | LR = 2.323286e-02
  Batch 15: loss = 0.200063 | LR = 2.321652e-02
  Batch 16: loss = 0.321749 | LR = 2.320019e-02
  Batch 17: loss = 0.269529 | LR = 2.318385e-02
  Batch 18: loss = 0.279494 | LR = 2.316752e-02
  Batch 19: loss = 0.378810 | LR = 2.315119e-02
  Batch 20: loss = 0.406846 | LR = 2.313486e-02
  Batch 21: loss = 0.315841 | LR = 2.311853e-02
  Batch 22: loss = 0.244090 | LR = 2.310220e-02
  Batch 23: loss = 0.218885 | LR = 2.308587e-02
  Batch 24: loss = 0.273021 | LR = 2.306954e-02
  Batch 25: loss = 0.243482 | LR = 2.305322e-02
  Batch 26: loss = 0.199126 | LR = 2.303689e-02
  Batch 27: loss = 0.306627 | LR = 2.302056e-02
  Batch 28: loss = 0.262608 | LR = 2.300424e-02
  Batch 29: loss = 0.247972 | LR = 2.298792e-02
  Batch 30: loss = 0.230651 | LR = 2.297159e-02
  Batch 31: loss = 0.352836 | LR = 2.295527e-02
  Batch 32: loss = 0.228532 | LR = 2.293895e-02
  Batch 33: loss = 0.242076 | LR = 2.292263e-02
  Batch 34: loss = 0.317599 | LR = 2.290631e-02
  Batch 35: loss = 0.162894 | LR = 2.289000e-02
  Batch 36: loss = 0.356590 | LR = 2.287368e-02
  Batch 37: loss = 0.260700 | LR = 2.285736e-02
  Batch 38: loss = 0.244213 | LR = 2.284105e-02
  Batch 39: loss = 0.299752 | LR = 2.282473e-02
  Batch 40: loss = 0.292187 | LR = 2.280842e-02
  Batch 41: loss = 0.406402 | LR = 2.279211e-02
  Batch 42: loss = 0.319330 | LR = 2.277579e-02
  Batch 43: loss = 0.244049 | LR = 2.275948e-02
  Batch 44: loss = 0.271536 | LR = 2.274317e-02
  Batch 45: loss = 0.417158 | LR = 2.272686e-02
  Batch 46: loss = 0.267859 | LR = 2.271056e-02
  Batch 47: loss = 0.231254 | LR = 2.269425e-02
  Batch 48: loss = 0.216769 | LR = 2.267794e-02
Epoch 53: Average loss = 0.2914, Duration = 0.69s
  Batch 1: loss = 0.323962 | LR = 2.266164e-02
  Batch 2: loss = 0.210636 | LR = 2.264534e-02
  Batch 3: loss = 0.344938 | LR = 2.262903e-02
  Batch 4: loss = 0.280661 | LR = 2.261273e-02
  Batch 5: loss = 0.166434 | LR = 2.259643e-02
  Batch 6: loss = 0.313850 | LR = 2.258013e-02
  Batch 7: loss = 0.241029 | LR = 2.256383e-02
  Batch 8: loss = 0.340938 | LR = 2.254753e-02
  Batch 9: loss = 0.341160 | LR = 2.253124e-02
  Batch 10: loss = 0.286145 | LR = 2.251494e-02
  Batch 11: loss = 0.304115 | LR = 2.249865e-02
  Batch 12: loss = 0.259399 | LR = 2.248235e-02
  Batch 13: loss = 0.188349 | LR = 2.246606e-02
  Batch 14: loss = 0.257682 | LR = 2.244977e-02
  Batch 15: loss = 0.275973 | LR = 2.243348e-02
  Batch 16: loss = 0.307123 | LR = 2.241719e-02
  Batch 17: loss = 0.265767 | LR = 2.240090e-02
  Batch 18: loss = 0.265409 | LR = 2.238462e-02
  Batch 19: loss = 0.324448 | LR = 2.236833e-02
  Batch 20: loss = 0.200896 | LR = 2.235205e-02
  Batch 21: loss = 0.278742 | LR = 2.233576e-02
  Batch 22: loss = 0.180872 | LR = 2.231948e-02
  Batch 23: loss = 0.260951 | LR = 2.230320e-02
  Batch 24: loss = 0.176064 | LR = 2.228692e-02
  Batch 25: loss = 0.178644 | LR = 2.227064e-02
  Batch 26: loss = 0.172252 | LR = 2.225436e-02
  Batch 27: loss = 0.220411 | LR = 2.223809e-02
  Batch 28: loss = 0.227216 | LR = 2.222181e-02
  Batch 29: loss = 0.215706 | LR = 2.220554e-02
  Batch 30: loss = 0.230764 | LR = 2.218926e-02
  Batch 31: loss = 0.201041 | LR = 2.217299e-02
  Batch 32: loss = 0.335344 | LR = 2.215672e-02
  Batch 33: loss = 0.224408 | LR = 2.214045e-02
  Batch 34: loss = 0.317862 | LR = 2.212419e-02
  Batch 35: loss = 0.274702 | LR = 2.210792e-02
  Batch 36: loss = 0.170760 | LR = 2.209165e-02
  Batch 37: loss = 0.191694 | LR = 2.207539e-02
  Batch 38: loss = 0.290197 | LR = 2.205913e-02
  Batch 39: loss = 0.281381 | LR = 2.204286e-02
  Batch 40: loss = 0.180185 | LR = 2.202660e-02
  Batch 41: loss = 0.248181 | LR = 2.201034e-02
  Batch 42: loss = 0.355054 | LR = 2.199409e-02
  Batch 43: loss = 0.186688 | LR = 2.197783e-02
  Batch 44: loss = 0.240653 | LR = 2.196157e-02
  Batch 45: loss = 0.227027 | LR = 2.194532e-02
  Batch 46: loss = 0.282094 | LR = 2.192907e-02
  Batch 47: loss = 0.351730 | LR = 2.191282e-02
  Batch 48: loss = 0.276066 | LR = 2.189657e-02
Epoch 54: Average loss = 0.2557, Duration = 0.76s
  Batch 1: loss = 0.207774 | LR = 2.188032e-02
  Batch 2: loss = 0.242309 | LR = 2.186407e-02
  Batch 3: loss = 0.237025 | LR = 2.184782e-02
  Batch 4: loss = 0.291736 | LR = 2.183158e-02
  Batch 5: loss = 0.229109 | LR = 2.181534e-02
  Batch 6: loss = 0.227432 | LR = 2.179909e-02
  Batch 7: loss = 0.211919 | LR = 2.178285e-02
  Batch 8: loss = 0.175603 | LR = 2.176661e-02
  Batch 9: loss = 0.353143 | LR = 2.175038e-02
  Batch 10: loss = 0.247394 | LR = 2.173414e-02
  Batch 11: loss = 0.282626 | LR = 2.171790e-02
  Batch 12: loss = 0.218955 | LR = 2.170167e-02
  Batch 13: loss = 0.264655 | LR = 2.168544e-02
  Batch 14: loss = 0.286243 | LR = 2.166921e-02
  Batch 15: loss = 0.367408 | LR = 2.165298e-02
  Batch 16: loss = 0.259907 | LR = 2.163675e-02
  Batch 17: loss = 0.214996 | LR = 2.162052e-02
  Batch 18: loss = 0.158757 | LR = 2.160430e-02
  Batch 19: loss = 0.272450 | LR = 2.158807e-02
  Batch 20: loss = 0.424600 | LR = 2.157185e-02
  Batch 21: loss = 0.233748 | LR = 2.155563e-02
  Batch 22: loss = 0.165793 | LR = 2.153941e-02
  Batch 23: loss = 0.170010 | LR = 2.152320e-02
  Batch 24: loss = 0.241051 | LR = 2.150698e-02
  Batch 25: loss = 0.265057 | LR = 2.149076e-02
  Batch 26: loss = 0.309474 | LR = 2.147455e-02
  Batch 27: loss = 0.181218 | LR = 2.145834e-02
  Batch 28: loss = 0.215001 | LR = 2.144213e-02
  Batch 29: loss = 0.183899 | LR = 2.142592e-02
  Batch 30: loss = 0.197118 | LR = 2.140971e-02
  Batch 31: loss = 0.214930 | LR = 2.139351e-02
  Batch 32: loss = 0.164017 | LR = 2.137730e-02
  Batch 33: loss = 0.264967 | LR = 2.136110e-02
  Batch 34: loss = 0.221386 | LR = 2.134490e-02
  Batch 35: loss = 0.279063 | LR = 2.132870e-02
  Batch 36: loss = 0.278532 | LR = 2.131250e-02
  Batch 37: loss = 0.321029 | LR = 2.129631e-02
  Batch 38: loss = 0.115203 | LR = 2.128011e-02
  Batch 39: loss = 0.216444 | LR = 2.126392e-02
  Batch 40: loss = 0.241824 | LR = 2.124773e-02
  Batch 41: loss = 0.219636 | LR = 2.123154e-02
  Batch 42: loss = 0.158640 | LR = 2.121535e-02
  Batch 43: loss = 0.179668 | LR = 2.119916e-02
  Batch 44: loss = 0.254972 | LR = 2.118298e-02
  Batch 45: loss = 0.121870 | LR = 2.116680e-02
  Batch 46: loss = 0.191736 | LR = 2.115061e-02
  Batch 47: loss = 0.379278 | LR = 2.113443e-02
  Batch 48: loss = 0.284117 | LR = 2.111826e-02
Epoch 55: Average loss = 0.2384, Duration = 0.76s
  Batch 1: loss = 0.290506 | LR = 2.110208e-02
  Batch 2: loss = 0.269441 | LR = 2.108590e-02
  Batch 3: loss = 0.325254 | LR = 2.106973e-02
  Batch 4: loss = 0.267797 | LR = 2.105356e-02
  Batch 5: loss = 0.149153 | LR = 2.103739e-02
  Batch 6: loss = 0.211434 | LR = 2.102122e-02
  Batch 7: loss = 0.199789 | LR = 2.100505e-02
  Batch 8: loss = 0.306493 | LR = 2.098889e-02
  Batch 9: loss = 0.171312 | LR = 2.097273e-02
  Batch 10: loss = 0.112152 | LR = 2.095656e-02
  Batch 11: loss = 0.130701 | LR = 2.094040e-02
  Batch 12: loss = 0.333197 | LR = 2.092425e-02
  Batch 13: loss = 0.188476 | LR = 2.090809e-02
  Batch 14: loss = 0.285070 | LR = 2.089194e-02
  Batch 15: loss = 0.281462 | LR = 2.087578e-02
  Batch 16: loss = 0.211451 | LR = 2.085963e-02
  Batch 17: loss = 0.182078 | LR = 2.084348e-02
  Batch 18: loss = 0.160342 | LR = 2.082734e-02
  Batch 19: loss = 0.341336 | LR = 2.081119e-02
  Batch 20: loss = 0.235017 | LR = 2.079505e-02
  Batch 21: loss = 0.274418 | LR = 2.077891e-02
  Batch 22: loss = 0.315661 | LR = 2.076277e-02
  Batch 23: loss = 0.281452 | LR = 2.074663e-02
  Batch 24: loss = 0.192073 | LR = 2.073049e-02
  Batch 25: loss = 0.322785 | LR = 2.071436e-02
  Batch 26: loss = 0.218913 | LR = 2.069822e-02
  Batch 27: loss = 0.278847 | LR = 2.068209e-02
  Batch 28: loss = 0.257555 | LR = 2.066596e-02
  Batch 29: loss = 0.241822 | LR = 2.064984e-02
  Batch 30: loss = 0.230152 | LR = 2.063371e-02
  Batch 31: loss = 0.263223 | LR = 2.061759e-02
  Batch 32: loss = 0.138891 | LR = 2.060147e-02
  Batch 33: loss = 0.192363 | LR = 2.058535e-02
  Batch 34: loss = 0.289144 | LR = 2.056923e-02
  Batch 35: loss = 0.113791 | LR = 2.055311e-02
  Batch 36: loss = 0.212827 | LR = 2.053700e-02
  Batch 37: loss = 0.208327 | LR = 2.052089e-02
  Batch 38: loss = 0.255075 | LR = 2.050478e-02
  Batch 39: loss = 0.317889 | LR = 2.048867e-02
  Batch 40: loss = 0.260882 | LR = 2.047256e-02
  Batch 41: loss = 0.171190 | LR = 2.045646e-02
  Batch 42: loss = 0.206429 | LR = 2.044035e-02
  Batch 43: loss = 0.144337 | LR = 2.042425e-02
  Batch 44: loss = 0.251150 | LR = 2.040816e-02
  Batch 45: loss = 0.253276 | LR = 2.039206e-02
  Batch 46: loss = 0.172478 | LR = 2.037596e-02
  Batch 47: loss = 0.317847 | LR = 2.035987e-02
  Batch 48: loss = 0.141790 | LR = 2.034378e-02
Epoch 56: Average loss = 0.2329, Duration = 0.69s
  Batch 1: loss = 0.188479 | LR = 2.032769e-02
  Batch 2: loss = 0.181519 | LR = 2.031161e-02
  Batch 3: loss = 0.314434 | LR = 2.029552e-02
  Batch 4: loss = 0.246420 | LR = 2.027944e-02
  Batch 5: loss = 0.106923 | LR = 2.026336e-02
  Batch 6: loss = 0.289337 | LR = 2.024728e-02
  Batch 7: loss = 0.202925 | LR = 2.023120e-02
  Batch 8: loss = 0.209198 | LR = 2.021513e-02
  Batch 9: loss = 0.273226 | LR = 2.019906e-02
  Batch 10: loss = 0.127166 | LR = 2.018299e-02
  Batch 11: loss = 0.167859 | LR = 2.016692e-02
  Batch 12: loss = 0.177047 | LR = 2.015085e-02
  Batch 13: loss = 0.164144 | LR = 2.013479e-02
  Batch 14: loss = 0.204074 | LR = 2.011873e-02
  Batch 15: loss = 0.246892 | LR = 2.010267e-02
  Batch 16: loss = 0.186705 | LR = 2.008661e-02
  Batch 17: loss = 0.220693 | LR = 2.007055e-02
  Batch 18: loss = 0.188802 | LR = 2.005450e-02
  Batch 19: loss = 0.252773 | LR = 2.003845e-02
  Batch 20: loss = 0.248691 | LR = 2.002240e-02
  Batch 21: loss = 0.171630 | LR = 2.000635e-02
  Batch 22: loss = 0.119794 | LR = 1.999031e-02
  Batch 23: loss = 0.273136 | LR = 1.997426e-02
  Batch 24: loss = 0.252181 | LR = 1.995822e-02
  Batch 25: loss = 0.260350 | LR = 1.994218e-02
  Batch 26: loss = 0.208036 | LR = 1.992615e-02
  Batch 27: loss = 0.259361 | LR = 1.991011e-02
  Batch 28: loss = 0.304801 | LR = 1.989408e-02
  Batch 29: loss = 0.213566 | LR = 1.987805e-02
  Batch 30: loss = 0.172996 | LR = 1.986202e-02
  Batch 31: loss = 0.181486 | LR = 1.984600e-02
  Batch 32: loss = 0.230000 | LR = 1.982998e-02
  Batch 33: loss = 0.317319 | LR = 1.981396e-02
  Batch 34: loss = 0.286048 | LR = 1.979794e-02
  Batch 35: loss = 0.278166 | LR = 1.978192e-02
  Batch 36: loss = 0.255423 | LR = 1.976591e-02
  Batch 37: loss = 0.181407 | LR = 1.974989e-02
  Batch 38: loss = 0.280120 | LR = 1.973388e-02
  Batch 39: loss = 0.270327 | LR = 1.971788e-02
  Batch 40: loss = 0.224482 | LR = 1.970187e-02
  Batch 41: loss = 0.170595 | LR = 1.968587e-02
  Batch 42: loss = 0.154768 | LR = 1.966987e-02
  Batch 43: loss = 0.186669 | LR = 1.965387e-02
  Batch 44: loss = 0.236375 | LR = 1.963787e-02
  Batch 45: loss = 0.373719 | LR = 1.962188e-02
  Batch 46: loss = 0.242033 | LR = 1.960589e-02
  Batch 47: loss = 0.247286 | LR = 1.958990e-02
  Batch 48: loss = 0.187206 | LR = 1.957391e-02
Epoch 57: Average loss = 0.2237, Duration = 0.73s
  Batch 1: loss = 0.230530 | LR = 1.955793e-02
  Batch 2: loss = 0.167431 | LR = 1.954194e-02
  Batch 3: loss = 0.199427 | LR = 1.952596e-02
  Batch 4: loss = 0.281183 | LR = 1.950999e-02
  Batch 5: loss = 0.159052 | LR = 1.949401e-02
  Batch 6: loss = 0.180742 | LR = 1.947804e-02
  Batch 7: loss = 0.136220 | LR = 1.946207e-02
  Batch 8: loss = 0.263576 | LR = 1.944610e-02
  Batch 9: loss = 0.204153 | LR = 1.943013e-02
  Batch 10: loss = 0.377062 | LR = 1.941417e-02
  Batch 11: loss = 0.222274 | LR = 1.939821e-02
  Batch 12: loss = 0.182930 | LR = 1.938225e-02
  Batch 13: loss = 0.150481 | LR = 1.936630e-02
  Batch 14: loss = 0.122320 | LR = 1.935034e-02
  Batch 15: loss = 0.162703 | LR = 1.933439e-02
  Batch 16: loss = 0.148076 | LR = 1.931844e-02
  Batch 17: loss = 0.235412 | LR = 1.930250e-02
  Batch 18: loss = 0.131487 | LR = 1.928655e-02
  Batch 19: loss = 0.242446 | LR = 1.927061e-02
  Batch 20: loss = 0.201461 | LR = 1.925467e-02
  Batch 21: loss = 0.188690 | LR = 1.923873e-02
  Batch 22: loss = 0.100030 | LR = 1.922280e-02
  Batch 23: loss = 0.278459 | LR = 1.920687e-02
  Batch 24: loss = 0.189379 | LR = 1.919094e-02
  Batch 25: loss = 0.407773 | LR = 1.917501e-02
  Batch 26: loss = 0.197050 | LR = 1.915909e-02
  Batch 27: loss = 0.213063 | LR = 1.914317e-02
  Batch 28: loss = 0.293556 | LR = 1.912725e-02
  Batch 29: loss = 0.072711 | LR = 1.911133e-02
  Batch 30: loss = 0.154791 | LR = 1.909542e-02
  Batch 31: loss = 0.294808 | LR = 1.907951e-02
  Batch 32: loss = 0.144622 | LR = 1.906360e-02
  Batch 33: loss = 0.201779 | LR = 1.904769e-02
  Batch 34: loss = 0.347642 | LR = 1.903179e-02
  Batch 35: loss = 0.154835 | LR = 1.901589e-02
  Batch 36: loss = 0.195308 | LR = 1.899999e-02
  Batch 37: loss = 0.296869 | LR = 1.898409e-02
  Batch 38: loss = 0.128066 | LR = 1.896820e-02
  Batch 39: loss = 0.147393 | LR = 1.895231e-02
  Batch 40: loss = 0.160706 | LR = 1.893642e-02
  Batch 41: loss = 0.144412 | LR = 1.892053e-02
  Batch 42: loss = 0.252678 | LR = 1.890465e-02
  Batch 43: loss = 0.229998 | LR = 1.888877e-02
  Batch 44: loss = 0.148040 | LR = 1.887289e-02
  Batch 45: loss = 0.244848 | LR = 1.885701e-02
  Batch 46: loss = 0.184065 | LR = 1.884114e-02
  Batch 47: loss = 0.288595 | LR = 1.882527e-02
  Batch 48: loss = 0.230626 | LR = 1.880940e-02
Epoch 58: Average loss = 0.2060, Duration = 0.71s
  Batch 1: loss = 0.198551 | LR = 1.879354e-02
  Batch 2: loss = 0.148177 | LR = 1.877768e-02
  Batch 3: loss = 0.347709 | LR = 1.876182e-02
  Batch 4: loss = 0.207556 | LR = 1.874596e-02
  Batch 5: loss = 0.194337 | LR = 1.873011e-02
  Batch 6: loss = 0.157549 | LR = 1.871426e-02
  Batch 7: loss = 0.135350 | LR = 1.869841e-02
  Batch 8: loss = 0.151496 | LR = 1.868256e-02
  Batch 9: loss = 0.282060 | LR = 1.866672e-02
  Batch 10: loss = 0.189872 | LR = 1.865088e-02
  Batch 11: loss = 0.148087 | LR = 1.863504e-02
  Batch 12: loss = 0.263126 | LR = 1.861920e-02
  Batch 13: loss = 0.111109 | LR = 1.860337e-02
  Batch 14: loss = 0.161871 | LR = 1.858754e-02
  Batch 15: loss = 0.219725 | LR = 1.857172e-02
  Batch 16: loss = 0.238672 | LR = 1.855589e-02
  Batch 17: loss = 0.135536 | LR = 1.854007e-02
  Batch 18: loss = 0.176004 | LR = 1.852425e-02
  Batch 19: loss = 0.246538 | LR = 1.850844e-02
  Batch 20: loss = 0.146449 | LR = 1.849262e-02
  Batch 21: loss = 0.191231 | LR = 1.847681e-02
  Batch 22: loss = 0.157303 | LR = 1.846100e-02
  Batch 23: loss = 0.204304 | LR = 1.844520e-02
  Batch 24: loss = 0.208874 | LR = 1.842940e-02
  Batch 25: loss = 0.209059 | LR = 1.841360e-02
  Batch 26: loss = 0.132518 | LR = 1.839780e-02
  Batch 27: loss = 0.140799 | LR = 1.838201e-02
  Batch 28: loss = 0.192990 | LR = 1.836622e-02
  Batch 29: loss = 0.136670 | LR = 1.835043e-02
  Batch 30: loss = 0.224380 | LR = 1.833465e-02
  Batch 31: loss = 0.245127 | LR = 1.831887e-02
  Batch 32: loss = 0.254121 | LR = 1.830309e-02
  Batch 33: loss = 0.214563 | LR = 1.828731e-02
  Batch 34: loss = 0.249427 | LR = 1.827154e-02
  Batch 35: loss = 0.091600 | LR = 1.825577e-02
  Batch 36: loss = 0.127712 | LR = 1.824000e-02
  Batch 37: loss = 0.100326 | LR = 1.822423e-02
  Batch 38: loss = 0.358694 | LR = 1.820847e-02
  Batch 39: loss = 0.188642 | LR = 1.819271e-02
  Batch 40: loss = 0.220098 | LR = 1.817696e-02
  Batch 41: loss = 0.228993 | LR = 1.816120e-02
  Batch 42: loss = 0.259528 | LR = 1.814545e-02
  Batch 43: loss = 0.179920 | LR = 1.812971e-02
  Batch 44: loss = 0.176159 | LR = 1.811396e-02
  Batch 45: loss = 0.220579 | LR = 1.809822e-02
  Batch 46: loss = 0.267174 | LR = 1.808248e-02
  Batch 47: loss = 0.231923 | LR = 1.806675e-02
  Batch 48: loss = 0.166713 | LR = 1.805102e-02
Epoch 59: Average loss = 0.1967, Duration = 0.74s
  Batch 1: loss = 0.157041 | LR = 1.803529e-02
  Batch 2: loss = 0.206233 | LR = 1.801956e-02
  Batch 3: loss = 0.256837 | LR = 1.800384e-02
  Batch 4: loss = 0.256532 | LR = 1.798812e-02
  Batch 5: loss = 0.211779 | LR = 1.797240e-02
  Batch 6: loss = 0.137738 | LR = 1.795669e-02
  Batch 7: loss = 0.253602 | LR = 1.794097e-02
  Batch 8: loss = 0.282135 | LR = 1.792527e-02
  Batch 9: loss = 0.206272 | LR = 1.790956e-02
  Batch 10: loss = 0.248440 | LR = 1.789386e-02
  Batch 11: loss = 0.115221 | LR = 1.787816e-02
  Batch 12: loss = 0.088727 | LR = 1.786246e-02
  Batch 13: loss = 0.114667 | LR = 1.784677e-02
  Batch 14: loss = 0.137406 | LR = 1.783108e-02
  Batch 15: loss = 0.239613 | LR = 1.781539e-02
  Batch 16: loss = 0.241236 | LR = 1.779971e-02
  Batch 17: loss = 0.176969 | LR = 1.778403e-02
  Batch 18: loss = 0.232464 | LR = 1.776835e-02
  Batch 19: loss = 0.262797 | LR = 1.775268e-02
  Batch 20: loss = 0.153740 | LR = 1.773701e-02
  Batch 21: loss = 0.145438 | LR = 1.772134e-02
  Batch 22: loss = 0.158571 | LR = 1.770567e-02
  Batch 23: loss = 0.159478 | LR = 1.769001e-02
  Batch 24: loss = 0.154195 | LR = 1.767435e-02
  Batch 25: loss = 0.150256 | LR = 1.765870e-02
  Batch 26: loss = 0.133856 | LR = 1.764304e-02
  Batch 27: loss = 0.192429 | LR = 1.762739e-02
  Batch 28: loss = 0.196909 | LR = 1.761175e-02
  Batch 29: loss = 0.148483 | LR = 1.759611e-02
  Batch 30: loss = 0.130307 | LR = 1.758047e-02
  Batch 31: loss = 0.244664 | LR = 1.756483e-02
  Batch 32: loss = 0.136979 | LR = 1.754920e-02
  Batch 33: loss = 0.235215 | LR = 1.753357e-02
  Batch 34: loss = 0.178575 | LR = 1.751794e-02
  Batch 35: loss = 0.150676 | LR = 1.750231e-02
  Batch 36: loss = 0.230359 | LR = 1.748669e-02
  Batch 37: loss = 0.224012 | LR = 1.747108e-02
  Batch 38: loss = 0.159566 | LR = 1.745546e-02
  Batch 39: loss = 0.190984 | LR = 1.743985e-02
  Batch 40: loss = 0.242492 | LR = 1.742424e-02
  Batch 41: loss = 0.134928 | LR = 1.740864e-02
  Batch 42: loss = 0.165087 | LR = 1.739304e-02
  Batch 43: loss = 0.156224 | LR = 1.737744e-02
  Batch 44: loss = 0.227159 | LR = 1.736184e-02
  Batch 45: loss = 0.147311 | LR = 1.734625e-02
  Batch 46: loss = 0.162042 | LR = 1.733067e-02
  Batch 47: loss = 0.207248 | LR = 1.731508e-02
  Batch 48: loss = 0.102191 | LR = 1.729950e-02
Epoch 60: Average loss = 0.1843, Duration = 0.77s
  Batch 1: loss = 0.163100 | LR = 1.728392e-02
  Batch 2: loss = 0.138799 | LR = 1.726835e-02
  Batch 3: loss = 0.274535 | LR = 1.725277e-02
  Batch 4: loss = 0.213417 | LR = 1.723721e-02
  Batch 5: loss = 0.123336 | LR = 1.722164e-02
  Batch 6: loss = 0.164730 | LR = 1.720608e-02
  Batch 7: loss = 0.138666 | LR = 1.719052e-02
  Batch 8: loss = 0.230580 | LR = 1.717497e-02
  Batch 9: loss = 0.119407 | LR = 1.715941e-02
  Batch 10: loss = 0.309232 | LR = 1.714387e-02
  Batch 11: loss = 0.171308 | LR = 1.712832e-02
  Batch 12: loss = 0.168380 | LR = 1.711278e-02
  Batch 13: loss = 0.114027 | LR = 1.709724e-02
  Batch 14: loss = 0.095305 | LR = 1.708171e-02
  Batch 15: loss = 0.203704 | LR = 1.706618e-02
  Batch 16: loss = 0.237830 | LR = 1.705065e-02
  Batch 17: loss = 0.190325 | LR = 1.703512e-02
  Batch 18: loss = 0.154194 | LR = 1.701960e-02
  Batch 19: loss = 0.288785 | LR = 1.700408e-02
  Batch 20: loss = 0.133075 | LR = 1.698857e-02
  Batch 21: loss = 0.176554 | LR = 1.697306e-02
  Batch 22: loss = 0.157271 | LR = 1.695755e-02
  Batch 23: loss = 0.239705 | LR = 1.694205e-02
  Batch 24: loss = 0.224648 | LR = 1.692655e-02
  Batch 25: loss = 0.180008 | LR = 1.691105e-02
  Batch 26: loss = 0.142022 | LR = 1.689556e-02
  Batch 27: loss = 0.152985 | LR = 1.688007e-02
  Batch 28: loss = 0.175751 | LR = 1.686458e-02
  Batch 29: loss = 0.203044 | LR = 1.684910e-02
  Batch 30: loss = 0.202421 | LR = 1.683362e-02
  Batch 31: loss = 0.160900 | LR = 1.681814e-02
  Batch 32: loss = 0.118273 | LR = 1.680267e-02
  Batch 33: loss = 0.133805 | LR = 1.678720e-02
  Batch 34: loss = 0.165508 | LR = 1.677174e-02
  Batch 35: loss = 0.096352 | LR = 1.675627e-02
  Batch 36: loss = 0.204285 | LR = 1.674082e-02
  Batch 37: loss = 0.223245 | LR = 1.672536e-02
  Batch 38: loss = 0.194838 | LR = 1.670991e-02
  Batch 39: loss = 0.191867 | LR = 1.669446e-02
  Batch 40: loss = 0.153350 | LR = 1.667902e-02
  Batch 41: loss = 0.159955 | LR = 1.666358e-02
  Batch 42: loss = 0.207460 | LR = 1.664814e-02
  Batch 43: loss = 0.140613 | LR = 1.663271e-02
  Batch 44: loss = 0.144152 | LR = 1.661728e-02
  Batch 45: loss = 0.154466 | LR = 1.660185e-02
  Batch 46: loss = 0.167218 | LR = 1.658643e-02
  Batch 47: loss = 0.196000 | LR = 1.657101e-02
  Batch 48: loss = 0.142165 | LR = 1.655559e-02
Epoch 61: Average loss = 0.1759, Duration = 0.68s
  Batch 1: loss = 0.224850 | LR = 1.654018e-02
  Batch 2: loss = 0.126416 | LR = 1.652477e-02
  Batch 3: loss = 0.208208 | LR = 1.650937e-02
  Batch 4: loss = 0.155337 | LR = 1.649397e-02
  Batch 5: loss = 0.109883 | LR = 1.647857e-02
  Batch 6: loss = 0.098210 | LR = 1.646318e-02
  Batch 7: loss = 0.128209 | LR = 1.644779e-02
  Batch 8: loss = 0.144564 | LR = 1.643240e-02
  Batch 9: loss = 0.111312 | LR = 1.641702e-02
  Batch 10: loss = 0.137778 | LR = 1.640164e-02
  Batch 11: loss = 0.158216 | LR = 1.638626e-02
  Batch 12: loss = 0.187420 | LR = 1.637089e-02
  Batch 13: loss = 0.080505 | LR = 1.635552e-02
  Batch 14: loss = 0.146827 | LR = 1.634016e-02
  Batch 15: loss = 0.212820 | LR = 1.632480e-02
  Batch 16: loss = 0.257170 | LR = 1.630944e-02
  Batch 17: loss = 0.173719 | LR = 1.629409e-02
  Batch 18: loss = 0.169975 | LR = 1.627874e-02
  Batch 19: loss = 0.170323 | LR = 1.626340e-02
  Batch 20: loss = 0.195860 | LR = 1.624805e-02
  Batch 21: loss = 0.252452 | LR = 1.623272e-02
  Batch 22: loss = 0.255663 | LR = 1.621738e-02
  Batch 23: loss = 0.153092 | LR = 1.620205e-02
  Batch 24: loss = 0.137379 | LR = 1.618672e-02
  Batch 25: loss = 0.119073 | LR = 1.617140e-02
  Batch 26: loss = 0.121822 | LR = 1.615608e-02
  Batch 27: loss = 0.269794 | LR = 1.614077e-02
  Batch 28: loss = 0.197508 | LR = 1.612546e-02
  Batch 29: loss = 0.116151 | LR = 1.611015e-02
  Batch 30: loss = 0.330106 | LR = 1.609484e-02
  Batch 31: loss = 0.263605 | LR = 1.607954e-02
  Batch 32: loss = 0.064750 | LR = 1.606425e-02
  Batch 33: loss = 0.190438 | LR = 1.604896e-02
  Batch 34: loss = 0.118868 | LR = 1.603367e-02
  Batch 35: loss = 0.157227 | LR = 1.601838e-02
  Batch 36: loss = 0.155124 | LR = 1.600310e-02
  Batch 37: loss = 0.162933 | LR = 1.598782e-02
  Batch 38: loss = 0.217690 | LR = 1.597255e-02
  Batch 39: loss = 0.095636 | LR = 1.595728e-02
  Batch 40: loss = 0.180553 | LR = 1.594202e-02
  Batch 41: loss = 0.131687 | LR = 1.592676e-02
  Batch 42: loss = 0.230369 | LR = 1.591150e-02
  Batch 43: loss = 0.158433 | LR = 1.589624e-02
  Batch 44: loss = 0.149841 | LR = 1.588099e-02
  Batch 45: loss = 0.215006 | LR = 1.586575e-02
  Batch 46: loss = 0.161882 | LR = 1.585051e-02
  Batch 47: loss = 0.149892 | LR = 1.583527e-02
  Batch 48: loss = 0.191793 | LR = 1.582003e-02
Epoch 62: Average loss = 0.1697, Duration = 0.74s
  Batch 1: loss = 0.133661 | LR = 1.580480e-02
  Batch 2: loss = 0.101485 | LR = 1.578958e-02
  Batch 3: loss = 0.267982 | LR = 1.577436e-02
  Batch 4: loss = 0.145302 | LR = 1.575914e-02
  Batch 5: loss = 0.107051 | LR = 1.574392e-02
  Batch 6: loss = 0.185993 | LR = 1.572871e-02
  Batch 7: loss = 0.122998 | LR = 1.571351e-02
  Batch 8: loss = 0.209986 | LR = 1.569830e-02
  Batch 9: loss = 0.184942 | LR = 1.568311e-02
  Batch 10: loss = 0.271612 | LR = 1.566791e-02
  Batch 11: loss = 0.177896 | LR = 1.565272e-02
  Batch 12: loss = 0.142314 | LR = 1.563753e-02
  Batch 13: loss = 0.183405 | LR = 1.562235e-02
  Batch 14: loss = 0.124932 | LR = 1.560717e-02
  Batch 15: loss = 0.153709 | LR = 1.559200e-02
  Batch 16: loss = 0.163916 | LR = 1.557683e-02
  Batch 17: loss = 0.116845 | LR = 1.556166e-02
  Batch 18: loss = 0.170821 | LR = 1.554650e-02
  Batch 19: loss = 0.203651 | LR = 1.553134e-02
  Batch 20: loss = 0.193357 | LR = 1.551619e-02
  Batch 21: loss = 0.151902 | LR = 1.550104e-02
  Batch 22: loss = 0.156987 | LR = 1.548589e-02
  Batch 23: loss = 0.141840 | LR = 1.547075e-02
  Batch 24: loss = 0.173610 | LR = 1.545561e-02
  Batch 25: loss = 0.121739 | LR = 1.544048e-02
  Batch 26: loss = 0.158249 | LR = 1.542535e-02
  Batch 27: loss = 0.152585 | LR = 1.541022e-02
  Batch 28: loss = 0.268557 | LR = 1.539510e-02
  Batch 29: loss = 0.150543 | LR = 1.537999e-02
  Batch 30: loss = 0.179747 | LR = 1.536487e-02
  Batch 31: loss = 0.223384 | LR = 1.534976e-02
  Batch 32: loss = 0.297096 | LR = 1.533466e-02
  Batch 33: loss = 0.120775 | LR = 1.531956e-02
  Batch 34: loss = 0.222779 | LR = 1.530446e-02
  Batch 35: loss = 0.150682 | LR = 1.528937e-02
  Batch 36: loss = 0.198556 | LR = 1.527428e-02
  Batch 37: loss = 0.159476 | LR = 1.525920e-02
  Batch 38: loss = 0.094113 | LR = 1.524412e-02
  Batch 39: loss = 0.198213 | LR = 1.522904e-02
  Batch 40: loss = 0.085886 | LR = 1.521397e-02
  Batch 41: loss = 0.177603 | LR = 1.519890e-02
  Batch 42: loss = 0.136366 | LR = 1.518384e-02
  Batch 43: loss = 0.141161 | LR = 1.516878e-02
  Batch 44: loss = 0.172972 | LR = 1.515373e-02
  Batch 45: loss = 0.119529 | LR = 1.513868e-02
  Batch 46: loss = 0.091838 | LR = 1.512363e-02
  Batch 47: loss = 0.125799 | LR = 1.510859e-02
  Batch 48: loss = 0.125753 | LR = 1.509355e-02
Epoch 63: Average loss = 0.1637, Duration = 0.72s
  Batch 1: loss = 0.092376 | LR = 1.507852e-02
  Batch 2: loss = 0.193797 | LR = 1.506349e-02
  Batch 3: loss = 0.239455 | LR = 1.504846e-02
  Batch 4: loss = 0.143410 | LR = 1.503344e-02
  Batch 5: loss = 0.161495 | LR = 1.501843e-02
  Batch 6: loss = 0.215542 | LR = 1.500341e-02
  Batch 7: loss = 0.177505 | LR = 1.498841e-02
  Batch 8: loss = 0.091985 | LR = 1.497340e-02
  Batch 9: loss = 0.115662 | LR = 1.495840e-02
  Batch 10: loss = 0.112176 | LR = 1.494341e-02
  Batch 11: loss = 0.083897 | LR = 1.492842e-02
  Batch 12: loss = 0.138205 | LR = 1.491343e-02
  Batch 13: loss = 0.127155 | LR = 1.489845e-02
  Batch 14: loss = 0.111715 | LR = 1.488347e-02
  Batch 15: loss = 0.119979 | LR = 1.486850e-02
  Batch 16: loss = 0.158661 | LR = 1.485353e-02
  Batch 17: loss = 0.192384 | LR = 1.483857e-02
  Batch 18: loss = 0.121918 | LR = 1.482361e-02
  Batch 19: loss = 0.131969 | LR = 1.480865e-02
  Batch 20: loss = 0.191069 | LR = 1.479370e-02
  Batch 21: loss = 0.115001 | LR = 1.477875e-02
  Batch 22: loss = 0.071356 | LR = 1.476381e-02
  Batch 23: loss = 0.159740 | LR = 1.474887e-02
  Batch 24: loss = 0.152691 | LR = 1.473394e-02
  Batch 25: loss = 0.164854 | LR = 1.471901e-02
  Batch 26: loss = 0.125291 | LR = 1.470408e-02
  Batch 27: loss = 0.168977 | LR = 1.468916e-02
  Batch 28: loss = 0.272877 | LR = 1.467425e-02
  Batch 29: loss = 0.115645 | LR = 1.465933e-02
  Batch 30: loss = 0.148087 | LR = 1.464443e-02
  Batch 31: loss = 0.094857 | LR = 1.462952e-02
  Batch 32: loss = 0.080392 | LR = 1.461462e-02
  Batch 33: loss = 0.121909 | LR = 1.459973e-02
  Batch 34: loss = 0.157022 | LR = 1.458484e-02
  Batch 35: loss = 0.070310 | LR = 1.456996e-02
  Batch 36: loss = 0.125680 | LR = 1.455508e-02
  Batch 37: loss = 0.094065 | LR = 1.454020e-02
  Batch 38: loss = 0.080752 | LR = 1.452533e-02
  Batch 39: loss = 0.123150 | LR = 1.451046e-02
  Batch 40: loss = 0.158030 | LR = 1.449560e-02
  Batch 41: loss = 0.147950 | LR = 1.448074e-02
  Batch 42: loss = 0.162806 | LR = 1.446589e-02
  Batch 43: loss = 0.145003 | LR = 1.445104e-02
  Batch 44: loss = 0.166119 | LR = 1.443619e-02
  Batch 45: loss = 0.050909 | LR = 1.442135e-02
  Batch 46: loss = 0.112974 | LR = 1.440652e-02
  Batch 47: loss = 0.175289 | LR = 1.439169e-02
  Batch 48: loss = 0.115989 | LR = 1.437686e-02
Epoch 64: Average loss = 0.1375, Duration = 0.66s
  Batch 1: loss = 0.068517 | LR = 1.436204e-02
  Batch 2: loss = 0.089903 | LR = 1.434722e-02
  Batch 3: loss = 0.263185 | LR = 1.433241e-02
  Batch 4: loss = 0.136007 | LR = 1.431760e-02
  Batch 5: loss = 0.116398 | LR = 1.430280e-02
  Batch 6: loss = 0.181283 | LR = 1.428800e-02
  Batch 7: loss = 0.097869 | LR = 1.427320e-02
  Batch 8: loss = 0.172424 | LR = 1.425841e-02
  Batch 9: loss = 0.150796 | LR = 1.424363e-02
  Batch 10: loss = 0.087191 | LR = 1.422885e-02
  Batch 11: loss = 0.072627 | LR = 1.421407e-02
  Batch 12: loss = 0.085349 | LR = 1.419930e-02
  Batch 13: loss = 0.206504 | LR = 1.418453e-02
  Batch 14: loss = 0.093660 | LR = 1.416977e-02
  Batch 15: loss = 0.125315 | LR = 1.415501e-02
  Batch 16: loss = 0.162760 | LR = 1.414026e-02
  Batch 17: loss = 0.086139 | LR = 1.412551e-02
  Batch 18: loss = 0.129063 | LR = 1.411077e-02
  Batch 19: loss = 0.081599 | LR = 1.409603e-02
  Batch 20: loss = 0.174881 | LR = 1.408130e-02
  Batch 21: loss = 0.175938 | LR = 1.406657e-02
  Batch 22: loss = 0.131876 | LR = 1.405184e-02
  Batch 23: loss = 0.167475 | LR = 1.403712e-02
  Batch 24: loss = 0.134427 | LR = 1.402241e-02
  Batch 25: loss = 0.093433 | LR = 1.400770e-02
  Batch 26: loss = 0.103221 | LR = 1.399299e-02
  Batch 27: loss = 0.084544 | LR = 1.397829e-02
  Batch 28: loss = 0.245209 | LR = 1.396359e-02
  Batch 29: loss = 0.123775 | LR = 1.394890e-02
  Batch 30: loss = 0.148915 | LR = 1.393422e-02
  Batch 31: loss = 0.098567 | LR = 1.391953e-02
  Batch 32: loss = 0.139980 | LR = 1.390486e-02
  Batch 33: loss = 0.194816 | LR = 1.389018e-02
  Batch 34: loss = 0.134744 | LR = 1.387552e-02
  Batch 35: loss = 0.126344 | LR = 1.386085e-02
  Batch 36: loss = 0.066962 | LR = 1.384619e-02
  Batch 37: loss = 0.115671 | LR = 1.383154e-02
  Batch 38: loss = 0.158207 | LR = 1.381689e-02
  Batch 39: loss = 0.218107 | LR = 1.380225e-02
  Batch 40: loss = 0.201029 | LR = 1.378761e-02
  Batch 41: loss = 0.087611 | LR = 1.377297e-02
  Batch 42: loss = 0.153168 | LR = 1.375835e-02
  Batch 43: loss = 0.109795 | LR = 1.374372e-02
  Batch 44: loss = 0.161395 | LR = 1.372910e-02
  Batch 45: loss = 0.087786 | LR = 1.371449e-02
  Batch 46: loss = 0.117407 | LR = 1.369988e-02
  Batch 47: loss = 0.166423 | LR = 1.368527e-02
  Batch 48: loss = 0.276323 | LR = 1.367067e-02
Epoch 65: Average loss = 0.1376, Duration = 0.74s
  Batch 1: loss = 0.161838 | LR = 1.365607e-02
  Batch 2: loss = 0.120470 | LR = 1.364148e-02
  Batch 3: loss = 0.108778 | LR = 1.362690e-02
  Batch 4: loss = 0.149443 | LR = 1.361232e-02
  Batch 5: loss = 0.110296 | LR = 1.359774e-02
  Batch 6: loss = 0.139293 | LR = 1.358317e-02
  Batch 7: loss = 0.124617 | LR = 1.356860e-02
  Batch 8: loss = 0.121505 | LR = 1.355404e-02
  Batch 9: loss = 0.130839 | LR = 1.353949e-02
  Batch 10: loss = 0.102630 | LR = 1.352493e-02
  Batch 11: loss = 0.110902 | LR = 1.351039e-02
  Batch 12: loss = 0.083550 | LR = 1.349585e-02
  Batch 13: loss = 0.064898 | LR = 1.348131e-02
  Batch 14: loss = 0.142381 | LR = 1.346678e-02
  Batch 15: loss = 0.164250 | LR = 1.345225e-02
  Batch 16: loss = 0.088142 | LR = 1.343773e-02
  Batch 17: loss = 0.091919 | LR = 1.342321e-02
  Batch 18: loss = 0.106703 | LR = 1.340870e-02
  Batch 19: loss = 0.142767 | LR = 1.339419e-02
  Batch 20: loss = 0.095006 | LR = 1.337969e-02
  Batch 21: loss = 0.141859 | LR = 1.336519e-02
  Batch 22: loss = 0.095216 | LR = 1.335070e-02
  Batch 23: loss = 0.143093 | LR = 1.333621e-02
  Batch 24: loss = 0.167559 | LR = 1.332173e-02
  Batch 25: loss = 0.118741 | LR = 1.330725e-02
  Batch 26: loss = 0.131304 | LR = 1.329278e-02
  Batch 27: loss = 0.203320 | LR = 1.327832e-02
  Batch 28: loss = 0.061908 | LR = 1.326385e-02
  Batch 29: loss = 0.101697 | LR = 1.324940e-02
  Batch 30: loss = 0.118807 | LR = 1.323494e-02
  Batch 31: loss = 0.134612 | LR = 1.322050e-02
  Batch 32: loss = 0.136317 | LR = 1.320606e-02
  Batch 33: loss = 0.124231 | LR = 1.319162e-02
  Batch 34: loss = 0.100918 | LR = 1.317719e-02
  Batch 35: loss = 0.138791 | LR = 1.316276e-02
  Batch 36: loss = 0.069633 | LR = 1.314834e-02
  Batch 37: loss = 0.059672 | LR = 1.313392e-02
  Batch 38: loss = 0.111877 | LR = 1.311951e-02
  Batch 39: loss = 0.067839 | LR = 1.310511e-02
  Batch 40: loss = 0.049404 | LR = 1.309070e-02
  Batch 41: loss = 0.133698 | LR = 1.307631e-02
  Batch 42: loss = 0.077532 | LR = 1.306192e-02
  Batch 43: loss = 0.078445 | LR = 1.304753e-02
  Batch 44: loss = 0.116314 | LR = 1.303315e-02
  Batch 45: loss = 0.138074 | LR = 1.301878e-02
  Batch 46: loss = 0.068355 | LR = 1.300440e-02
  Batch 47: loss = 0.114950 | LR = 1.299004e-02
  Batch 48: loss = 0.076619 | LR = 1.297568e-02
Epoch 66: Average loss = 0.1134, Duration = 0.78s
  Batch 1: loss = 0.103155 | LR = 1.296132e-02
  Batch 2: loss = 0.100496 | LR = 1.294697e-02
  Batch 3: loss = 0.133167 | LR = 1.293263e-02
  Batch 4: loss = 0.113897 | LR = 1.291829e-02
  Batch 5: loss = 0.094971 | LR = 1.290396e-02
  Batch 6: loss = 0.089736 | LR = 1.288963e-02
  Batch 7: loss = 0.073747 | LR = 1.287530e-02
  Batch 8: loss = 0.150083 | LR = 1.286099e-02
  Batch 9: loss = 0.103450 | LR = 1.284667e-02
  Batch 10: loss = 0.084128 | LR = 1.283236e-02
  Batch 11: loss = 0.045828 | LR = 1.281806e-02
  Batch 12: loss = 0.162904 | LR = 1.280376e-02
  Batch 13: loss = 0.096146 | LR = 1.278947e-02
  Batch 14: loss = 0.135287 | LR = 1.277518e-02
  Batch 15: loss = 0.107431 | LR = 1.276090e-02
  Batch 16: loss = 0.121936 | LR = 1.274662e-02
  Batch 17: loss = 0.042729 | LR = 1.273235e-02
  Batch 18: loss = 0.099756 | LR = 1.271809e-02
  Batch 19: loss = 0.081176 | LR = 1.270383e-02
  Batch 20: loss = 0.123686 | LR = 1.268957e-02
  Batch 21: loss = 0.137079 | LR = 1.267532e-02
  Batch 22: loss = 0.065701 | LR = 1.266107e-02
  Batch 23: loss = 0.105340 | LR = 1.264683e-02
  Batch 24: loss = 0.048967 | LR = 1.263260e-02
  Batch 25: loss = 0.139086 | LR = 1.261837e-02
  Batch 26: loss = 0.074593 | LR = 1.260415e-02
  Batch 27: loss = 0.125365 | LR = 1.258993e-02
  Batch 28: loss = 0.086211 | LR = 1.257571e-02
  Batch 29: loss = 0.141207 | LR = 1.256151e-02
  Batch 30: loss = 0.125563 | LR = 1.254730e-02
  Batch 31: loss = 0.051736 | LR = 1.253311e-02
  Batch 32: loss = 0.113958 | LR = 1.251891e-02
  Batch 33: loss = 0.042196 | LR = 1.250473e-02
  Batch 34: loss = 0.089291 | LR = 1.249055e-02
  Batch 35: loss = 0.087103 | LR = 1.247637e-02
  Batch 36: loss = 0.087853 | LR = 1.246220e-02
  Batch 37: loss = 0.083576 | LR = 1.244803e-02
  Batch 38: loss = 0.162784 | LR = 1.243388e-02
  Batch 39: loss = 0.094326 | LR = 1.241972e-02
  Batch 40: loss = 0.112896 | LR = 1.240557e-02
  Batch 41: loss = 0.138334 | LR = 1.239143e-02
  Batch 42: loss = 0.109711 | LR = 1.237729e-02
  Batch 43: loss = 0.048508 | LR = 1.236316e-02
  Batch 44: loss = 0.211428 | LR = 1.234903e-02
  Batch 45: loss = 0.074422 | LR = 1.233491e-02
  Batch 46: loss = 0.068968 | LR = 1.232079e-02
  Batch 47: loss = 0.079114 | LR = 1.230668e-02
  Batch 48: loss = 0.136586 | LR = 1.229258e-02
Epoch 67: Average loss = 0.1022, Duration = 0.74s
  Batch 1: loss = 0.078616 | LR = 1.227848e-02
  Batch 2: loss = 0.109309 | LR = 1.226438e-02
  Batch 3: loss = 0.105287 | LR = 1.225029e-02
  Batch 4: loss = 0.082292 | LR = 1.223621e-02
  Batch 5: loss = 0.069423 | LR = 1.222213e-02
  Batch 6: loss = 0.148906 | LR = 1.220806e-02
  Batch 7: loss = 0.065319 | LR = 1.219399e-02
  Batch 8: loss = 0.072431 | LR = 1.217993e-02
  Batch 9: loss = 0.065469 | LR = 1.216587e-02
  Batch 10: loss = 0.129402 | LR = 1.215182e-02
  Batch 11: loss = 0.098981 | LR = 1.213778e-02
  Batch 12: loss = 0.068976 | LR = 1.212374e-02
  Batch 13: loss = 0.060589 | LR = 1.210970e-02
  Batch 14: loss = 0.064651 | LR = 1.209567e-02
  Batch 15: loss = 0.118038 | LR = 1.208165e-02
  Batch 16: loss = 0.165237 | LR = 1.206763e-02
  Batch 17: loss = 0.035244 | LR = 1.205362e-02
  Batch 18: loss = 0.044142 | LR = 1.203961e-02
  Batch 19: loss = 0.062030 | LR = 1.202561e-02
  Batch 20: loss = 0.140733 | LR = 1.201162e-02
  Batch 21: loss = 0.222863 | LR = 1.199763e-02
  Batch 22: loss = 0.070478 | LR = 1.198364e-02
  Batch 23: loss = 0.059096 | LR = 1.196967e-02
  Batch 24: loss = 0.073851 | LR = 1.195569e-02
  Batch 25: loss = 0.115097 | LR = 1.194173e-02
  Batch 26: loss = 0.120576 | LR = 1.192776e-02
  Batch 27: loss = 0.088398 | LR = 1.191381e-02
  Batch 28: loss = 0.143408 | LR = 1.189986e-02
  Batch 29: loss = 0.098338 | LR = 1.188591e-02
  Batch 30: loss = 0.116533 | LR = 1.187197e-02
  Batch 31: loss = 0.108706 | LR = 1.185804e-02
  Batch 32: loss = 0.102828 | LR = 1.184411e-02
  Batch 33: loss = 0.049697 | LR = 1.183019e-02
  Batch 34: loss = 0.046599 | LR = 1.181627e-02
  Batch 35: loss = 0.055008 | LR = 1.180236e-02
  Batch 36: loss = 0.051031 | LR = 1.178845e-02
  Batch 37: loss = 0.192769 | LR = 1.177455e-02
  Batch 38: loss = 0.088804 | LR = 1.176066e-02
  Batch 39: loss = 0.103422 | LR = 1.174677e-02
  Batch 40: loss = 0.128056 | LR = 1.173289e-02
  Batch 41: loss = 0.095970 | LR = 1.171901e-02
  Batch 42: loss = 0.067969 | LR = 1.170514e-02
  Batch 43: loss = 0.099408 | LR = 1.169128e-02
  Batch 44: loss = 0.090812 | LR = 1.167742e-02
  Batch 45: loss = 0.049560 | LR = 1.166356e-02
  Batch 46: loss = 0.133620 | LR = 1.164971e-02
  Batch 47: loss = 0.221431 | LR = 1.163587e-02
  Batch 48: loss = 0.122659 | LR = 1.162203e-02
Epoch 68: Average loss = 0.0980, Duration = 0.69s
  Batch 1: loss = 0.037640 | LR = 1.160820e-02
  Batch 2: loss = 0.041616 | LR = 1.159438e-02
  Batch 3: loss = 0.135284 | LR = 1.158056e-02
  Batch 4: loss = 0.133987 | LR = 1.156674e-02
  Batch 5: loss = 0.055011 | LR = 1.155293e-02
  Batch 6: loss = 0.129437 | LR = 1.153913e-02
  Batch 7: loss = 0.059037 | LR = 1.152534e-02
  Batch 8: loss = 0.066873 | LR = 1.151154e-02
  Batch 9: loss = 0.054682 | LR = 1.149776e-02
  Batch 10: loss = 0.054746 | LR = 1.148398e-02
  Batch 11: loss = 0.095967 | LR = 1.147021e-02
  Batch 12: loss = 0.102556 | LR = 1.145644e-02
  Batch 13: loss = 0.068820 | LR = 1.144268e-02
  Batch 14: loss = 0.070218 | LR = 1.142892e-02
  Batch 15: loss = 0.114474 | LR = 1.141517e-02
  Batch 16: loss = 0.096661 | LR = 1.140143e-02
  Batch 17: loss = 0.045295 | LR = 1.138769e-02
  Batch 18: loss = 0.063449 | LR = 1.137395e-02
  Batch 19: loss = 0.055132 | LR = 1.136023e-02
  Batch 20: loss = 0.048014 | LR = 1.134651e-02
  Batch 21: loss = 0.100371 | LR = 1.133279e-02
  Batch 22: loss = 0.133274 | LR = 1.131908e-02
  Batch 23: loss = 0.066737 | LR = 1.130538e-02
  Batch 24: loss = 0.045978 | LR = 1.129168e-02
  Batch 25: loss = 0.089354 | LR = 1.127799e-02
  Batch 26: loss = 0.106469 | LR = 1.126430e-02
  Batch 27: loss = 0.095304 | LR = 1.125062e-02
  Batch 28: loss = 0.179819 | LR = 1.123695e-02
  Batch 29: loss = 0.057300 | LR = 1.122328e-02
  Batch 30: loss = 0.076780 | LR = 1.120962e-02
  Batch 31: loss = 0.110452 | LR = 1.119596e-02
  Batch 32: loss = 0.053798 | LR = 1.118231e-02
  Batch 33: loss = 0.060968 | LR = 1.116867e-02
  Batch 34: loss = 0.067632 | LR = 1.115503e-02
  Batch 35: loss = 0.096387 | LR = 1.114140e-02
  Batch 36: loss = 0.031247 | LR = 1.112777e-02
  Batch 37: loss = 0.114364 | LR = 1.111415e-02
  Batch 38: loss = 0.068276 | LR = 1.110053e-02
  Batch 39: loss = 0.053579 | LR = 1.108692e-02
  Batch 40: loss = 0.094226 | LR = 1.107332e-02
  Batch 41: loss = 0.069887 | LR = 1.105973e-02
  Batch 42: loss = 0.086271 | LR = 1.104613e-02
  Batch 43: loss = 0.083000 | LR = 1.103255e-02
  Batch 44: loss = 0.084244 | LR = 1.101897e-02
  Batch 45: loss = 0.035687 | LR = 1.100540e-02
  Batch 46: loss = 0.065214 | LR = 1.099183e-02
  Batch 47: loss = 0.114485 | LR = 1.097827e-02
  Batch 48: loss = 0.135245 | LR = 1.096472e-02
Epoch 69: Average loss = 0.0814, Duration = 0.68s
  Batch 1: loss = 0.139478 | LR = 1.095117e-02
  Batch 2: loss = 0.110275 | LR = 1.093762e-02
  Batch 3: loss = 0.054063 | LR = 1.092409e-02
  Batch 4: loss = 0.100216 | LR = 1.091056e-02
  Batch 5: loss = 0.081570 | LR = 1.089703e-02
  Batch 6: loss = 0.090196 | LR = 1.088351e-02
  Batch 7: loss = 0.058311 | LR = 1.087000e-02
  Batch 8: loss = 0.115010 | LR = 1.085649e-02
  Batch 9: loss = 0.072202 | LR = 1.084299e-02
  Batch 10: loss = 0.126150 | LR = 1.082950e-02
  Batch 11: loss = 0.101433 | LR = 1.081601e-02
  Batch 12: loss = 0.077216 | LR = 1.080253e-02
  Batch 13: loss = 0.105378 | LR = 1.078905e-02
  Batch 14: loss = 0.054640 | LR = 1.077558e-02
  Batch 15: loss = 0.056802 | LR = 1.076212e-02
  Batch 16: loss = 0.083610 | LR = 1.074866e-02
  Batch 17: loss = 0.044663 | LR = 1.073521e-02
  Batch 18: loss = 0.081351 | LR = 1.072176e-02
  Batch 19: loss = 0.109156 | LR = 1.070832e-02
  Batch 20: loss = 0.046220 | LR = 1.069489e-02
  Batch 21: loss = 0.073269 | LR = 1.068146e-02
  Batch 22: loss = 0.088861 | LR = 1.066804e-02
  Batch 23: loss = 0.119245 | LR = 1.065463e-02
  Batch 24: loss = 0.049704 | LR = 1.064122e-02
  Batch 25: loss = 0.071033 | LR = 1.062782e-02
  Batch 26: loss = 0.063931 | LR = 1.061442e-02
  Batch 27: loss = 0.080781 | LR = 1.060103e-02
  Batch 28: loss = 0.042194 | LR = 1.058765e-02
  Batch 29: loss = 0.102050 | LR = 1.057427e-02
  Batch 30: loss = 0.099876 | LR = 1.056090e-02
  Batch 31: loss = 0.087125 | LR = 1.054753e-02
  Batch 32: loss = 0.050289 | LR = 1.053417e-02
  Batch 33: loss = 0.126607 | LR = 1.052082e-02
  Batch 34: loss = 0.073584 | LR = 1.050747e-02
  Batch 35: loss = 0.075573 | LR = 1.049413e-02
  Batch 36: loss = 0.047634 | LR = 1.048080e-02
  Batch 37: loss = 0.104209 | LR = 1.046747e-02
  Batch 38: loss = 0.042118 | LR = 1.045415e-02
  Batch 39: loss = 0.085438 | LR = 1.044083e-02
  Batch 40: loss = 0.095833 | LR = 1.042752e-02
  Batch 41: loss = 0.093461 | LR = 1.041422e-02
  Batch 42: loss = 0.056536 | LR = 1.040092e-02
  Batch 43: loss = 0.094071 | LR = 1.038763e-02
  Batch 44: loss = 0.121722 | LR = 1.037435e-02
  Batch 45: loss = 0.097996 | LR = 1.036107e-02
  Batch 46: loss = 0.088301 | LR = 1.034780e-02
  Batch 47: loss = 0.093774 | LR = 1.033453e-02
  Batch 48: loss = 0.099930 | LR = 1.032127e-02
Epoch 70: Average loss = 0.0840, Duration = 0.68s
  Batch 1: loss = 0.058132 | LR = 1.030802e-02
  Batch 2: loss = 0.015363 | LR = 1.029477e-02
  Batch 3: loss = 0.039817 | LR = 1.028153e-02
  Batch 4: loss = 0.096795 | LR = 1.026830e-02
  Batch 5: loss = 0.055651 | LR = 1.025507e-02
  Batch 6: loss = 0.116179 | LR = 1.024185e-02
  Batch 7: loss = 0.038197 | LR = 1.022863e-02
  Batch 8: loss = 0.115161 | LR = 1.021542e-02
  Batch 9: loss = 0.062955 | LR = 1.020222e-02
  Batch 10: loss = 0.045916 | LR = 1.018903e-02
  Batch 11: loss = 0.102412 | LR = 1.017584e-02
  Batch 12: loss = 0.128234 | LR = 1.016265e-02
  Batch 13: loss = 0.060281 | LR = 1.014948e-02
  Batch 14: loss = 0.049147 | LR = 1.013631e-02
  Batch 15: loss = 0.029097 | LR = 1.012314e-02
  Batch 16: loss = 0.092831 | LR = 1.010998e-02
  Batch 17: loss = 0.102454 | LR = 1.009683e-02
  Batch 18: loss = 0.094209 | LR = 1.008369e-02
  Batch 19: loss = 0.104806 | LR = 1.007055e-02
  Batch 20: loss = 0.117986 | LR = 1.005742e-02
  Batch 21: loss = 0.030767 | LR = 1.004429e-02
  Batch 22: loss = 0.057618 | LR = 1.003117e-02
  Batch 23: loss = 0.096834 | LR = 1.001806e-02
  Batch 24: loss = 0.048719 | LR = 1.000495e-02
  Batch 25: loss = 0.082644 | LR = 9.991852e-03
  Batch 26: loss = 0.087735 | LR = 9.978758e-03
  Batch 27: loss = 0.130215 | LR = 9.965671e-03
  Batch 28: loss = 0.066397 | LR = 9.952590e-03
  Batch 29: loss = 0.080761 | LR = 9.939516e-03
  Batch 30: loss = 0.048694 | LR = 9.926448e-03
  Batch 31: loss = 0.084733 | LR = 9.913387e-03
  Batch 32: loss = 0.038277 | LR = 9.900332e-03
  Batch 33: loss = 0.091957 | LR = 9.887283e-03
  Batch 34: loss = 0.150041 | LR = 9.874241e-03
  Batch 35: loss = 0.065095 | LR = 9.861206e-03
  Batch 36: loss = 0.043175 | LR = 9.848177e-03
  Batch 37: loss = 0.092972 | LR = 9.835154e-03
  Batch 38: loss = 0.052610 | LR = 9.822138e-03
  Batch 39: loss = 0.049411 | LR = 9.809129e-03
  Batch 40: loss = 0.076969 | LR = 9.796126e-03
  Batch 41: loss = 0.074708 | LR = 9.783130e-03
  Batch 42: loss = 0.067792 | LR = 9.770140e-03
  Batch 43: loss = 0.176180 | LR = 9.757157e-03
  Batch 44: loss = 0.076097 | LR = 9.744180e-03
  Batch 45: loss = 0.061529 | LR = 9.731209e-03
  Batch 46: loss = 0.040008 | LR = 9.718246e-03
  Batch 47: loss = 0.107855 | LR = 9.705289e-03
  Batch 48: loss = 0.067289 | LR = 9.692338e-03
Epoch 71: Average loss = 0.0765, Duration = 0.69s
  Batch 1: loss = 0.051477 | LR = 9.679394e-03
  Batch 2: loss = 0.070673 | LR = 9.666457e-03
  Batch 3: loss = 0.061092 | LR = 9.653526e-03
  Batch 4: loss = 0.092257 | LR = 9.640602e-03
  Batch 5: loss = 0.080498 | LR = 9.627684e-03
  Batch 6: loss = 0.042607 | LR = 9.614773e-03
  Batch 7: loss = 0.047180 | LR = 9.601868e-03
  Batch 8: loss = 0.077445 | LR = 9.588970e-03
  Batch 9: loss = 0.138616 | LR = 9.576079e-03
  Batch 10: loss = 0.040577 | LR = 9.563195e-03
  Batch 11: loss = 0.059068 | LR = 9.550317e-03
  Batch 12: loss = 0.060013 | LR = 9.537445e-03
  Batch 13: loss = 0.102791 | LR = 9.524580e-03
  Batch 14: loss = 0.066198 | LR = 9.511722e-03
  Batch 15: loss = 0.058729 | LR = 9.498871e-03
  Batch 16: loss = 0.043766 | LR = 9.486026e-03
  Batch 17: loss = 0.108294 | LR = 9.473188e-03
  Batch 18: loss = 0.109630 | LR = 9.460356e-03
  Batch 19: loss = 0.090936 | LR = 9.447532e-03
  Batch 20: loss = 0.051968 | LR = 9.434713e-03
  Batch 21: loss = 0.062979 | LR = 9.421902e-03
  Batch 22: loss = 0.048325 | LR = 9.409097e-03
  Batch 23: loss = 0.138619 | LR = 9.396299e-03
  Batch 24: loss = 0.048882 | LR = 9.383508e-03
  Batch 25: loss = 0.080195 | LR = 9.370723e-03
  Batch 26: loss = 0.046369 | LR = 9.357945e-03
  Batch 27: loss = 0.103119 | LR = 9.345174e-03
  Batch 28: loss = 0.144430 | LR = 9.332409e-03
  Batch 29: loss = 0.060307 | LR = 9.319651e-03
  Batch 30: loss = 0.060881 | LR = 9.306900e-03
  Batch 31: loss = 0.058962 | LR = 9.294156e-03
  Batch 32: loss = 0.085154 | LR = 9.281418e-03
  Batch 33: loss = 0.048254 | LR = 9.268687e-03
  Batch 34: loss = 0.059958 | LR = 9.255963e-03
  Batch 35: loss = 0.063622 | LR = 9.243246e-03
  Batch 36: loss = 0.097801 | LR = 9.230535e-03
  Batch 37: loss = 0.045321 | LR = 9.217831e-03
  Batch 38: loss = 0.047799 | LR = 9.205134e-03
  Batch 39: loss = 0.061168 | LR = 9.192444e-03
  Batch 40: loss = 0.087635 | LR = 9.179760e-03
  Batch 41: loss = 0.022777 | LR = 9.167083e-03
  Batch 42: loss = 0.079779 | LR = 9.154413e-03
  Batch 43: loss = 0.168714 | LR = 9.141750e-03
  Batch 44: loss = 0.045429 | LR = 9.129094e-03
  Batch 45: loss = 0.090743 | LR = 9.116444e-03
  Batch 46: loss = 0.047978 | LR = 9.103802e-03
  Batch 47: loss = 0.100655 | LR = 9.091166e-03
  Batch 48: loss = 0.095829 | LR = 9.078537e-03
Epoch 72: Average loss = 0.0741, Duration = 0.72s
  Batch 1: loss = 0.034070 | LR = 9.065914e-03
  Batch 2: loss = 0.054595 | LR = 9.053299e-03
  Batch 3: loss = 0.078171 | LR = 9.040690e-03
  Batch 4: loss = 0.040150 | LR = 9.028089e-03
  Batch 5: loss = 0.040243 | LR = 9.015494e-03
  Batch 6: loss = 0.078864 | LR = 9.002906e-03
  Batch 7: loss = 0.055946 | LR = 8.990325e-03
  Batch 8: loss = 0.056906 | LR = 8.977750e-03
  Batch 9: loss = 0.080880 | LR = 8.965183e-03
  Batch 10: loss = 0.100515 | LR = 8.952623e-03
  Batch 11: loss = 0.028540 | LR = 8.940069e-03
  Batch 12: loss = 0.114866 | LR = 8.927522e-03
  Batch 13: loss = 0.081333 | LR = 8.914982e-03
  Batch 14: loss = 0.079070 | LR = 8.902449e-03
  Batch 15: loss = 0.061703 | LR = 8.889923e-03
  Batch 16: loss = 0.068504 | LR = 8.877404e-03
  Batch 17: loss = 0.046552 | LR = 8.864892e-03
  Batch 18: loss = 0.032296 | LR = 8.852387e-03
  Batch 19: loss = 0.100798 | LR = 8.839888e-03
  Batch 20: loss = 0.023378 | LR = 8.827397e-03
  Batch 21: loss = 0.068548 | LR = 8.814912e-03
  Batch 22: loss = 0.028334 | LR = 8.802435e-03
  Batch 23: loss = 0.091840 | LR = 8.789964e-03
  Batch 24: loss = 0.026979 | LR = 8.777501e-03
  Batch 25: loss = 0.068868 | LR = 8.765044e-03
  Batch 26: loss = 0.059844 | LR = 8.752594e-03
  Batch 27: loss = 0.050958 | LR = 8.740152e-03
  Batch 28: loss = 0.027110 | LR = 8.727716e-03
  Batch 29: loss = 0.075369 | LR = 8.715287e-03
  Batch 30: loss = 0.063903 | LR = 8.702865e-03
  Batch 31: loss = 0.050846 | LR = 8.690451e-03
  Batch 32: loss = 0.094519 | LR = 8.678043e-03
  Batch 33: loss = 0.095997 | LR = 8.665642e-03
  Batch 34: loss = 0.077327 | LR = 8.653248e-03
  Batch 35: loss = 0.029383 | LR = 8.640861e-03
  Batch 36: loss = 0.053057 | LR = 8.628482e-03
  Batch 37: loss = 0.021442 | LR = 8.616109e-03
  Batch 38: loss = 0.039145 | LR = 8.603743e-03
  Batch 39: loss = 0.031921 | LR = 8.591385e-03
  Batch 40: loss = 0.057298 | LR = 8.579033e-03
  Batch 41: loss = 0.025671 | LR = 8.566688e-03
  Batch 42: loss = 0.070667 | LR = 8.554351e-03
  Batch 43: loss = 0.121038 | LR = 8.542020e-03
  Batch 44: loss = 0.058749 | LR = 8.529697e-03
  Batch 45: loss = 0.045538 | LR = 8.517381e-03
  Batch 46: loss = 0.062017 | LR = 8.505071e-03
  Batch 47: loss = 0.115281 | LR = 8.492769e-03
  Batch 48: loss = 0.023398 | LR = 8.480474e-03
Epoch 73: Average loss = 0.0603, Duration = 0.75s
  Batch 1: loss = 0.042050 | LR = 8.468186e-03
  Batch 2: loss = 0.059563 | LR = 8.455905e-03
  Batch 3: loss = 0.074403 | LR = 8.443631e-03
  Batch 4: loss = 0.113215 | LR = 8.431365e-03
  Batch 5: loss = 0.030689 | LR = 8.419105e-03
  Batch 6: loss = 0.043952 | LR = 8.406853e-03
  Batch 7: loss = 0.057813 | LR = 8.394607e-03
  Batch 8: loss = 0.074117 | LR = 8.382369e-03
  Batch 9: loss = 0.044721 | LR = 8.370138e-03
  Batch 10: loss = 0.126266 | LR = 8.357914e-03
  Batch 11: loss = 0.079971 | LR = 8.345697e-03
  Batch 12: loss = 0.052610 | LR = 8.333487e-03
  Batch 13: loss = 0.058033 | LR = 8.321285e-03
  Batch 14: loss = 0.017819 | LR = 8.309089e-03
  Batch 15: loss = 0.053214 | LR = 8.296901e-03
  Batch 16: loss = 0.049391 | LR = 8.284720e-03
  Batch 17: loss = 0.055149 | LR = 8.272546e-03
  Batch 18: loss = 0.034120 | LR = 8.260379e-03
  Batch 19: loss = 0.059013 | LR = 8.248220e-03
  Batch 20: loss = 0.060840 | LR = 8.236068e-03
  Batch 21: loss = 0.094411 | LR = 8.223922e-03
  Batch 22: loss = 0.066972 | LR = 8.211785e-03
  Batch 23: loss = 0.063502 | LR = 8.199654e-03
  Batch 24: loss = 0.043898 | LR = 8.187530e-03
  Batch 25: loss = 0.083813 | LR = 8.175414e-03
  Batch 26: loss = 0.032382 | LR = 8.163305e-03
  Batch 27: loss = 0.049664 | LR = 8.151203e-03
  Batch 28: loss = 0.082187 | LR = 8.139108e-03
  Batch 29: loss = 0.027860 | LR = 8.127021e-03
  Batch 30: loss = 0.062190 | LR = 8.114941e-03
  Batch 31: loss = 0.042808 | LR = 8.102868e-03
  Batch 32: loss = 0.023424 | LR = 8.090802e-03
  Batch 33: loss = 0.039598 | LR = 8.078744e-03
  Batch 34: loss = 0.046689 | LR = 8.066693e-03
  Batch 35: loss = 0.041805 | LR = 8.054649e-03
  Batch 36: loss = 0.029105 | LR = 8.042612e-03
  Batch 37: loss = 0.027159 | LR = 8.030583e-03
  Batch 38: loss = 0.064121 | LR = 8.018561e-03
  Batch 39: loss = 0.053096 | LR = 8.006546e-03
  Batch 40: loss = 0.052283 | LR = 7.994538e-03
  Batch 41: loss = 0.024127 | LR = 7.982538e-03
  Batch 42: loss = 0.046964 | LR = 7.970545e-03
  Batch 43: loss = 0.073538 | LR = 7.958560e-03
  Batch 44: loss = 0.038891 | LR = 7.946581e-03
  Batch 45: loss = 0.025998 | LR = 7.934610e-03
  Batch 46: loss = 0.031997 | LR = 7.922647e-03
  Batch 47: loss = 0.107839 | LR = 7.910690e-03
  Batch 48: loss = 0.047779 | LR = 7.898741e-03
Epoch 74: Average loss = 0.0544, Duration = 0.70s
  Batch 1: loss = 0.069935 | LR = 7.886800e-03
  Batch 2: loss = 0.044559 | LR = 7.874866e-03
  Batch 3: loss = 0.020152 | LR = 7.862939e-03
  Batch 4: loss = 0.069326 | LR = 7.851019e-03
  Batch 5: loss = 0.020509 | LR = 7.839107e-03
  Batch 6: loss = 0.056618 | LR = 7.827202e-03
  Batch 7: loss = 0.012090 | LR = 7.815304e-03
  Batch 8: loss = 0.061380 | LR = 7.803414e-03
  Batch 9: loss = 0.025910 | LR = 7.791532e-03
  Batch 10: loss = 0.038436 | LR = 7.779656e-03
  Batch 11: loss = 0.062978 | LR = 7.767788e-03
  Batch 12: loss = 0.052739 | LR = 7.755928e-03
  Batch 13: loss = 0.026122 | LR = 7.744074e-03
  Batch 14: loss = 0.013002 | LR = 7.732229e-03
  Batch 15: loss = 0.025987 | LR = 7.720390e-03
  Batch 16: loss = 0.042553 | LR = 7.708559e-03
  Batch 17: loss = 0.027009 | LR = 7.696736e-03
  Batch 18: loss = 0.076777 | LR = 7.684920e-03
  Batch 19: loss = 0.061045 | LR = 7.673111e-03
  Batch 20: loss = 0.054240 | LR = 7.661310e-03
  Batch 21: loss = 0.058718 | LR = 7.649516e-03
  Batch 22: loss = 0.106753 | LR = 7.637730e-03
  Batch 23: loss = 0.052934 | LR = 7.625951e-03
  Batch 24: loss = 0.027375 | LR = 7.614179e-03
  Batch 25: loss = 0.040461 | LR = 7.602415e-03
  Batch 26: loss = 0.062753 | LR = 7.590659e-03
  Batch 27: loss = 0.020077 | LR = 7.578910e-03
  Batch 28: loss = 0.079990 | LR = 7.567168e-03
  Batch 29: loss = 0.035062 | LR = 7.555434e-03
  Batch 30: loss = 0.039794 | LR = 7.543707e-03
  Batch 31: loss = 0.028710 | LR = 7.531988e-03
  Batch 32: loss = 0.062235 | LR = 7.520277e-03
  Batch 33: loss = 0.035652 | LR = 7.508572e-03
  Batch 34: loss = 0.038819 | LR = 7.496876e-03
  Batch 35: loss = 0.063318 | LR = 7.485187e-03
  Batch 36: loss = 0.067266 | LR = 7.473505e-03
  Batch 37: loss = 0.070320 | LR = 7.461831e-03
  Batch 38: loss = 0.109107 | LR = 7.450165e-03
  Batch 39: loss = 0.036074 | LR = 7.438505e-03
  Batch 40: loss = 0.085655 | LR = 7.426854e-03
  Batch 41: loss = 0.082171 | LR = 7.415210e-03
  Batch 42: loss = 0.050450 | LR = 7.403574e-03
  Batch 43: loss = 0.013773 | LR = 7.391945e-03
  Batch 44: loss = 0.020806 | LR = 7.380323e-03
  Batch 45: loss = 0.030579 | LR = 7.368710e-03
  Batch 46: loss = 0.022956 | LR = 7.357104e-03
  Batch 47: loss = 0.066478 | LR = 7.345505e-03
  Batch 48: loss = 0.021285 | LR = 7.333914e-03
Epoch 75: Average loss = 0.0477, Duration = 0.70s
  Batch 1: loss = 0.033294 | LR = 7.322330e-03
  Batch 2: loss = 0.032696 | LR = 7.310755e-03
  Batch 3: loss = 0.041140 | LR = 7.299186e-03
  Batch 4: loss = 0.059056 | LR = 7.287626e-03
  Batch 5: loss = 0.118086 | LR = 7.276073e-03
  Batch 6: loss = 0.069785 | LR = 7.264527e-03
  Batch 7: loss = 0.079174 | LR = 7.252989e-03
  Batch 8: loss = 0.029698 | LR = 7.241459e-03
  Batch 9: loss = 0.041993 | LR = 7.229936e-03
  Batch 10: loss = 0.019749 | LR = 7.218421e-03
  Batch 11: loss = 0.022880 | LR = 7.206914e-03
  Batch 12: loss = 0.058296 | LR = 7.195414e-03
  Batch 13: loss = 0.021196 | LR = 7.183922e-03
  Batch 14: loss = 0.009543 | LR = 7.172438e-03
  Batch 15: loss = 0.057826 | LR = 7.160961e-03
  Batch 16: loss = 0.062268 | LR = 7.149492e-03
  Batch 17: loss = 0.048722 | LR = 7.138030e-03
  Batch 18: loss = 0.036775 | LR = 7.126576e-03
  Batch 19: loss = 0.030279 | LR = 7.115130e-03
  Batch 20: loss = 0.042499 | LR = 7.103692e-03
  Batch 21: loss = 0.032127 | LR = 7.092261e-03
  Batch 22: loss = 0.030088 | LR = 7.080838e-03
  Batch 23: loss = 0.085020 | LR = 7.069422e-03
  Batch 24: loss = 0.054127 | LR = 7.058015e-03
  Batch 25: loss = 0.023272 | LR = 7.046615e-03
  Batch 26: loss = 0.048357 | LR = 7.035222e-03
  Batch 27: loss = 0.049831 | LR = 7.023838e-03
  Batch 28: loss = 0.074577 | LR = 7.012461e-03
  Batch 29: loss = 0.033370 | LR = 7.001092e-03
  Batch 30: loss = 0.041472 | LR = 6.989730e-03
  Batch 31: loss = 0.047705 | LR = 6.978376e-03
  Batch 32: loss = 0.018680 | LR = 6.967030e-03
  Batch 33: loss = 0.038564 | LR = 6.955692e-03
  Batch 34: loss = 0.090553 | LR = 6.944362e-03
  Batch 35: loss = 0.066566 | LR = 6.933039e-03
  Batch 36: loss = 0.025970 | LR = 6.921724e-03
  Batch 37: loss = 0.038023 | LR = 6.910416e-03
  Batch 38: loss = 0.039249 | LR = 6.899117e-03
  Batch 39: loss = 0.009897 | LR = 6.887825e-03
  Batch 40: loss = 0.025515 | LR = 6.876541e-03
  Batch 41: loss = 0.091902 | LR = 6.865265e-03
  Batch 42: loss = 0.021239 | LR = 6.853997e-03
  Batch 43: loss = 0.039514 | LR = 6.842736e-03
  Batch 44: loss = 0.018343 | LR = 6.831483e-03
  Batch 45: loss = 0.019013 | LR = 6.820238e-03
  Batch 46: loss = 0.023976 | LR = 6.809001e-03
  Batch 47: loss = 0.084865 | LR = 6.797771e-03
  Batch 48: loss = 0.078695 | LR = 6.786550e-03
Epoch 76: Average loss = 0.0451, Duration = 0.77s
  Batch 1: loss = 0.022031 | LR = 6.775336e-03
  Batch 2: loss = 0.039231 | LR = 6.764130e-03
  Batch 3: loss = 0.033627 | LR = 6.752932e-03
  Batch 4: loss = 0.032440 | LR = 6.741741e-03
  Batch 5: loss = 0.032760 | LR = 6.730559e-03
  Batch 6: loss = 0.077339 | LR = 6.719384e-03
  Batch 7: loss = 0.042519 | LR = 6.708217e-03
  Batch 8: loss = 0.058469 | LR = 6.697058e-03
  Batch 9: loss = 0.031504 | LR = 6.685907e-03
  Batch 10: loss = 0.055327 | LR = 6.674764e-03
  Batch 11: loss = 0.007396 | LR = 6.663629e-03
  Batch 12: loss = 0.051409 | LR = 6.652501e-03
  Batch 13: loss = 0.017633 | LR = 6.641381e-03
  Batch 14: loss = 0.023650 | LR = 6.630270e-03
  Batch 15: loss = 0.033106 | LR = 6.619166e-03
  Batch 16: loss = 0.025181 | LR = 6.608070e-03
  Batch 17: loss = 0.042575 | LR = 6.596982e-03
  Batch 18: loss = 0.004971 | LR = 6.585901e-03
  Batch 19: loss = 0.028392 | LR = 6.574829e-03
  Batch 20: loss = 0.025229 | LR = 6.563765e-03
  Batch 21: loss = 0.022768 | LR = 6.552708e-03
  Batch 22: loss = 0.015950 | LR = 6.541660e-03
  Batch 23: loss = 0.012800 | LR = 6.530619e-03
  Batch 24: loss = 0.040895 | LR = 6.519586e-03
  Batch 25: loss = 0.032578 | LR = 6.508561e-03
  Batch 26: loss = 0.022319 | LR = 6.497544e-03
  Batch 27: loss = 0.046730 | LR = 6.486536e-03
  Batch 28: loss = 0.033460 | LR = 6.475535e-03
  Batch 29: loss = 0.013142 | LR = 6.464541e-03
  Batch 30: loss = 0.042179 | LR = 6.453556e-03
  Batch 31: loss = 0.041484 | LR = 6.442579e-03
  Batch 32: loss = 0.037854 | LR = 6.431610e-03
  Batch 33: loss = 0.011431 | LR = 6.420649e-03
  Batch 34: loss = 0.020433 | LR = 6.409696e-03
  Batch 35: loss = 0.039121 | LR = 6.398750e-03
  Batch 36: loss = 0.025843 | LR = 6.387813e-03
  Batch 37: loss = 0.067415 | LR = 6.376884e-03
  Batch 38: loss = 0.061718 | LR = 6.365962e-03
  Batch 39: loss = 0.063437 | LR = 6.355049e-03
  Batch 40: loss = 0.080370 | LR = 6.344144e-03
  Batch 41: loss = 0.031065 | LR = 6.333247e-03
  Batch 42: loss = 0.013394 | LR = 6.322357e-03
  Batch 43: loss = 0.059952 | LR = 6.311476e-03
  Batch 44: loss = 0.029134 | LR = 6.300603e-03
  Batch 45: loss = 0.027596 | LR = 6.289738e-03
  Batch 46: loss = 0.024252 | LR = 6.278880e-03
  Batch 47: loss = 0.042909 | LR = 6.268031e-03
  Batch 48: loss = 0.027026 | LR = 6.257190e-03
Epoch 77: Average loss = 0.0348, Duration = 0.74s
  Batch 1: loss = 0.029126 | LR = 6.246357e-03
  Batch 2: loss = 0.017866 | LR = 6.235532e-03
  Batch 3: loss = 0.049893 | LR = 6.224715e-03
  Batch 4: loss = 0.018224 | LR = 6.213906e-03
  Batch 5: loss = 0.037466 | LR = 6.203105e-03
  Batch 6: loss = 0.044533 | LR = 6.192312e-03
  Batch 7: loss = 0.027214 | LR = 6.181527e-03
  Batch 8: loss = 0.030195 | LR = 6.170751e-03
  Batch 9: loss = 0.022042 | LR = 6.159982e-03
  Batch 10: loss = 0.059603 | LR = 6.149222e-03
  Batch 11: loss = 0.014502 | LR = 6.138469e-03
  Batch 12: loss = 0.025180 | LR = 6.127725e-03
  Batch 13: loss = 0.039484 | LR = 6.116989e-03
  Batch 14: loss = 0.087934 | LR = 6.106261e-03
  Batch 15: loss = 0.050123 | LR = 6.095541e-03
  Batch 16: loss = 0.026017 | LR = 6.084829e-03
  Batch 17: loss = 0.046580 | LR = 6.074125e-03
  Batch 18: loss = 0.017894 | LR = 6.063429e-03
  Batch 19: loss = 0.039472 | LR = 6.052742e-03
  Batch 20: loss = 0.081819 | LR = 6.042062e-03
  Batch 21: loss = 0.020674 | LR = 6.031391e-03
  Batch 22: loss = 0.065142 | LR = 6.020728e-03
  Batch 23: loss = 0.072859 | LR = 6.010073e-03
  Batch 24: loss = 0.015028 | LR = 5.999426e-03
  Batch 25: loss = 0.015216 | LR = 5.988787e-03
  Batch 26: loss = 0.029114 | LR = 5.978157e-03
  Batch 27: loss = 0.068159 | LR = 5.967534e-03
  Batch 28: loss = 0.018497 | LR = 5.956920e-03
  Batch 29: loss = 0.013455 | LR = 5.946314e-03
  Batch 30: loss = 0.005787 | LR = 5.935716e-03
  Batch 31: loss = 0.042060 | LR = 5.925127e-03
  Batch 32: loss = 0.029301 | LR = 5.914545e-03
  Batch 33: loss = 0.043629 | LR = 5.903972e-03
  Batch 34: loss = 0.039872 | LR = 5.893407e-03
  Batch 35: loss = 0.046084 | LR = 5.882850e-03
  Batch 36: loss = 0.028136 | LR = 5.872301e-03
  Batch 37: loss = 0.031361 | LR = 5.861761e-03
  Batch 38: loss = 0.015303 | LR = 5.851228e-03
  Batch 39: loss = 0.040378 | LR = 5.840704e-03
  Batch 40: loss = 0.015662 | LR = 5.830188e-03
  Batch 41: loss = 0.049612 | LR = 5.819681e-03
  Batch 42: loss = 0.040635 | LR = 5.809181e-03
  Batch 43: loss = 0.015851 | LR = 5.798690e-03
  Batch 44: loss = 0.008085 | LR = 5.788207e-03
  Batch 45: loss = 0.105828 | LR = 5.777733e-03
  Batch 46: loss = 0.064931 | LR = 5.767266e-03
  Batch 47: loss = 0.055933 | LR = 5.756808e-03
  Batch 48: loss = 0.061024 | LR = 5.746358e-03
Epoch 78: Average loss = 0.0380, Duration = 0.67s
  Batch 1: loss = 0.034523 | LR = 5.735916e-03
  Batch 2: loss = 0.022011 | LR = 5.725483e-03
  Batch 3: loss = 0.042046 | LR = 5.715058e-03
  Batch 4: loss = 0.052934 | LR = 5.704641e-03
  Batch 5: loss = 0.032599 | LR = 5.694232e-03
  Batch 6: loss = 0.024453 | LR = 5.683832e-03
  Batch 7: loss = 0.044000 | LR = 5.673440e-03
  Batch 8: loss = 0.026203 | LR = 5.663056e-03
  Batch 9: loss = 0.020303 | LR = 5.652681e-03
  Batch 10: loss = 0.011816 | LR = 5.642314e-03
  Batch 11: loss = 0.008823 | LR = 5.631955e-03
  Batch 12: loss = 0.060116 | LR = 5.621605e-03
  Batch 13: loss = 0.025003 | LR = 5.611262e-03
  Batch 14: loss = 0.036075 | LR = 5.600929e-03
  Batch 15: loss = 0.024631 | LR = 5.590603e-03
  Batch 16: loss = 0.036249 | LR = 5.580286e-03
  Batch 17: loss = 0.039850 | LR = 5.569977e-03
  Batch 18: loss = 0.017639 | LR = 5.559676e-03
  Batch 19: loss = 0.014679 | LR = 5.549384e-03
  Batch 20: loss = 0.036600 | LR = 5.539100e-03
  Batch 21: loss = 0.044141 | LR = 5.528825e-03
  Batch 22: loss = 0.030350 | LR = 5.518558e-03
  Batch 23: loss = 0.043504 | LR = 5.508299e-03
  Batch 24: loss = 0.025630 | LR = 5.498048e-03
  Batch 25: loss = 0.019781 | LR = 5.487806e-03
  Batch 26: loss = 0.032025 | LR = 5.477573e-03
  Batch 27: loss = 0.011464 | LR = 5.467347e-03
  Batch 28: loss = 0.019435 | LR = 5.457131e-03
  Batch 29: loss = 0.014065 | LR = 5.446922e-03
  Batch 30: loss = 0.012642 | LR = 5.436722e-03
  Batch 31: loss = 0.027122 | LR = 5.426530e-03
  Batch 32: loss = 0.015448 | LR = 5.416347e-03
  Batch 33: loss = 0.019387 | LR = 5.406172e-03
  Batch 34: loss = 0.030252 | LR = 5.396005e-03
  Batch 35: loss = 0.035342 | LR = 5.385847e-03
  Batch 36: loss = 0.043524 | LR = 5.375697e-03
  Batch 37: loss = 0.025046 | LR = 5.365556e-03
  Batch 38: loss = 0.011993 | LR = 5.355423e-03
  Batch 39: loss = 0.029007 | LR = 5.345299e-03
  Batch 40: loss = 0.016063 | LR = 5.335183e-03
  Batch 41: loss = 0.063750 | LR = 5.325075e-03
  Batch 42: loss = 0.051927 | LR = 5.314976e-03
  Batch 43: loss = 0.028970 | LR = 5.304885e-03
  Batch 44: loss = 0.024420 | LR = 5.294803e-03
  Batch 45: loss = 0.013566 | LR = 5.284729e-03
  Batch 46: loss = 0.027022 | LR = 5.274664e-03
  Batch 47: loss = 0.015713 | LR = 5.264607e-03
  Batch 48: loss = 0.054140 | LR = 5.254559e-03
Epoch 79: Average loss = 0.0291, Duration = 0.74s
  Batch 1: loss = 0.029754 | LR = 5.244519e-03
  Batch 2: loss = 0.056791 | LR = 5.234487e-03
  Batch 3: loss = 0.090515 | LR = 5.224464e-03
  Batch 4: loss = 0.044105 | LR = 5.214450e-03
  Batch 5: loss = 0.055460 | LR = 5.204444e-03
  Batch 6: loss = 0.036685 | LR = 5.194447e-03
  Batch 7: loss = 0.029253 | LR = 5.184458e-03
  Batch 8: loss = 0.066797 | LR = 5.174477e-03
  Batch 9: loss = 0.092596 | LR = 5.164505e-03
  Batch 10: loss = 0.043064 | LR = 5.154542e-03
  Batch 11: loss = 0.020579 | LR = 5.144587e-03
  Batch 12: loss = 0.023746 | LR = 5.134640e-03
  Batch 13: loss = 0.013444 | LR = 5.124702e-03
  Batch 14: loss = 0.008095 | LR = 5.114773e-03
  Batch 15: loss = 0.057089 | LR = 5.104852e-03
  Batch 16: loss = 0.070926 | LR = 5.094940e-03
  Batch 17: loss = 0.024425 | LR = 5.085036e-03
  Batch 18: loss = 0.016316 | LR = 5.075141e-03
  Batch 19: loss = 0.018365 | LR = 5.065254e-03
  Batch 20: loss = 0.017503 | LR = 5.055376e-03
  Batch 21: loss = 0.014634 | LR = 5.045506e-03
  Batch 22: loss = 0.027979 | LR = 5.035645e-03
  Batch 23: loss = 0.012319 | LR = 5.025793e-03
  Batch 24: loss = 0.008416 | LR = 5.015949e-03
  Batch 25: loss = 0.103594 | LR = 5.006114e-03
  Batch 26: loss = 0.074974 | LR = 4.996287e-03
  Batch 27: loss = 0.031354 | LR = 4.986469e-03
  Batch 28: loss = 0.042214 | LR = 4.976659e-03
  Batch 29: loss = 0.016118 | LR = 4.966858e-03
  Batch 30: loss = 0.029690 | LR = 4.957066e-03
  Batch 31: loss = 0.022760 | LR = 4.947282e-03
  Batch 32: loss = 0.017240 | LR = 4.937507e-03
  Batch 33: loss = 0.023446 | LR = 4.927741e-03
  Batch 34: loss = 0.015102 | LR = 4.917983e-03
  Batch 35: loss = 0.019358 | LR = 4.908233e-03
  Batch 36: loss = 0.029289 | LR = 4.898493e-03
  Batch 37: loss = 0.014926 | LR = 4.888761e-03
  Batch 38: loss = 0.032620 | LR = 4.879037e-03
  Batch 39: loss = 0.016265 | LR = 4.869322e-03
  Batch 40: loss = 0.023154 | LR = 4.859616e-03
  Batch 41: loss = 0.051792 | LR = 4.849919e-03
  Batch 42: loss = 0.051603 | LR = 4.840230e-03
  Batch 43: loss = 0.019340 | LR = 4.830550e-03
  Batch 44: loss = 0.012174 | LR = 4.820878e-03
  Batch 45: loss = 0.029445 | LR = 4.811215e-03
  Batch 46: loss = 0.058915 | LR = 4.801561e-03
  Batch 47: loss = 0.026330 | LR = 4.791915e-03
  Batch 48: loss = 0.022867 | LR = 4.782278e-03
Epoch 80: Average loss = 0.0347, Duration = 0.75s
  Batch 1: loss = 0.009610 | LR = 4.772650e-03
  Batch 2: loss = 0.010684 | LR = 4.763031e-03
  Batch 3: loss = 0.029628 | LR = 4.753420e-03
  Batch 4: loss = 0.074711 | LR = 4.743818e-03
  Batch 5: loss = 0.009486 | LR = 4.734224e-03
  Batch 6: loss = 0.030454 | LR = 4.724639e-03
  Batch 7: loss = 0.039719 | LR = 4.715063e-03
  Batch 8: loss = 0.013458 | LR = 4.705496e-03
  Batch 9: loss = 0.034771 | LR = 4.695937e-03
  Batch 10: loss = 0.005563 | LR = 4.686387e-03
  Batch 11: loss = 0.013827 | LR = 4.676846e-03
  Batch 12: loss = 0.013320 | LR = 4.667313e-03
  Batch 13: loss = 0.007365 | LR = 4.657789e-03
  Batch 14: loss = 0.029495 | LR = 4.648274e-03
  Batch 15: loss = 0.024899 | LR = 4.638768e-03
  Batch 16: loss = 0.038673 | LR = 4.629270e-03
  Batch 17: loss = 0.009203 | LR = 4.619782e-03
  Batch 18: loss = 0.072694 | LR = 4.610301e-03
  Batch 19: loss = 0.005607 | LR = 4.600830e-03
  Batch 20: loss = 0.010272 | LR = 4.591367e-03
  Batch 21: loss = 0.008469 | LR = 4.581914e-03
  Batch 22: loss = 0.024874 | LR = 4.572468e-03
  Batch 23: loss = 0.012150 | LR = 4.563032e-03
  Batch 24: loss = 0.045822 | LR = 4.553604e-03
  Batch 25: loss = 0.011267 | LR = 4.544186e-03
  Batch 26: loss = 0.005705 | LR = 4.534776e-03
  Batch 27: loss = 0.018685 | LR = 4.525374e-03
  Batch 28: loss = 0.033692 | LR = 4.515982e-03
  Batch 29: loss = 0.070393 | LR = 4.506598e-03
  Batch 30: loss = 0.021511 | LR = 4.497223e-03
  Batch 31: loss = 0.048087 | LR = 4.487857e-03
  Batch 32: loss = 0.066237 | LR = 4.478500e-03
  Batch 33: loss = 0.008976 | LR = 4.469152e-03
  Batch 34: loss = 0.009058 | LR = 4.459812e-03
  Batch 35: loss = 0.020625 | LR = 4.450481e-03
  Batch 36: loss = 0.041107 | LR = 4.441159e-03
  Batch 37: loss = 0.006262 | LR = 4.431846e-03
  Batch 38: loss = 0.019936 | LR = 4.422541e-03
  Batch 39: loss = 0.016216 | LR = 4.413246e-03
  Batch 40: loss = 0.023960 | LR = 4.403959e-03
  Batch 41: loss = 0.033964 | LR = 4.394681e-03
  Batch 42: loss = 0.029449 | LR = 4.385412e-03
  Batch 43: loss = 0.015405 | LR = 4.376152e-03
  Batch 44: loss = 0.006974 | LR = 4.366901e-03
  Batch 45: loss = 0.028088 | LR = 4.357658e-03
  Batch 46: loss = 0.004936 | LR = 4.348424e-03
  Batch 47: loss = 0.031119 | LR = 4.339200e-03
  Batch 48: loss = 0.035985 | LR = 4.329984e-03
Epoch 81: Average loss = 0.0246, Duration = 0.69s
  Batch 1: loss = 0.010130 | LR = 4.320777e-03
  Batch 2: loss = 0.033866 | LR = 4.311579e-03
  Batch 3: loss = 0.004981 | LR = 4.302389e-03
  Batch 4: loss = 0.015638 | LR = 4.293209e-03
  Batch 5: loss = 0.012176 | LR = 4.284037e-03
  Batch 6: loss = 0.006320 | LR = 4.274875e-03
  Batch 7: loss = 0.010994 | LR = 4.265721e-03
  Batch 8: loss = 0.039166 | LR = 4.256576e-03
  Batch 9: loss = 0.023378 | LR = 4.247440e-03
  Batch 10: loss = 0.065802 | LR = 4.238313e-03
  Batch 11: loss = 0.020663 | LR = 4.229195e-03
  Batch 12: loss = 0.037149 | LR = 4.220086e-03
  Batch 13: loss = 0.019117 | LR = 4.210985e-03
  Batch 14: loss = 0.076204 | LR = 4.201894e-03
  Batch 15: loss = 0.030502 | LR = 4.192812e-03
  Batch 16: loss = 0.023312 | LR = 4.183738e-03
  Batch 17: loss = 0.033899 | LR = 4.174673e-03
  Batch 18: loss = 0.027934 | LR = 4.165618e-03
  Batch 19: loss = 0.022566 | LR = 4.156571e-03
  Batch 20: loss = 0.034388 | LR = 4.147533e-03
  Batch 21: loss = 0.037899 | LR = 4.138504e-03
  Batch 22: loss = 0.016600 | LR = 4.129485e-03
  Batch 23: loss = 0.014515 | LR = 4.120474e-03
  Batch 24: loss = 0.008688 | LR = 4.111472e-03
  Batch 25: loss = 0.012617 | LR = 4.102479e-03
  Batch 26: loss = 0.047579 | LR = 4.093495e-03
  Batch 27: loss = 0.030034 | LR = 4.084520e-03
  Batch 28: loss = 0.020995 | LR = 4.075553e-03
  Batch 29: loss = 0.043745 | LR = 4.066596e-03
  Batch 30: loss = 0.015559 | LR = 4.057648e-03
  Batch 31: loss = 0.023352 | LR = 4.048709e-03
  Batch 32: loss = 0.047701 | LR = 4.039779e-03
  Batch 33: loss = 0.016593 | LR = 4.030858e-03
  Batch 34: loss = 0.021548 | LR = 4.021946e-03
  Batch 35: loss = 0.018758 | LR = 4.013042e-03
  Batch 36: loss = 0.018228 | LR = 4.004148e-03
  Batch 37: loss = 0.038418 | LR = 3.995263e-03
  Batch 38: loss = 0.020471 | LR = 3.986387e-03
  Batch 39: loss = 0.017402 | LR = 3.977520e-03
  Batch 40: loss = 0.027646 | LR = 3.968662e-03
  Batch 41: loss = 0.006055 | LR = 3.959813e-03
  Batch 42: loss = 0.051295 | LR = 3.950973e-03
  Batch 43: loss = 0.028858 | LR = 3.942142e-03
  Batch 44: loss = 0.020691 | LR = 3.933320e-03
  Batch 45: loss = 0.009031 | LR = 3.924507e-03
  Batch 46: loss = 0.047923 | LR = 3.915703e-03
  Batch 47: loss = 0.022151 | LR = 3.906908e-03
  Batch 48: loss = 0.017520 | LR = 3.898122e-03
Epoch 82: Average loss = 0.0260, Duration = 0.75s
  Batch 1: loss = 0.008500 | LR = 3.889345e-03
  Batch 2: loss = 0.065126 | LR = 3.880578e-03
  Batch 3: loss = 0.020717 | LR = 3.871819e-03
  Batch 4: loss = 0.017018 | LR = 3.863069e-03
  Batch 5: loss = 0.025344 | LR = 3.854329e-03
  Batch 6: loss = 0.021545 | LR = 3.845597e-03
  Batch 7: loss = 0.036002 | LR = 3.836875e-03
  Batch 8: loss = 0.014841 | LR = 3.828162e-03
  Batch 9: loss = 0.009723 | LR = 3.819458e-03
  Batch 10: loss = 0.002365 | LR = 3.810763e-03
  Batch 11: loss = 0.007412 | LR = 3.802077e-03
  Batch 12: loss = 0.032279 | LR = 3.793400e-03
  Batch 13: loss = 0.027048 | LR = 3.784732e-03
  Batch 14: loss = 0.017716 | LR = 3.776073e-03
  Batch 15: loss = 0.041150 | LR = 3.767424e-03
  Batch 16: loss = 0.035644 | LR = 3.758783e-03
  Batch 17: loss = 0.024780 | LR = 3.750152e-03
  Batch 18: loss = 0.047576 | LR = 3.741530e-03
  Batch 19: loss = 0.046077 | LR = 3.732916e-03
  Batch 20: loss = 0.036191 | LR = 3.724312e-03
  Batch 21: loss = 0.015530 | LR = 3.715717e-03
  Batch 22: loss = 0.003544 | LR = 3.707132e-03
  Batch 23: loss = 0.020583 | LR = 3.698555e-03
  Batch 24: loss = 0.014765 | LR = 3.689988e-03
  Batch 25: loss = 0.014883 | LR = 3.681429e-03
  Batch 26: loss = 0.024074 | LR = 3.672880e-03
  Batch 27: loss = 0.014883 | LR = 3.664340e-03
  Batch 28: loss = 0.031906 | LR = 3.655809e-03
  Batch 29: loss = 0.010427 | LR = 3.647288e-03
  Batch 30: loss = 0.022323 | LR = 3.638775e-03
  Batch 31: loss = 0.016319 | LR = 3.630272e-03
  Batch 32: loss = 0.031819 | LR = 3.621777e-03
  Batch 33: loss = 0.009931 | LR = 3.613292e-03
  Batch 34: loss = 0.011944 | LR = 3.604817e-03
  Batch 35: loss = 0.010452 | LR = 3.596350e-03
  Batch 36: loss = 0.021266 | LR = 3.587892e-03
  Batch 37: loss = 0.020213 | LR = 3.579444e-03
  Batch 38: loss = 0.013526 | LR = 3.571005e-03
  Batch 39: loss = 0.007013 | LR = 3.562575e-03
  Batch 40: loss = 0.015284 | LR = 3.554154e-03
  Batch 41: loss = 0.005325 | LR = 3.545743e-03
  Batch 42: loss = 0.010405 | LR = 3.537340e-03
  Batch 43: loss = 0.011450 | LR = 3.528947e-03
  Batch 44: loss = 0.006870 | LR = 3.520563e-03
  Batch 45: loss = 0.007626 | LR = 3.512189e-03
  Batch 46: loss = 0.013780 | LR = 3.503823e-03
  Batch 47: loss = 0.038883 | LR = 3.495467e-03
  Batch 48: loss = 0.022637 | LR = 3.487120e-03
Epoch 83: Average loss = 0.0205, Duration = 0.68s
  Batch 1: loss = 0.011861 | LR = 3.478782e-03
  Batch 2: loss = 0.009062 | LR = 3.470454e-03
  Batch 3: loss = 0.023127 | LR = 3.462134e-03
  Batch 4: loss = 0.044102 | LR = 3.453824e-03
  Batch 5: loss = 0.014643 | LR = 3.445524e-03
  Batch 6: loss = 0.015445 | LR = 3.437232e-03
  Batch 7: loss = 0.027000 | LR = 3.428950e-03
  Batch 8: loss = 0.012305 | LR = 3.420677e-03
  Batch 9: loss = 0.019813 | LR = 3.412413e-03
  Batch 10: loss = 0.061495 | LR = 3.404158e-03
  Batch 11: loss = 0.026886 | LR = 3.395913e-03
  Batch 12: loss = 0.007979 | LR = 3.387677e-03
  Batch 13: loss = 0.008924 | LR = 3.379450e-03
  Batch 14: loss = 0.024127 | LR = 3.371233e-03
  Batch 15: loss = 0.005431 | LR = 3.363025e-03
  Batch 16: loss = 0.046912 | LR = 3.354826e-03
  Batch 17: loss = 0.012274 | LR = 3.346636e-03
  Batch 18: loss = 0.005460 | LR = 3.338456e-03
  Batch 19: loss = 0.012445 | LR = 3.330285e-03
  Batch 20: loss = 0.022561 | LR = 3.322123e-03
  Batch 21: loss = 0.013282 | LR = 3.313971e-03
  Batch 22: loss = 0.005887 | LR = 3.305827e-03
  Batch 23: loss = 0.006916 | LR = 3.297694e-03
  Batch 24: loss = 0.010545 | LR = 3.289569e-03
  Batch 25: loss = 0.015407 | LR = 3.281454e-03
  Batch 26: loss = 0.012638 | LR = 3.273348e-03
  Batch 27: loss = 0.036289 | LR = 3.265252e-03
  Batch 28: loss = 0.045286 | LR = 3.257164e-03
  Batch 29: loss = 0.017553 | LR = 3.249087e-03
  Batch 30: loss = 0.021407 | LR = 3.241018e-03
  Batch 31: loss = 0.033964 | LR = 3.232959e-03
  Batch 32: loss = 0.032367 | LR = 3.224909e-03
  Batch 33: loss = 0.041704 | LR = 3.216868e-03
  Batch 34: loss = 0.016981 | LR = 3.208837e-03
  Batch 35: loss = 0.028259 | LR = 3.200815e-03
  Batch 36: loss = 0.033030 | LR = 3.192803e-03
  Batch 37: loss = 0.004044 | LR = 3.184800e-03
  Batch 38: loss = 0.014818 | LR = 3.176806e-03
  Batch 39: loss = 0.032144 | LR = 3.168822e-03
  Batch 40: loss = 0.020780 | LR = 3.160847e-03
  Batch 41: loss = 0.005183 | LR = 3.152881e-03
  Batch 42: loss = 0.021307 | LR = 3.144925e-03
  Batch 43: loss = 0.008570 | LR = 3.136978e-03
  Batch 44: loss = 0.014731 | LR = 3.129040e-03
  Batch 45: loss = 0.018108 | LR = 3.121112e-03
  Batch 46: loss = 0.037361 | LR = 3.113193e-03
  Batch 47: loss = 0.043345 | LR = 3.105284e-03
  Batch 48: loss = 0.053389 | LR = 3.097384e-03
Epoch 84: Average loss = 0.0220, Duration = 0.69s
  Batch 1: loss = 0.008402 | LR = 3.089493e-03
  Batch 2: loss = 0.007453 | LR = 3.081612e-03
  Batch 3: loss = 0.008690 | LR = 3.073741e-03
  Batch 4: loss = 0.021217 | LR = 3.065878e-03
  Batch 5: loss = 0.020105 | LR = 3.058025e-03
  Batch 6: loss = 0.012700 | LR = 3.050182e-03
  Batch 7: loss = 0.007195 | LR = 3.042348e-03
  Batch 8: loss = 0.014832 | LR = 3.034523e-03
  Batch 9: loss = 0.006356 | LR = 3.026708e-03
  Batch 10: loss = 0.007388 | LR = 3.018902e-03
  Batch 11: loss = 0.040685 | LR = 3.011105e-03
  Batch 12: loss = 0.034903 | LR = 3.003318e-03
  Batch 13: loss = 0.011767 | LR = 2.995541e-03
  Batch 14: loss = 0.005276 | LR = 2.987773e-03
  Batch 15: loss = 0.008361 | LR = 2.980014e-03
  Batch 16: loss = 0.006282 | LR = 2.972265e-03
  Batch 17: loss = 0.037766 | LR = 2.964525e-03
  Batch 18: loss = 0.009360 | LR = 2.956795e-03
  Batch 19: loss = 0.017956 | LR = 2.949074e-03
  Batch 20: loss = 0.030978 | LR = 2.941363e-03
  Batch 21: loss = 0.018846 | LR = 2.933661e-03
  Batch 22: loss = 0.020728 | LR = 2.925968e-03
  Batch 23: loss = 0.014457 | LR = 2.918286e-03
  Batch 24: loss = 0.043625 | LR = 2.910612e-03
  Batch 25: loss = 0.034208 | LR = 2.902948e-03
  Batch 26: loss = 0.005129 | LR = 2.895294e-03
  Batch 27: loss = 0.017826 | LR = 2.887648e-03
  Batch 28: loss = 0.003664 | LR = 2.880013e-03
  Batch 29: loss = 0.006637 | LR = 2.872387e-03
  Batch 30: loss = 0.009040 | LR = 2.864770e-03
  Batch 31: loss = 0.013331 | LR = 2.857163e-03
  Batch 32: loss = 0.010424 | LR = 2.849566e-03
  Batch 33: loss = 0.009558 | LR = 2.841978e-03
  Batch 34: loss = 0.010003 | LR = 2.834399e-03
  Batch 35: loss = 0.035340 | LR = 2.826830e-03
  Batch 36: loss = 0.003491 | LR = 2.819270e-03
  Batch 37: loss = 0.004863 | LR = 2.811720e-03
  Batch 38: loss = 0.007647 | LR = 2.804180e-03
  Batch 39: loss = 0.015530 | LR = 2.796649e-03
  Batch 40: loss = 0.018631 | LR = 2.789128e-03
  Batch 41: loss = 0.022077 | LR = 2.781616e-03
  Batch 42: loss = 0.014051 | LR = 2.774113e-03
  Batch 43: loss = 0.008489 | LR = 2.766620e-03
  Batch 44: loss = 0.023837 | LR = 2.759137e-03
  Batch 45: loss = 0.011057 | LR = 2.751663e-03
  Batch 46: loss = 0.017295 | LR = 2.744199e-03
  Batch 47: loss = 0.027441 | LR = 2.736744e-03
  Batch 48: loss = 0.011013 | LR = 2.729299e-03
Epoch 85: Average loss = 0.0157, Duration = 0.66s
  Batch 1: loss = 0.062896 | LR = 2.721864e-03
  Batch 2: loss = 0.010287 | LR = 2.714438e-03
  Batch 3: loss = 0.026446 | LR = 2.707021e-03
  Batch 4: loss = 0.025902 | LR = 2.699615e-03
  Batch 5: loss = 0.005045 | LR = 2.692217e-03
  Batch 6: loss = 0.009022 | LR = 2.684830e-03
  Batch 7: loss = 0.016628 | LR = 2.677451e-03
  Batch 8: loss = 0.024378 | LR = 2.670083e-03
  Batch 9: loss = 0.017303 | LR = 2.662724e-03
  Batch 10: loss = 0.041469 | LR = 2.655374e-03
  Batch 11: loss = 0.010107 | LR = 2.648035e-03
  Batch 12: loss = 0.052587 | LR = 2.640704e-03
  Batch 13: loss = 0.025095 | LR = 2.633384e-03
  Batch 14: loss = 0.014665 | LR = 2.626073e-03
  Batch 15: loss = 0.101870 | LR = 2.618771e-03
  Batch 16: loss = 0.029043 | LR = 2.611479e-03
  Batch 17: loss = 0.009431 | LR = 2.604197e-03
  Batch 18: loss = 0.003928 | LR = 2.596925e-03
  Batch 19: loss = 0.042429 | LR = 2.589662e-03
  Batch 20: loss = 0.008260 | LR = 2.582408e-03
  Batch 21: loss = 0.011263 | LR = 2.575164e-03
  Batch 22: loss = 0.012840 | LR = 2.567930e-03
  Batch 23: loss = 0.027710 | LR = 2.560706e-03
  Batch 24: loss = 0.017212 | LR = 2.553491e-03
  Batch 25: loss = 0.012735 | LR = 2.546286e-03
  Batch 26: loss = 0.010201 | LR = 2.539090e-03
  Batch 27: loss = 0.019105 | LR = 2.531904e-03
  Batch 28: loss = 0.013371 | LR = 2.524728e-03
  Batch 29: loss = 0.014205 | LR = 2.517561e-03
  Batch 30: loss = 0.005505 | LR = 2.510404e-03
  Batch 31: loss = 0.009022 | LR = 2.503256e-03
  Batch 32: loss = 0.004472 | LR = 2.496119e-03
  Batch 33: loss = 0.012228 | LR = 2.488991e-03
  Batch 34: loss = 0.068594 | LR = 2.481872e-03
  Batch 35: loss = 0.008152 | LR = 2.474763e-03
  Batch 36: loss = 0.022848 | LR = 2.467664e-03
  Batch 37: loss = 0.035138 | LR = 2.460575e-03
  Batch 38: loss = 0.024408 | LR = 2.453495e-03
  Batch 39: loss = 0.028317 | LR = 2.446425e-03
  Batch 40: loss = 0.029118 | LR = 2.439365e-03
  Batch 41: loss = 0.019286 | LR = 2.432314e-03
  Batch 42: loss = 0.009120 | LR = 2.425273e-03
  Batch 43: loss = 0.027263 | LR = 2.418241e-03
  Batch 44: loss = 0.014664 | LR = 2.411220e-03
  Batch 45: loss = 0.051248 | LR = 2.404208e-03
  Batch 46: loss = 0.011237 | LR = 2.397205e-03
  Batch 47: loss = 0.063248 | LR = 2.390213e-03
  Batch 48: loss = 0.009145 | LR = 2.383230e-03
Epoch 86: Average loss = 0.0235, Duration = 0.71s
  Batch 1: loss = 0.005575 | LR = 2.376257e-03
  Batch 2: loss = 0.006711 | LR = 2.369293e-03
  Batch 3: loss = 0.013676 | LR = 2.362339e-03
  Batch 4: loss = 0.007342 | LR = 2.355395e-03
  Batch 5: loss = 0.010295 | LR = 2.348461e-03
  Batch 6: loss = 0.006661 | LR = 2.341536e-03
  Batch 7: loss = 0.005719 | LR = 2.334622e-03
  Batch 8: loss = 0.021320 | LR = 2.327716e-03
  Batch 9: loss = 0.016344 | LR = 2.320821e-03
  Batch 10: loss = 0.016588 | LR = 2.313935e-03
  Batch 11: loss = 0.006823 | LR = 2.307059e-03
  Batch 12: loss = 0.020401 | LR = 2.300193e-03
  Batch 13: loss = 0.013575 | LR = 2.293336e-03
  Batch 14: loss = 0.004487 | LR = 2.286490e-03
  Batch 15: loss = 0.011984 | LR = 2.279653e-03
  Batch 16: loss = 0.033362 | LR = 2.272825e-03
  Batch 17: loss = 0.033962 | LR = 2.266008e-03
  Batch 18: loss = 0.006626 | LR = 2.259200e-03
  Batch 19: loss = 0.006373 | LR = 2.252402e-03
  Batch 20: loss = 0.016993 | LR = 2.245614e-03
  Batch 21: loss = 0.016486 | LR = 2.238835e-03
  Batch 22: loss = 0.018867 | LR = 2.232067e-03
  Batch 23: loss = 0.044658 | LR = 2.225308e-03
  Batch 24: loss = 0.020524 | LR = 2.218559e-03
  Batch 25: loss = 0.015518 | LR = 2.211819e-03
  Batch 26: loss = 0.013719 | LR = 2.205090e-03
  Batch 27: loss = 0.033768 | LR = 2.198370e-03
  Batch 28: loss = 0.005161 | LR = 2.191660e-03
  Batch 29: loss = 0.023889 | LR = 2.184959e-03
  Batch 30: loss = 0.009957 | LR = 2.178269e-03
  Batch 31: loss = 0.020226 | LR = 2.171588e-03
  Batch 32: loss = 0.004444 | LR = 2.164917e-03
  Batch 33: loss = 0.040119 | LR = 2.158256e-03
  Batch 34: loss = 0.008206 | LR = 2.151605e-03
  Batch 35: loss = 0.005785 | LR = 2.144963e-03
  Batch 36: loss = 0.033827 | LR = 2.138332e-03
  Batch 37: loss = 0.001911 | LR = 2.131710e-03
  Batch 38: loss = 0.007258 | LR = 2.125098e-03
  Batch 39: loss = 0.008840 | LR = 2.118496e-03
  Batch 40: loss = 0.032412 | LR = 2.111903e-03
  Batch 41: loss = 0.011951 | LR = 2.105321e-03
  Batch 42: loss = 0.019585 | LR = 2.098748e-03
  Batch 43: loss = 0.011591 | LR = 2.092185e-03
  Batch 44: loss = 0.009388 | LR = 2.085632e-03
  Batch 45: loss = 0.018771 | LR = 2.079088e-03
  Batch 46: loss = 0.012898 | LR = 2.072555e-03
  Batch 47: loss = 0.032835 | LR = 2.066031e-03
  Batch 48: loss = 0.053730 | LR = 2.059518e-03
Epoch 87: Average loss = 0.0167, Duration = 0.78s
  Batch 1: loss = 0.030974 | LR = 2.053014e-03
  Batch 2: loss = 0.013694 | LR = 2.046520e-03
  Batch 3: loss = 0.023824 | LR = 2.040035e-03
  Batch 4: loss = 0.012264 | LR = 2.033561e-03
  Batch 5: loss = 0.004481 | LR = 2.027096e-03
  Batch 6: loss = 0.007804 | LR = 2.020642e-03
  Batch 7: loss = 0.003107 | LR = 2.014197e-03
  Batch 8: loss = 0.025911 | LR = 2.007762e-03
  Batch 9: loss = 0.015888 | LR = 2.001337e-03
  Batch 10: loss = 0.003464 | LR = 1.994922e-03
  Batch 11: loss = 0.014517 | LR = 1.988516e-03
  Batch 12: loss = 0.009072 | LR = 1.982121e-03
  Batch 13: loss = 0.014805 | LR = 1.975735e-03
  Batch 14: loss = 0.009102 | LR = 1.969360e-03
  Batch 15: loss = 0.014545 | LR = 1.962994e-03
  Batch 16: loss = 0.018745 | LR = 1.956638e-03
  Batch 17: loss = 0.011448 | LR = 1.950292e-03
  Batch 18: loss = 0.003506 | LR = 1.943956e-03
  Batch 19: loss = 0.013045 | LR = 1.937629e-03
  Batch 20: loss = 0.006304 | LR = 1.931313e-03
  Batch 21: loss = 0.003036 | LR = 1.925006e-03
  Batch 22: loss = 0.024690 | LR = 1.918710e-03
  Batch 23: loss = 0.010993 | LR = 1.912423e-03
  Batch 24: loss = 0.019275 | LR = 1.906146e-03
  Batch 25: loss = 0.069818 | LR = 1.899879e-03
  Batch 26: loss = 0.006426 | LR = 1.893623e-03
  Batch 27: loss = 0.009034 | LR = 1.887376e-03
  Batch 28: loss = 0.025165 | LR = 1.881138e-03
  Batch 29: loss = 0.035191 | LR = 1.874911e-03
  Batch 30: loss = 0.009944 | LR = 1.868694e-03
  Batch 31: loss = 0.009679 | LR = 1.862487e-03
  Batch 32: loss = 0.014673 | LR = 1.856289e-03
  Batch 33: loss = 0.026585 | LR = 1.850102e-03
  Batch 34: loss = 0.024265 | LR = 1.843924e-03
  Batch 35: loss = 0.018330 | LR = 1.837756e-03
  Batch 36: loss = 0.025342 | LR = 1.831599e-03
  Batch 37: loss = 0.012342 | LR = 1.825451e-03
  Batch 38: loss = 0.005132 | LR = 1.819313e-03
  Batch 39: loss = 0.010592 | LR = 1.813185e-03
  Batch 40: loss = 0.004863 | LR = 1.807067e-03
  Batch 41: loss = 0.010253 | LR = 1.800959e-03
  Batch 42: loss = 0.019933 | LR = 1.794861e-03
  Batch 43: loss = 0.007000 | LR = 1.788773e-03
  Batch 44: loss = 0.012731 | LR = 1.782695e-03
  Batch 45: loss = 0.050621 | LR = 1.776627e-03
  Batch 46: loss = 0.028700 | LR = 1.770569e-03
  Batch 47: loss = 0.019633 | LR = 1.764521e-03
  Batch 48: loss = 0.042283 | LR = 1.758483e-03
Epoch 88: Average loss = 0.0169, Duration = 0.72s
  Batch 1: loss = 0.012785 | LR = 1.752454e-03
  Batch 2: loss = 0.005216 | LR = 1.746436e-03
  Batch 3: loss = 0.016068 | LR = 1.740428e-03
  Batch 4: loss = 0.009245 | LR = 1.734430e-03
  Batch 5: loss = 0.009856 | LR = 1.728441e-03
  Batch 6: loss = 0.004136 | LR = 1.722463e-03
  Batch 7: loss = 0.014244 | LR = 1.716494e-03
  Batch 8: loss = 0.021764 | LR = 1.710536e-03
  Batch 9: loss = 0.017399 | LR = 1.704588e-03
  Batch 10: loss = 0.010082 | LR = 1.698649e-03
  Batch 11: loss = 0.006203 | LR = 1.692721e-03
  Batch 12: loss = 0.039579 | LR = 1.686803e-03
  Batch 13: loss = 0.005071 | LR = 1.680894e-03
  Batch 14: loss = 0.015126 | LR = 1.674996e-03
  Batch 15: loss = 0.033976 | LR = 1.669107e-03
  Batch 16: loss = 0.027317 | LR = 1.663229e-03
  Batch 17: loss = 0.003930 | LR = 1.657361e-03
  Batch 18: loss = 0.009652 | LR = 1.651502e-03
  Batch 19: loss = 0.009246 | LR = 1.645654e-03
  Batch 20: loss = 0.003679 | LR = 1.639816e-03
  Batch 21: loss = 0.006827 | LR = 1.633988e-03
  Batch 22: loss = 0.003064 | LR = 1.628169e-03
  Batch 23: loss = 0.006478 | LR = 1.622361e-03
  Batch 24: loss = 0.006022 | LR = 1.616563e-03
  Batch 25: loss = 0.031537 | LR = 1.610775e-03
  Batch 26: loss = 0.011138 | LR = 1.604997e-03
  Batch 27: loss = 0.015258 | LR = 1.599229e-03
  Batch 28: loss = 0.031104 | LR = 1.593471e-03
  Batch 29: loss = 0.021001 | LR = 1.587723e-03
  Batch 30: loss = 0.024069 | LR = 1.581985e-03
  Batch 31: loss = 0.009782 | LR = 1.576257e-03
  Batch 32: loss = 0.020341 | LR = 1.570539e-03
  Batch 33: loss = 0.006500 | LR = 1.564831e-03
  Batch 34: loss = 0.035208 | LR = 1.559134e-03
  Batch 35: loss = 0.019255 | LR = 1.553446e-03
  Batch 36: loss = 0.012049 | LR = 1.547768e-03
  Batch 37: loss = 0.004720 | LR = 1.542101e-03
  Batch 38: loss = 0.032190 | LR = 1.536443e-03
  Batch 39: loss = 0.004171 | LR = 1.530796e-03
  Batch 40: loss = 0.004639 | LR = 1.525158e-03
  Batch 41: loss = 0.005100 | LR = 1.519531e-03
  Batch 42: loss = 0.011549 | LR = 1.513914e-03
  Batch 43: loss = 0.025406 | LR = 1.508307e-03
  Batch 44: loss = 0.007925 | LR = 1.502710e-03
  Batch 45: loss = 0.003501 | LR = 1.497123e-03
  Batch 46: loss = 0.005008 | LR = 1.491546e-03
  Batch 47: loss = 0.009304 | LR = 1.485979e-03
  Batch 48: loss = 0.017793 | LR = 1.480423e-03
Epoch 89: Average loss = 0.0139, Duration = 0.79s
  Batch 1: loss = 0.017446 | LR = 1.474876e-03
  Batch 2: loss = 0.031173 | LR = 1.469339e-03
  Batch 3: loss = 0.010056 | LR = 1.463813e-03
  Batch 4: loss = 0.020370 | LR = 1.458297e-03
  Batch 5: loss = 0.024911 | LR = 1.452790e-03
  Batch 6: loss = 0.010808 | LR = 1.447294e-03
  Batch 7: loss = 0.005662 | LR = 1.441808e-03
  Batch 8: loss = 0.037696 | LR = 1.436332e-03
  Batch 9: loss = 0.014111 | LR = 1.430867e-03
  Batch 10: loss = 0.013884 | LR = 1.425411e-03
  Batch 11: loss = 0.004815 | LR = 1.419965e-03
  Batch 12: loss = 0.022106 | LR = 1.414530e-03
  Batch 13: loss = 0.004069 | LR = 1.409105e-03
  Batch 14: loss = 0.007750 | LR = 1.403690e-03
  Batch 15: loss = 0.016180 | LR = 1.398284e-03
  Batch 16: loss = 0.033721 | LR = 1.392890e-03
  Batch 17: loss = 0.005727 | LR = 1.387505e-03
  Batch 18: loss = 0.015324 | LR = 1.382130e-03
  Batch 19: loss = 0.008597 | LR = 1.376765e-03
  Batch 20: loss = 0.012491 | LR = 1.371411e-03
  Batch 21: loss = 0.018272 | LR = 1.366067e-03
  Batch 22: loss = 0.002780 | LR = 1.360733e-03
  Batch 23: loss = 0.014528 | LR = 1.355409e-03
  Batch 24: loss = 0.008881 | LR = 1.350095e-03
  Batch 25: loss = 0.012134 | LR = 1.344791e-03
  Batch 26: loss = 0.002639 | LR = 1.339498e-03
  Batch 27: loss = 0.009381 | LR = 1.334214e-03
  Batch 28: loss = 0.004228 | LR = 1.328941e-03
  Batch 29: loss = 0.014395 | LR = 1.323678e-03
  Batch 30: loss = 0.014312 | LR = 1.318425e-03
  Batch 31: loss = 0.007248 | LR = 1.313182e-03
  Batch 32: loss = 0.005841 | LR = 1.307950e-03
  Batch 33: loss = 0.008461 | LR = 1.302727e-03
  Batch 34: loss = 0.006120 | LR = 1.297515e-03
  Batch 35: loss = 0.016393 | LR = 1.292313e-03
  Batch 36: loss = 0.015561 | LR = 1.287121e-03
  Batch 37: loss = 0.004015 | LR = 1.281939e-03
  Batch 38: loss = 0.021690 | LR = 1.276768e-03
  Batch 39: loss = 0.009319 | LR = 1.271606e-03
  Batch 40: loss = 0.016211 | LR = 1.266455e-03
  Batch 41: loss = 0.014534 | LR = 1.261314e-03
  Batch 42: loss = 0.044288 | LR = 1.256183e-03
  Batch 43: loss = 0.008646 | LR = 1.251062e-03
  Batch 44: loss = 0.007666 | LR = 1.245952e-03
  Batch 45: loss = 0.021952 | LR = 1.240852e-03
  Batch 46: loss = 0.009016 | LR = 1.235762e-03
  Batch 47: loss = 0.018127 | LR = 1.230682e-03
  Batch 48: loss = 0.021560 | LR = 1.225612e-03
Epoch 90: Average loss = 0.0141, Duration = 0.83s
  Batch 1: loss = 0.014701 | LR = 1.220553e-03
  Batch 2: loss = 0.013931 | LR = 1.215503e-03
  Batch 3: loss = 0.073781 | LR = 1.210464e-03
  Batch 4: loss = 0.011559 | LR = 1.205435e-03
  Batch 5: loss = 0.013693 | LR = 1.200417e-03
  Batch 6: loss = 0.012516 | LR = 1.195408e-03
  Batch 7: loss = 0.018553 | LR = 1.190410e-03
  Batch 8: loss = 0.013417 | LR = 1.185422e-03
  Batch 9: loss = 0.012681 | LR = 1.180444e-03
  Batch 10: loss = 0.021752 | LR = 1.175477e-03
  Batch 11: loss = 0.003947 | LR = 1.170519e-03
  Batch 12: loss = 0.007358 | LR = 1.165572e-03
  Batch 13: loss = 0.004363 | LR = 1.160635e-03
  Batch 14: loss = 0.003458 | LR = 1.155709e-03
  Batch 15: loss = 0.004784 | LR = 1.150792e-03
  Batch 16: loss = 0.005582 | LR = 1.145886e-03
  Batch 17: loss = 0.018722 | LR = 1.140990e-03
  Batch 18: loss = 0.010317 | LR = 1.136104e-03
  Batch 19: loss = 0.008178 | LR = 1.131229e-03
  Batch 20: loss = 0.004638 | LR = 1.126364e-03
  Batch 21: loss = 0.014662 | LR = 1.121509e-03
  Batch 22: loss = 0.008698 | LR = 1.116664e-03
  Batch 23: loss = 0.034824 | LR = 1.111829e-03
  Batch 24: loss = 0.003740 | LR = 1.107005e-03
  Batch 25: loss = 0.021987 | LR = 1.102191e-03
  Batch 26: loss = 0.005164 | LR = 1.097387e-03
  Batch 27: loss = 0.008823 | LR = 1.092594e-03
  Batch 28: loss = 0.027639 | LR = 1.087811e-03
  Batch 29: loss = 0.013570 | LR = 1.083038e-03
  Batch 30: loss = 0.004433 | LR = 1.078275e-03
  Batch 31: loss = 0.003694 | LR = 1.073523e-03
  Batch 32: loss = 0.003645 | LR = 1.068780e-03
  Batch 33: loss = 0.041338 | LR = 1.064048e-03
  Batch 34: loss = 0.027696 | LR = 1.059327e-03
  Batch 35: loss = 0.003405 | LR = 1.054615e-03
  Batch 36: loss = 0.006838 | LR = 1.049914e-03
  Batch 37: loss = 0.003668 | LR = 1.045223e-03
  Batch 38: loss = 0.003793 | LR = 1.040543e-03
  Batch 39: loss = 0.014926 | LR = 1.035873e-03
  Batch 40: loss = 0.028638 | LR = 1.031213e-03
  Batch 41: loss = 0.006207 | LR = 1.026563e-03
  Batch 42: loss = 0.017937 | LR = 1.021924e-03
  Batch 43: loss = 0.005366 | LR = 1.017294e-03
  Batch 44: loss = 0.016172 | LR = 1.012676e-03
  Batch 45: loss = 0.004466 | LR = 1.008067e-03
  Batch 46: loss = 0.005891 | LR = 1.003469e-03
  Batch 47: loss = 0.024264 | LR = 9.988809e-04
  Batch 48: loss = 0.026742 | LR = 9.943033e-04
Epoch 91: Average loss = 0.0139, Duration = 0.85s
  Batch 1: loss = 0.010451 | LR = 9.897359e-04
  Batch 2: loss = 0.016995 | LR = 9.851789e-04
  Batch 3: loss = 0.038825 | LR = 9.806322e-04
  Batch 4: loss = 0.004795 | LR = 9.760957e-04
  Batch 5: loss = 0.006938 | LR = 9.715696e-04
  Batch 6: loss = 0.009984 | LR = 9.670538e-04
  Batch 7: loss = 0.015303 | LR = 9.625483e-04
  Batch 8: loss = 0.008011 | LR = 9.580531e-04
  Batch 9: loss = 0.022136 | LR = 9.535682e-04
  Batch 10: loss = 0.016738 | LR = 9.490937e-04
  Batch 11: loss = 0.010894 | LR = 9.446294e-04
  Batch 12: loss = 0.005692 | LR = 9.401755e-04
  Batch 13: loss = 0.009396 | LR = 9.357319e-04
  Batch 14: loss = 0.001654 | LR = 9.312987e-04
  Batch 15: loss = 0.032622 | LR = 9.268757e-04
  Batch 16: loss = 0.033802 | LR = 9.224631e-04
  Batch 17: loss = 0.008660 | LR = 9.180608e-04
  Batch 18: loss = 0.005105 | LR = 9.136689e-04
  Batch 19: loss = 0.008169 | LR = 9.092873e-04
  Batch 20: loss = 0.018215 | LR = 9.049160e-04
  Batch 21: loss = 0.021545 | LR = 9.005551e-04
  Batch 22: loss = 0.028651 | LR = 8.962045e-04
  Batch 23: loss = 0.017146 | LR = 8.918643e-04
  Batch 24: loss = 0.003668 | LR = 8.875343e-04
  Batch 25: loss = 0.006010 | LR = 8.832148e-04
  Batch 26: loss = 0.003935 | LR = 8.789056e-04
  Batch 27: loss = 0.006520 | LR = 8.746067e-04
  Batch 28: loss = 0.003998 | LR = 8.703182e-04
  Batch 29: loss = 0.018566 | LR = 8.660401e-04
  Batch 30: loss = 0.003881 | LR = 8.617723e-04
  Batch 31: loss = 0.006480 | LR = 8.575148e-04
  Batch 32: loss = 0.013724 | LR = 8.532677e-04
  Batch 33: loss = 0.009596 | LR = 8.490310e-04
  Batch 34: loss = 0.005615 | LR = 8.448047e-04
  Batch 35: loss = 0.013924 | LR = 8.405887e-04
  Batch 36: loss = 0.012756 | LR = 8.363830e-04
  Batch 37: loss = 0.007785 | LR = 8.321878e-04
  Batch 38: loss = 0.005385 | LR = 8.280029e-04
  Batch 39: loss = 0.006365 | LR = 8.238284e-04
  Batch 40: loss = 0.007199 | LR = 8.196642e-04
  Batch 41: loss = 0.004261 | LR = 8.155105e-04
  Batch 42: loss = 0.008778 | LR = 8.113671e-04
  Batch 43: loss = 0.006730 | LR = 8.072340e-04
  Batch 44: loss = 0.005226 | LR = 8.031114e-04
  Batch 45: loss = 0.022358 | LR = 7.989992e-04
  Batch 46: loss = 0.017493 | LR = 7.948973e-04
  Batch 47: loss = 0.022262 | LR = 7.908058e-04
  Batch 48: loss = 0.007044 | LR = 7.867247e-04
Epoch 92: Average loss = 0.0121, Duration = 0.87s
  Batch 1: loss = 0.003146 | LR = 7.826540e-04
  Batch 2: loss = 0.006785 | LR = 7.785937e-04
  Batch 3: loss = 0.011114 | LR = 7.745438e-04
  Batch 4: loss = 0.012684 | LR = 7.705043e-04
  Batch 5: loss = 0.005477 | LR = 7.664751e-04
  Batch 6: loss = 0.047514 | LR = 7.624564e-04
  Batch 7: loss = 0.008499 | LR = 7.584481e-04
  Batch 8: loss = 0.008875 | LR = 7.544502e-04
  Batch 9: loss = 0.005113 | LR = 7.504626e-04
  Batch 10: loss = 0.002400 | LR = 7.464855e-04
  Batch 11: loss = 0.016881 | LR = 7.425188e-04
  Batch 12: loss = 0.013379 | LR = 7.385625e-04
  Batch 13: loss = 0.004705 | LR = 7.346166e-04
  Batch 14: loss = 0.005998 | LR = 7.306811e-04
  Batch 15: loss = 0.016916 | LR = 7.267561e-04
  Batch 16: loss = 0.011588 | LR = 7.228414e-04
  Batch 17: loss = 0.010152 | LR = 7.189372e-04
  Batch 18: loss = 0.012803 | LR = 7.150434e-04
  Batch 19: loss = 0.003247 | LR = 7.111600e-04
  Batch 20: loss = 0.015393 | LR = 7.072870e-04
  Batch 21: loss = 0.004260 | LR = 7.034244e-04
  Batch 22: loss = 0.005890 | LR = 6.995723e-04
  Batch 23: loss = 0.007959 | LR = 6.957306e-04
  Batch 24: loss = 0.008375 | LR = 6.918993e-04
  Batch 25: loss = 0.007867 | LR = 6.880785e-04
  Batch 26: loss = 0.006512 | LR = 6.842681e-04
  Batch 27: loss = 0.004080 | LR = 6.804681e-04
  Batch 28: loss = 0.014364 | LR = 6.766786e-04
  Batch 29: loss = 0.009802 | LR = 6.728995e-04
  Batch 30: loss = 0.005149 | LR = 6.691308e-04
  Batch 31: loss = 0.005209 | LR = 6.653726e-04
  Batch 32: loss = 0.016613 | LR = 6.616248e-04
  Batch 33: loss = 0.005878 | LR = 6.578875e-04
  Batch 34: loss = 0.034716 | LR = 6.541606e-04
  Batch 35: loss = 0.027072 | LR = 6.504441e-04
  Batch 36: loss = 0.007017 | LR = 6.467381e-04
  Batch 37: loss = 0.004430 | LR = 6.430426e-04
  Batch 38: loss = 0.005863 | LR = 6.393575e-04
  Batch 39: loss = 0.004521 | LR = 6.356828e-04
  Batch 40: loss = 0.022301 | LR = 6.320186e-04
  Batch 41: loss = 0.007979 | LR = 6.283649e-04
  Batch 42: loss = 0.004675 | LR = 6.247216e-04
  Batch 43: loss = 0.003901 | LR = 6.210888e-04
  Batch 44: loss = 0.014692 | LR = 6.174664e-04
  Batch 45: loss = 0.005772 | LR = 6.138545e-04
  Batch 46: loss = 0.007521 | LR = 6.102531e-04
  Batch 47: loss = 0.005006 | LR = 6.066621e-04
  Batch 48: loss = 0.011345 | LR = 6.030816e-04
Epoch 93: Average loss = 0.0102, Duration = 0.71s
  Batch 1: loss = 0.004728 | LR = 5.995116e-04
  Batch 2: loss = 0.015976 | LR = 5.959520e-04
  Batch 3: loss = 0.028602 | LR = 5.924029e-04
  Batch 4: loss = 0.003172 | LR = 5.888643e-04
  Batch 5: loss = 0.013345 | LR = 5.853362e-04
  Batch 6: loss = 0.024215 | LR = 5.818185e-04
  Batch 7: loss = 0.017636 | LR = 5.783113e-04
  Batch 8: loss = 0.006781 | LR = 5.748146e-04
  Batch 9: loss = 0.018989 | LR = 5.713284e-04
  Batch 10: loss = 0.010266 | LR = 5.678526e-04
  Batch 11: loss = 0.023692 | LR = 5.643873e-04
  Batch 12: loss = 0.039801 | LR = 5.609325e-04
  Batch 13: loss = 0.007018 | LR = 5.574883e-04
  Batch 14: loss = 0.001701 | LR = 5.540544e-04
  Batch 15: loss = 0.004274 | LR = 5.506311e-04
  Batch 16: loss = 0.009154 | LR = 5.472183e-04
  Batch 17: loss = 0.003381 | LR = 5.438160e-04
  Batch 18: loss = 0.006268 | LR = 5.404241e-04
  Batch 19: loss = 0.010972 | LR = 5.370428e-04
  Batch 20: loss = 0.015028 | LR = 5.336719e-04
  Batch 21: loss = 0.004502 | LR = 5.303116e-04
  Batch 22: loss = 0.006092 | LR = 5.269617e-04
  Batch 23: loss = 0.007102 | LR = 5.236224e-04
  Batch 24: loss = 0.005822 | LR = 5.202935e-04
  Batch 25: loss = 0.012255 | LR = 5.169752e-04
  Batch 26: loss = 0.003947 | LR = 5.136673e-04
  Batch 27: loss = 0.014794 | LR = 5.103700e-04
  Batch 28: loss = 0.013981 | LR = 5.070832e-04
  Batch 29: loss = 0.006207 | LR = 5.038069e-04
  Batch 30: loss = 0.010814 | LR = 5.005410e-04
  Batch 31: loss = 0.029023 | LR = 4.972858e-04
  Batch 32: loss = 0.009135 | LR = 4.940410e-04
  Batch 33: loss = 0.003775 | LR = 4.908067e-04
  Batch 34: loss = 0.053856 | LR = 4.875830e-04
  Batch 35: loss = 0.022580 | LR = 4.843697e-04
  Batch 36: loss = 0.009155 | LR = 4.811670e-04
  Batch 37: loss = 0.005296 | LR = 4.779748e-04
  Batch 38: loss = 0.004469 | LR = 4.747932e-04
  Batch 39: loss = 0.004261 | LR = 4.716220e-04
  Batch 40: loss = 0.014809 | LR = 4.684614e-04
  Batch 41: loss = 0.017786 | LR = 4.653113e-04
  Batch 42: loss = 0.025831 | LR = 4.621717e-04
  Batch 43: loss = 0.003693 | LR = 4.590427e-04
  Batch 44: loss = 0.003829 | LR = 4.559242e-04
  Batch 45: loss = 0.015790 | LR = 4.528162e-04
  Batch 46: loss = 0.024881 | LR = 4.497188e-04
  Batch 47: loss = 0.011126 | LR = 4.466319e-04
  Batch 48: loss = 0.006104 | LR = 4.435555e-04
Epoch 94: Average loss = 0.0128, Duration = 0.74s
  Batch 1: loss = 0.011218 | LR = 4.404897e-04
  Batch 2: loss = 0.005853 | LR = 4.374344e-04
  Batch 3: loss = 0.009835 | LR = 4.343896e-04
  Batch 4: loss = 0.012785 | LR = 4.313554e-04
  Batch 5: loss = 0.010655 | LR = 4.283317e-04
  Batch 6: loss = 0.023025 | LR = 4.253186e-04
  Batch 7: loss = 0.009176 | LR = 4.223160e-04
  Batch 8: loss = 0.008747 | LR = 4.193239e-04
  Batch 9: loss = 0.008562 | LR = 4.163424e-04
  Batch 10: loss = 0.002284 | LR = 4.133715e-04
  Batch 11: loss = 0.041347 | LR = 4.104111e-04
  Batch 12: loss = 0.007861 | LR = 4.074612e-04
  Batch 13: loss = 0.003688 | LR = 4.045220e-04
  Batch 14: loss = 0.004100 | LR = 4.015932e-04
  Batch 15: loss = 0.005305 | LR = 3.986750e-04
  Batch 16: loss = 0.011812 | LR = 3.957674e-04
  Batch 17: loss = 0.013342 | LR = 3.928703e-04
  Batch 18: loss = 0.004501 | LR = 3.899838e-04
  Batch 19: loss = 0.028494 | LR = 3.871079e-04
  Batch 20: loss = 0.021147 | LR = 3.842425e-04
  Batch 21: loss = 0.006835 | LR = 3.813876e-04
  Batch 22: loss = 0.019989 | LR = 3.785434e-04
  Batch 23: loss = 0.008166 | LR = 3.757097e-04
  Batch 24: loss = 0.010424 | LR = 3.728865e-04
  Batch 25: loss = 0.015029 | LR = 3.700739e-04
  Batch 26: loss = 0.006388 | LR = 3.672719e-04
  Batch 27: loss = 0.033260 | LR = 3.644805e-04
  Batch 28: loss = 0.003338 | LR = 3.616997e-04
  Batch 29: loss = 0.020624 | LR = 3.589294e-04
  Batch 30: loss = 0.013461 | LR = 3.561696e-04
  Batch 31: loss = 0.007542 | LR = 3.534205e-04
  Batch 32: loss = 0.008919 | LR = 3.506819e-04
  Batch 33: loss = 0.003205 | LR = 3.479539e-04
  Batch 34: loss = 0.019028 | LR = 3.452365e-04
  Batch 35: loss = 0.008391 | LR = 3.425297e-04
  Batch 36: loss = 0.004428 | LR = 3.398334e-04
  Batch 37: loss = 0.002068 | LR = 3.371478e-04
  Batch 38: loss = 0.004357 | LR = 3.344727e-04
  Batch 39: loss = 0.002222 | LR = 3.318082e-04
  Batch 40: loss = 0.024508 | LR = 3.291542e-04
  Batch 41: loss = 0.011303 | LR = 3.265109e-04
  Batch 42: loss = 0.005926 | LR = 3.238782e-04
  Batch 43: loss = 0.015764 | LR = 3.212560e-04
  Batch 44: loss = 0.007103 | LR = 3.186444e-04
  Batch 45: loss = 0.002420 | LR = 3.160434e-04
  Batch 46: loss = 0.003554 | LR = 3.134531e-04
  Batch 47: loss = 0.008968 | LR = 3.108733e-04
  Batch 48: loss = 0.006087 | LR = 3.083041e-04
Epoch 95: Average loss = 0.0110, Duration = 0.69s
  Batch 1: loss = 0.009232 | LR = 3.057454e-04
  Batch 2: loss = 0.005059 | LR = 3.031974e-04
  Batch 3: loss = 0.030530 | LR = 3.006600e-04
  Batch 4: loss = 0.003989 | LR = 2.981332e-04
  Batch 5: loss = 0.005768 | LR = 2.956170e-04
  Batch 6: loss = 0.004581 | LR = 2.931114e-04
  Batch 7: loss = 0.003062 | LR = 2.906163e-04
  Batch 8: loss = 0.017338 | LR = 2.881319e-04
  Batch 9: loss = 0.004427 | LR = 2.856581e-04
  Batch 10: loss = 0.003217 | LR = 2.831949e-04
  Batch 11: loss = 0.002560 | LR = 2.807423e-04
  Batch 12: loss = 0.008123 | LR = 2.783003e-04
  Batch 13: loss = 0.009918 | LR = 2.758689e-04
  Batch 14: loss = 0.003087 | LR = 2.734481e-04
  Batch 15: loss = 0.027612 | LR = 2.710380e-04
  Batch 16: loss = 0.005785 | LR = 2.686384e-04
  Batch 17: loss = 0.011847 | LR = 2.662495e-04
  Batch 18: loss = 0.013621 | LR = 2.638711e-04
  Batch 19: loss = 0.014945 | LR = 2.615034e-04
  Batch 20: loss = 0.019983 | LR = 2.591463e-04
  Batch 21: loss = 0.003909 | LR = 2.567998e-04
  Batch 22: loss = 0.007089 | LR = 2.544640e-04
  Batch 23: loss = 0.003506 | LR = 2.521387e-04
  Batch 24: loss = 0.013911 | LR = 2.498241e-04
  Batch 25: loss = 0.003823 | LR = 2.475200e-04
  Batch 26: loss = 0.004846 | LR = 2.452267e-04
  Batch 27: loss = 0.017344 | LR = 2.429439e-04
  Batch 28: loss = 0.004579 | LR = 2.406717e-04
  Batch 29: loss = 0.006181 | LR = 2.384102e-04
  Batch 30: loss = 0.011766 | LR = 2.361593e-04
  Batch 31: loss = 0.010605 | LR = 2.339190e-04
  Batch 32: loss = 0.016056 | LR = 2.316894e-04
  Batch 33: loss = 0.001743 | LR = 2.294704e-04
  Batch 34: loss = 0.006344 | LR = 2.272620e-04
  Batch 35: loss = 0.003436 | LR = 2.250642e-04
  Batch 36: loss = 0.006681 | LR = 2.228771e-04
  Batch 37: loss = 0.006699 | LR = 2.207006e-04
  Batch 38: loss = 0.006759 | LR = 2.185347e-04
  Batch 39: loss = 0.012069 | LR = 2.163795e-04
  Batch 40: loss = 0.013909 | LR = 2.142349e-04
  Batch 41: loss = 0.016381 | LR = 2.121009e-04
  Batch 42: loss = 0.009494 | LR = 2.099776e-04
  Batch 43: loss = 0.007474 | LR = 2.078649e-04
  Batch 44: loss = 0.006142 | LR = 2.057628e-04
  Batch 45: loss = 0.014096 | LR = 2.036714e-04
  Batch 46: loss = 0.009839 | LR = 2.015906e-04
  Batch 47: loss = 0.011189 | LR = 1.995205e-04
  Batch 48: loss = 0.011045 | LR = 1.974610e-04
Epoch 96: Average loss = 0.0094, Duration = 0.77s
  Batch 1: loss = 0.013956 | LR = 1.954121e-04
  Batch 2: loss = 0.003879 | LR = 1.933739e-04
  Batch 3: loss = 0.007053 | LR = 1.913464e-04
  Batch 4: loss = 0.021707 | LR = 1.893295e-04
  Batch 5: loss = 0.005889 | LR = 1.873232e-04
  Batch 6: loss = 0.010430 | LR = 1.853276e-04
  Batch 7: loss = 0.005305 | LR = 1.833426e-04
  Batch 8: loss = 0.005763 | LR = 1.813682e-04
  Batch 9: loss = 0.011599 | LR = 1.794046e-04
  Batch 10: loss = 0.021212 | LR = 1.774515e-04
  Batch 11: loss = 0.008234 | LR = 1.755091e-04
  Batch 12: loss = 0.022544 | LR = 1.735774e-04
  Batch 13: loss = 0.009727 | LR = 1.716563e-04
  Batch 14: loss = 0.007209 | LR = 1.697459e-04
  Batch 15: loss = 0.004527 | LR = 1.678461e-04
  Batch 16: loss = 0.023851 | LR = 1.659570e-04
  Batch 17: loss = 0.006017 | LR = 1.640786e-04
  Batch 18: loss = 0.022513 | LR = 1.622108e-04
  Batch 19: loss = 0.011061 | LR = 1.603536e-04
  Batch 20: loss = 0.008238 | LR = 1.585071e-04
  Batch 21: loss = 0.018485 | LR = 1.566713e-04
  Batch 22: loss = 0.016851 | LR = 1.548462e-04
  Batch 23: loss = 0.009428 | LR = 1.530316e-04
  Batch 24: loss = 0.008381 | LR = 1.512278e-04
  Batch 25: loss = 0.006452 | LR = 1.494346e-04
  Batch 26: loss = 0.004142 | LR = 1.476521e-04
  Batch 27: loss = 0.017130 | LR = 1.458802e-04
  Batch 28: loss = 0.010601 | LR = 1.441191e-04
  Batch 29: loss = 0.047667 | LR = 1.423685e-04
  Batch 30: loss = 0.007444 | LR = 1.406287e-04
  Batch 31: loss = 0.014201 | LR = 1.388995e-04
  Batch 32: loss = 0.003126 | LR = 1.371809e-04
  Batch 33: loss = 0.008116 | LR = 1.354731e-04
  Batch 34: loss = 0.007964 | LR = 1.337759e-04
  Batch 35: loss = 0.009987 | LR = 1.320894e-04
  Batch 36: loss = 0.008285 | LR = 1.304135e-04
  Batch 37: loss = 0.014107 | LR = 1.287484e-04
  Batch 38: loss = 0.007294 | LR = 1.270938e-04
  Batch 39: loss = 0.014769 | LR = 1.254500e-04
  Batch 40: loss = 0.036420 | LR = 1.238169e-04
  Batch 41: loss = 0.009145 | LR = 1.221944e-04
  Batch 42: loss = 0.008760 | LR = 1.205826e-04
  Batch 43: loss = 0.024009 | LR = 1.189814e-04
  Batch 44: loss = 0.008249 | LR = 1.173910e-04
  Batch 45: loss = 0.019175 | LR = 1.158112e-04
  Batch 46: loss = 0.007555 | LR = 1.142421e-04
  Batch 47: loss = 0.022052 | LR = 1.126836e-04
  Batch 48: loss = 0.012042 | LR = 1.111359e-04
Epoch 97: Average loss = 0.0128, Duration = 0.77s
  Batch 1: loss = 0.050301 | LR = 1.095988e-04
  Batch 2: loss = 0.003670 | LR = 1.080724e-04
  Batch 3: loss = 0.018282 | LR = 1.065567e-04
  Batch 4: loss = 0.010050 | LR = 1.050517e-04
  Batch 5: loss = 0.005095 | LR = 1.035574e-04
  Batch 6: loss = 0.003464 | LR = 1.020737e-04
  Batch 7: loss = 0.001298 | LR = 1.006007e-04
  Batch 8: loss = 0.005586 | LR = 9.913842e-05
  Batch 9: loss = 0.005952 | LR = 9.768681e-05
  Batch 10: loss = 0.008718 | LR = 9.624588e-05
  Batch 11: loss = 0.008461 | LR = 9.481564e-05
  Batch 12: loss = 0.004265 | LR = 9.339609e-05
  Batch 13: loss = 0.017832 | LR = 9.198722e-05
  Batch 14: loss = 0.012425 | LR = 9.058904e-05
  Batch 15: loss = 0.007181 | LR = 8.920155e-05
  Batch 16: loss = 0.028756 | LR = 8.782475e-05
  Batch 17: loss = 0.011587 | LR = 8.645863e-05
  Batch 18: loss = 0.010634 | LR = 8.510321e-05
  Batch 19: loss = 0.002161 | LR = 8.375848e-05
  Batch 20: loss = 0.005421 | LR = 8.242444e-05
  Batch 21: loss = 0.010595 | LR = 8.110109e-05
  Batch 22: loss = 0.004652 | LR = 7.978843e-05
  Batch 23: loss = 0.022524 | LR = 7.848647e-05
  Batch 24: loss = 0.013926 | LR = 7.719520e-05
  Batch 25: loss = 0.004113 | LR = 7.591462e-05
  Batch 26: loss = 0.003227 | LR = 7.464474e-05
  Batch 27: loss = 0.015627 | LR = 7.338555e-05
  Batch 28: loss = 0.006657 | LR = 7.213706e-05
  Batch 29: loss = 0.005615 | LR = 7.089926e-05
  Batch 30: loss = 0.004562 | LR = 6.967216e-05
  Batch 31: loss = 0.026085 | LR = 6.845576e-05
  Batch 32: loss = 0.002791 | LR = 6.725006e-05
  Batch 33: loss = 0.006241 | LR = 6.605505e-05
  Batch 34: loss = 0.012048 | LR = 6.487074e-05
  Batch 35: loss = 0.003078 | LR = 6.369713e-05
  Batch 36: loss = 0.022637 | LR = 6.253423e-05
  Batch 37: loss = 0.003107 | LR = 6.138202e-05
  Batch 38: loss = 0.003777 | LR = 6.024051e-05
  Batch 39: loss = 0.008594 | LR = 5.910971e-05
  Batch 40: loss = 0.004922 | LR = 5.798960e-05
  Batch 41: loss = 0.001980 | LR = 5.688020e-05
  Batch 42: loss = 0.009990 | LR = 5.578150e-05
  Batch 43: loss = 0.019781 | LR = 5.469350e-05
  Batch 44: loss = 0.015734 | LR = 5.361621e-05
  Batch 45: loss = 0.001121 | LR = 5.254962e-05
  Batch 46: loss = 0.002733 | LR = 5.149374e-05
  Batch 47: loss = 0.012524 | LR = 5.044856e-05
  Batch 48: loss = 0.006461 | LR = 4.941408e-05
Epoch 98: Average loss = 0.0099, Duration = 0.72s
  Batch 1: loss = 0.004896 | LR = 4.839032e-05
  Batch 2: loss = 0.002403 | LR = 4.737726e-05
  Batch 3: loss = 0.023121 | LR = 4.637490e-05
  Batch 4: loss = 0.014215 | LR = 4.538325e-05
  Batch 5: loss = 0.009538 | LR = 4.440231e-05
  Batch 6: loss = 0.004535 | LR = 4.343208e-05
  Batch 7: loss = 0.006548 | LR = 4.247256e-05
  Batch 8: loss = 0.013812 | LR = 4.152374e-05
  Batch 9: loss = 0.018635 | LR = 4.058564e-05
  Batch 10: loss = 0.003009 | LR = 3.965824e-05
  Batch 11: loss = 0.005600 | LR = 3.874156e-05
  Batch 12: loss = 0.018287 | LR = 3.783558e-05
  Batch 13: loss = 0.014304 | LR = 3.694032e-05
  Batch 14: loss = 0.017188 | LR = 3.605576e-05
  Batch 15: loss = 0.005888 | LR = 3.518192e-05
  Batch 16: loss = 0.007033 | LR = 3.431879e-05
  Batch 17: loss = 0.014140 | LR = 3.346638e-05
  Batch 18: loss = 0.022779 | LR = 3.262467e-05
  Batch 19: loss = 0.006859 | LR = 3.179368e-05
  Batch 20: loss = 0.015556 | LR = 3.097340e-05
  Batch 21: loss = 0.004061 | LR = 3.016384e-05
  Batch 22: loss = 0.003582 | LR = 2.936499e-05
  Batch 23: loss = 0.007400 | LR = 2.857685e-05
  Batch 24: loss = 0.007225 | LR = 2.779943e-05
  Batch 25: loss = 0.006524 | LR = 2.703272e-05
  Batch 26: loss = 0.006540 | LR = 2.627673e-05
  Batch 27: loss = 0.036819 | LR = 2.553146e-05
  Batch 28: loss = 0.005067 | LR = 2.479690e-05
  Batch 29: loss = 0.005534 | LR = 2.407306e-05
  Batch 30: loss = 0.007926 | LR = 2.335994e-05
  Batch 31: loss = 0.009081 | LR = 2.265753e-05
  Batch 32: loss = 0.009063 | LR = 2.196584e-05
  Batch 33: loss = 0.003344 | LR = 2.128486e-05
  Batch 34: loss = 0.009282 | LR = 2.061461e-05
  Batch 35: loss = 0.011127 | LR = 1.995507e-05
  Batch 36: loss = 0.004512 | LR = 1.930625e-05
  Batch 37: loss = 0.003574 | LR = 1.866815e-05
  Batch 38: loss = 0.022598 | LR = 1.804077e-05
  Batch 39: loss = 0.004194 | LR = 1.742411e-05
  Batch 40: loss = 0.051202 | LR = 1.681817e-05
  Batch 41: loss = 0.004471 | LR = 1.622295e-05
  Batch 42: loss = 0.005467 | LR = 1.563845e-05
  Batch 43: loss = 0.005997 | LR = 1.506467e-05
  Batch 44: loss = 0.001669 | LR = 1.450161e-05
  Batch 45: loss = 0.033246 | LR = 1.394927e-05
  Batch 46: loss = 0.007129 | LR = 1.340765e-05
  Batch 47: loss = 0.007558 | LR = 1.287675e-05
  Batch 48: loss = 0.004694 | LR = 1.235657e-05
Epoch 99: Average loss = 0.0108, Duration = 0.75s
  Batch 1: loss = 0.010515 | LR = 1.184712e-05
  Batch 2: loss = 0.008116 | LR = 1.134839e-05
  Batch 3: loss = 0.029632 | LR = 1.086038e-05
  Batch 4: loss = 0.005073 | LR = 1.038309e-05
  Batch 5: loss = 0.002577 | LR = 9.916527e-06
  Batch 6: loss = 0.003332 | LR = 9.460685e-06
  Batch 7: loss = 0.006643 | LR = 9.015566e-06
  Batch 8: loss = 0.040919 | LR = 8.581171e-06
  Batch 9: loss = 0.018575 | LR = 8.157499e-06
  Batch 10: loss = 0.004339 | LR = 7.744550e-06
  Batch 11: loss = 0.005716 | LR = 7.342325e-06
  Batch 12: loss = 0.016508 | LR = 6.950824e-06
  Batch 13: loss = 0.003616 | LR = 6.570047e-06
  Batch 14: loss = 0.004171 | LR = 6.199994e-06
  Batch 15: loss = 0.006706 | LR = 5.840666e-06
  Batch 16: loss = 0.010165 | LR = 5.492062e-06
  Batch 17: loss = 0.004279 | LR = 5.154183e-06
  Batch 18: loss = 0.033534 | LR = 4.827029e-06
  Batch 19: loss = 0.003426 | LR = 4.510600e-06
  Batch 20: loss = 0.009308 | LR = 4.204896e-06
  Batch 21: loss = 0.011192 | LR = 3.909918e-06
  Batch 22: loss = 0.001622 | LR = 3.625664e-06
  Batch 23: loss = 0.012408 | LR = 3.352137e-06
  Batch 24: loss = 0.005848 | LR = 3.089335e-06
  Batch 25: loss = 0.003524 | LR = 2.837258e-06
  Batch 26: loss = 0.010451 | LR = 2.595908e-06
  Batch 27: loss = 0.007989 | LR = 2.365283e-06
  Batch 28: loss = 0.013753 | LR = 2.145385e-06
  Batch 29: loss = 0.010864 | LR = 1.936212e-06
  Batch 30: loss = 0.024191 | LR = 1.737766e-06
  Batch 31: loss = 0.017344 | LR = 1.550047e-06
  Batch 32: loss = 0.006238 | LR = 1.373053e-06
  Batch 33: loss = 0.013479 | LR = 1.206786e-06
  Batch 34: loss = 0.004655 | LR = 1.051246e-06
  Batch 35: loss = 0.020027 | LR = 9.064325e-07
  Batch 36: loss = 0.038273 | LR = 7.723456e-07
  Batch 37: loss = 0.012848 | LR = 6.489854e-07
  Batch 38: loss = 0.020136 | LR = 5.363519e-07
  Batch 39: loss = 0.008454 | LR = 4.344454e-07
  Batch 40: loss = 0.007305 | LR = 3.432657e-07
  Batch 41: loss = 0.012217 | LR = 2.628129e-07
  Batch 42: loss = 0.004046 | LR = 1.930871e-07
  Batch 43: loss = 0.005644 | LR = 1.340883e-07
  Batch 44: loss = 0.014905 | LR = 8.581657e-08
  Batch 45: loss = 0.022575 | LR = 4.827183e-08
  Batch 46: loss = 0.010726 | LR = 2.145415e-08
  Batch 47: loss = 0.004011 | LR = 5.363538e-09
  Batch 48: loss = 0.011410 | LR = 0.000000e+00
Epoch 100: Average loss = 0.0117, Duration = 0.67s
