Initialized distributed training on 8 GPUs
Global batch size: 1024
Base LR: 0.050000
Loading CIFAR-10 training dataset...
  Batch 1: loss = 2.364671 | LR = 1.287500e-02
  Batch 2: loss = 2.433087 | LR = 2.525000e-02
  Batch 3: loss = 2.436032 | LR = 3.762500e-02
  Batch 4: loss = 2.437875 | LR = 5.000000e-02
  Batch 5: loss = 2.428040 | LR = 4.999999e-02
  Batch 6: loss = 2.413303 | LR = 4.999998e-02
  Batch 7: loss = 2.333624 | LR = 4.999995e-02
  Batch 8: loss = 2.314884 | LR = 4.999991e-02
  Batch 9: loss = 2.366591 | LR = 4.999987e-02
  Batch 10: loss = 2.333154 | LR = 4.999981e-02
  Batch 11: loss = 2.316284 | LR = 4.999974e-02
  Batch 12: loss = 2.350879 | LR = 4.999966e-02
  Batch 13: loss = 2.310430 | LR = 4.999957e-02
  Batch 14: loss = 2.344801 | LR = 4.999946e-02
  Batch 15: loss = 2.303639 | LR = 4.999935e-02
  Batch 16: loss = 2.178592 | LR = 4.999923e-02
  Batch 17: loss = 2.385698 | LR = 4.999909e-02
  Batch 18: loss = 2.762660 | LR = 4.999895e-02
  Batch 19: loss = 2.627378 | LR = 4.999879e-02
  Batch 20: loss = 2.144506 | LR = 4.999863e-02
  Batch 21: loss = 2.434522 | LR = 4.999845e-02
  Batch 22: loss = 2.563782 | LR = 4.999826e-02
  Batch 23: loss = 2.410827 | LR = 4.999806e-02
  Batch 24: loss = 2.081638 | LR = 4.999785e-02
  Batch 25: loss = 2.018625 | LR = 4.999763e-02
  Batch 26: loss = 2.421781 | LR = 4.999740e-02
  Batch 27: loss = 2.233362 | LR = 4.999716e-02
  Batch 28: loss = 2.535405 | LR = 4.999691e-02
  Batch 29: loss = 2.207885 | LR = 4.999665e-02
  Batch 30: loss = 2.261433 | LR = 4.999637e-02
  Batch 31: loss = 2.419889 | LR = 4.999609e-02
  Batch 32: loss = 2.190758 | LR = 4.999580e-02
  Batch 33: loss = 2.268515 | LR = 4.999549e-02
  Batch 34: loss = 2.396627 | LR = 4.999517e-02
  Batch 35: loss = 2.433928 | LR = 4.999485e-02
  Batch 36: loss = 2.517011 | LR = 4.999451e-02
  Batch 37: loss = 2.448324 | LR = 4.999416e-02
  Batch 38: loss = 2.309793 | LR = 4.999380e-02
  Batch 39: loss = 2.265496 | LR = 4.999343e-02
  Batch 40: loss = 2.400636 | LR = 4.999305e-02
  Batch 41: loss = 2.107030 | LR = 4.999266e-02
  Batch 42: loss = 2.278325 | LR = 4.999226e-02
  Batch 43: loss = 1.926763 | LR = 4.999184e-02
  Batch 44: loss = 2.689451 | LR = 4.999142e-02
  Batch 45: loss = 2.313664 | LR = 4.999098e-02
  Batch 46: loss = 2.396353 | LR = 4.999054e-02
  Batch 47: loss = 2.483361 | LR = 4.999008e-02
  Batch 48: loss = 2.236825 | LR = 4.998962e-02
Epoch 1: Average loss = 2.3508, Duration = 1.15s
  Batch 1: loss = 2.604435 | LR = 4.998914e-02
  Batch 2: loss = 2.226813 | LR = 4.998865e-02
  Batch 3: loss = 2.040700 | LR = 4.998815e-02
  Batch 4: loss = 1.836411 | LR = 4.998764e-02
  Batch 5: loss = 2.155160 | LR = 4.998712e-02
  Batch 6: loss = 1.985257 | LR = 4.998659e-02
  Batch 7: loss = 2.231878 | LR = 4.998605e-02
  Batch 8: loss = 2.041317 | LR = 4.998550e-02
  Batch 9: loss = 2.118420 | LR = 4.998494e-02
  Batch 10: loss = 2.048274 | LR = 4.998436e-02
  Batch 11: loss = 1.964391 | LR = 4.998378e-02
  Batch 12: loss = 2.143899 | LR = 4.998318e-02
  Batch 13: loss = 2.275970 | LR = 4.998258e-02
  Batch 14: loss = 1.944486 | LR = 4.998196e-02
  Batch 15: loss = 1.864627 | LR = 4.998133e-02
  Batch 16: loss = 1.986038 | LR = 4.998069e-02
  Batch 17: loss = 1.966065 | LR = 4.998004e-02
  Batch 18: loss = 2.374624 | LR = 4.997939e-02
  Batch 19: loss = 2.004150 | LR = 4.997872e-02
  Batch 20: loss = 1.958225 | LR = 4.997803e-02
  Batch 21: loss = 1.759765 | LR = 4.997734e-02
  Batch 22: loss = 1.998022 | LR = 4.997664e-02
  Batch 23: loss = 1.836308 | LR = 4.997593e-02
  Batch 24: loss = 2.135682 | LR = 4.997520e-02
  Batch 25: loss = 1.775462 | LR = 4.997447e-02
  Batch 26: loss = 2.115617 | LR = 4.997372e-02
  Batch 27: loss = 1.923268 | LR = 4.997297e-02
  Batch 28: loss = 2.185265 | LR = 4.997220e-02
  Batch 29: loss = 2.104150 | LR = 4.997142e-02
  Batch 30: loss = 1.936414 | LR = 4.997064e-02
  Batch 31: loss = 1.902468 | LR = 4.996984e-02
  Batch 32: loss = 2.226035 | LR = 4.996903e-02
  Batch 33: loss = 1.774779 | LR = 4.996821e-02
  Batch 34: loss = 1.862817 | LR = 4.996738e-02
  Batch 35: loss = 1.766842 | LR = 4.996653e-02
  Batch 36: loss = 1.826140 | LR = 4.996568e-02
  Batch 37: loss = 1.938192 | LR = 4.996482e-02
  Batch 38: loss = 1.900369 | LR = 4.996394e-02
  Batch 39: loss = 1.864594 | LR = 4.996306e-02
  Batch 40: loss = 1.966320 | LR = 4.996216e-02
  Batch 41: loss = 1.757541 | LR = 4.996126e-02
  Batch 42: loss = 1.840260 | LR = 4.996034e-02
  Batch 43: loss = 1.722489 | LR = 4.995941e-02
  Batch 44: loss = 1.992287 | LR = 4.995848e-02
  Batch 45: loss = 1.903172 | LR = 4.995753e-02
  Batch 46: loss = 1.848540 | LR = 4.995657e-02
  Batch 47: loss = 2.425413 | LR = 4.995560e-02
  Batch 48: loss = 2.046352 | LR = 4.995462e-02
Epoch 2: Average loss = 2.0022, Duration = 0.75s
  Batch 1: loss = 1.866067 | LR = 4.995363e-02
  Batch 2: loss = 1.737488 | LR = 4.995262e-02
  Batch 3: loss = 2.099936 | LR = 4.995161e-02
  Batch 4: loss = 1.743014 | LR = 4.995059e-02
  Batch 5: loss = 1.636957 | LR = 4.994955e-02
  Batch 6: loss = 1.716475 | LR = 4.994851e-02
  Batch 7: loss = 1.998960 | LR = 4.994745e-02
  Batch 8: loss = 1.886496 | LR = 4.994638e-02
  Batch 9: loss = 2.000751 | LR = 4.994531e-02
  Batch 10: loss = 1.727365 | LR = 4.994422e-02
  Batch 11: loss = 1.882688 | LR = 4.994312e-02
  Batch 12: loss = 1.820879 | LR = 4.994201e-02
  Batch 13: loss = 1.720758 | LR = 4.994089e-02
  Batch 14: loss = 1.850632 | LR = 4.993976e-02
  Batch 15: loss = 1.817151 | LR = 4.993862e-02
  Batch 16: loss = 1.839291 | LR = 4.993747e-02
  Batch 17: loss = 1.803455 | LR = 4.993630e-02
  Batch 18: loss = 1.842813 | LR = 4.993513e-02
  Batch 19: loss = 1.844272 | LR = 4.993394e-02
  Batch 20: loss = 1.721056 | LR = 4.993275e-02
  Batch 21: loss = 1.667669 | LR = 4.993154e-02
  Batch 22: loss = 2.178736 | LR = 4.993033e-02
  Batch 23: loss = 1.644716 | LR = 4.992910e-02
  Batch 24: loss = 1.875994 | LR = 4.992786e-02
  Batch 25: loss = 1.589163 | LR = 4.992661e-02
  Batch 26: loss = 1.679710 | LR = 4.992536e-02
  Batch 27: loss = 1.740928 | LR = 4.992409e-02
  Batch 28: loss = 1.903661 | LR = 4.992280e-02
  Batch 29: loss = 1.859905 | LR = 4.992151e-02
  Batch 30: loss = 1.713138 | LR = 4.992021e-02
  Batch 31: loss = 1.766280 | LR = 4.991890e-02
  Batch 32: loss = 1.696322 | LR = 4.991758e-02
  Batch 33: loss = 1.597664 | LR = 4.991624e-02
  Batch 34: loss = 1.986786 | LR = 4.991490e-02
  Batch 35: loss = 1.794214 | LR = 4.991354e-02
  Batch 36: loss = 1.702483 | LR = 4.991218e-02
  Batch 37: loss = 1.578450 | LR = 4.991080e-02
  Batch 38: loss = 1.719104 | LR = 4.990941e-02
  Batch 39: loss = 1.729807 | LR = 4.990801e-02
  Batch 40: loss = 1.916842 | LR = 4.990660e-02
  Batch 41: loss = 1.504695 | LR = 4.990518e-02
  Batch 42: loss = 1.887020 | LR = 4.990375e-02
  Batch 43: loss = 1.567127 | LR = 4.990231e-02
  Batch 44: loss = 1.966519 | LR = 4.990086e-02
  Batch 45: loss = 1.745558 | LR = 4.989940e-02
  Batch 46: loss = 2.113595 | LR = 4.989793e-02
  Batch 47: loss = 1.903565 | LR = 4.989644e-02
  Batch 48: loss = 1.805430 | LR = 4.989495e-02
Epoch 3: Average loss = 1.7998, Duration = 0.72s
  Batch 1: loss = 1.924200 | LR = 4.989344e-02
  Batch 2: loss = 1.727933 | LR = 4.989193e-02
  Batch 3: loss = 1.684795 | LR = 4.989040e-02
  Batch 4: loss = 1.741545 | LR = 4.988886e-02
  Batch 5: loss = 1.912983 | LR = 4.988732e-02
  Batch 6: loss = 1.797914 | LR = 4.988576e-02
  Batch 7: loss = 1.650565 | LR = 4.988419e-02
  Batch 8: loss = 1.739134 | LR = 4.988261e-02
  Batch 9: loss = 1.882417 | LR = 4.988102e-02
  Batch 10: loss = 1.747524 | LR = 4.987942e-02
  Batch 11: loss = 2.000659 | LR = 4.987781e-02
  Batch 12: loss = 1.877462 | LR = 4.987618e-02
  Batch 13: loss = 1.777981 | LR = 4.987455e-02
  Batch 14: loss = 2.239382 | LR = 4.987291e-02
  Batch 15: loss = 1.855877 | LR = 4.987125e-02
  Batch 16: loss = 1.791476 | LR = 4.986959e-02
  Batch 17: loss = 1.762471 | LR = 4.986791e-02
  Batch 18: loss = 1.952041 | LR = 4.986622e-02
  Batch 19: loss = 1.593197 | LR = 4.986453e-02
  Batch 20: loss = 1.742135 | LR = 4.986282e-02
  Batch 21: loss = 1.546776 | LR = 4.986110e-02
  Batch 22: loss = 1.623631 | LR = 4.985937e-02
  Batch 23: loss = 1.740914 | LR = 4.985763e-02
  Batch 24: loss = 1.605235 | LR = 4.985588e-02
  Batch 25: loss = 1.574888 | LR = 4.985412e-02
  Batch 26: loss = 1.759007 | LR = 4.985235e-02
  Batch 27: loss = 1.783002 | LR = 4.985057e-02
  Batch 28: loss = 1.810855 | LR = 4.984877e-02
  Batch 29: loss = 1.848190 | LR = 4.984697e-02
  Batch 30: loss = 1.712154 | LR = 4.984515e-02
  Batch 31: loss = 1.694813 | LR = 4.984333e-02
  Batch 32: loss = 1.722567 | LR = 4.984149e-02
  Batch 33: loss = 1.441437 | LR = 4.983965e-02
  Batch 34: loss = 1.751018 | LR = 4.983779e-02
  Batch 35: loss = 1.756902 | LR = 4.983592e-02
  Batch 36: loss = 1.508988 | LR = 4.983404e-02
  Batch 37: loss = 1.530867 | LR = 4.983215e-02
  Batch 38: loss = 2.348876 | LR = 4.983025e-02
  Batch 39: loss = 1.820155 | LR = 4.982834e-02
  Batch 40: loss = 2.080928 | LR = 4.982642e-02
  Batch 41: loss = 1.481037 | LR = 4.982449e-02
  Batch 42: loss = 1.523764 | LR = 4.982255e-02
  Batch 43: loss = 1.399941 | LR = 4.982060e-02
  Batch 44: loss = 2.244810 | LR = 4.981863e-02
  Batch 45: loss = 1.693413 | LR = 4.981666e-02
  Batch 46: loss = 1.810091 | LR = 4.981467e-02
  Batch 47: loss = 1.700024 | LR = 4.981268e-02
  Batch 48: loss = 1.522598 | LR = 4.981067e-02
Epoch 4: Average loss = 1.7591, Duration = 0.76s
  Batch 1: loss = 1.654894 | LR = 4.980865e-02
  Batch 2: loss = 1.793688 | LR = 4.980663e-02
  Batch 3: loss = 1.743012 | LR = 4.980459e-02
  Batch 4: loss = 1.743073 | LR = 4.980254e-02
  Batch 5: loss = 1.613445 | LR = 4.980048e-02
  Batch 6: loss = 1.652821 | LR = 4.979841e-02
  Batch 7: loss = 1.871844 | LR = 4.979633e-02
  Batch 8: loss = 1.836164 | LR = 4.979424e-02
  Batch 9: loss = 2.089624 | LR = 4.979214e-02
  Batch 10: loss = 2.423966 | LR = 4.979002e-02
  Batch 11: loss = 1.880403 | LR = 4.978790e-02
  Batch 12: loss = 1.946680 | LR = 4.978577e-02
  Batch 13: loss = 1.664088 | LR = 4.978362e-02
  Batch 14: loss = 2.175054 | LR = 4.978147e-02
  Batch 15: loss = 1.752986 | LR = 4.977930e-02
  Batch 16: loss = 1.443484 | LR = 4.977712e-02
  Batch 17: loss = 1.663931 | LR = 4.977494e-02
  Batch 18: loss = 1.986971 | LR = 4.977274e-02
  Batch 19: loss = 1.657890 | LR = 4.977053e-02
  Batch 20: loss = 1.692601 | LR = 4.976831e-02
  Batch 21: loss = 1.934352 | LR = 4.976608e-02
  Batch 22: loss = 1.688379 | LR = 4.976384e-02
  Batch 23: loss = 1.601446 | LR = 4.976159e-02
  Batch 24: loss = 1.721287 | LR = 4.975933e-02
  Batch 25: loss = 1.550050 | LR = 4.975706e-02
  Batch 26: loss = 1.745087 | LR = 4.975477e-02
  Batch 27: loss = 1.601169 | LR = 4.975248e-02
  Batch 28: loss = 1.759516 | LR = 4.975018e-02
  Batch 29: loss = 1.749743 | LR = 4.974786e-02
  Batch 30: loss = 1.532262 | LR = 4.974554e-02
  Batch 31: loss = 1.640181 | LR = 4.974320e-02
  Batch 32: loss = 1.845782 | LR = 4.974085e-02
  Batch 33: loss = 1.397961 | LR = 4.973850e-02
  Batch 34: loss = 1.632214 | LR = 4.973613e-02
  Batch 35: loss = 1.494786 | LR = 4.973375e-02
  Batch 36: loss = 1.631410 | LR = 4.973136e-02
  Batch 37: loss = 1.648569 | LR = 4.972896e-02
  Batch 38: loss = 1.775639 | LR = 4.972655e-02
  Batch 39: loss = 1.662319 | LR = 4.972413e-02
  Batch 40: loss = 1.817898 | LR = 4.972170e-02
  Batch 41: loss = 1.614545 | LR = 4.971926e-02
  Batch 42: loss = 1.574210 | LR = 4.971681e-02
  Batch 43: loss = 1.523059 | LR = 4.971434e-02
  Batch 44: loss = 1.728446 | LR = 4.971187e-02
  Batch 45: loss = 1.595841 | LR = 4.970938e-02
  Batch 46: loss = 1.675441 | LR = 4.970689e-02
  Batch 47: loss = 1.819601 | LR = 4.970438e-02
  Batch 48: loss = 1.657533 | LR = 4.970187e-02
Epoch 5: Average loss = 1.7272, Duration = 0.74s
  Batch 1: loss = 1.962112 | LR = 4.969934e-02
  Batch 2: loss = 1.635080 | LR = 4.969680e-02
  Batch 3: loss = 2.105218 | LR = 4.969425e-02
  Batch 4: loss = 1.732026 | LR = 4.969170e-02
  Batch 5: loss = 1.544644 | LR = 4.968913e-02
  Batch 6: loss = 1.600731 | LR = 4.968655e-02
  Batch 7: loss = 2.182445 | LR = 4.968396e-02
  Batch 8: loss = 1.535586 | LR = 4.968136e-02
  Batch 9: loss = 1.694231 | LR = 4.967874e-02
  Batch 10: loss = 1.664524 | LR = 4.967612e-02
  Batch 11: loss = 1.873040 | LR = 4.967349e-02
  Batch 12: loss = 1.746115 | LR = 4.967085e-02
  Batch 13: loss = 1.489069 | LR = 4.966819e-02
  Batch 14: loss = 1.827180 | LR = 4.966553e-02
  Batch 15: loss = 1.689744 | LR = 4.966285e-02
  Batch 16: loss = 1.448043 | LR = 4.966017e-02
  Batch 17: loss = 1.535022 | LR = 4.965747e-02
  Batch 18: loss = 1.556791 | LR = 4.965476e-02
  Batch 19: loss = 1.597292 | LR = 4.965205e-02
  Batch 20: loss = 1.633448 | LR = 4.964932e-02
  Batch 21: loss = 1.462240 | LR = 4.964658e-02
  Batch 22: loss = 1.653591 | LR = 4.964383e-02
  Batch 23: loss = 1.480778 | LR = 4.964107e-02
  Batch 24: loss = 1.564973 | LR = 4.963830e-02
  Batch 25: loss = 1.436772 | LR = 4.963552e-02
  Batch 26: loss = 1.760767 | LR = 4.963273e-02
  Batch 27: loss = 1.511857 | LR = 4.962993e-02
  Batch 28: loss = 1.674334 | LR = 4.962711e-02
  Batch 29: loss = 1.773500 | LR = 4.962429e-02
  Batch 30: loss = 1.495900 | LR = 4.962146e-02
  Batch 31: loss = 1.502140 | LR = 4.961861e-02
  Batch 32: loss = 1.650740 | LR = 4.961576e-02
  Batch 33: loss = 1.411736 | LR = 4.961289e-02
  Batch 34: loss = 1.937114 | LR = 4.961002e-02
  Batch 35: loss = 1.344894 | LR = 4.960713e-02
  Batch 36: loss = 1.529081 | LR = 4.960423e-02
  Batch 37: loss = 1.411489 | LR = 4.960132e-02
  Batch 38: loss = 1.715621 | LR = 4.959841e-02
  Batch 39: loss = 1.418990 | LR = 4.959548e-02
  Batch 40: loss = 1.584666 | LR = 4.959254e-02
  Batch 41: loss = 1.356657 | LR = 4.958959e-02
  Batch 42: loss = 1.455446 | LR = 4.958663e-02
  Batch 43: loss = 1.459438 | LR = 4.958366e-02
  Batch 44: loss = 2.152857 | LR = 4.958068e-02
  Batch 45: loss = 1.460573 | LR = 4.957768e-02
  Batch 46: loss = 1.804505 | LR = 4.957468e-02
  Batch 47: loss = 1.734733 | LR = 4.957167e-02
  Batch 48: loss = 1.538286 | LR = 4.956864e-02
Epoch 6: Average loss = 1.6320, Duration = 0.78s
  Batch 1: loss = 1.697944 | LR = 4.956561e-02
  Batch 2: loss = 1.686838 | LR = 4.956257e-02
  Batch 3: loss = 1.504862 | LR = 4.955951e-02
  Batch 4: loss = 1.585455 | LR = 4.955644e-02
  Batch 5: loss = 1.567366 | LR = 4.955337e-02
  Batch 6: loss = 1.587197 | LR = 4.955028e-02
  Batch 7: loss = 1.496030 | LR = 4.954718e-02
  Batch 8: loss = 1.983171 | LR = 4.954408e-02
  Batch 9: loss = 1.561057 | LR = 4.954096e-02
  Batch 10: loss = 1.508542 | LR = 4.953783e-02
  Batch 11: loss = 1.851330 | LR = 4.953469e-02
  Batch 12: loss = 1.596573 | LR = 4.953154e-02
  Batch 13: loss = 1.446107 | LR = 4.952838e-02
  Batch 14: loss = 1.727952 | LR = 4.952521e-02
  Batch 15: loss = 1.899216 | LR = 4.952203e-02
  Batch 16: loss = 1.282813 | LR = 4.951883e-02
  Batch 17: loss = 1.580225 | LR = 4.951563e-02
  Batch 18: loss = 1.843770 | LR = 4.951242e-02
  Batch 19: loss = 1.462997 | LR = 4.950919e-02
  Batch 20: loss = 1.591719 | LR = 4.950596e-02
  Batch 21: loss = 1.496394 | LR = 4.950271e-02
  Batch 22: loss = 1.453863 | LR = 4.949946e-02
  Batch 23: loss = 1.533976 | LR = 4.949619e-02
  Batch 24: loss = 1.493546 | LR = 4.949292e-02
  Batch 25: loss = 1.429604 | LR = 4.948963e-02
  Batch 26: loss = 1.690995 | LR = 4.948633e-02
  Batch 27: loss = 1.537875 | LR = 4.948302e-02
  Batch 28: loss = 1.513818 | LR = 4.947971e-02
  Batch 29: loss = 1.604733 | LR = 4.947638e-02
  Batch 30: loss = 1.516845 | LR = 4.947304e-02
  Batch 31: loss = 1.484936 | LR = 4.946969e-02
  Batch 32: loss = 1.625902 | LR = 4.946633e-02
  Batch 33: loss = 1.260761 | LR = 4.946296e-02
  Batch 34: loss = 1.904569 | LR = 4.945958e-02
  Batch 35: loss = 1.467929 | LR = 4.945618e-02
  Batch 36: loss = 1.395734 | LR = 4.945278e-02
  Batch 37: loss = 1.390353 | LR = 4.944937e-02
  Batch 38: loss = 1.590363 | LR = 4.944595e-02
  Batch 39: loss = 1.382290 | LR = 4.944251e-02
  Batch 40: loss = 1.478714 | LR = 4.943907e-02
  Batch 41: loss = 1.369978 | LR = 4.943561e-02
  Batch 42: loss = 1.409604 | LR = 4.943215e-02
  Batch 43: loss = 1.419650 | LR = 4.942867e-02
  Batch 44: loss = 1.599646 | LR = 4.942519e-02
  Batch 45: loss = 1.545616 | LR = 4.942169e-02
  Batch 46: loss = 1.519220 | LR = 4.941818e-02
  Batch 47: loss = 1.610568 | LR = 4.941466e-02
  Batch 48: loss = 1.411799 | LR = 4.941114e-02
Epoch 7: Average loss = 1.5542, Duration = 0.69s
  Batch 1: loss = 1.566376 | LR = 4.940760e-02
  Batch 2: loss = 1.482102 | LR = 4.940405e-02
  Batch 3: loss = 1.476156 | LR = 4.940049e-02
  Batch 4: loss = 1.457165 | LR = 4.939692e-02
  Batch 5: loss = 1.407125 | LR = 4.939334e-02
  Batch 6: loss = 1.418171 | LR = 4.938975e-02
  Batch 7: loss = 1.447315 | LR = 4.938615e-02
  Batch 8: loss = 1.453868 | LR = 4.938253e-02
  Batch 9: loss = 1.536735 | LR = 4.937891e-02
  Batch 10: loss = 1.530906 | LR = 4.937528e-02
  Batch 11: loss = 1.470328 | LR = 4.937164e-02
  Batch 12: loss = 1.469733 | LR = 4.936798e-02
  Batch 13: loss = 1.465729 | LR = 4.936432e-02
  Batch 14: loss = 1.545774 | LR = 4.936064e-02
  Batch 15: loss = 1.533026 | LR = 4.935696e-02
  Batch 16: loss = 1.328432 | LR = 4.935326e-02
  Batch 17: loss = 1.409879 | LR = 4.934956e-02
  Batch 18: loss = 1.534280 | LR = 4.934584e-02
  Batch 19: loss = 1.406400 | LR = 4.934211e-02
  Batch 20: loss = 1.438496 | LR = 4.933838e-02
  Batch 21: loss = 1.408781 | LR = 4.933463e-02
  Batch 22: loss = 1.384466 | LR = 4.933087e-02
  Batch 23: loss = 1.362211 | LR = 4.932710e-02
  Batch 24: loss = 1.355277 | LR = 4.932332e-02
  Batch 25: loss = 1.307815 | LR = 4.931953e-02
  Batch 26: loss = 1.382257 | LR = 4.931573e-02
  Batch 27: loss = 1.454714 | LR = 4.931192e-02
  Batch 28: loss = 1.592509 | LR = 4.930810e-02
  Batch 29: loss = 1.490074 | LR = 4.930427e-02
  Batch 30: loss = 1.491425 | LR = 4.930043e-02
  Batch 31: loss = 1.469444 | LR = 4.929658e-02
  Batch 32: loss = 2.000371 | LR = 4.929271e-02
  Batch 33: loss = 1.300900 | LR = 4.928884e-02
  Batch 34: loss = 1.300115 | LR = 4.928496e-02
  Batch 35: loss = 1.115352 | LR = 4.928106e-02
  Batch 36: loss = 1.374440 | LR = 4.927716e-02
  Batch 37: loss = 1.393845 | LR = 4.927324e-02
  Batch 38: loss = 1.386840 | LR = 4.926932e-02
  Batch 39: loss = 1.361011 | LR = 4.926538e-02
  Batch 40: loss = 1.397774 | LR = 4.926144e-02
  Batch 41: loss = 1.205181 | LR = 4.925748e-02
  Batch 42: loss = 1.417154 | LR = 4.925351e-02
  Batch 43: loss = 1.291006 | LR = 4.924954e-02
  Batch 44: loss = 1.436832 | LR = 4.924555e-02
  Batch 45: loss = 1.481128 | LR = 4.924155e-02
  Batch 46: loss = 1.325295 | LR = 4.923754e-02
  Batch 47: loss = 1.761722 | LR = 4.923352e-02
  Batch 48: loss = 1.390817 | LR = 4.922950e-02
Epoch 8: Average loss = 1.4378, Duration = 0.75s
  Batch 1: loss = 1.404495 | LR = 4.922546e-02
  Batch 2: loss = 1.515076 | LR = 4.922141e-02
  Batch 3: loss = 1.692676 | LR = 4.921735e-02
  Batch 4: loss = 1.352634 | LR = 4.921328e-02
  Batch 5: loss = 1.336603 | LR = 4.920919e-02
  Batch 6: loss = 1.388170 | LR = 4.920510e-02
  Batch 7: loss = 1.524372 | LR = 4.920100e-02
  Batch 8: loss = 1.332068 | LR = 4.919689e-02
  Batch 9: loss = 1.472672 | LR = 4.919277e-02
  Batch 10: loss = 1.891390 | LR = 4.918863e-02
  Batch 11: loss = 1.479523 | LR = 4.918449e-02
  Batch 12: loss = 1.504829 | LR = 4.918034e-02
  Batch 13: loss = 1.305434 | LR = 4.917617e-02
  Batch 14: loss = 1.504902 | LR = 4.917200e-02
  Batch 15: loss = 1.535984 | LR = 4.916781e-02
  Batch 16: loss = 1.332533 | LR = 4.916362e-02
  Batch 17: loss = 1.322514 | LR = 4.915941e-02
  Batch 18: loss = 1.549134 | LR = 4.915520e-02
  Batch 19: loss = 1.426839 | LR = 4.915097e-02
  Batch 20: loss = 1.426180 | LR = 4.914673e-02
  Batch 21: loss = 1.212574 | LR = 4.914249e-02
  Batch 22: loss = 1.343152 | LR = 4.913823e-02
  Batch 23: loss = 1.326763 | LR = 4.913396e-02
  Batch 24: loss = 1.342451 | LR = 4.912968e-02
  Batch 25: loss = 1.189558 | LR = 4.912539e-02
  Batch 26: loss = 1.377313 | LR = 4.912109e-02
  Batch 27: loss = 1.467587 | LR = 4.911679e-02
  Batch 28: loss = 1.708923 | LR = 4.911247e-02
  Batch 29: loss = 1.394995 | LR = 4.910814e-02
  Batch 30: loss = 1.500450 | LR = 4.910380e-02
  Batch 31: loss = 1.473127 | LR = 4.909944e-02
  Batch 32: loss = 1.654789 | LR = 4.909508e-02
  Batch 33: loss = 1.313555 | LR = 4.909071e-02
  Batch 34: loss = 1.392564 | LR = 4.908633e-02
  Batch 35: loss = 1.285684 | LR = 4.908194e-02
  Batch 36: loss = 1.364529 | LR = 4.907754e-02
  Batch 37: loss = 1.466351 | LR = 4.907312e-02
  Batch 38: loss = 1.555420 | LR = 4.906870e-02
  Batch 39: loss = 1.461412 | LR = 4.906427e-02
  Batch 40: loss = 1.389602 | LR = 4.905982e-02
  Batch 41: loss = 1.176781 | LR = 4.905537e-02
  Batch 42: loss = 1.327130 | LR = 4.905091e-02
  Batch 43: loss = 1.214290 | LR = 4.904643e-02
  Batch 44: loss = 1.819737 | LR = 4.904195e-02
  Batch 45: loss = 1.421016 | LR = 4.903745e-02
  Batch 46: loss = 1.574018 | LR = 4.903295e-02
  Batch 47: loss = 1.505804 | LR = 4.902843e-02
  Batch 48: loss = 1.217493 | LR = 4.902390e-02
Epoch 9: Average loss = 1.4328, Duration = 0.72s
  Batch 1: loss = 1.392987 | LR = 4.901937e-02
  Batch 2: loss = 1.335355 | LR = 4.901482e-02
  Batch 3: loss = 1.531761 | LR = 4.901026e-02
  Batch 4: loss = 1.406001 | LR = 4.900570e-02
  Batch 5: loss = 1.312204 | LR = 4.900112e-02
  Batch 6: loss = 1.385004 | LR = 4.899653e-02
  Batch 7: loss = 1.367398 | LR = 4.899193e-02
  Batch 8: loss = 1.454529 | LR = 4.898732e-02
  Batch 9: loss = 1.496639 | LR = 4.898271e-02
  Batch 10: loss = 1.338084 | LR = 4.897808e-02
  Batch 11: loss = 1.506088 | LR = 4.897344e-02
  Batch 12: loss = 1.336234 | LR = 4.896879e-02
  Batch 13: loss = 1.440354 | LR = 4.896413e-02
  Batch 14: loss = 1.414448 | LR = 4.895946e-02
  Batch 15: loss = 1.503013 | LR = 4.895478e-02
  Batch 16: loss = 1.275409 | LR = 4.895009e-02
  Batch 17: loss = 1.328009 | LR = 4.894538e-02
  Batch 18: loss = 1.478764 | LR = 4.894067e-02
  Batch 19: loss = 1.382855 | LR = 4.893595e-02
  Batch 20: loss = 1.599295 | LR = 4.893122e-02
  Batch 21: loss = 1.347841 | LR = 4.892648e-02
  Batch 22: loss = 1.298717 | LR = 4.892173e-02
  Batch 23: loss = 1.252950 | LR = 4.891696e-02
  Batch 24: loss = 1.331951 | LR = 4.891219e-02
  Batch 25: loss = 1.227127 | LR = 4.890741e-02
  Batch 26: loss = 1.424890 | LR = 4.890261e-02
  Batch 27: loss = 1.418104 | LR = 4.889781e-02
  Batch 28: loss = 1.314126 | LR = 4.889299e-02
  Batch 29: loss = 1.361711 | LR = 4.888817e-02
  Batch 30: loss = 1.261284 | LR = 4.888334e-02
  Batch 31: loss = 1.343379 | LR = 4.887849e-02
  Batch 32: loss = 1.333278 | LR = 4.887364e-02
  Batch 33: loss = 1.169941 | LR = 4.886877e-02
  Batch 34: loss = 1.403653 | LR = 4.886390e-02
  Batch 35: loss = 1.195346 | LR = 4.885901e-02
  Batch 36: loss = 1.285964 | LR = 4.885411e-02
  Batch 37: loss = 1.269388 | LR = 4.884921e-02
  Batch 38: loss = 1.461193 | LR = 4.884429e-02
  Batch 39: loss = 1.286255 | LR = 4.883936e-02
  Batch 40: loss = 1.302943 | LR = 4.883443e-02
  Batch 41: loss = 1.279635 | LR = 4.882948e-02
  Batch 42: loss = 1.238616 | LR = 4.882452e-02
  Batch 43: loss = 1.129057 | LR = 4.881956e-02
  Batch 44: loss = 1.412567 | LR = 4.881458e-02
  Batch 45: loss = 1.329728 | LR = 4.880959e-02
  Batch 46: loss = 1.185098 | LR = 4.880459e-02
  Batch 47: loss = 1.648063 | LR = 4.879958e-02
  Batch 48: loss = 1.232822 | LR = 4.879456e-02
Epoch 10: Average loss = 1.3548, Duration = 0.72s
  Batch 1: loss = 1.399688 | LR = 4.878954e-02
  Batch 2: loss = 1.176672 | LR = 4.878450e-02
  Batch 3: loss = 1.259634 | LR = 4.877945e-02
  Batch 4: loss = 1.295011 | LR = 4.877439e-02
  Batch 5: loss = 1.205197 | LR = 4.876932e-02
  Batch 6: loss = 1.256902 | LR = 4.876424e-02
  Batch 7: loss = 1.571714 | LR = 4.875915e-02
  Batch 8: loss = 1.229741 | LR = 4.875405e-02
  Batch 9: loss = 1.359096 | LR = 4.874894e-02
  Batch 10: loss = 1.290409 | LR = 4.874382e-02
  Batch 11: loss = 1.325455 | LR = 4.873869e-02
  Batch 12: loss = 1.403754 | LR = 4.873355e-02
  Batch 13: loss = 1.200163 | LR = 4.872839e-02
  Batch 14: loss = 1.340113 | LR = 4.872323e-02
  Batch 15: loss = 1.339241 | LR = 4.871806e-02
  Batch 16: loss = 1.208220 | LR = 4.871288e-02
  Batch 17: loss = 1.318453 | LR = 4.870769e-02
  Batch 18: loss = 1.246804 | LR = 4.870249e-02
  Batch 19: loss = 1.324195 | LR = 4.869727e-02
  Batch 20: loss = 1.178746 | LR = 4.869205e-02
  Batch 21: loss = 1.200009 | LR = 4.868682e-02
  Batch 22: loss = 1.552072 | LR = 4.868158e-02
  Batch 23: loss = 1.195044 | LR = 4.867632e-02
  Batch 24: loss = 1.339699 | LR = 4.867106e-02
  Batch 25: loss = 1.152976 | LR = 4.866579e-02
  Batch 26: loss = 1.287219 | LR = 4.866050e-02
  Batch 27: loss = 1.162859 | LR = 4.865521e-02
  Batch 28: loss = 1.472865 | LR = 4.864991e-02
  Batch 29: loss = 1.323020 | LR = 4.864459e-02
  Batch 30: loss = 1.241532 | LR = 4.863927e-02
  Batch 31: loss = 1.254676 | LR = 4.863393e-02
  Batch 32: loss = 1.341553 | LR = 4.862859e-02
  Batch 33: loss = 1.108186 | LR = 4.862323e-02
  Batch 34: loss = 1.252019 | LR = 4.861787e-02
  Batch 35: loss = 1.112986 | LR = 4.861250e-02
  Batch 36: loss = 1.172870 | LR = 4.860711e-02
  Batch 37: loss = 1.232544 | LR = 4.860172e-02
  Batch 38: loss = 1.364847 | LR = 4.859631e-02
  Batch 39: loss = 1.143688 | LR = 4.859090e-02
  Batch 40: loss = 1.237996 | LR = 4.858547e-02
  Batch 41: loss = 1.289626 | LR = 4.858003e-02
  Batch 42: loss = 1.176585 | LR = 4.857459e-02
  Batch 43: loss = 1.064061 | LR = 4.856913e-02
  Batch 44: loss = 1.525237 | LR = 4.856367e-02
  Batch 45: loss = 1.102007 | LR = 4.855819e-02
  Batch 46: loss = 1.213193 | LR = 4.855271e-02
  Batch 47: loss = 1.482519 | LR = 4.854721e-02
  Batch 48: loss = 1.218690 | LR = 4.854170e-02
Epoch 11: Average loss = 1.2740, Duration = 0.67s
  Batch 1: loss = 1.385509 | LR = 4.853619e-02
  Batch 2: loss = 1.112335 | LR = 4.853066e-02
  Batch 3: loss = 1.210566 | LR = 4.852512e-02
  Batch 4: loss = 1.273849 | LR = 4.851958e-02
  Batch 5: loss = 1.171673 | LR = 4.851402e-02
  Batch 6: loss = 1.205417 | LR = 4.850845e-02
  Batch 7: loss = 1.319443 | LR = 4.850288e-02
  Batch 8: loss = 1.170700 | LR = 4.849729e-02
  Batch 9: loss = 1.266674 | LR = 4.849169e-02
  Batch 10: loss = 1.307038 | LR = 4.848609e-02
  Batch 11: loss = 1.290040 | LR = 4.848047e-02
  Batch 12: loss = 1.333278 | LR = 4.847484e-02
  Batch 13: loss = 1.167552 | LR = 4.846920e-02
  Batch 14: loss = 1.448463 | LR = 4.846356e-02
  Batch 15: loss = 1.408435 | LR = 4.845790e-02
  Batch 16: loss = 1.233508 | LR = 4.845223e-02
  Batch 17: loss = 1.156489 | LR = 4.844655e-02
  Batch 18: loss = 1.337537 | LR = 4.844087e-02
  Batch 19: loss = 1.343708 | LR = 4.843517e-02
  Batch 20: loss = 1.245808 | LR = 4.842946e-02
  Batch 21: loss = 1.132067 | LR = 4.842374e-02
  Batch 22: loss = 1.490710 | LR = 4.841802e-02
  Batch 23: loss = 1.156252 | LR = 4.841228e-02
  Batch 24: loss = 1.305904 | LR = 4.840653e-02
  Batch 25: loss = 1.182840 | LR = 4.840077e-02
  Batch 26: loss = 1.422685 | LR = 4.839500e-02
  Batch 27: loss = 1.537477 | LR = 4.838923e-02
  Batch 28: loss = 1.461078 | LR = 4.838344e-02
  Batch 29: loss = 1.354508 | LR = 4.837764e-02
  Batch 30: loss = 1.239270 | LR = 4.837183e-02
  Batch 31: loss = 1.293308 | LR = 4.836601e-02
  Batch 32: loss = 1.512666 | LR = 4.836018e-02
  Batch 33: loss = 1.192038 | LR = 4.835435e-02
  Batch 34: loss = 1.183268 | LR = 4.834850e-02
  Batch 35: loss = 1.210972 | LR = 4.834264e-02
  Batch 36: loss = 1.181219 | LR = 4.833677e-02
  Batch 37: loss = 1.211815 | LR = 4.833089e-02
  Batch 38: loss = 1.282426 | LR = 4.832500e-02
  Batch 39: loss = 1.297736 | LR = 4.831911e-02
  Batch 40: loss = 1.162278 | LR = 4.831320e-02
  Batch 41: loss = 1.179702 | LR = 4.830728e-02
  Batch 42: loss = 1.204949 | LR = 4.830135e-02
  Batch 43: loss = 1.128204 | LR = 4.829541e-02
  Batch 44: loss = 1.331668 | LR = 4.828946e-02
  Batch 45: loss = 1.200259 | LR = 4.828351e-02
  Batch 46: loss = 1.110067 | LR = 4.827754e-02
  Batch 47: loss = 1.433898 | LR = 4.827156e-02
  Batch 48: loss = 1.197629 | LR = 4.826557e-02
Epoch 12: Average loss = 1.2705, Duration = 0.72s
  Batch 1: loss = 1.289264 | LR = 4.825957e-02
  Batch 2: loss = 1.223633 | LR = 4.825356e-02
  Batch 3: loss = 1.301215 | LR = 4.824755e-02
  Batch 4: loss = 1.236605 | LR = 4.824152e-02
  Batch 5: loss = 1.193471 | LR = 4.823548e-02
  Batch 6: loss = 1.171517 | LR = 4.822943e-02
  Batch 7: loss = 1.272599 | LR = 4.822337e-02
  Batch 8: loss = 1.206959 | LR = 4.821730e-02
  Batch 9: loss = 1.163644 | LR = 4.821123e-02
  Batch 10: loss = 1.222444 | LR = 4.820514e-02
  Batch 11: loss = 1.188675 | LR = 4.819904e-02
  Batch 12: loss = 1.262441 | LR = 4.819293e-02
  Batch 13: loss = 1.111920 | LR = 4.818681e-02
  Batch 14: loss = 1.270371 | LR = 4.818069e-02
  Batch 15: loss = 1.248566 | LR = 4.817455e-02
  Batch 16: loss = 1.201388 | LR = 4.816840e-02
  Batch 17: loss = 1.089730 | LR = 4.816224e-02
  Batch 18: loss = 1.262016 | LR = 4.815608e-02
  Batch 19: loss = 1.235365 | LR = 4.814990e-02
  Batch 20: loss = 1.128215 | LR = 4.814371e-02
  Batch 21: loss = 1.172963 | LR = 4.813751e-02
  Batch 22: loss = 1.232740 | LR = 4.813131e-02
  Batch 23: loss = 1.259693 | LR = 4.812509e-02
  Batch 24: loss = 1.402079 | LR = 4.811886e-02
  Batch 25: loss = 1.039323 | LR = 4.811262e-02
  Batch 26: loss = 1.115175 | LR = 4.810638e-02
  Batch 27: loss = 1.219512 | LR = 4.810012e-02
  Batch 28: loss = 1.560770 | LR = 4.809385e-02
  Batch 29: loss = 1.229829 | LR = 4.808758e-02
  Batch 30: loss = 1.174755 | LR = 4.808129e-02
  Batch 31: loss = 1.262766 | LR = 4.807499e-02
  Batch 32: loss = 1.318532 | LR = 4.806869e-02
  Batch 33: loss = 1.084426 | LR = 4.806237e-02
  Batch 34: loss = 1.477196 | LR = 4.805604e-02
  Batch 35: loss = 0.966122 | LR = 4.804971e-02
  Batch 36: loss = 1.108846 | LR = 4.804336e-02
  Batch 37: loss = 1.110459 | LR = 4.803701e-02
  Batch 38: loss = 1.352015 | LR = 4.803064e-02
  Batch 39: loss = 1.006676 | LR = 4.802426e-02
  Batch 40: loss = 1.086268 | LR = 4.801788e-02
  Batch 41: loss = 1.073374 | LR = 4.801148e-02
  Batch 42: loss = 1.245172 | LR = 4.800508e-02
  Batch 43: loss = 1.095922 | LR = 4.799866e-02
  Batch 44: loss = 1.202259 | LR = 4.799224e-02
  Batch 45: loss = 1.228504 | LR = 4.798580e-02
  Batch 46: loss = 1.035533 | LR = 4.797936e-02
  Batch 47: loss = 1.372539 | LR = 4.797290e-02
  Batch 48: loss = 1.110415 | LR = 4.796644e-02
Epoch 13: Average loss = 1.2047, Duration = 0.71s
  Batch 1: loss = 1.200358 | LR = 4.795996e-02
  Batch 2: loss = 1.109455 | LR = 4.795348e-02
  Batch 3: loss = 1.485316 | LR = 4.794699e-02
  Batch 4: loss = 1.192567 | LR = 4.794048e-02
  Batch 5: loss = 1.185207 | LR = 4.793397e-02
  Batch 6: loss = 1.028318 | LR = 4.792744e-02
  Batch 7: loss = 1.190486 | LR = 4.792091e-02
  Batch 8: loss = 1.186774 | LR = 4.791437e-02
  Batch 9: loss = 1.215753 | LR = 4.790782e-02
  Batch 10: loss = 1.112288 | LR = 4.790125e-02
  Batch 11: loss = 1.105769 | LR = 4.789468e-02
  Batch 12: loss = 1.191626 | LR = 4.788810e-02
  Batch 13: loss = 1.128935 | LR = 4.788150e-02
  Batch 14: loss = 1.248074 | LR = 4.787490e-02
  Batch 15: loss = 1.220969 | LR = 4.786829e-02
  Batch 16: loss = 1.060720 | LR = 4.786167e-02
  Batch 17: loss = 1.100434 | LR = 4.785504e-02
  Batch 18: loss = 1.236075 | LR = 4.784840e-02
  Batch 19: loss = 1.198964 | LR = 4.784174e-02
  Batch 20: loss = 1.213887 | LR = 4.783508e-02
  Batch 21: loss = 1.024185 | LR = 4.782841e-02
  Batch 22: loss = 1.154107 | LR = 4.782173e-02
  Batch 23: loss = 1.157108 | LR = 4.781504e-02
  Batch 24: loss = 1.142066 | LR = 4.780834e-02
  Batch 25: loss = 1.082861 | LR = 4.780163e-02
  Batch 26: loss = 1.113481 | LR = 4.779491e-02
  Batch 27: loss = 1.141011 | LR = 4.778818e-02
  Batch 28: loss = 1.194859 | LR = 4.778144e-02
  Batch 29: loss = 1.305321 | LR = 4.777469e-02
  Batch 30: loss = 1.132432 | LR = 4.776793e-02
  Batch 31: loss = 1.197756 | LR = 4.776116e-02
  Batch 32: loss = 1.541928 | LR = 4.775439e-02
  Batch 33: loss = 1.039396 | LR = 4.774760e-02
  Batch 34: loss = 1.126977 | LR = 4.774080e-02
  Batch 35: loss = 1.038195 | LR = 4.773399e-02
  Batch 36: loss = 1.178261 | LR = 4.772717e-02
  Batch 37: loss = 1.173183 | LR = 4.772035e-02
  Batch 38: loss = 1.243217 | LR = 4.771351e-02
  Batch 39: loss = 1.039424 | LR = 4.770666e-02
  Batch 40: loss = 1.165224 | LR = 4.769981e-02
  Batch 41: loss = 1.130554 | LR = 4.769294e-02
  Batch 42: loss = 1.130244 | LR = 4.768606e-02
  Batch 43: loss = 1.095493 | LR = 4.767918e-02
  Batch 44: loss = 1.456999 | LR = 4.767228e-02
  Batch 45: loss = 1.141528 | LR = 4.766538e-02
  Batch 46: loss = 1.201135 | LR = 4.765846e-02
  Batch 47: loss = 1.494367 | LR = 4.765154e-02
  Batch 48: loss = 1.411586 | LR = 4.764460e-02
Epoch 14: Average loss = 1.1847, Duration = 0.67s
  Batch 1: loss = 1.493810 | LR = 4.763766e-02
  Batch 2: loss = 1.452550 | LR = 4.763071e-02
  Batch 3: loss = 1.353561 | LR = 4.762374e-02
  Batch 4: loss = 1.294148 | LR = 4.761677e-02
  Batch 5: loss = 1.182153 | LR = 4.760979e-02
  Batch 6: loss = 1.307467 | LR = 4.760279e-02
  Batch 7: loss = 1.233225 | LR = 4.759579e-02
  Batch 8: loss = 1.300196 | LR = 4.758878e-02
  Batch 9: loss = 1.470987 | LR = 4.758176e-02
  Batch 10: loss = 1.268743 | LR = 4.757473e-02
  Batch 11: loss = 1.382226 | LR = 4.756769e-02
  Batch 12: loss = 1.211262 | LR = 4.756064e-02
  Batch 13: loss = 1.135941 | LR = 4.755358e-02
  Batch 14: loss = 1.399063 | LR = 4.754650e-02
  Batch 15: loss = 1.466622 | LR = 4.753943e-02
  Batch 16: loss = 1.187070 | LR = 4.753234e-02
  Batch 17: loss = 1.313514 | LR = 4.752524e-02
  Batch 18: loss = 1.301049 | LR = 4.751813e-02
  Batch 19: loss = 1.272020 | LR = 4.751101e-02
  Batch 20: loss = 1.231693 | LR = 4.750388e-02
  Batch 21: loss = 1.437617 | LR = 4.749674e-02
  Batch 22: loss = 1.334967 | LR = 4.748960e-02
  Batch 23: loss = 1.133294 | LR = 4.748244e-02
  Batch 24: loss = 1.291263 | LR = 4.747527e-02
  Batch 25: loss = 1.154608 | LR = 4.746810e-02
  Batch 26: loss = 1.294753 | LR = 4.746091e-02
  Batch 27: loss = 1.234492 | LR = 4.745371e-02
  Batch 28: loss = 1.277605 | LR = 4.744651e-02
  Batch 29: loss = 1.215329 | LR = 4.743929e-02
  Batch 30: loss = 1.267053 | LR = 4.743207e-02
  Batch 31: loss = 1.234736 | LR = 4.742484e-02
  Batch 32: loss = 1.306891 | LR = 4.741759e-02
  Batch 33: loss = 1.044209 | LR = 4.741034e-02
  Batch 34: loss = 1.106439 | LR = 4.740308e-02
  Batch 35: loss = 0.910757 | LR = 4.739580e-02
  Batch 36: loss = 1.068043 | LR = 4.738852e-02
  Batch 37: loss = 1.121740 | LR = 4.738123e-02
  Batch 38: loss = 1.310943 | LR = 4.737393e-02
  Batch 39: loss = 1.084268 | LR = 4.736662e-02
  Batch 40: loss = 1.126710 | LR = 4.735930e-02
  Batch 41: loss = 1.094980 | LR = 4.735197e-02
  Batch 42: loss = 1.065668 | LR = 4.734463e-02
  Batch 43: loss = 1.071420 | LR = 4.733728e-02
  Batch 44: loss = 1.187438 | LR = 4.732992e-02
  Batch 45: loss = 1.177970 | LR = 4.732255e-02
  Batch 46: loss = 1.049435 | LR = 4.731517e-02
  Batch 47: loss = 1.428955 | LR = 4.730778e-02
  Batch 48: loss = 1.114368 | LR = 4.730039e-02
Epoch 15: Average loss = 1.2376, Duration = 0.67s
  Batch 1: loss = 1.134162 | LR = 4.729298e-02
  Batch 2: loss = 1.171571 | LR = 4.728556e-02
  Batch 3: loss = 1.141984 | LR = 4.727814e-02
  Batch 4: loss = 1.167458 | LR = 4.727070e-02
  Batch 5: loss = 1.127813 | LR = 4.726326e-02
  Batch 6: loss = 1.148865 | LR = 4.725580e-02
  Batch 7: loss = 1.426182 | LR = 4.724834e-02
  Batch 8: loss = 1.181639 | LR = 4.724086e-02
  Batch 9: loss = 1.167074 | LR = 4.723338e-02
  Batch 10: loss = 1.190415 | LR = 4.722589e-02
  Batch 11: loss = 1.236036 | LR = 4.721838e-02
  Batch 12: loss = 1.195258 | LR = 4.721087e-02
  Batch 13: loss = 0.995057 | LR = 4.720335e-02
  Batch 14: loss = 1.175027 | LR = 4.719582e-02
  Batch 15: loss = 1.214674 | LR = 4.718828e-02
  Batch 16: loss = 1.083243 | LR = 4.718073e-02
  Batch 17: loss = 1.066490 | LR = 4.717317e-02
  Batch 18: loss = 1.109201 | LR = 4.716560e-02
  Batch 19: loss = 1.145569 | LR = 4.715802e-02
  Batch 20: loss = 1.059212 | LR = 4.715043e-02
  Batch 21: loss = 1.110183 | LR = 4.714284e-02
  Batch 22: loss = 1.070316 | LR = 4.713523e-02
  Batch 23: loss = 1.038136 | LR = 4.712761e-02
  Batch 24: loss = 1.123066 | LR = 4.711999e-02
  Batch 25: loss = 1.054282 | LR = 4.711235e-02
  Batch 26: loss = 1.104314 | LR = 4.710471e-02
  Batch 27: loss = 1.150487 | LR = 4.709705e-02
  Batch 28: loss = 1.214708 | LR = 4.708939e-02
  Batch 29: loss = 1.100713 | LR = 4.708171e-02
  Batch 30: loss = 1.132415 | LR = 4.707403e-02
  Batch 31: loss = 1.127656 | LR = 4.706634e-02
  Batch 32: loss = 1.205573 | LR = 4.705864e-02
  Batch 33: loss = 0.979715 | LR = 4.705093e-02
  Batch 34: loss = 1.071881 | LR = 4.704320e-02
  Batch 35: loss = 0.879149 | LR = 4.703547e-02
  Batch 36: loss = 1.032845 | LR = 4.702773e-02
  Batch 37: loss = 1.055169 | LR = 4.701999e-02
  Batch 38: loss = 1.101079 | LR = 4.701223e-02
  Batch 39: loss = 0.940124 | LR = 4.700446e-02
  Batch 40: loss = 1.008725 | LR = 4.699668e-02
  Batch 41: loss = 1.009147 | LR = 4.698889e-02
  Batch 42: loss = 1.087423 | LR = 4.698110e-02
  Batch 43: loss = 0.874240 | LR = 4.697329e-02
  Batch 44: loss = 1.069742 | LR = 4.696548e-02
  Batch 45: loss = 0.991490 | LR = 4.695765e-02
  Batch 46: loss = 1.191884 | LR = 4.694982e-02
  Batch 47: loss = 1.289664 | LR = 4.694197e-02
  Batch 48: loss = 1.062908 | LR = 4.693412e-02
Epoch 16: Average loss = 1.1086, Duration = 0.65s
  Batch 1: loss = 1.141313 | LR = 4.692626e-02
  Batch 2: loss = 1.144208 | LR = 4.691839e-02
  Batch 3: loss = 1.208055 | LR = 4.691051e-02
  Batch 4: loss = 1.106361 | LR = 4.690262e-02
  Batch 5: loss = 1.025095 | LR = 4.689472e-02
  Batch 6: loss = 1.046559 | LR = 4.688681e-02
  Batch 7: loss = 1.043514 | LR = 4.687889e-02
  Batch 8: loss = 0.967382 | LR = 4.687096e-02
  Batch 9: loss = 1.231164 | LR = 4.686302e-02
  Batch 10: loss = 1.202244 | LR = 4.685508e-02
  Batch 11: loss = 1.093116 | LR = 4.684712e-02
  Batch 12: loss = 1.108691 | LR = 4.683915e-02
  Batch 13: loss = 0.861862 | LR = 4.683118e-02
  Batch 14: loss = 1.079685 | LR = 4.682319e-02
  Batch 15: loss = 1.049288 | LR = 4.681520e-02
  Batch 16: loss = 1.065284 | LR = 4.680720e-02
  Batch 17: loss = 1.069687 | LR = 4.679918e-02
  Batch 18: loss = 1.078091 | LR = 4.679116e-02
  Batch 19: loss = 1.079571 | LR = 4.678313e-02
  Batch 20: loss = 1.058294 | LR = 4.677509e-02
  Batch 21: loss = 0.948577 | LR = 4.676704e-02
  Batch 22: loss = 1.146602 | LR = 4.675898e-02
  Batch 23: loss = 0.912780 | LR = 4.675091e-02
  Batch 24: loss = 0.982683 | LR = 4.674284e-02
  Batch 25: loss = 1.050621 | LR = 4.673475e-02
  Batch 26: loss = 1.073130 | LR = 4.672665e-02
  Batch 27: loss = 1.114751 | LR = 4.671855e-02
  Batch 28: loss = 1.254268 | LR = 4.671043e-02
  Batch 29: loss = 1.110610 | LR = 4.670231e-02
  Batch 30: loss = 1.064839 | LR = 4.669417e-02
  Batch 31: loss = 1.094639 | LR = 4.668603e-02
  Batch 32: loss = 1.125170 | LR = 4.667788e-02
  Batch 33: loss = 0.916048 | LR = 4.666972e-02
  Batch 34: loss = 1.073938 | LR = 4.666154e-02
  Batch 35: loss = 0.833027 | LR = 4.665336e-02
  Batch 36: loss = 0.964739 | LR = 4.664517e-02
  Batch 37: loss = 1.054537 | LR = 4.663698e-02
  Batch 38: loss = 1.110777 | LR = 4.662877e-02
  Batch 39: loss = 1.034162 | LR = 4.662055e-02
  Batch 40: loss = 1.032354 | LR = 4.661232e-02
  Batch 41: loss = 0.820850 | LR = 4.660409e-02
  Batch 42: loss = 1.064644 | LR = 4.659584e-02
  Batch 43: loss = 0.942328 | LR = 4.658759e-02
  Batch 44: loss = 1.076586 | LR = 4.657932e-02
  Batch 45: loss = 1.082649 | LR = 4.657105e-02
  Batch 46: loss = 0.958236 | LR = 4.656277e-02
  Batch 47: loss = 1.188690 | LR = 4.655448e-02
  Batch 48: loss = 0.980211 | LR = 4.654618e-02
Epoch 17: Average loss = 1.0557, Duration = 0.69s
  Batch 1: loss = 1.182606 | LR = 4.653787e-02
  Batch 2: loss = 1.002908 | LR = 4.652955e-02
  Batch 3: loss = 1.085559 | LR = 4.652122e-02
  Batch 4: loss = 1.024944 | LR = 4.651288e-02
  Batch 5: loss = 1.009477 | LR = 4.650453e-02
  Batch 6: loss = 1.110861 | LR = 4.649618e-02
  Batch 7: loss = 0.972058 | LR = 4.648781e-02
  Batch 8: loss = 0.978180 | LR = 4.647944e-02
  Batch 9: loss = 1.232296 | LR = 4.647105e-02
  Batch 10: loss = 1.051446 | LR = 4.646266e-02
  Batch 11: loss = 1.149365 | LR = 4.645426e-02
  Batch 12: loss = 1.110282 | LR = 4.644585e-02
  Batch 13: loss = 0.930253 | LR = 4.643743e-02
  Batch 14: loss = 1.090744 | LR = 4.642900e-02
  Batch 15: loss = 0.995436 | LR = 4.642056e-02
  Batch 16: loss = 0.934945 | LR = 4.641211e-02
  Batch 17: loss = 1.002654 | LR = 4.640365e-02
  Batch 18: loss = 1.018338 | LR = 4.639518e-02
  Batch 19: loss = 1.018266 | LR = 4.638671e-02
  Batch 20: loss = 0.907686 | LR = 4.637822e-02
  Batch 21: loss = 0.941660 | LR = 4.636973e-02
  Batch 22: loss = 1.349250 | LR = 4.636122e-02
  Batch 23: loss = 0.998397 | LR = 4.635271e-02
  Batch 24: loss = 1.062994 | LR = 4.634419e-02
  Batch 25: loss = 0.955340 | LR = 4.633566e-02
  Batch 26: loss = 1.107966 | LR = 4.632712e-02
  Batch 27: loss = 1.081426 | LR = 4.631857e-02
  Batch 28: loss = 1.204772 | LR = 4.631001e-02
  Batch 29: loss = 1.189001 | LR = 4.630144e-02
  Batch 30: loss = 1.066926 | LR = 4.629287e-02
  Batch 31: loss = 1.081815 | LR = 4.628428e-02
  Batch 32: loss = 1.136639 | LR = 4.627569e-02
  Batch 33: loss = 0.915805 | LR = 4.626708e-02
  Batch 34: loss = 0.933286 | LR = 4.625847e-02
  Batch 35: loss = 0.780277 | LR = 4.624985e-02
  Batch 36: loss = 0.966836 | LR = 4.624122e-02
  Batch 37: loss = 1.085762 | LR = 4.623258e-02
  Batch 38: loss = 1.063807 | LR = 4.622393e-02
  Batch 39: loss = 0.997622 | LR = 4.621527e-02
  Batch 40: loss = 1.048463 | LR = 4.620660e-02
  Batch 41: loss = 0.794297 | LR = 4.619792e-02
  Batch 42: loss = 1.024421 | LR = 4.618924e-02
  Batch 43: loss = 0.946316 | LR = 4.618054e-02
  Batch 44: loss = 1.014879 | LR = 4.617184e-02
  Batch 45: loss = 1.060779 | LR = 4.616312e-02
  Batch 46: loss = 1.287154 | LR = 4.615440e-02
  Batch 47: loss = 1.137078 | LR = 4.614567e-02
  Batch 48: loss = 0.974452 | LR = 4.613693e-02
Epoch 18: Average loss = 1.0420, Duration = 0.71s
  Batch 1: loss = 1.434067 | LR = 4.612818e-02
  Batch 2: loss = 0.920422 | LR = 4.611942e-02
  Batch 3: loss = 1.189337 | LR = 4.611065e-02
  Batch 4: loss = 1.037797 | LR = 4.610188e-02
  Batch 5: loss = 0.914506 | LR = 4.609309e-02
  Batch 6: loss = 1.083035 | LR = 4.608430e-02
  Batch 7: loss = 1.059795 | LR = 4.607549e-02
  Batch 8: loss = 0.996516 | LR = 4.606668e-02
  Batch 9: loss = 1.153640 | LR = 4.605786e-02
  Batch 10: loss = 1.052124 | LR = 4.604903e-02
  Batch 11: loss = 1.066674 | LR = 4.604019e-02
  Batch 12: loss = 1.018817 | LR = 4.603134e-02
  Batch 13: loss = 0.971544 | LR = 4.602248e-02
  Batch 14: loss = 1.050393 | LR = 4.601361e-02
  Batch 15: loss = 0.997132 | LR = 4.600474e-02
  Batch 16: loss = 0.994102 | LR = 4.599585e-02
  Batch 17: loss = 0.985541 | LR = 4.598696e-02
  Batch 18: loss = 1.194607 | LR = 4.597805e-02
  Batch 19: loss = 1.051286 | LR = 4.596914e-02
  Batch 20: loss = 0.968921 | LR = 4.596022e-02
  Batch 21: loss = 1.025240 | LR = 4.595129e-02
  Batch 22: loss = 1.031766 | LR = 4.594235e-02
  Batch 23: loss = 0.832487 | LR = 4.593340e-02
  Batch 24: loss = 1.041718 | LR = 4.592445e-02
  Batch 25: loss = 0.920888 | LR = 4.591548e-02
  Batch 26: loss = 0.979123 | LR = 4.590651e-02
  Batch 27: loss = 1.018353 | LR = 4.589752e-02
  Batch 28: loss = 1.184875 | LR = 4.588853e-02
  Batch 29: loss = 1.243601 | LR = 4.587953e-02
  Batch 30: loss = 0.953194 | LR = 4.587052e-02
  Batch 31: loss = 1.023766 | LR = 4.586150e-02
  Batch 32: loss = 1.147284 | LR = 4.585247e-02
  Batch 33: loss = 0.805222 | LR = 4.584343e-02
  Batch 34: loss = 0.984304 | LR = 4.583438e-02
  Batch 35: loss = 0.845748 | LR = 4.582533e-02
  Batch 36: loss = 0.896400 | LR = 4.581626e-02
  Batch 37: loss = 1.035046 | LR = 4.580719e-02
  Batch 38: loss = 1.094415 | LR = 4.579811e-02
  Batch 39: loss = 0.955469 | LR = 4.578901e-02
  Batch 40: loss = 0.919094 | LR = 4.577991e-02
  Batch 41: loss = 0.877109 | LR = 4.577081e-02
  Batch 42: loss = 0.926558 | LR = 4.576169e-02
  Batch 43: loss = 0.847669 | LR = 4.575256e-02
  Batch 44: loss = 0.975722 | LR = 4.574342e-02
  Batch 45: loss = 0.864552 | LR = 4.573428e-02
  Batch 46: loss = 0.957130 | LR = 4.572513e-02
  Batch 47: loss = 1.186683 | LR = 4.571596e-02
  Batch 48: loss = 0.920923 | LR = 4.570679e-02
Epoch 19: Average loss = 1.0132, Duration = 0.69s
  Batch 1: loss = 1.031205 | LR = 4.569761e-02
  Batch 2: loss = 0.849333 | LR = 4.568842e-02
  Batch 3: loss = 1.001621 | LR = 4.567922e-02
  Batch 4: loss = 1.064816 | LR = 4.567002e-02
  Batch 5: loss = 0.807680 | LR = 4.566080e-02
  Batch 6: loss = 0.959304 | LR = 4.565158e-02
  Batch 7: loss = 0.907500 | LR = 4.564234e-02
  Batch 8: loss = 0.890279 | LR = 4.563310e-02
  Batch 9: loss = 1.102546 | LR = 4.562385e-02
  Batch 10: loss = 0.928470 | LR = 4.561459e-02
  Batch 11: loss = 1.000785 | LR = 4.560532e-02
  Batch 12: loss = 0.879651 | LR = 4.559604e-02
  Batch 13: loss = 0.769252 | LR = 4.558675e-02
  Batch 14: loss = 1.036222 | LR = 4.557746e-02
  Batch 15: loss = 1.053339 | LR = 4.556815e-02
  Batch 16: loss = 0.979798 | LR = 4.555884e-02
  Batch 17: loss = 0.911589 | LR = 4.554952e-02
  Batch 18: loss = 0.961325 | LR = 4.554019e-02
  Batch 19: loss = 0.980521 | LR = 4.553085e-02
  Batch 20: loss = 0.892610 | LR = 4.552150e-02
  Batch 21: loss = 0.939391 | LR = 4.551214e-02
  Batch 22: loss = 1.051223 | LR = 4.550278e-02
  Batch 23: loss = 0.774256 | LR = 4.549340e-02
  Batch 24: loss = 0.930877 | LR = 4.548402e-02
  Batch 25: loss = 0.895940 | LR = 4.547463e-02
  Batch 26: loss = 1.037843 | LR = 4.546522e-02
  Batch 27: loss = 0.910182 | LR = 4.545581e-02
  Batch 28: loss = 1.074370 | LR = 4.544640e-02
  Batch 29: loss = 0.878789 | LR = 4.543697e-02
  Batch 30: loss = 0.930981 | LR = 4.542753e-02
  Batch 31: loss = 0.975394 | LR = 4.541809e-02
  Batch 32: loss = 0.970701 | LR = 4.540863e-02
  Batch 33: loss = 0.805685 | LR = 4.539917e-02
  Batch 34: loss = 0.904147 | LR = 4.538970e-02
  Batch 35: loss = 0.797853 | LR = 4.538022e-02
  Batch 36: loss = 0.994968 | LR = 4.537073e-02
  Batch 37: loss = 0.981642 | LR = 4.536123e-02
  Batch 38: loss = 1.132979 | LR = 4.535173e-02
  Batch 39: loss = 0.893102 | LR = 4.534221e-02
  Batch 40: loss = 0.994711 | LR = 4.533269e-02
  Batch 41: loss = 0.876253 | LR = 4.532315e-02
  Batch 42: loss = 0.903349 | LR = 4.531361e-02
  Batch 43: loss = 0.853269 | LR = 4.530406e-02
  Batch 44: loss = 0.896383 | LR = 4.529450e-02
  Batch 45: loss = 0.915602 | LR = 4.528494e-02
  Batch 46: loss = 1.017270 | LR = 4.527536e-02
  Batch 47: loss = 1.134398 | LR = 4.526578e-02
  Batch 48: loss = 0.870856 | LR = 4.525618e-02
Epoch 20: Average loss = 0.9448, Duration = 0.67s
  Batch 1: loss = 1.052249 | LR = 4.524658e-02
  Batch 2: loss = 0.795976 | LR = 4.523697e-02
  Batch 3: loss = 0.914570 | LR = 4.522735e-02
  Batch 4: loss = 0.970844 | LR = 4.521772e-02
  Batch 5: loss = 0.819722 | LR = 4.520808e-02
  Batch 6: loss = 0.996658 | LR = 4.519844e-02
  Batch 7: loss = 0.775206 | LR = 4.518878e-02
  Batch 8: loss = 0.954322 | LR = 4.517912e-02
  Batch 9: loss = 1.091655 | LR = 4.516945e-02
  Batch 10: loss = 0.823721 | LR = 4.515977e-02
  Batch 11: loss = 1.026513 | LR = 4.515008e-02
  Batch 12: loss = 0.896080 | LR = 4.514038e-02
  Batch 13: loss = 0.994873 | LR = 4.513068e-02
  Batch 14: loss = 0.947541 | LR = 4.512096e-02
  Batch 15: loss = 0.919837 | LR = 4.511124e-02
  Batch 16: loss = 0.821837 | LR = 4.510151e-02
  Batch 17: loss = 0.899421 | LR = 4.509177e-02
  Batch 18: loss = 0.923074 | LR = 4.508202e-02
  Batch 19: loss = 0.886121 | LR = 4.507226e-02
  Batch 20: loss = 0.940198 | LR = 4.506249e-02
  Batch 21: loss = 0.969817 | LR = 4.505272e-02
  Batch 22: loss = 0.797264 | LR = 4.504293e-02
  Batch 23: loss = 0.783939 | LR = 4.503314e-02
  Batch 24: loss = 0.873712 | LR = 4.502334e-02
  Batch 25: loss = 0.967240 | LR = 4.501353e-02
  Batch 26: loss = 0.872472 | LR = 4.500371e-02
  Batch 27: loss = 0.930922 | LR = 4.499389e-02
  Batch 28: loss = 0.986035 | LR = 4.498405e-02
  Batch 29: loss = 0.994939 | LR = 4.497421e-02
  Batch 30: loss = 0.892353 | LR = 4.496435e-02
  Batch 31: loss = 0.963261 | LR = 4.495449e-02
  Batch 32: loss = 1.045735 | LR = 4.494462e-02
  Batch 33: loss = 0.791529 | LR = 4.493475e-02
  Batch 34: loss = 0.773367 | LR = 4.492486e-02
  Batch 35: loss = 0.783184 | LR = 4.491496e-02
  Batch 36: loss = 0.913851 | LR = 4.490506e-02
  Batch 37: loss = 0.864514 | LR = 4.489515e-02
  Batch 38: loss = 0.931305 | LR = 4.488523e-02
  Batch 39: loss = 0.875071 | LR = 4.487530e-02
  Batch 40: loss = 0.951133 | LR = 4.486536e-02
  Batch 41: loss = 0.741047 | LR = 4.485541e-02
  Batch 42: loss = 0.904060 | LR = 4.484546e-02
  Batch 43: loss = 0.674398 | LR = 4.483549e-02
  Batch 44: loss = 0.868706 | LR = 4.482552e-02
  Batch 45: loss = 0.846427 | LR = 4.481554e-02
  Batch 46: loss = 0.704635 | LR = 4.480555e-02
  Batch 47: loss = 1.189257 | LR = 4.479556e-02
  Batch 48: loss = 0.883974 | LR = 4.478555e-02
Epoch 21: Average loss = 0.9005, Duration = 0.71s
  Batch 1: loss = 1.162028 | LR = 4.477554e-02
  Batch 2: loss = 0.861406 | LR = 4.476551e-02
  Batch 3: loss = 1.071532 | LR = 4.475548e-02
  Batch 4: loss = 0.883472 | LR = 4.474544e-02
  Batch 5: loss = 0.883321 | LR = 4.473539e-02
  Batch 6: loss = 1.011100 | LR = 4.472534e-02
  Batch 7: loss = 0.875783 | LR = 4.471527e-02
  Batch 8: loss = 0.807241 | LR = 4.470520e-02
  Batch 9: loss = 0.946980 | LR = 4.469511e-02
  Batch 10: loss = 0.835701 | LR = 4.468502e-02
  Batch 11: loss = 0.856310 | LR = 4.467492e-02
  Batch 12: loss = 1.047622 | LR = 4.466482e-02
  Batch 13: loss = 0.776059 | LR = 4.465470e-02
  Batch 14: loss = 0.947125 | LR = 4.464458e-02
  Batch 15: loss = 1.034009 | LR = 4.463444e-02
  Batch 16: loss = 0.815525 | LR = 4.462430e-02
  Batch 17: loss = 0.813633 | LR = 4.461415e-02
  Batch 18: loss = 0.891503 | LR = 4.460399e-02
  Batch 19: loss = 0.812424 | LR = 4.459383e-02
  Batch 20: loss = 0.868512 | LR = 4.458365e-02
  Batch 21: loss = 0.898968 | LR = 4.457347e-02
  Batch 22: loss = 0.913515 | LR = 4.456328e-02
  Batch 23: loss = 0.780504 | LR = 4.455308e-02
  Batch 24: loss = 0.821271 | LR = 4.454287e-02
  Batch 25: loss = 0.851669 | LR = 4.453265e-02
  Batch 26: loss = 0.931824 | LR = 4.452243e-02
  Batch 27: loss = 0.899421 | LR = 4.451219e-02
  Batch 28: loss = 1.058075 | LR = 4.450195e-02
  Batch 29: loss = 0.946744 | LR = 4.449170e-02
  Batch 30: loss = 0.839978 | LR = 4.448144e-02
  Batch 31: loss = 0.940779 | LR = 4.447118e-02
  Batch 32: loss = 0.918028 | LR = 4.446090e-02
  Batch 33: loss = 0.900245 | LR = 4.445062e-02
  Batch 34: loss = 0.800409 | LR = 4.444032e-02
  Batch 35: loss = 0.715845 | LR = 4.443002e-02
  Batch 36: loss = 0.863324 | LR = 4.441971e-02
  Batch 37: loss = 0.872117 | LR = 4.440940e-02
  Batch 38: loss = 0.891123 | LR = 4.439907e-02
  Batch 39: loss = 0.895440 | LR = 4.438874e-02
  Batch 40: loss = 0.732476 | LR = 4.437840e-02
  Batch 41: loss = 0.925897 | LR = 4.436804e-02
  Batch 42: loss = 0.983282 | LR = 4.435769e-02
  Batch 43: loss = 0.892030 | LR = 4.434732e-02
  Batch 44: loss = 0.930289 | LR = 4.433694e-02
  Batch 45: loss = 0.763423 | LR = 4.432656e-02
  Batch 46: loss = 0.814831 | LR = 4.431617e-02
  Batch 47: loss = 1.068901 | LR = 4.430577e-02
  Batch 48: loss = 0.862652 | LR = 4.429536e-02
Epoch 22: Average loss = 0.8940, Duration = 0.69s
  Batch 1: loss = 1.042868 | LR = 4.428494e-02
  Batch 2: loss = 0.965359 | LR = 4.427452e-02
  Batch 3: loss = 1.132905 | LR = 4.426408e-02
  Batch 4: loss = 0.924422 | LR = 4.425364e-02
  Batch 5: loss = 0.814665 | LR = 4.424319e-02
  Batch 6: loss = 0.962438 | LR = 4.423273e-02
  Batch 7: loss = 0.856626 | LR = 4.422227e-02
  Batch 8: loss = 0.821384 | LR = 4.421179e-02
  Batch 9: loss = 1.008955 | LR = 4.420131e-02
  Batch 10: loss = 0.805777 | LR = 4.419082e-02
  Batch 11: loss = 0.943914 | LR = 4.418032e-02
  Batch 12: loss = 1.033078 | LR = 4.416981e-02
  Batch 13: loss = 0.841662 | LR = 4.415930e-02
  Batch 14: loss = 0.889711 | LR = 4.414877e-02
  Batch 15: loss = 0.958246 | LR = 4.413824e-02
  Batch 16: loss = 0.757016 | LR = 4.412770e-02
  Batch 17: loss = 0.814387 | LR = 4.411715e-02
  Batch 18: loss = 0.856046 | LR = 4.410659e-02
  Batch 19: loss = 1.001102 | LR = 4.409603e-02
  Batch 20: loss = 0.815427 | LR = 4.408545e-02
  Batch 21: loss = 0.912659 | LR = 4.407487e-02
  Batch 22: loss = 0.950326 | LR = 4.406428e-02
  Batch 23: loss = 0.857269 | LR = 4.405369e-02
  Batch 24: loss = 0.855550 | LR = 4.404308e-02
  Batch 25: loss = 0.811627 | LR = 4.403247e-02
  Batch 26: loss = 0.921616 | LR = 4.402184e-02
  Batch 27: loss = 0.848916 | LR = 4.401121e-02
  Batch 28: loss = 0.910278 | LR = 4.400057e-02
  Batch 29: loss = 0.929825 | LR = 4.398993e-02
  Batch 30: loss = 0.955181 | LR = 4.397927e-02
  Batch 31: loss = 0.846941 | LR = 4.396861e-02
  Batch 32: loss = 1.069618 | LR = 4.395794e-02
  Batch 33: loss = 0.874821 | LR = 4.394726e-02
  Batch 34: loss = 0.888010 | LR = 4.393657e-02
  Batch 35: loss = 0.754333 | LR = 4.392588e-02
  Batch 36: loss = 0.851574 | LR = 4.391517e-02
  Batch 37: loss = 0.851656 | LR = 4.390446e-02
  Batch 38: loss = 1.133363 | LR = 4.389374e-02
  Batch 39: loss = 0.792258 | LR = 4.388301e-02
  Batch 40: loss = 0.935909 | LR = 4.387228e-02
  Batch 41: loss = 0.828477 | LR = 4.386153e-02
  Batch 42: loss = 0.813668 | LR = 4.385078e-02
  Batch 43: loss = 0.711157 | LR = 4.384002e-02
  Batch 44: loss = 0.893235 | LR = 4.382925e-02
  Batch 45: loss = 0.863484 | LR = 4.381847e-02
  Batch 46: loss = 0.867152 | LR = 4.380769e-02
  Batch 47: loss = 0.953653 | LR = 4.379689e-02
  Batch 48: loss = 0.777290 | LR = 4.378609e-02
Epoch 23: Average loss = 0.8939, Duration = 0.76s
  Batch 1: loss = 0.859264 | LR = 4.377529e-02
  Batch 2: loss = 0.829010 | LR = 4.376447e-02
  Batch 3: loss = 0.842835 | LR = 4.375364e-02
  Batch 4: loss = 0.859477 | LR = 4.374281e-02
  Batch 5: loss = 0.758411 | LR = 4.373197e-02
  Batch 6: loss = 0.825438 | LR = 4.372112e-02
  Batch 7: loss = 0.699212 | LR = 4.371026e-02
  Batch 8: loss = 0.826930 | LR = 4.369940e-02
  Batch 9: loss = 0.930902 | LR = 4.368852e-02
  Batch 10: loss = 0.693512 | LR = 4.367764e-02
  Batch 11: loss = 0.919533 | LR = 4.366675e-02
  Batch 12: loss = 0.775698 | LR = 4.365586e-02
  Batch 13: loss = 0.753237 | LR = 4.364495e-02
  Batch 14: loss = 0.868716 | LR = 4.363404e-02
  Batch 15: loss = 0.727910 | LR = 4.362312e-02
  Batch 16: loss = 0.723359 | LR = 4.361219e-02
  Batch 17: loss = 0.782142 | LR = 4.360125e-02
  Batch 18: loss = 0.737471 | LR = 4.359030e-02
  Batch 19: loss = 0.867004 | LR = 4.357935e-02
  Batch 20: loss = 0.821434 | LR = 4.356839e-02
  Batch 21: loss = 0.911453 | LR = 4.355742e-02
  Batch 22: loss = 0.807674 | LR = 4.354644e-02
  Batch 23: loss = 0.803756 | LR = 4.353546e-02
  Batch 24: loss = 0.981538 | LR = 4.352447e-02
  Batch 25: loss = 0.790257 | LR = 4.351346e-02
  Batch 26: loss = 0.807836 | LR = 4.350246e-02
  Batch 27: loss = 0.755464 | LR = 4.349144e-02
  Batch 28: loss = 0.878679 | LR = 4.348041e-02
  Batch 29: loss = 1.029016 | LR = 4.346938e-02
  Batch 30: loss = 0.826755 | LR = 4.345834e-02
  Batch 31: loss = 0.854624 | LR = 4.344729e-02
  Batch 32: loss = 1.032928 | LR = 4.343624e-02
  Batch 33: loss = 0.768824 | LR = 4.342517e-02
  Batch 34: loss = 0.974978 | LR = 4.341410e-02
  Batch 35: loss = 0.754760 | LR = 4.340302e-02
  Batch 36: loss = 0.880962 | LR = 4.339193e-02
  Batch 37: loss = 0.862978 | LR = 4.338083e-02
  Batch 38: loss = 0.989758 | LR = 4.336973e-02
  Batch 39: loss = 0.843883 | LR = 4.335862e-02
  Batch 40: loss = 1.031248 | LR = 4.334750e-02
  Batch 41: loss = 0.778324 | LR = 4.333637e-02
  Batch 42: loss = 0.791484 | LR = 4.332524e-02
  Batch 43: loss = 0.754291 | LR = 4.331409e-02
  Batch 44: loss = 0.956909 | LR = 4.330294e-02
  Batch 45: loss = 0.785497 | LR = 4.329178e-02
  Batch 46: loss = 0.895211 | LR = 4.328062e-02
  Batch 47: loss = 1.018581 | LR = 4.326944e-02
  Batch 48: loss = 0.905059 | LR = 4.325826e-02
Epoch 24: Average loss = 0.8453, Duration = 0.68s
  Batch 1: loss = 0.946184 | LR = 4.324707e-02
  Batch 2: loss = 0.751104 | LR = 4.323587e-02
  Batch 3: loss = 0.795602 | LR = 4.322466e-02
  Batch 4: loss = 0.823694 | LR = 4.321345e-02
  Batch 5: loss = 0.821702 | LR = 4.320223e-02
  Batch 6: loss = 0.843419 | LR = 4.319100e-02
  Batch 7: loss = 0.893881 | LR = 4.317976e-02
  Batch 8: loss = 0.844931 | LR = 4.316852e-02
  Batch 9: loss = 0.922697 | LR = 4.315726e-02
  Batch 10: loss = 0.918782 | LR = 4.314600e-02
  Batch 11: loss = 0.817199 | LR = 4.313474e-02
  Batch 12: loss = 0.952727 | LR = 4.312346e-02
  Batch 13: loss = 0.724965 | LR = 4.311217e-02
  Batch 14: loss = 0.813163 | LR = 4.310088e-02
  Batch 15: loss = 0.982672 | LR = 4.308958e-02
  Batch 16: loss = 0.807619 | LR = 4.307828e-02
  Batch 17: loss = 0.803841 | LR = 4.306696e-02
  Batch 18: loss = 0.647823 | LR = 4.305564e-02
  Batch 19: loss = 0.780975 | LR = 4.304431e-02
  Batch 20: loss = 0.808740 | LR = 4.303297e-02
  Batch 21: loss = 0.875109 | LR = 4.302162e-02
  Batch 22: loss = 0.766325 | LR = 4.301027e-02
  Batch 23: loss = 0.732604 | LR = 4.299891e-02
  Batch 24: loss = 0.756120 | LR = 4.298754e-02
  Batch 25: loss = 0.796066 | LR = 4.297616e-02
  Batch 26: loss = 0.737892 | LR = 4.296478e-02
  Batch 27: loss = 0.759798 | LR = 4.295339e-02
  Batch 28: loss = 0.879079 | LR = 4.294199e-02
  Batch 29: loss = 0.872206 | LR = 4.293058e-02
  Batch 30: loss = 0.771558 | LR = 4.291916e-02
  Batch 31: loss = 0.878300 | LR = 4.290774e-02
  Batch 32: loss = 0.834964 | LR = 4.289631e-02
  Batch 33: loss = 0.802489 | LR = 4.288487e-02
  Batch 34: loss = 0.819531 | LR = 4.287342e-02
  Batch 35: loss = 0.669917 | LR = 4.286197e-02
  Batch 36: loss = 0.851420 | LR = 4.285051e-02
  Batch 37: loss = 0.801313 | LR = 4.283904e-02
  Batch 38: loss = 0.904270 | LR = 4.282756e-02
  Batch 39: loss = 0.820789 | LR = 4.281608e-02
  Batch 40: loss = 0.973856 | LR = 4.280459e-02
  Batch 41: loss = 0.721106 | LR = 4.279309e-02
  Batch 42: loss = 0.759302 | LR = 4.278158e-02
  Batch 43: loss = 0.794580 | LR = 4.277006e-02
  Batch 44: loss = 0.766212 | LR = 4.275854e-02
  Batch 45: loss = 0.668564 | LR = 4.274701e-02
  Batch 46: loss = 0.850894 | LR = 4.273547e-02
  Batch 47: loss = 0.942382 | LR = 4.272393e-02
  Batch 48: loss = 0.730158 | LR = 4.271237e-02
Epoch 25: Average loss = 0.8175, Duration = 0.66s
  Batch 1: loss = 0.928227 | LR = 4.270081e-02
  Batch 2: loss = 0.759412 | LR = 4.268925e-02
  Batch 3: loss = 0.938516 | LR = 4.267767e-02
  Batch 4: loss = 0.788298 | LR = 4.266609e-02
  Batch 5: loss = 0.722255 | LR = 4.265450e-02
  Batch 6: loss = 0.865992 | LR = 4.264290e-02
  Batch 7: loss = 0.764644 | LR = 4.263129e-02
  Batch 8: loss = 0.846315 | LR = 4.261968e-02
  Batch 9: loss = 0.851662 | LR = 4.260806e-02
  Batch 10: loss = 0.859030 | LR = 4.259643e-02
  Batch 11: loss = 0.803044 | LR = 4.258479e-02
  Batch 12: loss = 0.912448 | LR = 4.257315e-02
  Batch 13: loss = 0.846437 | LR = 4.256149e-02
  Batch 14: loss = 0.914798 | LR = 4.254984e-02
  Batch 15: loss = 0.910468 | LR = 4.253817e-02
  Batch 16: loss = 0.756900 | LR = 4.252649e-02
  Batch 17: loss = 0.649201 | LR = 4.251481e-02
  Batch 18: loss = 0.746861 | LR = 4.250312e-02
  Batch 19: loss = 0.801282 | LR = 4.249143e-02
  Batch 20: loss = 0.757647 | LR = 4.247972e-02
  Batch 21: loss = 0.760441 | LR = 4.246801e-02
  Batch 22: loss = 0.718786 | LR = 4.245629e-02
  Batch 23: loss = 0.853697 | LR = 4.244457e-02
  Batch 24: loss = 0.919115 | LR = 4.243283e-02
  Batch 25: loss = 0.911857 | LR = 4.242109e-02
  Batch 26: loss = 0.969607 | LR = 4.240934e-02
  Batch 27: loss = 0.808417 | LR = 4.239758e-02
  Batch 28: loss = 0.888651 | LR = 4.238582e-02
  Batch 29: loss = 0.733019 | LR = 4.237405e-02
  Batch 30: loss = 0.842263 | LR = 4.236227e-02
  Batch 31: loss = 0.795560 | LR = 4.235048e-02
  Batch 32: loss = 0.810758 | LR = 4.233869e-02
  Batch 33: loss = 0.755481 | LR = 4.232689e-02
  Batch 34: loss = 0.724605 | LR = 4.231508e-02
  Batch 35: loss = 0.672669 | LR = 4.230326e-02
  Batch 36: loss = 0.829912 | LR = 4.229144e-02
  Batch 37: loss = 0.780126 | LR = 4.227961e-02
  Batch 38: loss = 0.905462 | LR = 4.226777e-02
  Batch 39: loss = 0.750692 | LR = 4.225593e-02
  Batch 40: loss = 0.923021 | LR = 4.224407e-02
  Batch 41: loss = 0.717064 | LR = 4.223221e-02
  Batch 42: loss = 0.873598 | LR = 4.222034e-02
  Batch 43: loss = 0.676044 | LR = 4.220847e-02
  Batch 44: loss = 0.622513 | LR = 4.219659e-02
  Batch 45: loss = 0.706852 | LR = 4.218470e-02
  Batch 46: loss = 0.696489 | LR = 4.217280e-02
  Batch 47: loss = 0.852205 | LR = 4.216089e-02
  Batch 48: loss = 0.608025 | LR = 4.214898e-02
Epoch 26: Average loss = 0.8027, Duration = 0.68s
  Batch 1: loss = 0.840677 | LR = 4.213706e-02
  Batch 2: loss = 0.741116 | LR = 4.212513e-02
  Batch 3: loss = 0.947838 | LR = 4.211320e-02
  Batch 4: loss = 0.733331 | LR = 4.210126e-02
  Batch 5: loss = 0.747122 | LR = 4.208931e-02
  Batch 6: loss = 0.814639 | LR = 4.207735e-02
  Batch 7: loss = 0.644235 | LR = 4.206539e-02
  Batch 8: loss = 0.728890 | LR = 4.205342e-02
  Batch 9: loss = 0.829128 | LR = 4.204144e-02
  Batch 10: loss = 0.662992 | LR = 4.202945e-02
  Batch 11: loss = 0.771736 | LR = 4.201746e-02
  Batch 12: loss = 0.683649 | LR = 4.200546e-02
  Batch 13: loss = 0.713242 | LR = 4.199345e-02
  Batch 14: loss = 0.801410 | LR = 4.198144e-02
  Batch 15: loss = 0.883397 | LR = 4.196942e-02
  Batch 16: loss = 0.744960 | LR = 4.195739e-02
  Batch 17: loss = 0.791082 | LR = 4.194535e-02
  Batch 18: loss = 0.658482 | LR = 4.193331e-02
  Batch 19: loss = 0.820441 | LR = 4.192126e-02
  Batch 20: loss = 0.750749 | LR = 4.190920e-02
  Batch 21: loss = 0.723254 | LR = 4.189713e-02
  Batch 22: loss = 0.939224 | LR = 4.188506e-02
  Batch 23: loss = 0.745912 | LR = 4.187298e-02
  Batch 24: loss = 0.934491 | LR = 4.186089e-02
  Batch 25: loss = 0.747779 | LR = 4.184880e-02
  Batch 26: loss = 0.797015 | LR = 4.183670e-02
  Batch 27: loss = 0.776321 | LR = 4.182459e-02
  Batch 28: loss = 1.017824 | LR = 4.181247e-02
  Batch 29: loss = 0.783436 | LR = 4.180035e-02
  Batch 30: loss = 0.964520 | LR = 4.178822e-02
  Batch 31: loss = 0.814382 | LR = 4.177608e-02
  Batch 32: loss = 0.916851 | LR = 4.176393e-02
  Batch 33: loss = 0.758452 | LR = 4.175178e-02
  Batch 34: loss = 0.737052 | LR = 4.173962e-02
  Batch 35: loss = 0.665818 | LR = 4.172745e-02
  Batch 36: loss = 0.745864 | LR = 4.171528e-02
  Batch 37: loss = 0.823784 | LR = 4.170310e-02
  Batch 38: loss = 0.861930 | LR = 4.169091e-02
  Batch 39: loss = 0.736934 | LR = 4.167872e-02
  Batch 40: loss = 0.974643 | LR = 4.166651e-02
  Batch 41: loss = 0.681942 | LR = 4.165430e-02
  Batch 42: loss = 0.860344 | LR = 4.164209e-02
  Batch 43: loss = 0.656862 | LR = 4.162986e-02
  Batch 44: loss = 0.683547 | LR = 4.161763e-02
  Batch 45: loss = 0.763857 | LR = 4.160539e-02
  Batch 46: loss = 0.737474 | LR = 4.159315e-02
  Batch 47: loss = 0.856333 | LR = 4.158089e-02
  Batch 48: loss = 0.674691 | LR = 4.156864e-02
Epoch 27: Average loss = 0.7852, Duration = 0.74s
  Batch 1: loss = 0.773383 | LR = 4.155637e-02
  Batch 2: loss = 0.653895 | LR = 4.154409e-02
  Batch 3: loss = 0.848216 | LR = 4.153181e-02
  Batch 4: loss = 0.712431 | LR = 4.151953e-02
  Batch 5: loss = 0.622909 | LR = 4.150723e-02
  Batch 6: loss = 0.839452 | LR = 4.149493e-02
  Batch 7: loss = 0.716961 | LR = 4.148262e-02
  Batch 8: loss = 0.754250 | LR = 4.147030e-02
  Batch 9: loss = 0.963000 | LR = 4.145798e-02
  Batch 10: loss = 0.776254 | LR = 4.144565e-02
  Batch 11: loss = 0.751387 | LR = 4.143331e-02
  Batch 12: loss = 0.671073 | LR = 4.142097e-02
  Batch 13: loss = 0.710097 | LR = 4.140862e-02
  Batch 14: loss = 0.726833 | LR = 4.139626e-02
  Batch 15: loss = 0.843071 | LR = 4.138389e-02
  Batch 16: loss = 0.675221 | LR = 4.137152e-02
  Batch 17: loss = 0.673443 | LR = 4.135914e-02
  Batch 18: loss = 0.680912 | LR = 4.134675e-02
  Batch 19: loss = 0.764524 | LR = 4.133436e-02
  Batch 20: loss = 0.645582 | LR = 4.132196e-02
  Batch 21: loss = 0.744087 | LR = 4.130955e-02
  Batch 22: loss = 0.745032 | LR = 4.129713e-02
  Batch 23: loss = 0.696197 | LR = 4.128471e-02
  Batch 24: loss = 0.604426 | LR = 4.127228e-02
  Batch 25: loss = 0.691538 | LR = 4.125985e-02
  Batch 26: loss = 0.887434 | LR = 4.124741e-02
  Batch 27: loss = 0.724681 | LR = 4.123496e-02
  Batch 28: loss = 0.830325 | LR = 4.122250e-02
  Batch 29: loss = 0.761721 | LR = 4.121004e-02
  Batch 30: loss = 0.802000 | LR = 4.119757e-02
  Batch 31: loss = 0.662109 | LR = 4.118509e-02
  Batch 32: loss = 0.699556 | LR = 4.117260e-02
  Batch 33: loss = 0.678883 | LR = 4.116011e-02
  Batch 34: loss = 0.714999 | LR = 4.114761e-02
  Batch 35: loss = 0.585685 | LR = 4.113511e-02
  Batch 36: loss = 0.770220 | LR = 4.112260e-02
  Batch 37: loss = 0.655619 | LR = 4.111008e-02
  Batch 38: loss = 0.817904 | LR = 4.109755e-02
  Batch 39: loss = 0.771048 | LR = 4.108502e-02
  Batch 40: loss = 0.743629 | LR = 4.107248e-02
  Batch 41: loss = 0.676952 | LR = 4.105993e-02
  Batch 42: loss = 0.770429 | LR = 4.104738e-02
  Batch 43: loss = 0.668051 | LR = 4.103482e-02
  Batch 44: loss = 0.620893 | LR = 4.102225e-02
  Batch 45: loss = 0.692224 | LR = 4.100968e-02
  Batch 46: loss = 0.718081 | LR = 4.099709e-02
  Batch 47: loss = 0.855267 | LR = 4.098451e-02
  Batch 48: loss = 0.647160 | LR = 4.097191e-02
Epoch 28: Average loss = 0.7300, Duration = 0.77s
  Batch 1: loss = 0.976655 | LR = 4.095931e-02
  Batch 2: loss = 0.642048 | LR = 4.094670e-02
  Batch 3: loss = 0.793251 | LR = 4.093409e-02
  Batch 4: loss = 0.675004 | LR = 4.092146e-02
  Batch 5: loss = 0.626692 | LR = 4.090883e-02
  Batch 6: loss = 0.805227 | LR = 4.089620e-02
  Batch 7: loss = 0.661525 | LR = 4.088356e-02
  Batch 8: loss = 0.702234 | LR = 4.087091e-02
  Batch 9: loss = 0.868860 | LR = 4.085825e-02
  Batch 10: loss = 0.802224 | LR = 4.084559e-02
  Batch 11: loss = 0.700293 | LR = 4.083292e-02
  Batch 12: loss = 0.764465 | LR = 4.082024e-02
  Batch 13: loss = 0.701116 | LR = 4.080756e-02
  Batch 14: loss = 0.675125 | LR = 4.079487e-02
  Batch 15: loss = 0.780611 | LR = 4.078217e-02
  Batch 16: loss = 0.724302 | LR = 4.076947e-02
  Batch 17: loss = 0.724504 | LR = 4.075675e-02
  Batch 18: loss = 0.593189 | LR = 4.074404e-02
  Batch 19: loss = 0.880690 | LR = 4.073131e-02
  Batch 20: loss = 0.650471 | LR = 4.071858e-02
  Batch 21: loss = 0.691161 | LR = 4.070584e-02
  Batch 22: loss = 0.845633 | LR = 4.069310e-02
  Batch 23: loss = 0.767875 | LR = 4.068035e-02
  Batch 24: loss = 0.662480 | LR = 4.066759e-02
  Batch 25: loss = 0.697309 | LR = 4.065483e-02
  Batch 26: loss = 0.684175 | LR = 4.064206e-02
  Batch 27: loss = 0.622899 | LR = 4.062928e-02
  Batch 28: loss = 0.729194 | LR = 4.061649e-02
  Batch 29: loss = 0.733414 | LR = 4.060370e-02
  Batch 30: loss = 0.744412 | LR = 4.059090e-02
  Batch 31: loss = 0.683705 | LR = 4.057810e-02
  Batch 32: loss = 0.821961 | LR = 4.056529e-02
  Batch 33: loss = 0.650085 | LR = 4.055247e-02
  Batch 34: loss = 0.628979 | LR = 4.053964e-02
  Batch 35: loss = 0.552801 | LR = 4.052681e-02
  Batch 36: loss = 0.589541 | LR = 4.051397e-02
  Batch 37: loss = 0.611004 | LR = 4.050113e-02
  Batch 38: loss = 0.765595 | LR = 4.048828e-02
  Batch 39: loss = 0.640141 | LR = 4.047542e-02
  Batch 40: loss = 0.702303 | LR = 4.046255e-02
  Batch 41: loss = 0.705524 | LR = 4.044968e-02
  Batch 42: loss = 0.812650 | LR = 4.043681e-02
  Batch 43: loss = 0.516932 | LR = 4.042392e-02
  Batch 44: loss = 0.736317 | LR = 4.041103e-02
  Batch 45: loss = 0.609121 | LR = 4.039813e-02
  Batch 46: loss = 0.670934 | LR = 4.038523e-02
  Batch 47: loss = 0.795256 | LR = 4.037232e-02
  Batch 48: loss = 0.607966 | LR = 4.035940e-02
Epoch 29: Average loss = 0.7089, Duration = 0.69s
  Batch 1: loss = 0.721455 | LR = 4.034647e-02
  Batch 2: loss = 0.576927 | LR = 4.033354e-02
  Batch 3: loss = 0.778170 | LR = 4.032061e-02
  Batch 4: loss = 0.606700 | LR = 4.030766e-02
  Batch 5: loss = 0.597573 | LR = 4.029471e-02
  Batch 6: loss = 0.725263 | LR = 4.028175e-02
  Batch 7: loss = 0.540353 | LR = 4.026879e-02
  Batch 8: loss = 0.706516 | LR = 4.025582e-02
  Batch 9: loss = 0.854742 | LR = 4.024284e-02
  Batch 10: loss = 0.796128 | LR = 4.022986e-02
  Batch 11: loss = 0.765849 | LR = 4.021687e-02
  Batch 12: loss = 0.597154 | LR = 4.020387e-02
  Batch 13: loss = 0.555015 | LR = 4.019087e-02
  Batch 14: loss = 0.737786 | LR = 4.017786e-02
  Batch 15: loss = 0.686734 | LR = 4.016485e-02
  Batch 16: loss = 0.650544 | LR = 4.015182e-02
  Batch 17: loss = 0.700761 | LR = 4.013879e-02
  Batch 18: loss = 0.617238 | LR = 4.012576e-02
  Batch 19: loss = 0.680044 | LR = 4.011272e-02
  Batch 20: loss = 0.694158 | LR = 4.009967e-02
  Batch 21: loss = 0.613701 | LR = 4.008661e-02
  Batch 22: loss = 0.662808 | LR = 4.007355e-02
  Batch 23: loss = 0.649351 | LR = 4.006048e-02
  Batch 24: loss = 0.638146 | LR = 4.004741e-02
  Batch 25: loss = 0.659330 | LR = 4.003433e-02
  Batch 26: loss = 0.554308 | LR = 4.002124e-02
  Batch 27: loss = 0.708907 | LR = 4.000815e-02
  Batch 28: loss = 0.816816 | LR = 3.999505e-02
  Batch 29: loss = 0.708567 | LR = 3.998194e-02
  Batch 30: loss = 0.869731 | LR = 3.996883e-02
  Batch 31: loss = 0.775919 | LR = 3.995571e-02
  Batch 32: loss = 0.775720 | LR = 3.994258e-02
  Batch 33: loss = 0.684074 | LR = 3.992945e-02
  Batch 34: loss = 0.658682 | LR = 3.991631e-02
  Batch 35: loss = 0.687491 | LR = 3.990317e-02
  Batch 36: loss = 0.598048 | LR = 3.989002e-02
  Batch 37: loss = 0.764075 | LR = 3.987686e-02
  Batch 38: loss = 0.739563 | LR = 3.986369e-02
  Batch 39: loss = 0.706332 | LR = 3.985052e-02
  Batch 40: loss = 0.726790 | LR = 3.983735e-02
  Batch 41: loss = 0.678081 | LR = 3.982416e-02
  Batch 42: loss = 0.663505 | LR = 3.981097e-02
  Batch 43: loss = 0.617286 | LR = 3.979778e-02
  Batch 44: loss = 0.657817 | LR = 3.978458e-02
  Batch 45: loss = 0.729909 | LR = 3.977137e-02
  Batch 46: loss = 0.634806 | LR = 3.975815e-02
  Batch 47: loss = 0.694197 | LR = 3.974493e-02
  Batch 48: loss = 0.728897 | LR = 3.973170e-02
Epoch 30: Average loss = 0.6873, Duration = 0.73s
  Batch 1: loss = 0.693958 | LR = 3.971847e-02
  Batch 2: loss = 0.605684 | LR = 3.970523e-02
  Batch 3: loss = 0.729171 | LR = 3.969198e-02
  Batch 4: loss = 0.586588 | LR = 3.967873e-02
  Batch 5: loss = 0.640835 | LR = 3.966547e-02
  Batch 6: loss = 0.737336 | LR = 3.965220e-02
  Batch 7: loss = 0.581085 | LR = 3.963893e-02
  Batch 8: loss = 0.627568 | LR = 3.962565e-02
  Batch 9: loss = 0.792463 | LR = 3.961237e-02
  Batch 10: loss = 0.680497 | LR = 3.959908e-02
  Batch 11: loss = 0.649410 | LR = 3.958578e-02
  Batch 12: loss = 0.653107 | LR = 3.957248e-02
  Batch 13: loss = 0.602185 | LR = 3.955917e-02
  Batch 14: loss = 0.728255 | LR = 3.954585e-02
  Batch 15: loss = 0.757906 | LR = 3.953253e-02
  Batch 16: loss = 0.625702 | LR = 3.951920e-02
  Batch 17: loss = 0.625764 | LR = 3.950587e-02
  Batch 18: loss = 0.630803 | LR = 3.949253e-02
  Batch 19: loss = 0.715006 | LR = 3.947918e-02
  Batch 20: loss = 0.564176 | LR = 3.946583e-02
  Batch 21: loss = 0.685019 | LR = 3.945247e-02
  Batch 22: loss = 0.787102 | LR = 3.943910e-02
  Batch 23: loss = 0.604624 | LR = 3.942573e-02
  Batch 24: loss = 0.566251 | LR = 3.941235e-02
  Batch 25: loss = 0.662451 | LR = 3.939897e-02
  Batch 26: loss = 0.681175 | LR = 3.938558e-02
  Batch 27: loss = 0.774286 | LR = 3.937218e-02
  Batch 28: loss = 0.732075 | LR = 3.935878e-02
  Batch 29: loss = 0.714091 | LR = 3.934537e-02
  Batch 30: loss = 0.647025 | LR = 3.933196e-02
  Batch 31: loss = 0.616347 | LR = 3.931854e-02
  Batch 32: loss = 0.773836 | LR = 3.930511e-02
  Batch 33: loss = 0.647605 | LR = 3.929168e-02
  Batch 34: loss = 0.740428 | LR = 3.927824e-02
  Batch 35: loss = 0.551270 | LR = 3.926479e-02
  Batch 36: loss = 0.637028 | LR = 3.925134e-02
  Batch 37: loss = 0.658977 | LR = 3.923788e-02
  Batch 38: loss = 0.697817 | LR = 3.922442e-02
  Batch 39: loss = 0.738968 | LR = 3.921095e-02
  Batch 40: loss = 0.732267 | LR = 3.919747e-02
  Batch 41: loss = 0.551118 | LR = 3.918399e-02
  Batch 42: loss = 0.629529 | LR = 3.917050e-02
  Batch 43: loss = 0.519552 | LR = 3.915701e-02
  Batch 44: loss = 0.650676 | LR = 3.914351e-02
  Batch 45: loss = 0.627674 | LR = 3.913000e-02
  Batch 46: loss = 0.811239 | LR = 3.911649e-02
  Batch 47: loss = 0.742510 | LR = 3.910297e-02
  Batch 48: loss = 0.637924 | LR = 3.908944e-02
Epoch 31: Average loss = 0.6676, Duration = 0.66s
  Batch 1: loss = 0.680146 | LR = 3.907591e-02
  Batch 2: loss = 0.607698 | LR = 3.906238e-02
  Batch 3: loss = 0.698926 | LR = 3.904883e-02
  Batch 4: loss = 0.624318 | LR = 3.903528e-02
  Batch 5: loss = 0.621378 | LR = 3.902173e-02
  Batch 6: loss = 0.752367 | LR = 3.900817e-02
  Batch 7: loss = 0.524258 | LR = 3.899460e-02
  Batch 8: loss = 0.697534 | LR = 3.898103e-02
  Batch 9: loss = 0.687346 | LR = 3.896745e-02
  Batch 10: loss = 0.609455 | LR = 3.895387e-02
  Batch 11: loss = 0.668022 | LR = 3.894027e-02
  Batch 12: loss = 0.602256 | LR = 3.892668e-02
  Batch 13: loss = 0.528311 | LR = 3.891308e-02
  Batch 14: loss = 0.612247 | LR = 3.889947e-02
  Batch 15: loss = 0.642127 | LR = 3.888585e-02
  Batch 16: loss = 0.576759 | LR = 3.887223e-02
  Batch 17: loss = 0.599847 | LR = 3.885860e-02
  Batch 18: loss = 0.512046 | LR = 3.884497e-02
  Batch 19: loss = 0.685809 | LR = 3.883133e-02
  Batch 20: loss = 0.545794 | LR = 3.881769e-02
  Batch 21: loss = 0.629723 | LR = 3.880404e-02
  Batch 22: loss = 0.726690 | LR = 3.879038e-02
  Batch 23: loss = 0.567341 | LR = 3.877672e-02
  Batch 24: loss = 0.553936 | LR = 3.876305e-02
  Batch 25: loss = 0.556878 | LR = 3.874938e-02
  Batch 26: loss = 0.635448 | LR = 3.873570e-02
  Batch 27: loss = 0.668940 | LR = 3.872201e-02
  Batch 28: loss = 0.794500 | LR = 3.870832e-02
  Batch 29: loss = 0.724513 | LR = 3.869462e-02
  Batch 30: loss = 0.689803 | LR = 3.868092e-02
  Batch 31: loss = 0.686778 | LR = 3.866721e-02
  Batch 32: loss = 0.805403 | LR = 3.865349e-02
  Batch 33: loss = 0.622360 | LR = 3.863977e-02
  Batch 34: loss = 0.745592 | LR = 3.862605e-02
  Batch 35: loss = 0.451355 | LR = 3.861231e-02
  Batch 36: loss = 0.551542 | LR = 3.859857e-02
  Batch 37: loss = 0.609907 | LR = 3.858483e-02
  Batch 38: loss = 0.653082 | LR = 3.857108e-02
  Batch 39: loss = 0.656574 | LR = 3.855732e-02
  Batch 40: loss = 0.596766 | LR = 3.854356e-02
  Batch 41: loss = 0.548963 | LR = 3.852979e-02
  Batch 42: loss = 0.684546 | LR = 3.851602e-02
  Batch 43: loss = 0.637520 | LR = 3.850224e-02
  Batch 44: loss = 0.616269 | LR = 3.848846e-02
  Batch 45: loss = 0.561258 | LR = 3.847466e-02
  Batch 46: loss = 0.575267 | LR = 3.846087e-02
  Batch 47: loss = 0.600176 | LR = 3.844707e-02
  Batch 48: loss = 0.626163 | LR = 3.843326e-02
Epoch 32: Average loss = 0.6303, Duration = 0.68s
  Batch 1: loss = 0.648043 | LR = 3.841944e-02
  Batch 2: loss = 0.482091 | LR = 3.840562e-02
  Batch 3: loss = 0.669401 | LR = 3.839180e-02
  Batch 4: loss = 0.721159 | LR = 3.837797e-02
  Batch 5: loss = 0.693391 | LR = 3.836413e-02
  Batch 6: loss = 0.627433 | LR = 3.835029e-02
  Batch 7: loss = 0.562855 | LR = 3.833644e-02
  Batch 8: loss = 0.536558 | LR = 3.832258e-02
  Batch 9: loss = 0.736853 | LR = 3.830872e-02
  Batch 10: loss = 0.555335 | LR = 3.829486e-02
  Batch 11: loss = 0.708487 | LR = 3.828099e-02
  Batch 12: loss = 0.735080 | LR = 3.826711e-02
  Batch 13: loss = 0.557087 | LR = 3.825323e-02
  Batch 14: loss = 0.630027 | LR = 3.823934e-02
  Batch 15: loss = 0.613378 | LR = 3.822545e-02
  Batch 16: loss = 0.496028 | LR = 3.821155e-02
  Batch 17: loss = 0.580965 | LR = 3.819764e-02
  Batch 18: loss = 0.627594 | LR = 3.818373e-02
  Batch 19: loss = 0.647517 | LR = 3.816981e-02
  Batch 20: loss = 0.573127 | LR = 3.815589e-02
  Batch 21: loss = 0.677143 | LR = 3.814196e-02
  Batch 22: loss = 0.631901 | LR = 3.812803e-02
  Batch 23: loss = 0.588383 | LR = 3.811409e-02
  Batch 24: loss = 0.598275 | LR = 3.810014e-02
  Batch 25: loss = 0.599538 | LR = 3.808619e-02
  Batch 26: loss = 0.619113 | LR = 3.807224e-02
  Batch 27: loss = 0.692485 | LR = 3.805827e-02
  Batch 28: loss = 0.626203 | LR = 3.804431e-02
  Batch 29: loss = 0.651799 | LR = 3.803033e-02
  Batch 30: loss = 0.622836 | LR = 3.801636e-02
  Batch 31: loss = 0.636136 | LR = 3.800237e-02
  Batch 32: loss = 0.559829 | LR = 3.798838e-02
  Batch 33: loss = 0.608403 | LR = 3.797439e-02
  Batch 34: loss = 0.635925 | LR = 3.796039e-02
  Batch 35: loss = 0.565143 | LR = 3.794638e-02
  Batch 36: loss = 0.617471 | LR = 3.793237e-02
  Batch 37: loss = 0.633921 | LR = 3.791835e-02
  Batch 38: loss = 0.578678 | LR = 3.790433e-02
  Batch 39: loss = 0.653007 | LR = 3.789030e-02
  Batch 40: loss = 0.576633 | LR = 3.787626e-02
  Batch 41: loss = 0.538411 | LR = 3.786222e-02
  Batch 42: loss = 0.724689 | LR = 3.784818e-02
  Batch 43: loss = 0.597724 | LR = 3.783413e-02
  Batch 44: loss = 0.578016 | LR = 3.782007e-02
  Batch 45: loss = 0.547147 | LR = 3.780601e-02
  Batch 46: loss = 0.576315 | LR = 3.779194e-02
  Batch 47: loss = 0.615965 | LR = 3.777787e-02
  Batch 48: loss = 0.557183 | LR = 3.776379e-02
Epoch 33: Average loss = 0.6148, Duration = 0.71s
  Batch 1: loss = 0.765177 | LR = 3.774971e-02
  Batch 2: loss = 0.564137 | LR = 3.773562e-02
  Batch 3: loss = 0.656804 | LR = 3.772152e-02
  Batch 4: loss = 0.551281 | LR = 3.770742e-02
  Batch 5: loss = 0.563265 | LR = 3.769332e-02
  Batch 6: loss = 0.553405 | LR = 3.767921e-02
  Batch 7: loss = 0.512655 | LR = 3.766509e-02
  Batch 8: loss = 0.522485 | LR = 3.765097e-02
  Batch 9: loss = 0.775939 | LR = 3.763684e-02
  Batch 10: loss = 0.482034 | LR = 3.762271e-02
  Batch 11: loss = 0.698517 | LR = 3.760857e-02
  Batch 12: loss = 0.607106 | LR = 3.759443e-02
  Batch 13: loss = 0.511600 | LR = 3.758028e-02
  Batch 14: loss = 0.604532 | LR = 3.756612e-02
  Batch 15: loss = 0.737345 | LR = 3.755197e-02
  Batch 16: loss = 0.551118 | LR = 3.753780e-02
  Batch 17: loss = 0.542401 | LR = 3.752363e-02
  Batch 18: loss = 0.575565 | LR = 3.750945e-02
  Batch 19: loss = 0.695506 | LR = 3.749527e-02
  Batch 20: loss = 0.654285 | LR = 3.748109e-02
  Batch 21: loss = 0.633785 | LR = 3.746689e-02
  Batch 22: loss = 0.522563 | LR = 3.745270e-02
  Batch 23: loss = 0.640685 | LR = 3.743849e-02
  Batch 24: loss = 0.520856 | LR = 3.742429e-02
  Batch 25: loss = 0.630128 | LR = 3.741007e-02
  Batch 26: loss = 0.628581 | LR = 3.739585e-02
  Batch 27: loss = 0.642722 | LR = 3.738163e-02
  Batch 28: loss = 0.705245 | LR = 3.736740e-02
  Batch 29: loss = 0.510056 | LR = 3.735317e-02
  Batch 30: loss = 0.634195 | LR = 3.733893e-02
  Batch 31: loss = 0.655240 | LR = 3.732468e-02
  Batch 32: loss = 0.629347 | LR = 3.731043e-02
  Batch 33: loss = 0.562326 | LR = 3.729617e-02
  Batch 34: loss = 0.478319 | LR = 3.728191e-02
  Batch 35: loss = 0.427340 | LR = 3.726765e-02
  Batch 36: loss = 0.537129 | LR = 3.725338e-02
  Batch 37: loss = 0.616914 | LR = 3.723910e-02
  Batch 38: loss = 0.670741 | LR = 3.722482e-02
  Batch 39: loss = 0.576417 | LR = 3.721053e-02
  Batch 40: loss = 0.706780 | LR = 3.719624e-02
  Batch 41: loss = 0.468181 | LR = 3.718194e-02
  Batch 42: loss = 0.603320 | LR = 3.716764e-02
  Batch 43: loss = 0.545870 | LR = 3.715333e-02
  Batch 44: loss = 0.552373 | LR = 3.713901e-02
  Batch 45: loss = 0.527097 | LR = 3.712470e-02
  Batch 46: loss = 0.625064 | LR = 3.711037e-02
  Batch 47: loss = 0.685504 | LR = 3.709604e-02
  Batch 48: loss = 0.444187 | LR = 3.708171e-02
Epoch 34: Average loss = 0.5939, Duration = 0.74s
  Batch 1: loss = 0.583722 | LR = 3.706737e-02
  Batch 2: loss = 0.578369 | LR = 3.705303e-02
  Batch 3: loss = 0.698184 | LR = 3.703868e-02
  Batch 4: loss = 0.587846 | LR = 3.702432e-02
  Batch 5: loss = 0.555959 | LR = 3.700996e-02
  Batch 6: loss = 0.610758 | LR = 3.699560e-02
  Batch 7: loss = 0.577714 | LR = 3.698122e-02
  Batch 8: loss = 0.624501 | LR = 3.696685e-02
  Batch 9: loss = 0.933961 | LR = 3.695247e-02
  Batch 10: loss = 0.554894 | LR = 3.693808e-02
  Batch 11: loss = 0.709014 | LR = 3.692369e-02
  Batch 12: loss = 0.599202 | LR = 3.690930e-02
  Batch 13: loss = 0.477135 | LR = 3.689489e-02
  Batch 14: loss = 0.628776 | LR = 3.688049e-02
  Batch 15: loss = 0.652695 | LR = 3.686608e-02
  Batch 16: loss = 0.511388 | LR = 3.685166e-02
  Batch 17: loss = 0.586760 | LR = 3.683724e-02
  Batch 18: loss = 0.497952 | LR = 3.682281e-02
  Batch 19: loss = 0.718420 | LR = 3.680838e-02
  Batch 20: loss = 0.585197 | LR = 3.679394e-02
  Batch 21: loss = 0.609419 | LR = 3.677950e-02
  Batch 22: loss = 0.600643 | LR = 3.676506e-02
  Batch 23: loss = 0.628661 | LR = 3.675060e-02
  Batch 24: loss = 0.567786 | LR = 3.673615e-02
  Batch 25: loss = 0.574561 | LR = 3.672168e-02
  Batch 26: loss = 0.637588 | LR = 3.670722e-02
  Batch 27: loss = 0.548706 | LR = 3.669275e-02
  Batch 28: loss = 0.553421 | LR = 3.667827e-02
  Batch 29: loss = 0.552549 | LR = 3.666379e-02
  Batch 30: loss = 0.527267 | LR = 3.664930e-02
  Batch 31: loss = 0.624826 | LR = 3.663481e-02
  Batch 32: loss = 0.562606 | LR = 3.662031e-02
  Batch 33: loss = 0.487861 | LR = 3.660581e-02
  Batch 34: loss = 0.554873 | LR = 3.659130e-02
  Batch 35: loss = 0.495430 | LR = 3.657679e-02
  Batch 36: loss = 0.458088 | LR = 3.656227e-02
  Batch 37: loss = 0.547122 | LR = 3.654775e-02
  Batch 38: loss = 0.673149 | LR = 3.653322e-02
  Batch 39: loss = 0.478880 | LR = 3.651869e-02
  Batch 40: loss = 0.656401 | LR = 3.650415e-02
  Batch 41: loss = 0.443666 | LR = 3.648961e-02
  Batch 42: loss = 0.619365 | LR = 3.647507e-02
  Batch 43: loss = 0.466835 | LR = 3.646051e-02
  Batch 44: loss = 0.494007 | LR = 3.644596e-02
  Batch 45: loss = 0.511413 | LR = 3.643140e-02
  Batch 46: loss = 0.573926 | LR = 3.641683e-02
  Batch 47: loss = 0.516222 | LR = 3.640226e-02
  Batch 48: loss = 0.595790 | LR = 3.638768e-02
Epoch 35: Average loss = 0.5799, Duration = 0.69s
  Batch 1: loss = 0.700664 | LR = 3.637310e-02
  Batch 2: loss = 0.492400 | LR = 3.635852e-02
  Batch 3: loss = 0.543372 | LR = 3.634393e-02
  Batch 4: loss = 0.507104 | LR = 3.632933e-02
  Batch 5: loss = 0.528907 | LR = 3.631473e-02
  Batch 6: loss = 0.573907 | LR = 3.630012e-02
  Batch 7: loss = 0.514259 | LR = 3.628551e-02
  Batch 8: loss = 0.558127 | LR = 3.627090e-02
  Batch 9: loss = 0.762954 | LR = 3.625628e-02
  Batch 10: loss = 0.515666 | LR = 3.624165e-02
  Batch 11: loss = 0.637596 | LR = 3.622703e-02
  Batch 12: loss = 0.458762 | LR = 3.621239e-02
  Batch 13: loss = 0.407467 | LR = 3.619775e-02
  Batch 14: loss = 0.511437 | LR = 3.618311e-02
  Batch 15: loss = 0.540574 | LR = 3.616846e-02
  Batch 16: loss = 0.608012 | LR = 3.615381e-02
  Batch 17: loss = 0.542553 | LR = 3.613915e-02
  Batch 18: loss = 0.579734 | LR = 3.612448e-02
  Batch 19: loss = 0.670876 | LR = 3.610982e-02
  Batch 20: loss = 0.588175 | LR = 3.609514e-02
  Batch 21: loss = 0.636315 | LR = 3.608047e-02
  Batch 22: loss = 0.655069 | LR = 3.606578e-02
  Batch 23: loss = 0.485765 | LR = 3.605110e-02
  Batch 24: loss = 0.530729 | LR = 3.603641e-02
  Batch 25: loss = 0.703072 | LR = 3.602171e-02
  Batch 26: loss = 0.461092 | LR = 3.600701e-02
  Batch 27: loss = 0.646065 | LR = 3.599230e-02
  Batch 28: loss = 0.677050 | LR = 3.597759e-02
  Batch 29: loss = 0.534481 | LR = 3.596288e-02
  Batch 30: loss = 0.464535 | LR = 3.594816e-02
  Batch 31: loss = 0.607271 | LR = 3.593343e-02
  Batch 32: loss = 0.695014 | LR = 3.591870e-02
  Batch 33: loss = 0.568761 | LR = 3.590397e-02
  Batch 34: loss = 0.500685 | LR = 3.588923e-02
  Batch 35: loss = 0.485023 | LR = 3.587449e-02
  Batch 36: loss = 0.524270 | LR = 3.585974e-02
  Batch 37: loss = 0.523087 | LR = 3.584499e-02
  Batch 38: loss = 0.525798 | LR = 3.583023e-02
  Batch 39: loss = 0.501075 | LR = 3.581547e-02
  Batch 40: loss = 0.573594 | LR = 3.580070e-02
  Batch 41: loss = 0.440522 | LR = 3.578593e-02
  Batch 42: loss = 0.636935 | LR = 3.577115e-02
  Batch 43: loss = 0.481759 | LR = 3.575637e-02
  Batch 44: loss = 0.438699 | LR = 3.574159e-02
  Batch 45: loss = 0.518610 | LR = 3.572680e-02
  Batch 46: loss = 0.481601 | LR = 3.571200e-02
  Batch 47: loss = 0.608040 | LR = 3.569720e-02
  Batch 48: loss = 0.533256 | LR = 3.568240e-02
Epoch 36: Average loss = 0.5558, Duration = 0.71s
  Batch 1: loss = 0.549673 | LR = 3.566759e-02
  Batch 2: loss = 0.418353 | LR = 3.565278e-02
  Batch 3: loss = 0.580238 | LR = 3.563796e-02
  Batch 4: loss = 0.483027 | LR = 3.562314e-02
  Batch 5: loss = 0.520430 | LR = 3.560831e-02
  Batch 6: loss = 0.538798 | LR = 3.559348e-02
  Batch 7: loss = 0.420826 | LR = 3.557865e-02
  Batch 8: loss = 0.641580 | LR = 3.556381e-02
  Batch 9: loss = 0.586913 | LR = 3.554896e-02
  Batch 10: loss = 0.482641 | LR = 3.553411e-02
  Batch 11: loss = 0.623992 | LR = 3.551926e-02
  Batch 12: loss = 0.524566 | LR = 3.550440e-02
  Batch 13: loss = 0.409073 | LR = 3.548954e-02
  Batch 14: loss = 0.575733 | LR = 3.547467e-02
  Batch 15: loss = 0.581625 | LR = 3.545980e-02
  Batch 16: loss = 0.559609 | LR = 3.544492e-02
  Batch 17: loss = 0.572871 | LR = 3.543004e-02
  Batch 18: loss = 0.540005 | LR = 3.541516e-02
  Batch 19: loss = 0.594926 | LR = 3.540027e-02
  Batch 20: loss = 0.449797 | LR = 3.538538e-02
  Batch 21: loss = 0.427491 | LR = 3.537048e-02
  Batch 22: loss = 0.502479 | LR = 3.535557e-02
  Batch 23: loss = 0.498683 | LR = 3.534067e-02
  Batch 24: loss = 0.451527 | LR = 3.532575e-02
  Batch 25: loss = 0.495387 | LR = 3.531084e-02
  Batch 26: loss = 0.610370 | LR = 3.529592e-02
  Batch 27: loss = 0.485821 | LR = 3.528099e-02
  Batch 28: loss = 0.550395 | LR = 3.526606e-02
  Batch 29: loss = 0.443063 | LR = 3.525113e-02
  Batch 30: loss = 0.594562 | LR = 3.523619e-02
  Batch 31: loss = 0.683359 | LR = 3.522125e-02
  Batch 32: loss = 0.636297 | LR = 3.520630e-02
  Batch 33: loss = 0.467544 | LR = 3.519135e-02
  Batch 34: loss = 0.562948 | LR = 3.517639e-02
  Batch 35: loss = 0.448094 | LR = 3.516143e-02
  Batch 36: loss = 0.516640 | LR = 3.514647e-02
  Batch 37: loss = 0.582243 | LR = 3.513150e-02
  Batch 38: loss = 0.622341 | LR = 3.511653e-02
  Batch 39: loss = 0.701186 | LR = 3.510155e-02
  Batch 40: loss = 0.685284 | LR = 3.508657e-02
  Batch 41: loss = 0.446814 | LR = 3.507158e-02
  Batch 42: loss = 0.543142 | LR = 3.505659e-02
  Batch 43: loss = 0.629377 | LR = 3.504160e-02
  Batch 44: loss = 0.600912 | LR = 3.502660e-02
  Batch 45: loss = 0.632314 | LR = 3.501159e-02
  Batch 46: loss = 0.648605 | LR = 3.499659e-02
  Batch 47: loss = 0.630737 | LR = 3.498157e-02
  Batch 48: loss = 0.570653 | LR = 3.496656e-02
Epoch 37: Average loss = 0.5484, Duration = 0.75s
  Batch 1: loss = 0.433154 | LR = 3.495154e-02
  Batch 2: loss = 0.504150 | LR = 3.493651e-02
  Batch 3: loss = 0.598433 | LR = 3.492148e-02
  Batch 4: loss = 0.537535 | LR = 3.490645e-02
  Batch 5: loss = 0.536072 | LR = 3.489141e-02
  Batch 6: loss = 0.595961 | LR = 3.487637e-02
  Batch 7: loss = 0.506770 | LR = 3.486132e-02
  Batch 8: loss = 0.521432 | LR = 3.484627e-02
  Batch 9: loss = 0.660849 | LR = 3.483122e-02
  Batch 10: loss = 0.432907 | LR = 3.481616e-02
  Batch 11: loss = 0.677377 | LR = 3.480110e-02
  Batch 12: loss = 0.481582 | LR = 3.478603e-02
  Batch 13: loss = 0.515169 | LR = 3.477096e-02
  Batch 14: loss = 0.569957 | LR = 3.475588e-02
  Batch 15: loss = 0.617983 | LR = 3.474080e-02
  Batch 16: loss = 0.554513 | LR = 3.472572e-02
  Batch 17: loss = 0.443747 | LR = 3.471063e-02
  Batch 18: loss = 0.438419 | LR = 3.469554e-02
  Batch 19: loss = 0.512627 | LR = 3.468044e-02
  Batch 20: loss = 0.568300 | LR = 3.466534e-02
  Batch 21: loss = 0.473029 | LR = 3.465024e-02
  Batch 22: loss = 0.675596 | LR = 3.463513e-02
  Batch 23: loss = 0.533826 | LR = 3.462001e-02
  Batch 24: loss = 0.548496 | LR = 3.460490e-02
  Batch 25: loss = 0.594426 | LR = 3.458978e-02
  Batch 26: loss = 0.646414 | LR = 3.457465e-02
  Batch 27: loss = 0.571980 | LR = 3.455952e-02
  Batch 28: loss = 0.589379 | LR = 3.454439e-02
  Batch 29: loss = 0.513620 | LR = 3.452925e-02
  Batch 30: loss = 0.526817 | LR = 3.451411e-02
  Batch 31: loss = 0.481875 | LR = 3.449896e-02
  Batch 32: loss = 0.573822 | LR = 3.448381e-02
  Batch 33: loss = 0.458619 | LR = 3.446866e-02
  Batch 34: loss = 0.568698 | LR = 3.445350e-02
  Batch 35: loss = 0.474544 | LR = 3.443834e-02
  Batch 36: loss = 0.521383 | LR = 3.442317e-02
  Batch 37: loss = 0.421432 | LR = 3.440800e-02
  Batch 38: loss = 0.510244 | LR = 3.439283e-02
  Batch 39: loss = 0.555710 | LR = 3.437765e-02
  Batch 40: loss = 0.425792 | LR = 3.436247e-02
  Batch 41: loss = 0.498153 | LR = 3.434728e-02
  Batch 42: loss = 0.559659 | LR = 3.433209e-02
  Batch 43: loss = 0.466560 | LR = 3.431689e-02
  Batch 44: loss = 0.503329 | LR = 3.430170e-02
  Batch 45: loss = 0.417730 | LR = 3.428649e-02
  Batch 46: loss = 0.634927 | LR = 3.427129e-02
  Batch 47: loss = 0.726317 | LR = 3.425608e-02
  Batch 48: loss = 0.529457 | LR = 3.424086e-02
Epoch 38: Average loss = 0.5356, Duration = 0.75s
  Batch 1: loss = 0.649399 | LR = 3.422564e-02
  Batch 2: loss = 0.448470 | LR = 3.421042e-02
  Batch 3: loss = 0.679977 | LR = 3.419520e-02
  Batch 4: loss = 0.535045 | LR = 3.417997e-02
  Batch 5: loss = 0.554732 | LR = 3.416473e-02
  Batch 6: loss = 0.469876 | LR = 3.414949e-02
  Batch 7: loss = 0.454179 | LR = 3.413425e-02
  Batch 8: loss = 0.471737 | LR = 3.411901e-02
  Batch 9: loss = 0.696711 | LR = 3.410376e-02
  Batch 10: loss = 0.609324 | LR = 3.408850e-02
  Batch 11: loss = 0.604280 | LR = 3.407324e-02
  Batch 12: loss = 0.568372 | LR = 3.405798e-02
  Batch 13: loss = 0.422077 | LR = 3.404272e-02
  Batch 14: loss = 0.528486 | LR = 3.402745e-02
  Batch 15: loss = 0.549002 | LR = 3.401218e-02
  Batch 16: loss = 0.455297 | LR = 3.399690e-02
  Batch 17: loss = 0.463918 | LR = 3.398162e-02
  Batch 18: loss = 0.440671 | LR = 3.396633e-02
  Batch 19: loss = 0.530051 | LR = 3.395104e-02
  Batch 20: loss = 0.537296 | LR = 3.393575e-02
  Batch 21: loss = 0.475864 | LR = 3.392046e-02
  Batch 22: loss = 0.531017 | LR = 3.390516e-02
  Batch 23: loss = 0.567712 | LR = 3.388985e-02
  Batch 24: loss = 0.570566 | LR = 3.387454e-02
  Batch 25: loss = 0.638992 | LR = 3.385923e-02
  Batch 26: loss = 0.465186 | LR = 3.384392e-02
  Batch 27: loss = 0.449423 | LR = 3.382860e-02
  Batch 28: loss = 0.610322 | LR = 3.381328e-02
  Batch 29: loss = 0.498390 | LR = 3.379795e-02
  Batch 30: loss = 0.343369 | LR = 3.378262e-02
  Batch 31: loss = 0.633915 | LR = 3.376728e-02
  Batch 32: loss = 0.535417 | LR = 3.375195e-02
  Batch 33: loss = 0.473603 | LR = 3.373660e-02
  Batch 34: loss = 0.551810 | LR = 3.372126e-02
  Batch 35: loss = 0.426598 | LR = 3.370591e-02
  Batch 36: loss = 0.422782 | LR = 3.369056e-02
  Batch 37: loss = 0.539533 | LR = 3.367520e-02
  Batch 38: loss = 0.516308 | LR = 3.365984e-02
  Batch 39: loss = 0.463706 | LR = 3.364448e-02
  Batch 40: loss = 0.537980 | LR = 3.362911e-02
  Batch 41: loss = 0.429981 | LR = 3.361374e-02
  Batch 42: loss = 0.443998 | LR = 3.359836e-02
  Batch 43: loss = 0.407662 | LR = 3.358298e-02
  Batch 44: loss = 0.344728 | LR = 3.356760e-02
  Batch 45: loss = 0.407251 | LR = 3.355221e-02
  Batch 46: loss = 0.495539 | LR = 3.353682e-02
  Batch 47: loss = 0.559042 | LR = 3.352143e-02
  Batch 48: loss = 0.452089 | LR = 3.350603e-02
Epoch 39: Average loss = 0.5096, Duration = 0.70s
  Batch 1: loss = 0.507097 | LR = 3.349063e-02
  Batch 2: loss = 0.530390 | LR = 3.347523e-02
  Batch 3: loss = 0.635177 | LR = 3.345982e-02
  Batch 4: loss = 0.585452 | LR = 3.344441e-02
  Batch 5: loss = 0.499108 | LR = 3.342899e-02
  Batch 6: loss = 0.577323 | LR = 3.341357e-02
  Batch 7: loss = 0.443558 | LR = 3.339815e-02
  Batch 8: loss = 0.546172 | LR = 3.338272e-02
  Batch 9: loss = 0.599844 | LR = 3.336729e-02
  Batch 10: loss = 0.484451 | LR = 3.335186e-02
  Batch 11: loss = 0.493616 | LR = 3.333642e-02
  Batch 12: loss = 0.564491 | LR = 3.332098e-02
  Batch 13: loss = 0.564713 | LR = 3.330554e-02
  Batch 14: loss = 0.572907 | LR = 3.329009e-02
  Batch 15: loss = 0.617174 | LR = 3.327464e-02
  Batch 16: loss = 0.681192 | LR = 3.325918e-02
  Batch 17: loss = 0.459828 | LR = 3.324373e-02
  Batch 18: loss = 0.471673 | LR = 3.322826e-02
  Batch 19: loss = 0.572329 | LR = 3.321280e-02
  Batch 20: loss = 0.422092 | LR = 3.319733e-02
  Batch 21: loss = 0.526572 | LR = 3.318186e-02
  Batch 22: loss = 0.575052 | LR = 3.316638e-02
  Batch 23: loss = 0.550473 | LR = 3.315090e-02
  Batch 24: loss = 0.486301 | LR = 3.313542e-02
  Batch 25: loss = 0.576772 | LR = 3.311993e-02
  Batch 26: loss = 0.421246 | LR = 3.310444e-02
  Batch 27: loss = 0.497076 | LR = 3.308895e-02
  Batch 28: loss = 0.448108 | LR = 3.307345e-02
  Batch 29: loss = 0.501548 | LR = 3.305795e-02
  Batch 30: loss = 0.401521 | LR = 3.304245e-02
  Batch 31: loss = 0.400982 | LR = 3.302694e-02
  Batch 32: loss = 0.464298 | LR = 3.301143e-02
  Batch 33: loss = 0.495989 | LR = 3.299592e-02
  Batch 34: loss = 0.468103 | LR = 3.298040e-02
  Batch 35: loss = 0.321215 | LR = 3.296488e-02
  Batch 36: loss = 0.390841 | LR = 3.294935e-02
  Batch 37: loss = 0.507810 | LR = 3.293382e-02
  Batch 38: loss = 0.448268 | LR = 3.291829e-02
  Batch 39: loss = 0.412009 | LR = 3.290276e-02
  Batch 40: loss = 0.520088 | LR = 3.288722e-02
  Batch 41: loss = 0.364613 | LR = 3.287168e-02
  Batch 42: loss = 0.572364 | LR = 3.285613e-02
  Batch 43: loss = 0.422116 | LR = 3.284059e-02
  Batch 44: loss = 0.414602 | LR = 3.282503e-02
  Batch 45: loss = 0.517647 | LR = 3.280948e-02
  Batch 46: loss = 0.461830 | LR = 3.279392e-02
  Batch 47: loss = 0.322450 | LR = 3.277836e-02
  Batch 48: loss = 0.499463 | LR = 3.276279e-02
Epoch 40: Average loss = 0.4962, Duration = 0.67s
  Batch 1: loss = 0.442698 | LR = 3.274723e-02
  Batch 2: loss = 0.425967 | LR = 3.273165e-02
  Batch 3: loss = 0.498224 | LR = 3.271608e-02
  Batch 4: loss = 0.480783 | LR = 3.270050e-02
  Batch 5: loss = 0.487120 | LR = 3.268492e-02
  Batch 6: loss = 0.425598 | LR = 3.266933e-02
  Batch 7: loss = 0.389562 | LR = 3.265375e-02
  Batch 8: loss = 0.480422 | LR = 3.263816e-02
  Batch 9: loss = 0.652863 | LR = 3.262256e-02
  Batch 10: loss = 0.506783 | LR = 3.260696e-02
  Batch 11: loss = 0.494625 | LR = 3.259136e-02
  Batch 12: loss = 0.506338 | LR = 3.257576e-02
  Batch 13: loss = 0.406884 | LR = 3.256015e-02
  Batch 14: loss = 0.559271 | LR = 3.254454e-02
  Batch 15: loss = 0.510092 | LR = 3.252892e-02
  Batch 16: loss = 0.366161 | LR = 3.251331e-02
  Batch 17: loss = 0.491872 | LR = 3.249769e-02
  Batch 18: loss = 0.535469 | LR = 3.248206e-02
  Batch 19: loss = 0.519045 | LR = 3.246643e-02
  Batch 20: loss = 0.415219 | LR = 3.245080e-02
  Batch 21: loss = 0.439964 | LR = 3.243517e-02
  Batch 22: loss = 0.559939 | LR = 3.241953e-02
  Batch 23: loss = 0.624900 | LR = 3.240389e-02
  Batch 24: loss = 0.307795 | LR = 3.238825e-02
  Batch 25: loss = 0.451246 | LR = 3.237261e-02
  Batch 26: loss = 0.573377 | LR = 3.235696e-02
  Batch 27: loss = 0.409421 | LR = 3.234130e-02
  Batch 28: loss = 0.642003 | LR = 3.232565e-02
  Batch 29: loss = 0.522012 | LR = 3.230999e-02
  Batch 30: loss = 0.563273 | LR = 3.229433e-02
  Batch 31: loss = 0.642351 | LR = 3.227866e-02
  Batch 32: loss = 0.508998 | LR = 3.226299e-02
  Batch 33: loss = 0.416962 | LR = 3.224732e-02
  Batch 34: loss = 0.419985 | LR = 3.223165e-02
  Batch 35: loss = 0.486749 | LR = 3.221597e-02
  Batch 36: loss = 0.514350 | LR = 3.220029e-02
  Batch 37: loss = 0.458775 | LR = 3.218461e-02
  Batch 38: loss = 0.585004 | LR = 3.216892e-02
  Batch 39: loss = 0.406881 | LR = 3.215323e-02
  Batch 40: loss = 0.539194 | LR = 3.213754e-02
  Batch 41: loss = 0.431756 | LR = 3.212184e-02
  Batch 42: loss = 0.405832 | LR = 3.210614e-02
  Batch 43: loss = 0.362702 | LR = 3.209044e-02
  Batch 44: loss = 0.452067 | LR = 3.207473e-02
  Batch 45: loss = 0.463342 | LR = 3.205903e-02
  Batch 46: loss = 0.562423 | LR = 3.204331e-02
  Batch 47: loss = 0.582718 | LR = 3.202760e-02
  Batch 48: loss = 0.393885 | LR = 3.201188e-02
Epoch 41: Average loss = 0.4859, Duration = 0.66s
  Batch 1: loss = 0.429082 | LR = 3.199616e-02
  Batch 2: loss = 0.394967 | LR = 3.198044e-02
  Batch 3: loss = 0.507533 | LR = 3.196471e-02
  Batch 4: loss = 0.445337 | LR = 3.194898e-02
  Batch 5: loss = 0.508168 | LR = 3.193325e-02
  Batch 6: loss = 0.542635 | LR = 3.191752e-02
  Batch 7: loss = 0.280933 | LR = 3.190178e-02
  Batch 8: loss = 0.393909 | LR = 3.188604e-02
  Batch 9: loss = 0.570636 | LR = 3.187029e-02
  Batch 10: loss = 0.489163 | LR = 3.185455e-02
  Batch 11: loss = 0.685890 | LR = 3.183880e-02
  Batch 12: loss = 0.378529 | LR = 3.182304e-02
  Batch 13: loss = 0.429536 | LR = 3.180729e-02
  Batch 14: loss = 0.465438 | LR = 3.179153e-02
  Batch 15: loss = 0.542879 | LR = 3.177577e-02
  Batch 16: loss = 0.528001 | LR = 3.176000e-02
  Batch 17: loss = 0.489929 | LR = 3.174423e-02
  Batch 18: loss = 0.377088 | LR = 3.172846e-02
  Batch 19: loss = 0.510205 | LR = 3.171269e-02
  Batch 20: loss = 0.503224 | LR = 3.169691e-02
  Batch 21: loss = 0.454781 | LR = 3.168113e-02
  Batch 22: loss = 0.456527 | LR = 3.166535e-02
  Batch 23: loss = 0.490542 | LR = 3.164957e-02
  Batch 24: loss = 0.359293 | LR = 3.163378e-02
  Batch 25: loss = 0.361555 | LR = 3.161799e-02
  Batch 26: loss = 0.498217 | LR = 3.160220e-02
  Batch 27: loss = 0.417851 | LR = 3.158640e-02
  Batch 28: loss = 0.523020 | LR = 3.157060e-02
  Batch 29: loss = 0.515406 | LR = 3.155480e-02
  Batch 30: loss = 0.463062 | LR = 3.153900e-02
  Batch 31: loss = 0.415959 | LR = 3.152319e-02
  Batch 32: loss = 0.521277 | LR = 3.150738e-02
  Batch 33: loss = 0.425056 | LR = 3.149156e-02
  Batch 34: loss = 0.392255 | LR = 3.147575e-02
  Batch 35: loss = 0.344328 | LR = 3.145993e-02
  Batch 36: loss = 0.366977 | LR = 3.144411e-02
  Batch 37: loss = 0.316624 | LR = 3.142828e-02
  Batch 38: loss = 0.466185 | LR = 3.141246e-02
  Batch 39: loss = 0.438173 | LR = 3.139663e-02
  Batch 40: loss = 0.445430 | LR = 3.138080e-02
  Batch 41: loss = 0.458792 | LR = 3.136496e-02
  Batch 42: loss = 0.408132 | LR = 3.134912e-02
  Batch 43: loss = 0.422019 | LR = 3.133328e-02
  Batch 44: loss = 0.408025 | LR = 3.131744e-02
  Batch 45: loss = 0.394197 | LR = 3.130159e-02
  Batch 46: loss = 0.422484 | LR = 3.128574e-02
  Batch 47: loss = 0.454573 | LR = 3.126989e-02
  Batch 48: loss = 0.525002 | LR = 3.125404e-02
Epoch 42: Average loss = 0.4508, Duration = 0.66s
  Batch 1: loss = 0.509317 | LR = 3.123818e-02
  Batch 2: loss = 0.500699 | LR = 3.122232e-02
  Batch 3: loss = 0.375545 | LR = 3.120646e-02
  Batch 4: loss = 0.357375 | LR = 3.119060e-02
  Batch 5: loss = 0.476039 | LR = 3.117473e-02
  Batch 6: loss = 0.379858 | LR = 3.115886e-02
  Batch 7: loss = 0.348755 | LR = 3.114299e-02
  Batch 8: loss = 0.306547 | LR = 3.112711e-02
  Batch 9: loss = 0.525474 | LR = 3.111123e-02
  Batch 10: loss = 0.395441 | LR = 3.109535e-02
  Batch 11: loss = 0.394439 | LR = 3.107947e-02
  Batch 12: loss = 0.336518 | LR = 3.106358e-02
  Batch 13: loss = 0.327402 | LR = 3.104769e-02
  Batch 14: loss = 0.420728 | LR = 3.103180e-02
  Batch 15: loss = 0.439612 | LR = 3.101591e-02
  Batch 16: loss = 0.388651 | LR = 3.100001e-02
  Batch 17: loss = 0.388911 | LR = 3.098411e-02
  Batch 18: loss = 0.508546 | LR = 3.096821e-02
  Batch 19: loss = 0.529570 | LR = 3.095231e-02
  Batch 20: loss = 0.385290 | LR = 3.093640e-02
  Batch 21: loss = 0.384330 | LR = 3.092049e-02
  Batch 22: loss = 0.464834 | LR = 3.090458e-02
  Batch 23: loss = 0.370517 | LR = 3.088867e-02
  Batch 24: loss = 0.601143 | LR = 3.087275e-02
  Batch 25: loss = 0.403934 | LR = 3.085683e-02
  Batch 26: loss = 0.630776 | LR = 3.084091e-02
  Batch 27: loss = 0.479496 | LR = 3.082499e-02
  Batch 28: loss = 0.396775 | LR = 3.080906e-02
  Batch 29: loss = 0.309250 | LR = 3.079313e-02
  Batch 30: loss = 0.491602 | LR = 3.077720e-02
  Batch 31: loss = 0.506026 | LR = 3.076127e-02
  Batch 32: loss = 0.587346 | LR = 3.074533e-02
  Batch 33: loss = 0.404660 | LR = 3.072939e-02
  Batch 34: loss = 0.311903 | LR = 3.071345e-02
  Batch 35: loss = 0.414306 | LR = 3.069750e-02
  Batch 36: loss = 0.333224 | LR = 3.068156e-02
  Batch 37: loss = 0.397834 | LR = 3.066561e-02
  Batch 38: loss = 0.470093 | LR = 3.064966e-02
  Batch 39: loss = 0.388480 | LR = 3.063370e-02
  Batch 40: loss = 0.410050 | LR = 3.061775e-02
  Batch 41: loss = 0.397654 | LR = 3.060179e-02
  Batch 42: loss = 0.565722 | LR = 3.058583e-02
  Batch 43: loss = 0.343896 | LR = 3.056987e-02
  Batch 44: loss = 0.309021 | LR = 3.055390e-02
  Batch 45: loss = 0.398151 | LR = 3.053793e-02
  Batch 46: loss = 0.363066 | LR = 3.052196e-02
  Batch 47: loss = 0.527228 | LR = 3.050599e-02
  Batch 48: loss = 0.418784 | LR = 3.049001e-02
Epoch 43: Average loss = 0.4245, Duration = 0.73s
  Batch 1: loss = 0.501868 | LR = 3.047404e-02
  Batch 2: loss = 0.338554 | LR = 3.045806e-02
  Batch 3: loss = 0.370248 | LR = 3.044207e-02
  Batch 4: loss = 0.465860 | LR = 3.042609e-02
  Batch 5: loss = 0.394049 | LR = 3.041010e-02
  Batch 6: loss = 0.547227 | LR = 3.039411e-02
  Batch 7: loss = 0.429249 | LR = 3.037812e-02
  Batch 8: loss = 0.521315 | LR = 3.036213e-02
  Batch 9: loss = 0.493323 | LR = 3.034613e-02
  Batch 10: loss = 0.383821 | LR = 3.033013e-02
  Batch 11: loss = 0.530799 | LR = 3.031413e-02
  Batch 12: loss = 0.448717 | LR = 3.029813e-02
  Batch 13: loss = 0.313999 | LR = 3.028212e-02
  Batch 14: loss = 0.411361 | LR = 3.026612e-02
  Batch 15: loss = 0.436074 | LR = 3.025011e-02
  Batch 16: loss = 0.373859 | LR = 3.023409e-02
  Batch 17: loss = 0.443579 | LR = 3.021808e-02
  Batch 18: loss = 0.436269 | LR = 3.020206e-02
  Batch 19: loss = 0.516820 | LR = 3.018604e-02
  Batch 20: loss = 0.440476 | LR = 3.017002e-02
  Batch 21: loss = 0.394337 | LR = 3.015400e-02
  Batch 22: loss = 0.424356 | LR = 3.013798e-02
  Batch 23: loss = 0.436234 | LR = 3.012195e-02
  Batch 24: loss = 0.399041 | LR = 3.010592e-02
  Batch 25: loss = 0.453785 | LR = 3.008989e-02
  Batch 26: loss = 0.417572 | LR = 3.007385e-02
  Batch 27: loss = 0.501694 | LR = 3.005782e-02
  Batch 28: loss = 0.442008 | LR = 3.004178e-02
  Batch 29: loss = 0.412396 | LR = 3.002574e-02
  Batch 30: loss = 0.491798 | LR = 3.000969e-02
  Batch 31: loss = 0.438583 | LR = 2.999365e-02
  Batch 32: loss = 0.448142 | LR = 2.997760e-02
  Batch 33: loss = 0.492951 | LR = 2.996155e-02
  Batch 34: loss = 0.393083 | LR = 2.994550e-02
  Batch 35: loss = 0.396884 | LR = 2.992945e-02
  Batch 36: loss = 0.373373 | LR = 2.991339e-02
  Batch 37: loss = 0.378283 | LR = 2.989733e-02
  Batch 38: loss = 0.555721 | LR = 2.988127e-02
  Batch 39: loss = 0.430135 | LR = 2.986521e-02
  Batch 40: loss = 0.390088 | LR = 2.984915e-02
  Batch 41: loss = 0.413279 | LR = 2.983308e-02
  Batch 42: loss = 0.333881 | LR = 2.981701e-02
  Batch 43: loss = 0.341605 | LR = 2.980094e-02
  Batch 44: loss = 0.389053 | LR = 2.978487e-02
  Batch 45: loss = 0.296797 | LR = 2.976880e-02
  Batch 46: loss = 0.380095 | LR = 2.975272e-02
  Batch 47: loss = 0.544036 | LR = 2.973664e-02
  Batch 48: loss = 0.385160 | LR = 2.972056e-02
Epoch 44: Average loss = 0.4282, Duration = 0.73s
  Batch 1: loss = 0.360242 | LR = 2.970448e-02
  Batch 2: loss = 0.397234 | LR = 2.968839e-02
  Batch 3: loss = 0.337984 | LR = 2.967231e-02
  Batch 4: loss = 0.492037 | LR = 2.965622e-02
  Batch 5: loss = 0.359590 | LR = 2.964013e-02
  Batch 6: loss = 0.349050 | LR = 2.962404e-02
  Batch 7: loss = 0.269668 | LR = 2.960794e-02
  Batch 8: loss = 0.275353 | LR = 2.959184e-02
  Batch 9: loss = 0.416208 | LR = 2.957575e-02
  Batch 10: loss = 0.431489 | LR = 2.955965e-02
  Batch 11: loss = 0.568086 | LR = 2.954354e-02
  Batch 12: loss = 0.260146 | LR = 2.952744e-02
  Batch 13: loss = 0.303374 | LR = 2.951133e-02
  Batch 14: loss = 0.270219 | LR = 2.949522e-02
  Batch 15: loss = 0.413397 | LR = 2.947911e-02
  Batch 16: loss = 0.443238 | LR = 2.946300e-02
  Batch 17: loss = 0.444080 | LR = 2.944689e-02
  Batch 18: loss = 0.380298 | LR = 2.943077e-02
  Batch 19: loss = 0.429836 | LR = 2.941465e-02
  Batch 20: loss = 0.449585 | LR = 2.939853e-02
  Batch 21: loss = 0.316983 | LR = 2.938241e-02
  Batch 22: loss = 0.504353 | LR = 2.936629e-02
  Batch 23: loss = 0.331740 | LR = 2.935016e-02
  Batch 24: loss = 0.374670 | LR = 2.933404e-02
  Batch 25: loss = 0.436977 | LR = 2.931791e-02
  Batch 26: loss = 0.431813 | LR = 2.930178e-02
  Batch 27: loss = 0.445749 | LR = 2.928564e-02
  Batch 28: loss = 0.381698 | LR = 2.926951e-02
  Batch 29: loss = 0.306624 | LR = 2.925337e-02
  Batch 30: loss = 0.213733 | LR = 2.923723e-02
  Batch 31: loss = 0.391669 | LR = 2.922109e-02
  Batch 32: loss = 0.466605 | LR = 2.920495e-02
  Batch 33: loss = 0.422204 | LR = 2.918881e-02
  Batch 34: loss = 0.465368 | LR = 2.917266e-02
  Batch 35: loss = 0.280602 | LR = 2.915652e-02
  Batch 36: loss = 0.264771 | LR = 2.914037e-02
  Batch 37: loss = 0.435566 | LR = 2.912422e-02
  Batch 38: loss = 0.345703 | LR = 2.910806e-02
  Batch 39: loss = 0.466087 | LR = 2.909191e-02
  Batch 40: loss = 0.304238 | LR = 2.907575e-02
  Batch 41: loss = 0.441772 | LR = 2.905960e-02
  Batch 42: loss = 0.307370 | LR = 2.904344e-02
  Batch 43: loss = 0.238051 | LR = 2.902727e-02
  Batch 44: loss = 0.444533 | LR = 2.901111e-02
  Batch 45: loss = 0.378073 | LR = 2.899495e-02
  Batch 46: loss = 0.429947 | LR = 2.897878e-02
  Batch 47: loss = 0.396869 | LR = 2.896261e-02
  Batch 48: loss = 0.396477 | LR = 2.894644e-02
Epoch 45: Average loss = 0.3807, Duration = 0.72s
  Batch 1: loss = 0.303506 | LR = 2.893027e-02
  Batch 2: loss = 0.364734 | LR = 2.891410e-02
  Batch 3: loss = 0.369929 | LR = 2.889792e-02
  Batch 4: loss = 0.408460 | LR = 2.888174e-02
  Batch 5: loss = 0.310203 | LR = 2.886557e-02
  Batch 6: loss = 0.402595 | LR = 2.884939e-02
  Batch 7: loss = 0.258056 | LR = 2.883320e-02
  Batch 8: loss = 0.278405 | LR = 2.881702e-02
  Batch 9: loss = 0.383633 | LR = 2.880084e-02
  Batch 10: loss = 0.284413 | LR = 2.878465e-02
  Batch 11: loss = 0.415014 | LR = 2.876846e-02
  Batch 12: loss = 0.276833 | LR = 2.875227e-02
  Batch 13: loss = 0.311848 | LR = 2.873608e-02
  Batch 14: loss = 0.352704 | LR = 2.871989e-02
  Batch 15: loss = 0.298411 | LR = 2.870369e-02
  Batch 16: loss = 0.292902 | LR = 2.868750e-02
  Batch 17: loss = 0.306254 | LR = 2.867130e-02
  Batch 18: loss = 0.357208 | LR = 2.865510e-02
  Batch 19: loss = 0.388734 | LR = 2.863890e-02
  Batch 20: loss = 0.325640 | LR = 2.862270e-02
  Batch 21: loss = 0.404515 | LR = 2.860649e-02
  Batch 22: loss = 0.453806 | LR = 2.859029e-02
  Batch 23: loss = 0.473063 | LR = 2.857408e-02
  Batch 24: loss = 0.339665 | LR = 2.855787e-02
  Batch 25: loss = 0.412253 | LR = 2.854166e-02
  Batch 26: loss = 0.470027 | LR = 2.852545e-02
  Batch 27: loss = 0.419067 | LR = 2.850924e-02
  Batch 28: loss = 0.474663 | LR = 2.849302e-02
  Batch 29: loss = 0.502211 | LR = 2.847680e-02
  Batch 30: loss = 0.275949 | LR = 2.846059e-02
  Batch 31: loss = 0.407877 | LR = 2.844437e-02
  Batch 32: loss = 0.478343 | LR = 2.842815e-02
  Batch 33: loss = 0.356733 | LR = 2.841193e-02
  Batch 34: loss = 0.447948 | LR = 2.839570e-02
  Batch 35: loss = 0.318703 | LR = 2.837948e-02
  Batch 36: loss = 0.357260 | LR = 2.836325e-02
  Batch 37: loss = 0.267574 | LR = 2.834702e-02
  Batch 38: loss = 0.396707 | LR = 2.833079e-02
  Batch 39: loss = 0.308320 | LR = 2.831456e-02
  Batch 40: loss = 0.419180 | LR = 2.829833e-02
  Batch 41: loss = 0.310589 | LR = 2.828210e-02
  Batch 42: loss = 0.372098 | LR = 2.826586e-02
  Batch 43: loss = 0.260934 | LR = 2.824962e-02
  Batch 44: loss = 0.343774 | LR = 2.823339e-02
  Batch 45: loss = 0.265028 | LR = 2.821715e-02
  Batch 46: loss = 0.336707 | LR = 2.820091e-02
  Batch 47: loss = 0.372797 | LR = 2.818466e-02
  Batch 48: loss = 0.409264 | LR = 2.816842e-02
Epoch 46: Average loss = 0.3613, Duration = 0.75s
  Batch 1: loss = 0.302020 | LR = 2.815218e-02
  Batch 2: loss = 0.353047 | LR = 2.813593e-02
  Batch 3: loss = 0.346952 | LR = 2.811968e-02
  Batch 4: loss = 0.358137 | LR = 2.810343e-02
  Batch 5: loss = 0.290915 | LR = 2.808718e-02
  Batch 6: loss = 0.348960 | LR = 2.807093e-02
  Batch 7: loss = 0.301148 | LR = 2.805468e-02
  Batch 8: loss = 0.397550 | LR = 2.803843e-02
  Batch 9: loss = 0.405059 | LR = 2.802217e-02
  Batch 10: loss = 0.306421 | LR = 2.800591e-02
  Batch 11: loss = 0.425558 | LR = 2.798966e-02
  Batch 12: loss = 0.444765 | LR = 2.797340e-02
  Batch 13: loss = 0.368637 | LR = 2.795714e-02
  Batch 14: loss = 0.434668 | LR = 2.794087e-02
  Batch 15: loss = 0.396103 | LR = 2.792461e-02
  Batch 16: loss = 0.255584 | LR = 2.790835e-02
  Batch 17: loss = 0.282801 | LR = 2.789208e-02
  Batch 18: loss = 0.348210 | LR = 2.787581e-02
  Batch 19: loss = 0.390827 | LR = 2.785955e-02
  Batch 20: loss = 0.302551 | LR = 2.784328e-02
  Batch 21: loss = 0.302232 | LR = 2.782701e-02
  Batch 22: loss = 0.333636 | LR = 2.781074e-02
  Batch 23: loss = 0.358145 | LR = 2.779446e-02
  Batch 24: loss = 0.323270 | LR = 2.777819e-02
  Batch 25: loss = 0.373891 | LR = 2.776191e-02
  Batch 26: loss = 0.401731 | LR = 2.774564e-02
  Batch 27: loss = 0.384406 | LR = 2.772936e-02
  Batch 28: loss = 0.340128 | LR = 2.771308e-02
  Batch 29: loss = 0.324928 | LR = 2.769680e-02
  Batch 30: loss = 0.219005 | LR = 2.768052e-02
  Batch 31: loss = 0.421572 | LR = 2.766424e-02
  Batch 32: loss = 0.323767 | LR = 2.764795e-02
  Batch 33: loss = 0.304348 | LR = 2.763167e-02
  Batch 34: loss = 0.519471 | LR = 2.761538e-02
  Batch 35: loss = 0.274719 | LR = 2.759910e-02
  Batch 36: loss = 0.364675 | LR = 2.758281e-02
  Batch 37: loss = 0.321712 | LR = 2.756652e-02
  Batch 38: loss = 0.380673 | LR = 2.755023e-02
  Batch 39: loss = 0.353498 | LR = 2.753394e-02
  Batch 40: loss = 0.450341 | LR = 2.751765e-02
  Batch 41: loss = 0.271970 | LR = 2.750135e-02
  Batch 42: loss = 0.358533 | LR = 2.748506e-02
  Batch 43: loss = 0.266663 | LR = 2.746876e-02
  Batch 44: loss = 0.292800 | LR = 2.745247e-02
  Batch 45: loss = 0.450383 | LR = 2.743617e-02
  Batch 46: loss = 0.289535 | LR = 2.741987e-02
  Batch 47: loss = 0.438372 | LR = 2.740357e-02
  Batch 48: loss = 0.375645 | LR = 2.738727e-02
Epoch 47: Average loss = 0.3517, Duration = 0.74s
  Batch 1: loss = 0.316708 | LR = 2.737097e-02
  Batch 2: loss = 0.325791 | LR = 2.735466e-02
  Batch 3: loss = 0.269233 | LR = 2.733836e-02
  Batch 4: loss = 0.353175 | LR = 2.732206e-02
  Batch 5: loss = 0.258579 | LR = 2.730575e-02
  Batch 6: loss = 0.306598 | LR = 2.728944e-02
  Batch 7: loss = 0.257323 | LR = 2.727314e-02
  Batch 8: loss = 0.421581 | LR = 2.725683e-02
  Batch 9: loss = 0.394080 | LR = 2.724052e-02
  Batch 10: loss = 0.182240 | LR = 2.722421e-02
  Batch 11: loss = 0.356875 | LR = 2.720789e-02
  Batch 12: loss = 0.181175 | LR = 2.719158e-02
  Batch 13: loss = 0.253507 | LR = 2.717527e-02
  Batch 14: loss = 0.393815 | LR = 2.715895e-02
  Batch 15: loss = 0.373299 | LR = 2.714264e-02
  Batch 16: loss = 0.440976 | LR = 2.712632e-02
  Batch 17: loss = 0.387718 | LR = 2.711000e-02
  Batch 18: loss = 0.326072 | LR = 2.709369e-02
  Batch 19: loss = 0.427616 | LR = 2.707737e-02
  Batch 20: loss = 0.384365 | LR = 2.706105e-02
  Batch 21: loss = 0.352335 | LR = 2.704473e-02
  Batch 22: loss = 0.249897 | LR = 2.702841e-02
  Batch 23: loss = 0.355137 | LR = 2.701208e-02
  Batch 24: loss = 0.275505 | LR = 2.699576e-02
  Batch 25: loss = 0.334776 | LR = 2.697944e-02
  Batch 26: loss = 0.382708 | LR = 2.696311e-02
  Batch 27: loss = 0.442062 | LR = 2.694678e-02
  Batch 28: loss = 0.462082 | LR = 2.693046e-02
  Batch 29: loss = 0.352364 | LR = 2.691413e-02
  Batch 30: loss = 0.409970 | LR = 2.689780e-02
  Batch 31: loss = 0.366391 | LR = 2.688147e-02
  Batch 32: loss = 0.481140 | LR = 2.686514e-02
  Batch 33: loss = 0.280659 | LR = 2.684881e-02
  Batch 34: loss = 0.425119 | LR = 2.683248e-02
  Batch 35: loss = 0.345622 | LR = 2.681615e-02
  Batch 36: loss = 0.335313 | LR = 2.679981e-02
  Batch 37: loss = 0.341860 | LR = 2.678348e-02
  Batch 38: loss = 0.432056 | LR = 2.676714e-02
  Batch 39: loss = 0.316194 | LR = 2.675081e-02
  Batch 40: loss = 0.390042 | LR = 2.673447e-02
  Batch 41: loss = 0.248797 | LR = 2.671814e-02
  Batch 42: loss = 0.350967 | LR = 2.670180e-02
  Batch 43: loss = 0.300284 | LR = 2.668546e-02
  Batch 44: loss = 0.376145 | LR = 2.666912e-02
  Batch 45: loss = 0.292850 | LR = 2.665278e-02
  Batch 46: loss = 0.344962 | LR = 2.663644e-02
  Batch 47: loss = 0.269551 | LR = 2.662010e-02
  Batch 48: loss = 0.260959 | LR = 2.660376e-02
Epoch 48: Average loss = 0.3414, Duration = 0.70s
  Batch 1: loss = 0.314794 | LR = 2.658741e-02
  Batch 2: loss = 0.222762 | LR = 2.657107e-02
  Batch 3: loss = 0.339740 | LR = 2.655473e-02
  Batch 4: loss = 0.291751 | LR = 2.653838e-02
  Batch 5: loss = 0.370775 | LR = 2.652204e-02
  Batch 6: loss = 0.383363 | LR = 2.650569e-02
  Batch 7: loss = 0.272706 | LR = 2.648934e-02
  Batch 8: loss = 0.412537 | LR = 2.647300e-02
  Batch 9: loss = 0.363274 | LR = 2.645665e-02
  Batch 10: loss = 0.337738 | LR = 2.644030e-02
  Batch 11: loss = 0.267471 | LR = 2.642395e-02
  Batch 12: loss = 0.303283 | LR = 2.640760e-02
  Batch 13: loss = 0.278805 | LR = 2.639125e-02
  Batch 14: loss = 0.333983 | LR = 2.637490e-02
  Batch 15: loss = 0.344588 | LR = 2.635855e-02
  Batch 16: loss = 0.321079 | LR = 2.634220e-02
  Batch 17: loss = 0.262348 | LR = 2.632584e-02
  Batch 18: loss = 0.230006 | LR = 2.630949e-02
  Batch 19: loss = 0.398023 | LR = 2.629314e-02
  Batch 20: loss = 0.325626 | LR = 2.627678e-02
  Batch 21: loss = 0.352355 | LR = 2.626043e-02
  Batch 22: loss = 0.246604 | LR = 2.624407e-02
  Batch 23: loss = 0.336050 | LR = 2.622771e-02
  Batch 24: loss = 0.210595 | LR = 2.621136e-02
  Batch 25: loss = 0.223319 | LR = 2.619500e-02
  Batch 26: loss = 0.338243 | LR = 2.617864e-02
  Batch 27: loss = 0.280498 | LR = 2.616228e-02
  Batch 28: loss = 0.419150 | LR = 2.614593e-02
  Batch 29: loss = 0.236611 | LR = 2.612957e-02
  Batch 30: loss = 0.301941 | LR = 2.611321e-02
  Batch 31: loss = 0.421342 | LR = 2.609685e-02
  Batch 32: loss = 0.268559 | LR = 2.608049e-02
  Batch 33: loss = 0.270931 | LR = 2.606413e-02
  Batch 34: loss = 0.328474 | LR = 2.604776e-02
  Batch 35: loss = 0.232450 | LR = 2.603140e-02
  Batch 36: loss = 0.274648 | LR = 2.601504e-02
  Batch 37: loss = 0.335263 | LR = 2.599868e-02
  Batch 38: loss = 0.339604 | LR = 2.598231e-02
  Batch 39: loss = 0.298964 | LR = 2.596595e-02
  Batch 40: loss = 0.411747 | LR = 2.594959e-02
  Batch 41: loss = 0.376177 | LR = 2.593322e-02
  Batch 42: loss = 0.330095 | LR = 2.591686e-02
  Batch 43: loss = 0.186219 | LR = 2.590049e-02
  Batch 44: loss = 0.256608 | LR = 2.588413e-02
  Batch 45: loss = 0.259416 | LR = 2.586776e-02
  Batch 46: loss = 0.264551 | LR = 2.585139e-02
  Batch 47: loss = 0.289076 | LR = 2.583503e-02
  Batch 48: loss = 0.343044 | LR = 2.581866e-02
Epoch 49: Average loss = 0.3085, Duration = 0.68s
  Batch 1: loss = 0.296618 | LR = 2.580229e-02
  Batch 2: loss = 0.326741 | LR = 2.578592e-02
  Batch 3: loss = 0.431157 | LR = 2.576956e-02
  Batch 4: loss = 0.422141 | LR = 2.575319e-02
  Batch 5: loss = 0.223637 | LR = 2.573682e-02
  Batch 6: loss = 0.335204 | LR = 2.572045e-02
  Batch 7: loss = 0.206880 | LR = 2.570408e-02
  Batch 8: loss = 0.397727 | LR = 2.568771e-02
  Batch 9: loss = 0.404149 | LR = 2.567134e-02
  Batch 10: loss = 0.287656 | LR = 2.565497e-02
  Batch 11: loss = 0.365925 | LR = 2.563860e-02
  Batch 12: loss = 0.427178 | LR = 2.562223e-02
  Batch 13: loss = 0.255678 | LR = 2.560586e-02
  Batch 14: loss = 0.388757 | LR = 2.558949e-02
  Batch 15: loss = 0.344283 | LR = 2.557311e-02
  Batch 16: loss = 0.350384 | LR = 2.555674e-02
  Batch 17: loss = 0.179937 | LR = 2.554037e-02
  Batch 18: loss = 0.416307 | LR = 2.552400e-02
  Batch 19: loss = 0.401292 | LR = 2.550762e-02
  Batch 20: loss = 0.351958 | LR = 2.549125e-02
  Batch 21: loss = 0.292978 | LR = 2.547488e-02
  Batch 22: loss = 0.231342 | LR = 2.545851e-02
  Batch 23: loss = 0.363020 | LR = 2.544213e-02
  Batch 24: loss = 0.300023 | LR = 2.542576e-02
  Batch 25: loss = 0.299393 | LR = 2.540938e-02
  Batch 26: loss = 0.344309 | LR = 2.539301e-02
  Batch 27: loss = 0.334721 | LR = 2.537664e-02
  Batch 28: loss = 0.310883 | LR = 2.536026e-02
  Batch 29: loss = 0.346189 | LR = 2.534389e-02
  Batch 30: loss = 0.395648 | LR = 2.532751e-02
  Batch 31: loss = 0.408884 | LR = 2.531114e-02
  Batch 32: loss = 0.309603 | LR = 2.529476e-02
  Batch 33: loss = 0.224070 | LR = 2.527839e-02
  Batch 34: loss = 0.358588 | LR = 2.526201e-02
  Batch 35: loss = 0.264935 | LR = 2.524564e-02
  Batch 36: loss = 0.239456 | LR = 2.522926e-02
  Batch 37: loss = 0.320455 | LR = 2.521289e-02
  Batch 38: loss = 0.401629 | LR = 2.519651e-02
  Batch 39: loss = 0.280576 | LR = 2.518014e-02
  Batch 40: loss = 0.245947 | LR = 2.516376e-02
  Batch 41: loss = 0.296444 | LR = 2.514738e-02
  Batch 42: loss = 0.299682 | LR = 2.513101e-02
  Batch 43: loss = 0.253055 | LR = 2.511463e-02
  Batch 44: loss = 0.281970 | LR = 2.509826e-02
  Batch 45: loss = 0.261323 | LR = 2.508188e-02
  Batch 46: loss = 0.283623 | LR = 2.506550e-02
  Batch 47: loss = 0.317373 | LR = 2.504913e-02
  Batch 48: loss = 0.365072 | LR = 2.503275e-02
Epoch 50: Average loss = 0.3218, Duration = 0.68s
  Batch 1: loss = 0.257712 | LR = 2.501638e-02
  Batch 2: loss = 0.308523 | LR = 2.500000e-02
  Batch 3: loss = 0.253241 | LR = 2.498362e-02
  Batch 4: loss = 0.286941 | LR = 2.496725e-02
  Batch 5: loss = 0.291040 | LR = 2.495087e-02
  Batch 6: loss = 0.312837 | LR = 2.493450e-02
  Batch 7: loss = 0.228564 | LR = 2.491812e-02
  Batch 8: loss = 0.325967 | LR = 2.490174e-02
  Batch 9: loss = 0.318626 | LR = 2.488537e-02
  Batch 10: loss = 0.201426 | LR = 2.486899e-02
  Batch 11: loss = 0.425698 | LR = 2.485262e-02
  Batch 12: loss = 0.203907 | LR = 2.483624e-02
  Batch 13: loss = 0.251610 | LR = 2.481986e-02
  Batch 14: loss = 0.326928 | LR = 2.480349e-02
  Batch 15: loss = 0.232079 | LR = 2.478711e-02
  Batch 16: loss = 0.321766 | LR = 2.477074e-02
  Batch 17: loss = 0.290329 | LR = 2.475436e-02
  Batch 18: loss = 0.242202 | LR = 2.473799e-02
  Batch 19: loss = 0.307719 | LR = 2.472161e-02
  Batch 20: loss = 0.286373 | LR = 2.470524e-02
  Batch 21: loss = 0.215069 | LR = 2.468886e-02
  Batch 22: loss = 0.237255 | LR = 2.467249e-02
  Batch 23: loss = 0.340754 | LR = 2.465611e-02
  Batch 24: loss = 0.357474 | LR = 2.463974e-02
  Batch 25: loss = 0.335012 | LR = 2.462336e-02
  Batch 26: loss = 0.336777 | LR = 2.460699e-02
  Batch 27: loss = 0.279885 | LR = 2.459062e-02
  Batch 28: loss = 0.350352 | LR = 2.457424e-02
  Batch 29: loss = 0.330298 | LR = 2.455787e-02
  Batch 30: loss = 0.240342 | LR = 2.454149e-02
  Batch 31: loss = 0.453732 | LR = 2.452512e-02
  Batch 32: loss = 0.254840 | LR = 2.450875e-02
  Batch 33: loss = 0.368653 | LR = 2.449238e-02
  Batch 34: loss = 0.335335 | LR = 2.447600e-02
  Batch 35: loss = 0.267003 | LR = 2.445963e-02
  Batch 36: loss = 0.276757 | LR = 2.444326e-02
  Batch 37: loss = 0.277899 | LR = 2.442689e-02
  Batch 38: loss = 0.450479 | LR = 2.441051e-02
  Batch 39: loss = 0.386140 | LR = 2.439414e-02
  Batch 40: loss = 0.367113 | LR = 2.437777e-02
  Batch 41: loss = 0.200090 | LR = 2.436140e-02
  Batch 42: loss = 0.422260 | LR = 2.434503e-02
  Batch 43: loss = 0.215252 | LR = 2.432866e-02
  Batch 44: loss = 0.366382 | LR = 2.431229e-02
  Batch 45: loss = 0.176068 | LR = 2.429592e-02
  Batch 46: loss = 0.330146 | LR = 2.427955e-02
  Batch 47: loss = 0.294104 | LR = 2.426318e-02
  Batch 48: loss = 0.230392 | LR = 2.424681e-02
Epoch 51: Average loss = 0.2994, Duration = 0.68s
  Batch 1: loss = 0.339768 | LR = 2.423044e-02
  Batch 2: loss = 0.292003 | LR = 2.421408e-02
  Batch 3: loss = 0.238774 | LR = 2.419771e-02
  Batch 4: loss = 0.357266 | LR = 2.418134e-02
  Batch 5: loss = 0.190205 | LR = 2.416497e-02
  Batch 6: loss = 0.268296 | LR = 2.414861e-02
  Batch 7: loss = 0.339380 | LR = 2.413224e-02
  Batch 8: loss = 0.306780 | LR = 2.411587e-02
  Batch 9: loss = 0.343528 | LR = 2.409951e-02
  Batch 10: loss = 0.223020 | LR = 2.408314e-02
  Batch 11: loss = 0.340808 | LR = 2.406678e-02
  Batch 12: loss = 0.363165 | LR = 2.405041e-02
  Batch 13: loss = 0.230020 | LR = 2.403405e-02
  Batch 14: loss = 0.300455 | LR = 2.401769e-02
  Batch 15: loss = 0.197703 | LR = 2.400132e-02
  Batch 16: loss = 0.386848 | LR = 2.398496e-02
  Batch 17: loss = 0.212100 | LR = 2.396860e-02
  Batch 18: loss = 0.275838 | LR = 2.395224e-02
  Batch 19: loss = 0.291325 | LR = 2.393587e-02
  Batch 20: loss = 0.345028 | LR = 2.391951e-02
  Batch 21: loss = 0.320038 | LR = 2.390315e-02
  Batch 22: loss = 0.413516 | LR = 2.388679e-02
  Batch 23: loss = 0.253160 | LR = 2.387043e-02
  Batch 24: loss = 0.293522 | LR = 2.385407e-02
  Batch 25: loss = 0.318041 | LR = 2.383772e-02
  Batch 26: loss = 0.225743 | LR = 2.382136e-02
  Batch 27: loss = 0.290608 | LR = 2.380500e-02
  Batch 28: loss = 0.385838 | LR = 2.378864e-02
  Batch 29: loss = 0.332356 | LR = 2.377229e-02
  Batch 30: loss = 0.204155 | LR = 2.375593e-02
  Batch 31: loss = 0.278564 | LR = 2.373957e-02
  Batch 32: loss = 0.239302 | LR = 2.372322e-02
  Batch 33: loss = 0.353411 | LR = 2.370686e-02
  Batch 34: loss = 0.330313 | LR = 2.369051e-02
  Batch 35: loss = 0.279867 | LR = 2.367416e-02
  Batch 36: loss = 0.267838 | LR = 2.365780e-02
  Batch 37: loss = 0.339283 | LR = 2.364145e-02
  Batch 38: loss = 0.313804 | LR = 2.362510e-02
  Batch 39: loss = 0.200166 | LR = 2.360875e-02
  Batch 40: loss = 0.177810 | LR = 2.359240e-02
  Batch 41: loss = 0.258487 | LR = 2.357605e-02
  Batch 42: loss = 0.377447 | LR = 2.355970e-02
  Batch 43: loss = 0.115911 | LR = 2.354335e-02
  Batch 44: loss = 0.350611 | LR = 2.352700e-02
  Batch 45: loss = 0.347725 | LR = 2.351066e-02
  Batch 46: loss = 0.263405 | LR = 2.349431e-02
  Batch 47: loss = 0.262026 | LR = 2.347796e-02
  Batch 48: loss = 0.339174 | LR = 2.346162e-02
Epoch 52: Average loss = 0.2911, Duration = 0.72s
  Batch 1: loss = 0.253650 | LR = 2.344527e-02
  Batch 2: loss = 0.276436 | LR = 2.342893e-02
  Batch 3: loss = 0.194593 | LR = 2.341259e-02
  Batch 4: loss = 0.386983 | LR = 2.339624e-02
  Batch 5: loss = 0.197639 | LR = 2.337990e-02
  Batch 6: loss = 0.247412 | LR = 2.336356e-02
  Batch 7: loss = 0.335387 | LR = 2.334722e-02
  Batch 8: loss = 0.349851 | LR = 2.333088e-02
  Batch 9: loss = 0.415945 | LR = 2.331454e-02
  Batch 10: loss = 0.253224 | LR = 2.329820e-02
  Batch 11: loss = 0.292121 | LR = 2.328186e-02
  Batch 12: loss = 0.275958 | LR = 2.326553e-02
  Batch 13: loss = 0.148217 | LR = 2.324919e-02
  Batch 14: loss = 0.362868 | LR = 2.323286e-02
  Batch 15: loss = 0.294480 | LR = 2.321652e-02
  Batch 16: loss = 0.315724 | LR = 2.320019e-02
  Batch 17: loss = 0.199522 | LR = 2.318385e-02
  Batch 18: loss = 0.315753 | LR = 2.316752e-02
  Batch 19: loss = 0.399876 | LR = 2.315119e-02
  Batch 20: loss = 0.260840 | LR = 2.313486e-02
  Batch 21: loss = 0.251044 | LR = 2.311853e-02
  Batch 22: loss = 0.317949 | LR = 2.310220e-02
  Batch 23: loss = 0.361339 | LR = 2.308587e-02
  Batch 24: loss = 0.288468 | LR = 2.306954e-02
  Batch 25: loss = 0.285433 | LR = 2.305322e-02
  Batch 26: loss = 0.382307 | LR = 2.303689e-02
  Batch 27: loss = 0.199878 | LR = 2.302056e-02
  Batch 28: loss = 0.445834 | LR = 2.300424e-02
  Batch 29: loss = 0.318246 | LR = 2.298792e-02
  Batch 30: loss = 0.271886 | LR = 2.297159e-02
  Batch 31: loss = 0.355754 | LR = 2.295527e-02
  Batch 32: loss = 0.221067 | LR = 2.293895e-02
  Batch 33: loss = 0.247398 | LR = 2.292263e-02
  Batch 34: loss = 0.306497 | LR = 2.290631e-02
  Batch 35: loss = 0.301674 | LR = 2.289000e-02
  Batch 36: loss = 0.280635 | LR = 2.287368e-02
  Batch 37: loss = 0.298162 | LR = 2.285736e-02
  Batch 38: loss = 0.208386 | LR = 2.284105e-02
  Batch 39: loss = 0.287308 | LR = 2.282473e-02
  Batch 40: loss = 0.278756 | LR = 2.280842e-02
  Batch 41: loss = 0.270533 | LR = 2.279211e-02
  Batch 42: loss = 0.296548 | LR = 2.277579e-02
  Batch 43: loss = 0.306436 | LR = 2.275948e-02
  Batch 44: loss = 0.352081 | LR = 2.274317e-02
  Batch 45: loss = 0.258308 | LR = 2.272686e-02
  Batch 46: loss = 0.294357 | LR = 2.271056e-02
  Batch 47: loss = 0.243130 | LR = 2.269425e-02
  Batch 48: loss = 0.233582 | LR = 2.267794e-02
Epoch 53: Average loss = 0.2904, Duration = 0.74s
  Batch 1: loss = 0.185910 | LR = 2.266164e-02
  Batch 2: loss = 0.201645 | LR = 2.264534e-02
  Batch 3: loss = 0.376134 | LR = 2.262903e-02
  Batch 4: loss = 0.292357 | LR = 2.261273e-02
  Batch 5: loss = 0.281842 | LR = 2.259643e-02
  Batch 6: loss = 0.260526 | LR = 2.258013e-02
  Batch 7: loss = 0.134317 | LR = 2.256383e-02
  Batch 8: loss = 0.210732 | LR = 2.254753e-02
  Batch 9: loss = 0.411596 | LR = 2.253124e-02
  Batch 10: loss = 0.262308 | LR = 2.251494e-02
  Batch 11: loss = 0.256434 | LR = 2.249865e-02
  Batch 12: loss = 0.205042 | LR = 2.248235e-02
  Batch 13: loss = 0.182355 | LR = 2.246606e-02
  Batch 14: loss = 0.226225 | LR = 2.244977e-02
  Batch 15: loss = 0.388104 | LR = 2.243348e-02
  Batch 16: loss = 0.258847 | LR = 2.241719e-02
  Batch 17: loss = 0.268145 | LR = 2.240090e-02
  Batch 18: loss = 0.183324 | LR = 2.238462e-02
  Batch 19: loss = 0.284940 | LR = 2.236833e-02
  Batch 20: loss = 0.223159 | LR = 2.235205e-02
  Batch 21: loss = 0.224578 | LR = 2.233576e-02
  Batch 22: loss = 0.269834 | LR = 2.231948e-02
  Batch 23: loss = 0.297944 | LR = 2.230320e-02
  Batch 24: loss = 0.187708 | LR = 2.228692e-02
  Batch 25: loss = 0.249685 | LR = 2.227064e-02
  Batch 26: loss = 0.219554 | LR = 2.225436e-02
  Batch 27: loss = 0.306439 | LR = 2.223809e-02
  Batch 28: loss = 0.202442 | LR = 2.222181e-02
  Batch 29: loss = 0.273972 | LR = 2.220554e-02
  Batch 30: loss = 0.293232 | LR = 2.218926e-02
  Batch 31: loss = 0.253277 | LR = 2.217299e-02
  Batch 32: loss = 0.314596 | LR = 2.215672e-02
  Batch 33: loss = 0.180155 | LR = 2.214045e-02
  Batch 34: loss = 0.368248 | LR = 2.212419e-02
  Batch 35: loss = 0.203665 | LR = 2.210792e-02
  Batch 36: loss = 0.282836 | LR = 2.209165e-02
  Batch 37: loss = 0.318653 | LR = 2.207539e-02
  Batch 38: loss = 0.154968 | LR = 2.205913e-02
  Batch 39: loss = 0.322782 | LR = 2.204286e-02
  Batch 40: loss = 0.291216 | LR = 2.202660e-02
  Batch 41: loss = 0.214019 | LR = 2.201034e-02
  Batch 42: loss = 0.219393 | LR = 2.199409e-02
  Batch 43: loss = 0.178564 | LR = 2.197783e-02
  Batch 44: loss = 0.205297 | LR = 2.196157e-02
  Batch 45: loss = 0.254936 | LR = 2.194532e-02
  Batch 46: loss = 0.350817 | LR = 2.192907e-02
  Batch 47: loss = 0.279289 | LR = 2.191282e-02
  Batch 48: loss = 0.157553 | LR = 2.189657e-02
Epoch 54: Average loss = 0.2535, Duration = 0.70s
  Batch 1: loss = 0.278027 | LR = 2.188032e-02
  Batch 2: loss = 0.334348 | LR = 2.186407e-02
  Batch 3: loss = 0.206535 | LR = 2.184782e-02
  Batch 4: loss = 0.321944 | LR = 2.183158e-02
  Batch 5: loss = 0.222080 | LR = 2.181534e-02
  Batch 6: loss = 0.312844 | LR = 2.179909e-02
  Batch 7: loss = 0.204842 | LR = 2.178285e-02
  Batch 8: loss = 0.298417 | LR = 2.176661e-02
  Batch 9: loss = 0.307461 | LR = 2.175038e-02
  Batch 10: loss = 0.311482 | LR = 2.173414e-02
  Batch 11: loss = 0.202678 | LR = 2.171790e-02
  Batch 12: loss = 0.261179 | LR = 2.170167e-02
  Batch 13: loss = 0.226801 | LR = 2.168544e-02
  Batch 14: loss = 0.239365 | LR = 2.166921e-02
  Batch 15: loss = 0.202968 | LR = 2.165298e-02
  Batch 16: loss = 0.197451 | LR = 2.163675e-02
  Batch 17: loss = 0.261692 | LR = 2.162052e-02
  Batch 18: loss = 0.322810 | LR = 2.160430e-02
  Batch 19: loss = 0.275821 | LR = 2.158807e-02
  Batch 20: loss = 0.219011 | LR = 2.157185e-02
  Batch 21: loss = 0.268181 | LR = 2.155563e-02
  Batch 22: loss = 0.208627 | LR = 2.153941e-02
  Batch 23: loss = 0.338718 | LR = 2.152320e-02
  Batch 24: loss = 0.305538 | LR = 2.150698e-02
  Batch 25: loss = 0.157537 | LR = 2.149076e-02
  Batch 26: loss = 0.386404 | LR = 2.147455e-02
  Batch 27: loss = 0.206388 | LR = 2.145834e-02
  Batch 28: loss = 0.257070 | LR = 2.144213e-02
  Batch 29: loss = 0.277099 | LR = 2.142592e-02
  Batch 30: loss = 0.226518 | LR = 2.140971e-02
  Batch 31: loss = 0.232771 | LR = 2.139351e-02
  Batch 32: loss = 0.198689 | LR = 2.137730e-02
  Batch 33: loss = 0.284943 | LR = 2.136110e-02
  Batch 34: loss = 0.243917 | LR = 2.134490e-02
  Batch 35: loss = 0.369793 | LR = 2.132870e-02
  Batch 36: loss = 0.255619 | LR = 2.131250e-02
  Batch 37: loss = 0.241194 | LR = 2.129631e-02
  Batch 38: loss = 0.261215 | LR = 2.128011e-02
  Batch 39: loss = 0.221487 | LR = 2.126392e-02
  Batch 40: loss = 0.230296 | LR = 2.124773e-02
  Batch 41: loss = 0.136090 | LR = 2.123154e-02
  Batch 42: loss = 0.252795 | LR = 2.121535e-02
  Batch 43: loss = 0.225608 | LR = 2.119916e-02
  Batch 44: loss = 0.387843 | LR = 2.118298e-02
  Batch 45: loss = 0.235497 | LR = 2.116680e-02
  Batch 46: loss = 0.232457 | LR = 2.115061e-02
  Batch 47: loss = 0.294011 | LR = 2.113443e-02
  Batch 48: loss = 0.317172 | LR = 2.111826e-02
Epoch 55: Average loss = 0.2596, Duration = 0.73s
  Batch 1: loss = 0.242205 | LR = 2.110208e-02
  Batch 2: loss = 0.199971 | LR = 2.108590e-02
  Batch 3: loss = 0.222265 | LR = 2.106973e-02
  Batch 4: loss = 0.314962 | LR = 2.105356e-02
  Batch 5: loss = 0.239801 | LR = 2.103739e-02
  Batch 6: loss = 0.261828 | LR = 2.102122e-02
  Batch 7: loss = 0.276818 | LR = 2.100505e-02
  Batch 8: loss = 0.271034 | LR = 2.098889e-02
  Batch 9: loss = 0.189129 | LR = 2.097273e-02
  Batch 10: loss = 0.275680 | LR = 2.095656e-02
  Batch 11: loss = 0.238332 | LR = 2.094040e-02
  Batch 12: loss = 0.304845 | LR = 2.092425e-02
  Batch 13: loss = 0.187954 | LR = 2.090809e-02
  Batch 14: loss = 0.255082 | LR = 2.089194e-02
  Batch 15: loss = 0.280365 | LR = 2.087578e-02
  Batch 16: loss = 0.188454 | LR = 2.085963e-02
  Batch 17: loss = 0.232313 | LR = 2.084348e-02
  Batch 18: loss = 0.342460 | LR = 2.082734e-02
  Batch 19: loss = 0.299454 | LR = 2.081119e-02
  Batch 20: loss = 0.302151 | LR = 2.079505e-02
  Batch 21: loss = 0.288802 | LR = 2.077891e-02
  Batch 22: loss = 0.358994 | LR = 2.076277e-02
  Batch 23: loss = 0.212695 | LR = 2.074663e-02
  Batch 24: loss = 0.184477 | LR = 2.073049e-02
  Batch 25: loss = 0.147242 | LR = 2.071436e-02
  Batch 26: loss = 0.280412 | LR = 2.069822e-02
  Batch 27: loss = 0.344887 | LR = 2.068209e-02
  Batch 28: loss = 0.231862 | LR = 2.066596e-02
  Batch 29: loss = 0.242265 | LR = 2.064984e-02
  Batch 30: loss = 0.278293 | LR = 2.063371e-02
  Batch 31: loss = 0.277443 | LR = 2.061759e-02
  Batch 32: loss = 0.243424 | LR = 2.060147e-02
  Batch 33: loss = 0.197840 | LR = 2.058535e-02
  Batch 34: loss = 0.188374 | LR = 2.056923e-02
  Batch 35: loss = 0.185574 | LR = 2.055311e-02
  Batch 36: loss = 0.241555 | LR = 2.053700e-02
  Batch 37: loss = 0.255370 | LR = 2.052089e-02
  Batch 38: loss = 0.259380 | LR = 2.050478e-02
  Batch 39: loss = 0.309427 | LR = 2.048867e-02
  Batch 40: loss = 0.340219 | LR = 2.047256e-02
  Batch 41: loss = 0.190930 | LR = 2.045646e-02
  Batch 42: loss = 0.275331 | LR = 2.044035e-02
  Batch 43: loss = 0.191731 | LR = 2.042425e-02
  Batch 44: loss = 0.254956 | LR = 2.040816e-02
  Batch 45: loss = 0.206054 | LR = 2.039206e-02
  Batch 46: loss = 0.269535 | LR = 2.037596e-02
  Batch 47: loss = 0.209008 | LR = 2.035987e-02
  Batch 48: loss = 0.285057 | LR = 2.034378e-02
Epoch 56: Average loss = 0.2516, Duration = 0.68s
  Batch 1: loss = 0.337522 | LR = 2.032769e-02
  Batch 2: loss = 0.257395 | LR = 2.031161e-02
  Batch 3: loss = 0.232478 | LR = 2.029552e-02
  Batch 4: loss = 0.274608 | LR = 2.027944e-02
  Batch 5: loss = 0.262169 | LR = 2.026336e-02
  Batch 6: loss = 0.249799 | LR = 2.024728e-02
  Batch 7: loss = 0.211422 | LR = 2.023120e-02
  Batch 8: loss = 0.193808 | LR = 2.021513e-02
  Batch 9: loss = 0.266453 | LR = 2.019906e-02
  Batch 10: loss = 0.204861 | LR = 2.018299e-02
  Batch 11: loss = 0.275634 | LR = 2.016692e-02
  Batch 12: loss = 0.253849 | LR = 2.015085e-02
  Batch 13: loss = 0.228138 | LR = 2.013479e-02
  Batch 14: loss = 0.152970 | LR = 2.011873e-02
  Batch 15: loss = 0.221045 | LR = 2.010267e-02
  Batch 16: loss = 0.239654 | LR = 2.008661e-02
  Batch 17: loss = 0.308341 | LR = 2.007055e-02
  Batch 18: loss = 0.145136 | LR = 2.005450e-02
  Batch 19: loss = 0.220551 | LR = 2.003845e-02
  Batch 20: loss = 0.282607 | LR = 2.002240e-02
  Batch 21: loss = 0.188633 | LR = 2.000635e-02
  Batch 22: loss = 0.301253 | LR = 1.999031e-02
  Batch 23: loss = 0.278298 | LR = 1.997426e-02
  Batch 24: loss = 0.273835 | LR = 1.995822e-02
  Batch 25: loss = 0.211849 | LR = 1.994218e-02
  Batch 26: loss = 0.152689 | LR = 1.992615e-02
  Batch 27: loss = 0.247541 | LR = 1.991011e-02
  Batch 28: loss = 0.276730 | LR = 1.989408e-02
  Batch 29: loss = 0.154958 | LR = 1.987805e-02
  Batch 30: loss = 0.171582 | LR = 1.986202e-02
  Batch 31: loss = 0.287979 | LR = 1.984600e-02
  Batch 32: loss = 0.163440 | LR = 1.982998e-02
  Batch 33: loss = 0.107661 | LR = 1.981396e-02
  Batch 34: loss = 0.276937 | LR = 1.979794e-02
  Batch 35: loss = 0.178391 | LR = 1.978192e-02
  Batch 36: loss = 0.164966 | LR = 1.976591e-02
  Batch 37: loss = 0.277539 | LR = 1.974989e-02
  Batch 38: loss = 0.247802 | LR = 1.973388e-02
  Batch 39: loss = 0.207013 | LR = 1.971788e-02
  Batch 40: loss = 0.319939 | LR = 1.970187e-02
  Batch 41: loss = 0.200524 | LR = 1.968587e-02
  Batch 42: loss = 0.338797 | LR = 1.966987e-02
  Batch 43: loss = 0.141108 | LR = 1.965387e-02
  Batch 44: loss = 0.145141 | LR = 1.963787e-02
  Batch 45: loss = 0.157700 | LR = 1.962188e-02
  Batch 46: loss = 0.163070 | LR = 1.960589e-02
  Batch 47: loss = 0.169860 | LR = 1.958990e-02
  Batch 48: loss = 0.130367 | LR = 1.957391e-02
Epoch 57: Average loss = 0.2240, Duration = 0.76s
  Batch 1: loss = 0.314626 | LR = 1.955793e-02
  Batch 2: loss = 0.251744 | LR = 1.954194e-02
  Batch 3: loss = 0.201935 | LR = 1.952596e-02
  Batch 4: loss = 0.210670 | LR = 1.950999e-02
  Batch 5: loss = 0.246988 | LR = 1.949401e-02
  Batch 6: loss = 0.174044 | LR = 1.947804e-02
  Batch 7: loss = 0.134325 | LR = 1.946207e-02
  Batch 8: loss = 0.266017 | LR = 1.944610e-02
  Batch 9: loss = 0.281658 | LR = 1.943013e-02
  Batch 10: loss = 0.237953 | LR = 1.941417e-02
  Batch 11: loss = 0.160787 | LR = 1.939821e-02
  Batch 12: loss = 0.145195 | LR = 1.938225e-02
  Batch 13: loss = 0.084907 | LR = 1.936630e-02
  Batch 14: loss = 0.231210 | LR = 1.935034e-02
  Batch 15: loss = 0.174649 | LR = 1.933439e-02
  Batch 16: loss = 0.276476 | LR = 1.931844e-02
  Batch 17: loss = 0.234518 | LR = 1.930250e-02
  Batch 18: loss = 0.160623 | LR = 1.928655e-02
  Batch 19: loss = 0.294532 | LR = 1.927061e-02
  Batch 20: loss = 0.177418 | LR = 1.925467e-02
  Batch 21: loss = 0.291685 | LR = 1.923873e-02
  Batch 22: loss = 0.177286 | LR = 1.922280e-02
  Batch 23: loss = 0.185034 | LR = 1.920687e-02
  Batch 24: loss = 0.210438 | LR = 1.919094e-02
  Batch 25: loss = 0.207231 | LR = 1.917501e-02
  Batch 26: loss = 0.179418 | LR = 1.915909e-02
  Batch 27: loss = 0.266034 | LR = 1.914317e-02
  Batch 28: loss = 0.206630 | LR = 1.912725e-02
  Batch 29: loss = 0.126534 | LR = 1.911133e-02
  Batch 30: loss = 0.218019 | LR = 1.909542e-02
  Batch 31: loss = 0.291670 | LR = 1.907951e-02
  Batch 32: loss = 0.134674 | LR = 1.906360e-02
  Batch 33: loss = 0.188814 | LR = 1.904769e-02
  Batch 34: loss = 0.228299 | LR = 1.903179e-02
  Batch 35: loss = 0.114005 | LR = 1.901589e-02
  Batch 36: loss = 0.201932 | LR = 1.899999e-02
  Batch 37: loss = 0.233981 | LR = 1.898409e-02
  Batch 38: loss = 0.125767 | LR = 1.896820e-02
  Batch 39: loss = 0.173370 | LR = 1.895231e-02
  Batch 40: loss = 0.242595 | LR = 1.893642e-02
  Batch 41: loss = 0.173740 | LR = 1.892053e-02
  Batch 42: loss = 0.171054 | LR = 1.890465e-02
  Batch 43: loss = 0.160058 | LR = 1.888877e-02
  Batch 44: loss = 0.233278 | LR = 1.887289e-02
  Batch 45: loss = 0.285486 | LR = 1.885701e-02
  Batch 46: loss = 0.216655 | LR = 1.884114e-02
  Batch 47: loss = 0.233649 | LR = 1.882527e-02
  Batch 48: loss = 0.144493 | LR = 1.880940e-02
Epoch 58: Average loss = 0.2059, Duration = 0.68s
  Batch 1: loss = 0.136261 | LR = 1.879354e-02
  Batch 2: loss = 0.069062 | LR = 1.877768e-02
  Batch 3: loss = 0.149313 | LR = 1.876182e-02
  Batch 4: loss = 0.256964 | LR = 1.874596e-02
  Batch 5: loss = 0.163579 | LR = 1.873011e-02
  Batch 6: loss = 0.199476 | LR = 1.871426e-02
  Batch 7: loss = 0.186691 | LR = 1.869841e-02
  Batch 8: loss = 0.125667 | LR = 1.868256e-02
  Batch 9: loss = 0.179845 | LR = 1.866672e-02
  Batch 10: loss = 0.135739 | LR = 1.865088e-02
  Batch 11: loss = 0.175624 | LR = 1.863504e-02
  Batch 12: loss = 0.224407 | LR = 1.861920e-02
  Batch 13: loss = 0.116466 | LR = 1.860337e-02
  Batch 14: loss = 0.163252 | LR = 1.858754e-02
  Batch 15: loss = 0.239150 | LR = 1.857172e-02
  Batch 16: loss = 0.133369 | LR = 1.855589e-02
  Batch 17: loss = 0.171877 | LR = 1.854007e-02
  Batch 18: loss = 0.287876 | LR = 1.852425e-02
  Batch 19: loss = 0.166012 | LR = 1.850844e-02
  Batch 20: loss = 0.190585 | LR = 1.849262e-02
  Batch 21: loss = 0.270502 | LR = 1.847681e-02
  Batch 22: loss = 0.181164 | LR = 1.846100e-02
  Batch 23: loss = 0.176873 | LR = 1.844520e-02
  Batch 24: loss = 0.122359 | LR = 1.842940e-02
  Batch 25: loss = 0.201385 | LR = 1.841360e-02
  Batch 26: loss = 0.228100 | LR = 1.839780e-02
  Batch 27: loss = 0.251351 | LR = 1.838201e-02
  Batch 28: loss = 0.264105 | LR = 1.836622e-02
  Batch 29: loss = 0.185028 | LR = 1.835043e-02
  Batch 30: loss = 0.189708 | LR = 1.833465e-02
  Batch 31: loss = 0.190878 | LR = 1.831887e-02
  Batch 32: loss = 0.163789 | LR = 1.830309e-02
  Batch 33: loss = 0.133233 | LR = 1.828731e-02
  Batch 34: loss = 0.260513 | LR = 1.827154e-02
  Batch 35: loss = 0.116828 | LR = 1.825577e-02
  Batch 36: loss = 0.205116 | LR = 1.824000e-02
  Batch 37: loss = 0.178036 | LR = 1.822423e-02
  Batch 38: loss = 0.168232 | LR = 1.820847e-02
  Batch 39: loss = 0.243793 | LR = 1.819271e-02
  Batch 40: loss = 0.196783 | LR = 1.817696e-02
  Batch 41: loss = 0.213383 | LR = 1.816120e-02
  Batch 42: loss = 0.284266 | LR = 1.814545e-02
  Batch 43: loss = 0.086016 | LR = 1.812971e-02
  Batch 44: loss = 0.237912 | LR = 1.811396e-02
  Batch 45: loss = 0.195967 | LR = 1.809822e-02
  Batch 46: loss = 0.190971 | LR = 1.808248e-02
  Batch 47: loss = 0.239454 | LR = 1.806675e-02
  Batch 48: loss = 0.179567 | LR = 1.805102e-02
Epoch 59: Average loss = 0.1881, Duration = 0.68s
  Batch 1: loss = 0.133109 | LR = 1.803529e-02
  Batch 2: loss = 0.241866 | LR = 1.801956e-02
  Batch 3: loss = 0.220029 | LR = 1.800384e-02
  Batch 4: loss = 0.207575 | LR = 1.798812e-02
  Batch 5: loss = 0.200679 | LR = 1.797240e-02
  Batch 6: loss = 0.248907 | LR = 1.795669e-02
  Batch 7: loss = 0.165783 | LR = 1.794097e-02
  Batch 8: loss = 0.165856 | LR = 1.792527e-02
  Batch 9: loss = 0.369924 | LR = 1.790956e-02
  Batch 10: loss = 0.173167 | LR = 1.789386e-02
  Batch 11: loss = 0.220983 | LR = 1.787816e-02
  Batch 12: loss = 0.262075 | LR = 1.786246e-02
  Batch 13: loss = 0.166853 | LR = 1.784677e-02
  Batch 14: loss = 0.162606 | LR = 1.783108e-02
  Batch 15: loss = 0.193537 | LR = 1.781539e-02
  Batch 16: loss = 0.158012 | LR = 1.779971e-02
  Batch 17: loss = 0.125607 | LR = 1.778403e-02
  Batch 18: loss = 0.168245 | LR = 1.776835e-02
  Batch 19: loss = 0.256301 | LR = 1.775268e-02
  Batch 20: loss = 0.163705 | LR = 1.773701e-02
  Batch 21: loss = 0.169800 | LR = 1.772134e-02
  Batch 22: loss = 0.118499 | LR = 1.770567e-02
  Batch 23: loss = 0.157726 | LR = 1.769001e-02
  Batch 24: loss = 0.119840 | LR = 1.767435e-02
  Batch 25: loss = 0.134221 | LR = 1.765870e-02
  Batch 26: loss = 0.155609 | LR = 1.764304e-02
  Batch 27: loss = 0.118474 | LR = 1.762739e-02
  Batch 28: loss = 0.159296 | LR = 1.761175e-02
  Batch 29: loss = 0.210834 | LR = 1.759611e-02
  Batch 30: loss = 0.154539 | LR = 1.758047e-02
  Batch 31: loss = 0.185832 | LR = 1.756483e-02
  Batch 32: loss = 0.164990 | LR = 1.754920e-02
  Batch 33: loss = 0.127349 | LR = 1.753357e-02
  Batch 34: loss = 0.152085 | LR = 1.751794e-02
  Batch 35: loss = 0.114212 | LR = 1.750231e-02
  Batch 36: loss = 0.118824 | LR = 1.748669e-02
  Batch 37: loss = 0.168043 | LR = 1.747108e-02
  Batch 38: loss = 0.157405 | LR = 1.745546e-02
  Batch 39: loss = 0.106612 | LR = 1.743985e-02
  Batch 40: loss = 0.184249 | LR = 1.742424e-02
  Batch 41: loss = 0.164329 | LR = 1.740864e-02
  Batch 42: loss = 0.126780 | LR = 1.739304e-02
  Batch 43: loss = 0.099227 | LR = 1.737744e-02
  Batch 44: loss = 0.206081 | LR = 1.736184e-02
  Batch 45: loss = 0.138433 | LR = 1.734625e-02
  Batch 46: loss = 0.362405 | LR = 1.733067e-02
  Batch 47: loss = 0.213420 | LR = 1.731508e-02
  Batch 48: loss = 0.127333 | LR = 1.729950e-02
Epoch 60: Average loss = 0.1754, Duration = 0.71s
  Batch 1: loss = 0.116970 | LR = 1.728392e-02
  Batch 2: loss = 0.151832 | LR = 1.726835e-02
  Batch 3: loss = 0.153051 | LR = 1.725277e-02
  Batch 4: loss = 0.179464 | LR = 1.723721e-02
  Batch 5: loss = 0.123237 | LR = 1.722164e-02
  Batch 6: loss = 0.157861 | LR = 1.720608e-02
  Batch 7: loss = 0.091921 | LR = 1.719052e-02
  Batch 8: loss = 0.135209 | LR = 1.717497e-02
  Batch 9: loss = 0.188359 | LR = 1.715941e-02
  Batch 10: loss = 0.179118 | LR = 1.714387e-02
  Batch 11: loss = 0.181646 | LR = 1.712832e-02
  Batch 12: loss = 0.141334 | LR = 1.711278e-02
  Batch 13: loss = 0.211471 | LR = 1.709724e-02
  Batch 14: loss = 0.262938 | LR = 1.708171e-02
  Batch 15: loss = 0.115354 | LR = 1.706618e-02
  Batch 16: loss = 0.201911 | LR = 1.705065e-02
  Batch 17: loss = 0.172914 | LR = 1.703512e-02
  Batch 18: loss = 0.219414 | LR = 1.701960e-02
  Batch 19: loss = 0.235042 | LR = 1.700408e-02
  Batch 20: loss = 0.148014 | LR = 1.698857e-02
  Batch 21: loss = 0.188958 | LR = 1.697306e-02
  Batch 22: loss = 0.181365 | LR = 1.695755e-02
  Batch 23: loss = 0.134850 | LR = 1.694205e-02
  Batch 24: loss = 0.119955 | LR = 1.692655e-02
  Batch 25: loss = 0.139413 | LR = 1.691105e-02
  Batch 26: loss = 0.093668 | LR = 1.689556e-02
  Batch 27: loss = 0.165829 | LR = 1.688007e-02
  Batch 28: loss = 0.252180 | LR = 1.686458e-02
  Batch 29: loss = 0.172546 | LR = 1.684910e-02
  Batch 30: loss = 0.141823 | LR = 1.683362e-02
  Batch 31: loss = 0.117867 | LR = 1.681814e-02
  Batch 32: loss = 0.115966 | LR = 1.680267e-02
  Batch 33: loss = 0.223795 | LR = 1.678720e-02
  Batch 34: loss = 0.167909 | LR = 1.677174e-02
  Batch 35: loss = 0.107779 | LR = 1.675627e-02
  Batch 36: loss = 0.162091 | LR = 1.674082e-02
  Batch 37: loss = 0.194169 | LR = 1.672536e-02
  Batch 38: loss = 0.155622 | LR = 1.670991e-02
  Batch 39: loss = 0.286056 | LR = 1.669446e-02
  Batch 40: loss = 0.253182 | LR = 1.667902e-02
  Batch 41: loss = 0.164004 | LR = 1.666358e-02
  Batch 42: loss = 0.212059 | LR = 1.664814e-02
  Batch 43: loss = 0.149808 | LR = 1.663271e-02
  Batch 44: loss = 0.068198 | LR = 1.661728e-02
  Batch 45: loss = 0.156706 | LR = 1.660185e-02
  Batch 46: loss = 0.184637 | LR = 1.658643e-02
  Batch 47: loss = 0.110976 | LR = 1.657101e-02
  Batch 48: loss = 0.179405 | LR = 1.655559e-02
Epoch 61: Average loss = 0.1660, Duration = 0.70s
  Batch 1: loss = 0.132708 | LR = 1.654018e-02
  Batch 2: loss = 0.155968 | LR = 1.652477e-02
  Batch 3: loss = 0.303243 | LR = 1.650937e-02
  Batch 4: loss = 0.204269 | LR = 1.649397e-02
  Batch 5: loss = 0.121900 | LR = 1.647857e-02
  Batch 6: loss = 0.233511 | LR = 1.646318e-02
  Batch 7: loss = 0.151184 | LR = 1.644779e-02
  Batch 8: loss = 0.221812 | LR = 1.643240e-02
  Batch 9: loss = 0.204512 | LR = 1.641702e-02
  Batch 10: loss = 0.101843 | LR = 1.640164e-02
  Batch 11: loss = 0.170457 | LR = 1.638626e-02
  Batch 12: loss = 0.214765 | LR = 1.637089e-02
  Batch 13: loss = 0.219565 | LR = 1.635552e-02
  Batch 14: loss = 0.236761 | LR = 1.634016e-02
  Batch 15: loss = 0.166836 | LR = 1.632480e-02
  Batch 16: loss = 0.164395 | LR = 1.630944e-02
  Batch 17: loss = 0.198681 | LR = 1.629409e-02
  Batch 18: loss = 0.183909 | LR = 1.627874e-02
  Batch 19: loss = 0.219932 | LR = 1.626340e-02
  Batch 20: loss = 0.192532 | LR = 1.624805e-02
  Batch 21: loss = 0.163638 | LR = 1.623272e-02
  Batch 22: loss = 0.143790 | LR = 1.621738e-02
  Batch 23: loss = 0.095822 | LR = 1.620205e-02
  Batch 24: loss = 0.211665 | LR = 1.618672e-02
  Batch 25: loss = 0.105828 | LR = 1.617140e-02
  Batch 26: loss = 0.142503 | LR = 1.615608e-02
  Batch 27: loss = 0.166651 | LR = 1.614077e-02
  Batch 28: loss = 0.104542 | LR = 1.612546e-02
  Batch 29: loss = 0.138669 | LR = 1.611015e-02
  Batch 30: loss = 0.160266 | LR = 1.609484e-02
  Batch 31: loss = 0.080788 | LR = 1.607954e-02
  Batch 32: loss = 0.154249 | LR = 1.606425e-02
  Batch 33: loss = 0.183825 | LR = 1.604896e-02
  Batch 34: loss = 0.201595 | LR = 1.603367e-02
  Batch 35: loss = 0.188838 | LR = 1.601838e-02
  Batch 36: loss = 0.145339 | LR = 1.600310e-02
  Batch 37: loss = 0.122385 | LR = 1.598782e-02
  Batch 38: loss = 0.214500 | LR = 1.597255e-02
  Batch 39: loss = 0.207218 | LR = 1.595728e-02
  Batch 40: loss = 0.138839 | LR = 1.594202e-02
  Batch 41: loss = 0.243309 | LR = 1.592676e-02
  Batch 42: loss = 0.174947 | LR = 1.591150e-02
  Batch 43: loss = 0.154721 | LR = 1.589624e-02
  Batch 44: loss = 0.106073 | LR = 1.588099e-02
  Batch 45: loss = 0.163711 | LR = 1.586575e-02
  Batch 46: loss = 0.137836 | LR = 1.585051e-02
  Batch 47: loss = 0.140676 | LR = 1.583527e-02
  Batch 48: loss = 0.170346 | LR = 1.582003e-02
Epoch 62: Average loss = 0.1700, Duration = 0.74s
  Batch 1: loss = 0.123666 | LR = 1.580480e-02
  Batch 2: loss = 0.142548 | LR = 1.578958e-02
  Batch 3: loss = 0.172769 | LR = 1.577436e-02
  Batch 4: loss = 0.174655 | LR = 1.575914e-02
  Batch 5: loss = 0.115191 | LR = 1.574392e-02
  Batch 6: loss = 0.131069 | LR = 1.572871e-02
  Batch 7: loss = 0.149195 | LR = 1.571351e-02
  Batch 8: loss = 0.131228 | LR = 1.569830e-02
  Batch 9: loss = 0.209762 | LR = 1.568311e-02
  Batch 10: loss = 0.100885 | LR = 1.566791e-02
  Batch 11: loss = 0.113104 | LR = 1.565272e-02
  Batch 12: loss = 0.101618 | LR = 1.563753e-02
  Batch 13: loss = 0.077333 | LR = 1.562235e-02
  Batch 14: loss = 0.164938 | LR = 1.560717e-02
  Batch 15: loss = 0.115878 | LR = 1.559200e-02
  Batch 16: loss = 0.156445 | LR = 1.557683e-02
  Batch 17: loss = 0.134939 | LR = 1.556166e-02
  Batch 18: loss = 0.127244 | LR = 1.554650e-02
  Batch 19: loss = 0.277866 | LR = 1.553134e-02
  Batch 20: loss = 0.123758 | LR = 1.551619e-02
  Batch 21: loss = 0.184048 | LR = 1.550104e-02
  Batch 22: loss = 0.169707 | LR = 1.548589e-02
  Batch 23: loss = 0.150119 | LR = 1.547075e-02
  Batch 24: loss = 0.123062 | LR = 1.545561e-02
  Batch 25: loss = 0.068110 | LR = 1.544048e-02
  Batch 26: loss = 0.198630 | LR = 1.542535e-02
  Batch 27: loss = 0.142363 | LR = 1.541022e-02
  Batch 28: loss = 0.131750 | LR = 1.539510e-02
  Batch 29: loss = 0.135606 | LR = 1.537999e-02
  Batch 30: loss = 0.196130 | LR = 1.536487e-02
  Batch 31: loss = 0.093824 | LR = 1.534976e-02
  Batch 32: loss = 0.097019 | LR = 1.533466e-02
  Batch 33: loss = 0.139746 | LR = 1.531956e-02
  Batch 34: loss = 0.254850 | LR = 1.530446e-02
  Batch 35: loss = 0.110853 | LR = 1.528937e-02
  Batch 36: loss = 0.080583 | LR = 1.527428e-02
  Batch 37: loss = 0.163884 | LR = 1.525920e-02
  Batch 38: loss = 0.173894 | LR = 1.524412e-02
  Batch 39: loss = 0.149846 | LR = 1.522904e-02
  Batch 40: loss = 0.167926 | LR = 1.521397e-02
  Batch 41: loss = 0.172376 | LR = 1.519890e-02
  Batch 42: loss = 0.209898 | LR = 1.518384e-02
  Batch 43: loss = 0.135849 | LR = 1.516878e-02
  Batch 44: loss = 0.140296 | LR = 1.515373e-02
  Batch 45: loss = 0.156106 | LR = 1.513868e-02
  Batch 46: loss = 0.150474 | LR = 1.512363e-02
  Batch 47: loss = 0.121818 | LR = 1.510859e-02
  Batch 48: loss = 0.166757 | LR = 1.509355e-02
Epoch 63: Average loss = 0.1465, Duration = 0.67s
  Batch 1: loss = 0.153227 | LR = 1.507852e-02
  Batch 2: loss = 0.162794 | LR = 1.506349e-02
  Batch 3: loss = 0.150211 | LR = 1.504846e-02
  Batch 4: loss = 0.187469 | LR = 1.503344e-02
  Batch 5: loss = 0.078009 | LR = 1.501843e-02
  Batch 6: loss = 0.154565 | LR = 1.500341e-02
  Batch 7: loss = 0.065491 | LR = 1.498841e-02
  Batch 8: loss = 0.157526 | LR = 1.497340e-02
  Batch 9: loss = 0.194983 | LR = 1.495840e-02
  Batch 10: loss = 0.226952 | LR = 1.494341e-02
  Batch 11: loss = 0.078452 | LR = 1.492842e-02
  Batch 12: loss = 0.157382 | LR = 1.491343e-02
  Batch 13: loss = 0.083019 | LR = 1.489845e-02
  Batch 14: loss = 0.131255 | LR = 1.488347e-02
  Batch 15: loss = 0.221367 | LR = 1.486850e-02
  Batch 16: loss = 0.099240 | LR = 1.485353e-02
  Batch 17: loss = 0.136236 | LR = 1.483857e-02
  Batch 18: loss = 0.120234 | LR = 1.482361e-02
  Batch 19: loss = 0.195912 | LR = 1.480865e-02
  Batch 20: loss = 0.189021 | LR = 1.479370e-02
  Batch 21: loss = 0.130618 | LR = 1.477875e-02
  Batch 22: loss = 0.098249 | LR = 1.476381e-02
  Batch 23: loss = 0.117977 | LR = 1.474887e-02
  Batch 24: loss = 0.069539 | LR = 1.473394e-02
  Batch 25: loss = 0.149036 | LR = 1.471901e-02
  Batch 26: loss = 0.127754 | LR = 1.470408e-02
  Batch 27: loss = 0.089049 | LR = 1.468916e-02
  Batch 28: loss = 0.137285 | LR = 1.467425e-02
  Batch 29: loss = 0.066860 | LR = 1.465933e-02
  Batch 30: loss = 0.063991 | LR = 1.464443e-02
  Batch 31: loss = 0.194510 | LR = 1.462952e-02
  Batch 32: loss = 0.074928 | LR = 1.461462e-02
  Batch 33: loss = 0.109531 | LR = 1.459973e-02
  Batch 34: loss = 0.144755 | LR = 1.458484e-02
  Batch 35: loss = 0.139215 | LR = 1.456996e-02
  Batch 36: loss = 0.074770 | LR = 1.455508e-02
  Batch 37: loss = 0.071481 | LR = 1.454020e-02
  Batch 38: loss = 0.097844 | LR = 1.452533e-02
  Batch 39: loss = 0.157995 | LR = 1.451046e-02
  Batch 40: loss = 0.234399 | LR = 1.449560e-02
  Batch 41: loss = 0.155122 | LR = 1.448074e-02
  Batch 42: loss = 0.138471 | LR = 1.446589e-02
  Batch 43: loss = 0.160240 | LR = 1.445104e-02
  Batch 44: loss = 0.119397 | LR = 1.443619e-02
  Batch 45: loss = 0.135177 | LR = 1.442135e-02
  Batch 46: loss = 0.193195 | LR = 1.440652e-02
  Batch 47: loss = 0.075247 | LR = 1.439169e-02
  Batch 48: loss = 0.099933 | LR = 1.437686e-02
Epoch 64: Average loss = 0.1327, Duration = 0.74s
  Batch 1: loss = 0.113276 | LR = 1.436204e-02
  Batch 2: loss = 0.087931 | LR = 1.434722e-02
  Batch 3: loss = 0.127789 | LR = 1.433241e-02
  Batch 4: loss = 0.166355 | LR = 1.431760e-02
  Batch 5: loss = 0.094389 | LR = 1.430280e-02
  Batch 6: loss = 0.147293 | LR = 1.428800e-02
  Batch 7: loss = 0.103019 | LR = 1.427320e-02
  Batch 8: loss = 0.221700 | LR = 1.425841e-02
  Batch 9: loss = 0.161226 | LR = 1.424363e-02
  Batch 10: loss = 0.097008 | LR = 1.422885e-02
  Batch 11: loss = 0.104084 | LR = 1.421407e-02
  Batch 12: loss = 0.101440 | LR = 1.419930e-02
  Batch 13: loss = 0.115411 | LR = 1.418453e-02
  Batch 14: loss = 0.057866 | LR = 1.416977e-02
  Batch 15: loss = 0.204050 | LR = 1.415501e-02
  Batch 16: loss = 0.079597 | LR = 1.414026e-02
  Batch 17: loss = 0.094824 | LR = 1.412551e-02
  Batch 18: loss = 0.208732 | LR = 1.411077e-02
  Batch 19: loss = 0.140956 | LR = 1.409603e-02
  Batch 20: loss = 0.170884 | LR = 1.408130e-02
  Batch 21: loss = 0.225748 | LR = 1.406657e-02
  Batch 22: loss = 0.090687 | LR = 1.405184e-02
  Batch 23: loss = 0.119353 | LR = 1.403712e-02
  Batch 24: loss = 0.125102 | LR = 1.402241e-02
  Batch 25: loss = 0.130494 | LR = 1.400770e-02
  Batch 26: loss = 0.141960 | LR = 1.399299e-02
  Batch 27: loss = 0.119967 | LR = 1.397829e-02
  Batch 28: loss = 0.143185 | LR = 1.396359e-02
  Batch 29: loss = 0.168220 | LR = 1.394890e-02
  Batch 30: loss = 0.103999 | LR = 1.393422e-02
  Batch 31: loss = 0.103954 | LR = 1.391953e-02
  Batch 32: loss = 0.103672 | LR = 1.390486e-02
  Batch 33: loss = 0.208797 | LR = 1.389018e-02
  Batch 34: loss = 0.172876 | LR = 1.387552e-02
  Batch 35: loss = 0.151676 | LR = 1.386085e-02
  Batch 36: loss = 0.075631 | LR = 1.384619e-02
  Batch 37: loss = 0.096357 | LR = 1.383154e-02
  Batch 38: loss = 0.087279 | LR = 1.381689e-02
  Batch 39: loss = 0.151231 | LR = 1.380225e-02
  Batch 40: loss = 0.142348 | LR = 1.378761e-02
  Batch 41: loss = 0.101383 | LR = 1.377297e-02
  Batch 42: loss = 0.118651 | LR = 1.375835e-02
  Batch 43: loss = 0.068066 | LR = 1.374372e-02
  Batch 44: loss = 0.077793 | LR = 1.372910e-02
  Batch 45: loss = 0.134788 | LR = 1.371449e-02
  Batch 46: loss = 0.142910 | LR = 1.369988e-02
  Batch 47: loss = 0.127048 | LR = 1.368527e-02
  Batch 48: loss = 0.080789 | LR = 1.367067e-02
Epoch 65: Average loss = 0.1273, Duration = 0.76s
  Batch 1: loss = 0.158762 | LR = 1.365607e-02
  Batch 2: loss = 0.094755 | LR = 1.364148e-02
  Batch 3: loss = 0.145508 | LR = 1.362690e-02
  Batch 4: loss = 0.103048 | LR = 1.361232e-02
  Batch 5: loss = 0.106826 | LR = 1.359774e-02
  Batch 6: loss = 0.093060 | LR = 1.358317e-02
  Batch 7: loss = 0.141350 | LR = 1.356860e-02
  Batch 8: loss = 0.107391 | LR = 1.355404e-02
  Batch 9: loss = 0.101783 | LR = 1.353949e-02
  Batch 10: loss = 0.069588 | LR = 1.352493e-02
  Batch 11: loss = 0.122467 | LR = 1.351039e-02
  Batch 12: loss = 0.129896 | LR = 1.349585e-02
  Batch 13: loss = 0.074228 | LR = 1.348131e-02
  Batch 14: loss = 0.124563 | LR = 1.346678e-02
  Batch 15: loss = 0.098268 | LR = 1.345225e-02
  Batch 16: loss = 0.196136 | LR = 1.343773e-02
  Batch 17: loss = 0.061814 | LR = 1.342321e-02
  Batch 18: loss = 0.133240 | LR = 1.340870e-02
  Batch 19: loss = 0.080384 | LR = 1.339419e-02
  Batch 20: loss = 0.128216 | LR = 1.337969e-02
  Batch 21: loss = 0.165224 | LR = 1.336519e-02
  Batch 22: loss = 0.121994 | LR = 1.335070e-02
  Batch 23: loss = 0.096816 | LR = 1.333621e-02
  Batch 24: loss = 0.139080 | LR = 1.332173e-02
  Batch 25: loss = 0.066832 | LR = 1.330725e-02
  Batch 26: loss = 0.043357 | LR = 1.329278e-02
  Batch 27: loss = 0.081278 | LR = 1.327832e-02
  Batch 28: loss = 0.192265 | LR = 1.326385e-02
  Batch 29: loss = 0.045357 | LR = 1.324940e-02
  Batch 30: loss = 0.201079 | LR = 1.323494e-02
  Batch 31: loss = 0.131825 | LR = 1.322050e-02
  Batch 32: loss = 0.077741 | LR = 1.320606e-02
  Batch 33: loss = 0.094209 | LR = 1.319162e-02
  Batch 34: loss = 0.111792 | LR = 1.317719e-02
  Batch 35: loss = 0.049714 | LR = 1.316276e-02
  Batch 36: loss = 0.081613 | LR = 1.314834e-02
  Batch 37: loss = 0.073512 | LR = 1.313392e-02
  Batch 38: loss = 0.201370 | LR = 1.311951e-02
  Batch 39: loss = 0.064136 | LR = 1.310511e-02
  Batch 40: loss = 0.084906 | LR = 1.309070e-02
  Batch 41: loss = 0.131579 | LR = 1.307631e-02
  Batch 42: loss = 0.118070 | LR = 1.306192e-02
  Batch 43: loss = 0.093417 | LR = 1.304753e-02
  Batch 44: loss = 0.101063 | LR = 1.303315e-02
  Batch 45: loss = 0.103702 | LR = 1.301878e-02
  Batch 46: loss = 0.105962 | LR = 1.300440e-02
  Batch 47: loss = 0.079836 | LR = 1.299004e-02
  Batch 48: loss = 0.107336 | LR = 1.297568e-02
Epoch 66: Average loss = 0.1091, Duration = 0.72s
  Batch 1: loss = 0.062233 | LR = 1.296132e-02
  Batch 2: loss = 0.082478 | LR = 1.294697e-02
  Batch 3: loss = 0.063354 | LR = 1.293263e-02
  Batch 4: loss = 0.085774 | LR = 1.291829e-02
  Batch 5: loss = 0.078717 | LR = 1.290396e-02
  Batch 6: loss = 0.108959 | LR = 1.288963e-02
  Batch 7: loss = 0.061329 | LR = 1.287530e-02
  Batch 8: loss = 0.119432 | LR = 1.286099e-02
  Batch 9: loss = 0.098918 | LR = 1.284667e-02
  Batch 10: loss = 0.062909 | LR = 1.283236e-02
  Batch 11: loss = 0.108913 | LR = 1.281806e-02
  Batch 12: loss = 0.097922 | LR = 1.280376e-02
  Batch 13: loss = 0.078823 | LR = 1.278947e-02
  Batch 14: loss = 0.057430 | LR = 1.277518e-02
  Batch 15: loss = 0.093570 | LR = 1.276090e-02
  Batch 16: loss = 0.098130 | LR = 1.274662e-02
  Batch 17: loss = 0.093971 | LR = 1.273235e-02
  Batch 18: loss = 0.154497 | LR = 1.271809e-02
  Batch 19: loss = 0.141439 | LR = 1.270383e-02
  Batch 20: loss = 0.132839 | LR = 1.268957e-02
  Batch 21: loss = 0.079531 | LR = 1.267532e-02
  Batch 22: loss = 0.118151 | LR = 1.266107e-02
  Batch 23: loss = 0.204298 | LR = 1.264683e-02
  Batch 24: loss = 0.122866 | LR = 1.263260e-02
  Batch 25: loss = 0.114597 | LR = 1.261837e-02
  Batch 26: loss = 0.088167 | LR = 1.260415e-02
  Batch 27: loss = 0.105174 | LR = 1.258993e-02
  Batch 28: loss = 0.085048 | LR = 1.257571e-02
  Batch 29: loss = 0.045868 | LR = 1.256151e-02
  Batch 30: loss = 0.075404 | LR = 1.254730e-02
  Batch 31: loss = 0.076060 | LR = 1.253311e-02
  Batch 32: loss = 0.083897 | LR = 1.251891e-02
  Batch 33: loss = 0.069062 | LR = 1.250473e-02
  Batch 34: loss = 0.125339 | LR = 1.249055e-02
  Batch 35: loss = 0.097454 | LR = 1.247637e-02
  Batch 36: loss = 0.108918 | LR = 1.246220e-02
  Batch 37: loss = 0.055897 | LR = 1.244803e-02
  Batch 38: loss = 0.091357 | LR = 1.243388e-02
  Batch 39: loss = 0.094112 | LR = 1.241972e-02
  Batch 40: loss = 0.093059 | LR = 1.240557e-02
  Batch 41: loss = 0.036396 | LR = 1.239143e-02
  Batch 42: loss = 0.085484 | LR = 1.237729e-02
  Batch 43: loss = 0.045922 | LR = 1.236316e-02
  Batch 44: loss = 0.058826 | LR = 1.234903e-02
  Batch 45: loss = 0.070750 | LR = 1.233491e-02
  Batch 46: loss = 0.082893 | LR = 1.232079e-02
  Batch 47: loss = 0.123452 | LR = 1.230668e-02
  Batch 48: loss = 0.102989 | LR = 1.229258e-02
Epoch 67: Average loss = 0.0921, Duration = 0.70s
  Batch 1: loss = 0.073610 | LR = 1.227848e-02
  Batch 2: loss = 0.058217 | LR = 1.226438e-02
  Batch 3: loss = 0.112280 | LR = 1.225029e-02
  Batch 4: loss = 0.062259 | LR = 1.223621e-02
  Batch 5: loss = 0.119253 | LR = 1.222213e-02
  Batch 6: loss = 0.041866 | LR = 1.220806e-02
  Batch 7: loss = 0.062266 | LR = 1.219399e-02
  Batch 8: loss = 0.041224 | LR = 1.217993e-02
  Batch 9: loss = 0.153986 | LR = 1.216587e-02
  Batch 10: loss = 0.107998 | LR = 1.215182e-02
  Batch 11: loss = 0.164307 | LR = 1.213778e-02
  Batch 12: loss = 0.083152 | LR = 1.212374e-02
  Batch 13: loss = 0.019977 | LR = 1.210970e-02
  Batch 14: loss = 0.058762 | LR = 1.209567e-02
  Batch 15: loss = 0.157220 | LR = 1.208165e-02
  Batch 16: loss = 0.135005 | LR = 1.206763e-02
  Batch 17: loss = 0.078607 | LR = 1.205362e-02
  Batch 18: loss = 0.080097 | LR = 1.203961e-02
  Batch 19: loss = 0.074326 | LR = 1.202561e-02
  Batch 20: loss = 0.050342 | LR = 1.201162e-02
  Batch 21: loss = 0.082954 | LR = 1.199763e-02
  Batch 22: loss = 0.274225 | LR = 1.198364e-02
  Batch 23: loss = 0.085893 | LR = 1.196967e-02
  Batch 24: loss = 0.062521 | LR = 1.195569e-02
  Batch 25: loss = 0.148310 | LR = 1.194173e-02
  Batch 26: loss = 0.188162 | LR = 1.192776e-02
  Batch 27: loss = 0.065035 | LR = 1.191381e-02
  Batch 28: loss = 0.076079 | LR = 1.189986e-02
  Batch 29: loss = 0.064318 | LR = 1.188591e-02
  Batch 30: loss = 0.067592 | LR = 1.187197e-02
  Batch 31: loss = 0.107321 | LR = 1.185804e-02
  Batch 32: loss = 0.074866 | LR = 1.184411e-02
  Batch 33: loss = 0.057906 | LR = 1.183019e-02
  Batch 34: loss = 0.091894 | LR = 1.181627e-02
  Batch 35: loss = 0.051569 | LR = 1.180236e-02
  Batch 36: loss = 0.104142 | LR = 1.178845e-02
  Batch 37: loss = 0.050578 | LR = 1.177455e-02
  Batch 38: loss = 0.068383 | LR = 1.176066e-02
  Batch 39: loss = 0.068733 | LR = 1.174677e-02
  Batch 40: loss = 0.074176 | LR = 1.173289e-02
  Batch 41: loss = 0.100387 | LR = 1.171901e-02
  Batch 42: loss = 0.112397 | LR = 1.170514e-02
  Batch 43: loss = 0.078646 | LR = 1.169128e-02
  Batch 44: loss = 0.090635 | LR = 1.167742e-02
  Batch 45: loss = 0.066334 | LR = 1.166356e-02
  Batch 46: loss = 0.047389 | LR = 1.164971e-02
  Batch 47: loss = 0.040777 | LR = 1.163587e-02
  Batch 48: loss = 0.073130 | LR = 1.162203e-02
Epoch 68: Average loss = 0.0877, Duration = 0.66s
  Batch 1: loss = 0.029051 | LR = 1.160820e-02
  Batch 2: loss = 0.073073 | LR = 1.159438e-02
  Batch 3: loss = 0.061233 | LR = 1.158056e-02
  Batch 4: loss = 0.075517 | LR = 1.156674e-02
  Batch 5: loss = 0.048128 | LR = 1.155293e-02
  Batch 6: loss = 0.076704 | LR = 1.153913e-02
  Batch 7: loss = 0.077783 | LR = 1.152534e-02
  Batch 8: loss = 0.101350 | LR = 1.151154e-02
  Batch 9: loss = 0.047403 | LR = 1.149776e-02
  Batch 10: loss = 0.070290 | LR = 1.148398e-02
  Batch 11: loss = 0.114212 | LR = 1.147021e-02
  Batch 12: loss = 0.101233 | LR = 1.145644e-02
  Batch 13: loss = 0.032302 | LR = 1.144268e-02
  Batch 14: loss = 0.071066 | LR = 1.142892e-02
  Batch 15: loss = 0.082376 | LR = 1.141517e-02
  Batch 16: loss = 0.102651 | LR = 1.140143e-02
  Batch 17: loss = 0.055226 | LR = 1.138769e-02
  Batch 18: loss = 0.058131 | LR = 1.137395e-02
  Batch 19: loss = 0.068128 | LR = 1.136023e-02
  Batch 20: loss = 0.049044 | LR = 1.134651e-02
  Batch 21: loss = 0.064431 | LR = 1.133279e-02
  Batch 22: loss = 0.149894 | LR = 1.131908e-02
  Batch 23: loss = 0.060418 | LR = 1.130538e-02
  Batch 24: loss = 0.125721 | LR = 1.129168e-02
  Batch 25: loss = 0.167577 | LR = 1.127799e-02
  Batch 26: loss = 0.058966 | LR = 1.126430e-02
  Batch 27: loss = 0.107733 | LR = 1.125062e-02
  Batch 28: loss = 0.215244 | LR = 1.123695e-02
  Batch 29: loss = 0.086930 | LR = 1.122328e-02
  Batch 30: loss = 0.063498 | LR = 1.120962e-02
  Batch 31: loss = 0.093171 | LR = 1.119596e-02
  Batch 32: loss = 0.040819 | LR = 1.118231e-02
  Batch 33: loss = 0.048901 | LR = 1.116867e-02
  Batch 34: loss = 0.099873 | LR = 1.115503e-02
  Batch 35: loss = 0.113711 | LR = 1.114140e-02
  Batch 36: loss = 0.147688 | LR = 1.112777e-02
  Batch 37: loss = 0.092387 | LR = 1.111415e-02
  Batch 38: loss = 0.057589 | LR = 1.110053e-02
  Batch 39: loss = 0.094309 | LR = 1.108692e-02
  Batch 40: loss = 0.154569 | LR = 1.107332e-02
  Batch 41: loss = 0.060176 | LR = 1.105973e-02
  Batch 42: loss = 0.145140 | LR = 1.104613e-02
  Batch 43: loss = 0.067067 | LR = 1.103255e-02
  Batch 44: loss = 0.122759 | LR = 1.101897e-02
  Batch 45: loss = 0.099614 | LR = 1.100540e-02
  Batch 46: loss = 0.044553 | LR = 1.099183e-02
  Batch 47: loss = 0.088924 | LR = 1.097827e-02
  Batch 48: loss = 0.097351 | LR = 1.096472e-02
Epoch 69: Average loss = 0.0867, Duration = 0.74s
  Batch 1: loss = 0.074486 | LR = 1.095117e-02
  Batch 2: loss = 0.058595 | LR = 1.093762e-02
  Batch 3: loss = 0.076892 | LR = 1.092409e-02
  Batch 4: loss = 0.044314 | LR = 1.091056e-02
  Batch 5: loss = 0.108771 | LR = 1.089703e-02
  Batch 6: loss = 0.052382 | LR = 1.088351e-02
  Batch 7: loss = 0.080227 | LR = 1.087000e-02
  Batch 8: loss = 0.072929 | LR = 1.085649e-02
  Batch 9: loss = 0.101171 | LR = 1.084299e-02
  Batch 10: loss = 0.067667 | LR = 1.082950e-02
  Batch 11: loss = 0.106898 | LR = 1.081601e-02
  Batch 12: loss = 0.037978 | LR = 1.080253e-02
  Batch 13: loss = 0.087151 | LR = 1.078905e-02
  Batch 14: loss = 0.074574 | LR = 1.077558e-02
  Batch 15: loss = 0.035431 | LR = 1.076212e-02
  Batch 16: loss = 0.076034 | LR = 1.074866e-02
  Batch 17: loss = 0.123537 | LR = 1.073521e-02
  Batch 18: loss = 0.076608 | LR = 1.072176e-02
  Batch 19: loss = 0.069617 | LR = 1.070832e-02
  Batch 20: loss = 0.033429 | LR = 1.069489e-02
  Batch 21: loss = 0.112364 | LR = 1.068146e-02
  Batch 22: loss = 0.065777 | LR = 1.066804e-02
  Batch 23: loss = 0.130924 | LR = 1.065463e-02
  Batch 24: loss = 0.179298 | LR = 1.064122e-02
  Batch 25: loss = 0.129801 | LR = 1.062782e-02
  Batch 26: loss = 0.078681 | LR = 1.061442e-02
  Batch 27: loss = 0.120563 | LR = 1.060103e-02
  Batch 28: loss = 0.086796 | LR = 1.058765e-02
  Batch 29: loss = 0.087731 | LR = 1.057427e-02
  Batch 30: loss = 0.100029 | LR = 1.056090e-02
  Batch 31: loss = 0.036710 | LR = 1.054753e-02
  Batch 32: loss = 0.078976 | LR = 1.053417e-02
  Batch 33: loss = 0.113939 | LR = 1.052082e-02
  Batch 34: loss = 0.068663 | LR = 1.050747e-02
  Batch 35: loss = 0.103779 | LR = 1.049413e-02
  Batch 36: loss = 0.085454 | LR = 1.048080e-02
  Batch 37: loss = 0.086474 | LR = 1.046747e-02
  Batch 38: loss = 0.058326 | LR = 1.045415e-02
  Batch 39: loss = 0.081770 | LR = 1.044083e-02
  Batch 40: loss = 0.040429 | LR = 1.042752e-02
  Batch 41: loss = 0.073059 | LR = 1.041422e-02
  Batch 42: loss = 0.058602 | LR = 1.040092e-02
  Batch 43: loss = 0.035420 | LR = 1.038763e-02
  Batch 44: loss = 0.056291 | LR = 1.037435e-02
  Batch 45: loss = 0.042216 | LR = 1.036107e-02
  Batch 46: loss = 0.101722 | LR = 1.034780e-02
  Batch 47: loss = 0.033177 | LR = 1.033453e-02
  Batch 48: loss = 0.041926 | LR = 1.032127e-02
Epoch 70: Average loss = 0.0781, Duration = 0.70s
  Batch 1: loss = 0.059108 | LR = 1.030802e-02
  Batch 2: loss = 0.046876 | LR = 1.029477e-02
  Batch 3: loss = 0.052176 | LR = 1.028153e-02
  Batch 4: loss = 0.038512 | LR = 1.026830e-02
  Batch 5: loss = 0.055128 | LR = 1.025507e-02
  Batch 6: loss = 0.047635 | LR = 1.024185e-02
  Batch 7: loss = 0.020262 | LR = 1.022863e-02
  Batch 8: loss = 0.089876 | LR = 1.021542e-02
  Batch 9: loss = 0.072850 | LR = 1.020222e-02
  Batch 10: loss = 0.085884 | LR = 1.018903e-02
  Batch 11: loss = 0.077813 | LR = 1.017584e-02
  Batch 12: loss = 0.055828 | LR = 1.016265e-02
  Batch 13: loss = 0.049919 | LR = 1.014948e-02
  Batch 14: loss = 0.040075 | LR = 1.013631e-02
  Batch 15: loss = 0.075090 | LR = 1.012314e-02
  Batch 16: loss = 0.066763 | LR = 1.010998e-02
  Batch 17: loss = 0.050400 | LR = 1.009683e-02
  Batch 18: loss = 0.073524 | LR = 1.008369e-02
  Batch 19: loss = 0.100910 | LR = 1.007055e-02
  Batch 20: loss = 0.071716 | LR = 1.005742e-02
  Batch 21: loss = 0.026385 | LR = 1.004429e-02
  Batch 22: loss = 0.038001 | LR = 1.003117e-02
  Batch 23: loss = 0.046313 | LR = 1.001806e-02
  Batch 24: loss = 0.039987 | LR = 1.000495e-02
  Batch 25: loss = 0.079767 | LR = 9.991852e-03
  Batch 26: loss = 0.101275 | LR = 9.978758e-03
  Batch 27: loss = 0.041512 | LR = 9.965671e-03
  Batch 28: loss = 0.080843 | LR = 9.952590e-03
  Batch 29: loss = 0.077731 | LR = 9.939516e-03
  Batch 30: loss = 0.097508 | LR = 9.926448e-03
  Batch 31: loss = 0.021004 | LR = 9.913387e-03
  Batch 32: loss = 0.109825 | LR = 9.900332e-03
  Batch 33: loss = 0.019858 | LR = 9.887283e-03
  Batch 34: loss = 0.090555 | LR = 9.874241e-03
  Batch 35: loss = 0.088091 | LR = 9.861206e-03
  Batch 36: loss = 0.076603 | LR = 9.848177e-03
  Batch 37: loss = 0.043585 | LR = 9.835154e-03
  Batch 38: loss = 0.068900 | LR = 9.822138e-03
  Batch 39: loss = 0.133109 | LR = 9.809129e-03
  Batch 40: loss = 0.080441 | LR = 9.796126e-03
  Batch 41: loss = 0.124096 | LR = 9.783130e-03
  Batch 42: loss = 0.040613 | LR = 9.770140e-03
  Batch 43: loss = 0.059746 | LR = 9.757157e-03
  Batch 44: loss = 0.043053 | LR = 9.744180e-03
  Batch 45: loss = 0.057793 | LR = 9.731209e-03
  Batch 46: loss = 0.063647 | LR = 9.718246e-03
  Batch 47: loss = 0.093277 | LR = 9.705289e-03
  Batch 48: loss = 0.034172 | LR = 9.692338e-03
Epoch 71: Average loss = 0.0648, Duration = 0.72s
  Batch 1: loss = 0.068537 | LR = 9.679394e-03
  Batch 2: loss = 0.089200 | LR = 9.666457e-03
  Batch 3: loss = 0.055597 | LR = 9.653526e-03
  Batch 4: loss = 0.057234 | LR = 9.640602e-03
  Batch 5: loss = 0.038612 | LR = 9.627684e-03
  Batch 6: loss = 0.088753 | LR = 9.614773e-03
  Batch 7: loss = 0.079777 | LR = 9.601868e-03
  Batch 8: loss = 0.069952 | LR = 9.588970e-03
  Batch 9: loss = 0.122461 | LR = 9.576079e-03
  Batch 10: loss = 0.033578 | LR = 9.563195e-03
  Batch 11: loss = 0.044818 | LR = 9.550317e-03
  Batch 12: loss = 0.056005 | LR = 9.537445e-03
  Batch 13: loss = 0.032563 | LR = 9.524580e-03
  Batch 14: loss = 0.083137 | LR = 9.511722e-03
  Batch 15: loss = 0.044599 | LR = 9.498871e-03
  Batch 16: loss = 0.078534 | LR = 9.486026e-03
  Batch 17: loss = 0.059203 | LR = 9.473188e-03
  Batch 18: loss = 0.155664 | LR = 9.460356e-03
  Batch 19: loss = 0.053411 | LR = 9.447532e-03
  Batch 20: loss = 0.050841 | LR = 9.434713e-03
  Batch 21: loss = 0.071935 | LR = 9.421902e-03
  Batch 22: loss = 0.061609 | LR = 9.409097e-03
  Batch 23: loss = 0.071628 | LR = 9.396299e-03
  Batch 24: loss = 0.056194 | LR = 9.383508e-03
  Batch 25: loss = 0.078715 | LR = 9.370723e-03
  Batch 26: loss = 0.040704 | LR = 9.357945e-03
  Batch 27: loss = 0.058367 | LR = 9.345174e-03
  Batch 28: loss = 0.053958 | LR = 9.332409e-03
  Batch 29: loss = 0.101851 | LR = 9.319651e-03
  Batch 30: loss = 0.089344 | LR = 9.306900e-03
  Batch 31: loss = 0.079563 | LR = 9.294156e-03
  Batch 32: loss = 0.044544 | LR = 9.281418e-03
  Batch 33: loss = 0.079374 | LR = 9.268687e-03
  Batch 34: loss = 0.052892 | LR = 9.255963e-03
  Batch 35: loss = 0.030599 | LR = 9.243246e-03
  Batch 36: loss = 0.088019 | LR = 9.230535e-03
  Batch 37: loss = 0.091557 | LR = 9.217831e-03
  Batch 38: loss = 0.031574 | LR = 9.205134e-03
  Batch 39: loss = 0.080367 | LR = 9.192444e-03
  Batch 40: loss = 0.080791 | LR = 9.179760e-03
  Batch 41: loss = 0.102949 | LR = 9.167083e-03
  Batch 42: loss = 0.035618 | LR = 9.154413e-03
  Batch 43: loss = 0.034998 | LR = 9.141750e-03
  Batch 44: loss = 0.114875 | LR = 9.129094e-03
  Batch 45: loss = 0.085759 | LR = 9.116444e-03
  Batch 46: loss = 0.050748 | LR = 9.103802e-03
  Batch 47: loss = 0.051716 | LR = 9.091166e-03
  Batch 48: loss = 0.115657 | LR = 9.078537e-03
Epoch 72: Average loss = 0.0687, Duration = 0.73s
  Batch 1: loss = 0.028376 | LR = 9.065914e-03
  Batch 2: loss = 0.045844 | LR = 9.053299e-03
  Batch 3: loss = 0.032777 | LR = 9.040690e-03
  Batch 4: loss = 0.035759 | LR = 9.028089e-03
  Batch 5: loss = 0.024467 | LR = 9.015494e-03
  Batch 6: loss = 0.058557 | LR = 9.002906e-03
  Batch 7: loss = 0.032947 | LR = 8.990325e-03
  Batch 8: loss = 0.095444 | LR = 8.977750e-03
  Batch 9: loss = 0.087272 | LR = 8.965183e-03
  Batch 10: loss = 0.057070 | LR = 8.952623e-03
  Batch 11: loss = 0.021747 | LR = 8.940069e-03
  Batch 12: loss = 0.050901 | LR = 8.927522e-03
  Batch 13: loss = 0.055754 | LR = 8.914982e-03
  Batch 14: loss = 0.027914 | LR = 8.902449e-03
  Batch 15: loss = 0.041545 | LR = 8.889923e-03
  Batch 16: loss = 0.075953 | LR = 8.877404e-03
  Batch 17: loss = 0.026562 | LR = 8.864892e-03
  Batch 18: loss = 0.034368 | LR = 8.852387e-03
  Batch 19: loss = 0.073318 | LR = 8.839888e-03
  Batch 20: loss = 0.063277 | LR = 8.827397e-03
  Batch 21: loss = 0.047060 | LR = 8.814912e-03
  Batch 22: loss = 0.053272 | LR = 8.802435e-03
  Batch 23: loss = 0.059474 | LR = 8.789964e-03
  Batch 24: loss = 0.026933 | LR = 8.777501e-03
  Batch 25: loss = 0.046765 | LR = 8.765044e-03
  Batch 26: loss = 0.089723 | LR = 8.752594e-03
  Batch 27: loss = 0.071300 | LR = 8.740152e-03
  Batch 28: loss = 0.042042 | LR = 8.727716e-03
  Batch 29: loss = 0.082418 | LR = 8.715287e-03
  Batch 30: loss = 0.028019 | LR = 8.702865e-03
  Batch 31: loss = 0.031859 | LR = 8.690451e-03
  Batch 32: loss = 0.036760 | LR = 8.678043e-03
  Batch 33: loss = 0.025946 | LR = 8.665642e-03
  Batch 34: loss = 0.033629 | LR = 8.653248e-03
  Batch 35: loss = 0.046325 | LR = 8.640861e-03
  Batch 36: loss = 0.034761 | LR = 8.628482e-03
  Batch 37: loss = 0.042728 | LR = 8.616109e-03
  Batch 38: loss = 0.023399 | LR = 8.603743e-03
  Batch 39: loss = 0.085563 | LR = 8.591385e-03
  Batch 40: loss = 0.093221 | LR = 8.579033e-03
  Batch 41: loss = 0.039416 | LR = 8.566688e-03
  Batch 42: loss = 0.066998 | LR = 8.554351e-03
  Batch 43: loss = 0.099928 | LR = 8.542020e-03
  Batch 44: loss = 0.062306 | LR = 8.529697e-03
  Batch 45: loss = 0.061240 | LR = 8.517381e-03
  Batch 46: loss = 0.050144 | LR = 8.505071e-03
  Batch 47: loss = 0.061600 | LR = 8.492769e-03
  Batch 48: loss = 0.017880 | LR = 8.480474e-03
Epoch 73: Average loss = 0.0506, Duration = 0.69s
  Batch 1: loss = 0.060474 | LR = 8.468186e-03
  Batch 2: loss = 0.022182 | LR = 8.455905e-03
  Batch 3: loss = 0.033108 | LR = 8.443631e-03
  Batch 4: loss = 0.071366 | LR = 8.431365e-03
  Batch 5: loss = 0.029571 | LR = 8.419105e-03
  Batch 6: loss = 0.057136 | LR = 8.406853e-03
  Batch 7: loss = 0.022937 | LR = 8.394607e-03
  Batch 8: loss = 0.077457 | LR = 8.382369e-03
  Batch 9: loss = 0.027713 | LR = 8.370138e-03
  Batch 10: loss = 0.053071 | LR = 8.357914e-03
  Batch 11: loss = 0.062989 | LR = 8.345697e-03
  Batch 12: loss = 0.025775 | LR = 8.333487e-03
  Batch 13: loss = 0.143985 | LR = 8.321285e-03
  Batch 14: loss = 0.047626 | LR = 8.309089e-03
  Batch 15: loss = 0.045788 | LR = 8.296901e-03
  Batch 16: loss = 0.052277 | LR = 8.284720e-03
  Batch 17: loss = 0.063881 | LR = 8.272546e-03
  Batch 18: loss = 0.063255 | LR = 8.260379e-03
  Batch 19: loss = 0.036426 | LR = 8.248220e-03
  Batch 20: loss = 0.071880 | LR = 8.236068e-03
  Batch 21: loss = 0.024931 | LR = 8.223922e-03
  Batch 22: loss = 0.038855 | LR = 8.211785e-03
  Batch 23: loss = 0.100007 | LR = 8.199654e-03
  Batch 24: loss = 0.016895 | LR = 8.187530e-03
  Batch 25: loss = 0.035321 | LR = 8.175414e-03
  Batch 26: loss = 0.032762 | LR = 8.163305e-03
  Batch 27: loss = 0.082764 | LR = 8.151203e-03
  Batch 28: loss = 0.052228 | LR = 8.139108e-03
  Batch 29: loss = 0.042086 | LR = 8.127021e-03
  Batch 30: loss = 0.057747 | LR = 8.114941e-03
  Batch 31: loss = 0.020827 | LR = 8.102868e-03
  Batch 32: loss = 0.065616 | LR = 8.090802e-03
  Batch 33: loss = 0.050337 | LR = 8.078744e-03
  Batch 34: loss = 0.021688 | LR = 8.066693e-03
  Batch 35: loss = 0.055727 | LR = 8.054649e-03
  Batch 36: loss = 0.041778 | LR = 8.042612e-03
  Batch 37: loss = 0.065927 | LR = 8.030583e-03
  Batch 38: loss = 0.095307 | LR = 8.018561e-03
  Batch 39: loss = 0.077040 | LR = 8.006546e-03
  Batch 40: loss = 0.051841 | LR = 7.994538e-03
  Batch 41: loss = 0.055574 | LR = 7.982538e-03
  Batch 42: loss = 0.050272 | LR = 7.970545e-03
  Batch 43: loss = 0.022001 | LR = 7.958560e-03
  Batch 44: loss = 0.050138 | LR = 7.946581e-03
  Batch 45: loss = 0.017806 | LR = 7.934610e-03
  Batch 46: loss = 0.078326 | LR = 7.922647e-03
  Batch 47: loss = 0.043954 | LR = 7.910690e-03
  Batch 48: loss = 0.014846 | LR = 7.898741e-03
Epoch 74: Average loss = 0.0507, Duration = 0.66s
  Batch 1: loss = 0.092023 | LR = 7.886800e-03
  Batch 2: loss = 0.052970 | LR = 7.874866e-03
  Batch 3: loss = 0.028683 | LR = 7.862939e-03
  Batch 4: loss = 0.040624 | LR = 7.851019e-03
  Batch 5: loss = 0.056438 | LR = 7.839107e-03
  Batch 6: loss = 0.030683 | LR = 7.827202e-03
  Batch 7: loss = 0.029782 | LR = 7.815304e-03
  Batch 8: loss = 0.059907 | LR = 7.803414e-03
  Batch 9: loss = 0.016534 | LR = 7.791532e-03
  Batch 10: loss = 0.020479 | LR = 7.779656e-03
  Batch 11: loss = 0.096476 | LR = 7.767788e-03
  Batch 12: loss = 0.032971 | LR = 7.755928e-03
  Batch 13: loss = 0.047293 | LR = 7.744074e-03
  Batch 14: loss = 0.018085 | LR = 7.732229e-03
  Batch 15: loss = 0.054218 | LR = 7.720390e-03
  Batch 16: loss = 0.024194 | LR = 7.708559e-03
  Batch 17: loss = 0.022190 | LR = 7.696736e-03
  Batch 18: loss = 0.027681 | LR = 7.684920e-03
  Batch 19: loss = 0.042604 | LR = 7.673111e-03
  Batch 20: loss = 0.031392 | LR = 7.661310e-03
  Batch 21: loss = 0.051915 | LR = 7.649516e-03
  Batch 22: loss = 0.039853 | LR = 7.637730e-03
  Batch 23: loss = 0.131011 | LR = 7.625951e-03
  Batch 24: loss = 0.016646 | LR = 7.614179e-03
  Batch 25: loss = 0.040783 | LR = 7.602415e-03
  Batch 26: loss = 0.073749 | LR = 7.590659e-03
  Batch 27: loss = 0.009011 | LR = 7.578910e-03
  Batch 28: loss = 0.037095 | LR = 7.567168e-03
  Batch 29: loss = 0.014731 | LR = 7.555434e-03
  Batch 30: loss = 0.042001 | LR = 7.543707e-03
  Batch 31: loss = 0.025516 | LR = 7.531988e-03
  Batch 32: loss = 0.038209 | LR = 7.520277e-03
  Batch 33: loss = 0.025985 | LR = 7.508572e-03
  Batch 34: loss = 0.042003 | LR = 7.496876e-03
  Batch 35: loss = 0.066933 | LR = 7.485187e-03
  Batch 36: loss = 0.016401 | LR = 7.473505e-03
  Batch 37: loss = 0.029329 | LR = 7.461831e-03
  Batch 38: loss = 0.016684 | LR = 7.450165e-03
  Batch 39: loss = 0.043092 | LR = 7.438505e-03
  Batch 40: loss = 0.012069 | LR = 7.426854e-03
  Batch 41: loss = 0.051351 | LR = 7.415210e-03
  Batch 42: loss = 0.043850 | LR = 7.403574e-03
  Batch 43: loss = 0.046607 | LR = 7.391945e-03
  Batch 44: loss = 0.040299 | LR = 7.380323e-03
  Batch 45: loss = 0.026940 | LR = 7.368710e-03
  Batch 46: loss = 0.020007 | LR = 7.357104e-03
  Batch 47: loss = 0.134365 | LR = 7.345505e-03
  Batch 48: loss = 0.012092 | LR = 7.333914e-03
Epoch 75: Average loss = 0.0411, Duration = 0.65s
  Batch 1: loss = 0.039275 | LR = 7.322330e-03
  Batch 2: loss = 0.056620 | LR = 7.310755e-03
  Batch 3: loss = 0.033102 | LR = 7.299186e-03
  Batch 4: loss = 0.137307 | LR = 7.287626e-03
  Batch 5: loss = 0.024275 | LR = 7.276073e-03
  Batch 6: loss = 0.028970 | LR = 7.264527e-03
  Batch 7: loss = 0.023072 | LR = 7.252989e-03
  Batch 8: loss = 0.042215 | LR = 7.241459e-03
  Batch 9: loss = 0.036088 | LR = 7.229936e-03
  Batch 10: loss = 0.018683 | LR = 7.218421e-03
  Batch 11: loss = 0.073050 | LR = 7.206914e-03
  Batch 12: loss = 0.116257 | LR = 7.195414e-03
  Batch 13: loss = 0.021441 | LR = 7.183922e-03
  Batch 14: loss = 0.027095 | LR = 7.172438e-03
  Batch 15: loss = 0.050007 | LR = 7.160961e-03
  Batch 16: loss = 0.039380 | LR = 7.149492e-03
  Batch 17: loss = 0.012958 | LR = 7.138030e-03
  Batch 18: loss = 0.100366 | LR = 7.126576e-03
  Batch 19: loss = 0.018505 | LR = 7.115130e-03
  Batch 20: loss = 0.031595 | LR = 7.103692e-03
  Batch 21: loss = 0.027492 | LR = 7.092261e-03
  Batch 22: loss = 0.034706 | LR = 7.080838e-03
  Batch 23: loss = 0.084987 | LR = 7.069422e-03
  Batch 24: loss = 0.070094 | LR = 7.058015e-03
  Batch 25: loss = 0.034759 | LR = 7.046615e-03
  Batch 26: loss = 0.048695 | LR = 7.035222e-03
  Batch 27: loss = 0.021869 | LR = 7.023838e-03
  Batch 28: loss = 0.063242 | LR = 7.012461e-03
  Batch 29: loss = 0.028773 | LR = 7.001092e-03
  Batch 30: loss = 0.010012 | LR = 6.989730e-03
  Batch 31: loss = 0.023532 | LR = 6.978376e-03
  Batch 32: loss = 0.077232 | LR = 6.967030e-03
  Batch 33: loss = 0.023085 | LR = 6.955692e-03
  Batch 34: loss = 0.036845 | LR = 6.944362e-03
  Batch 35: loss = 0.052616 | LR = 6.933039e-03
  Batch 36: loss = 0.029433 | LR = 6.921724e-03
  Batch 37: loss = 0.038022 | LR = 6.910416e-03
  Batch 38: loss = 0.027203 | LR = 6.899117e-03
  Batch 39: loss = 0.025251 | LR = 6.887825e-03
  Batch 40: loss = 0.005542 | LR = 6.876541e-03
  Batch 41: loss = 0.027408 | LR = 6.865265e-03
  Batch 42: loss = 0.008206 | LR = 6.853997e-03
  Batch 43: loss = 0.049790 | LR = 6.842736e-03
  Batch 44: loss = 0.044643 | LR = 6.831483e-03
  Batch 45: loss = 0.065843 | LR = 6.820238e-03
  Batch 46: loss = 0.025656 | LR = 6.809001e-03
  Batch 47: loss = 0.013397 | LR = 6.797771e-03
  Batch 48: loss = 0.020859 | LR = 6.786550e-03
Epoch 76: Average loss = 0.0406, Duration = 0.73s
  Batch 1: loss = 0.045866 | LR = 6.775336e-03
  Batch 2: loss = 0.039955 | LR = 6.764130e-03
  Batch 3: loss = 0.054179 | LR = 6.752932e-03
  Batch 4: loss = 0.027932 | LR = 6.741741e-03
  Batch 5: loss = 0.055082 | LR = 6.730559e-03
  Batch 6: loss = 0.028759 | LR = 6.719384e-03
  Batch 7: loss = 0.016522 | LR = 6.708217e-03
  Batch 8: loss = 0.040463 | LR = 6.697058e-03
  Batch 9: loss = 0.137136 | LR = 6.685907e-03
  Batch 10: loss = 0.083795 | LR = 6.674764e-03
  Batch 11: loss = 0.010206 | LR = 6.663629e-03
  Batch 12: loss = 0.057456 | LR = 6.652501e-03
  Batch 13: loss = 0.024741 | LR = 6.641381e-03
  Batch 14: loss = 0.011932 | LR = 6.630270e-03
  Batch 15: loss = 0.013444 | LR = 6.619166e-03
  Batch 16: loss = 0.046308 | LR = 6.608070e-03
  Batch 17: loss = 0.044537 | LR = 6.596982e-03
  Batch 18: loss = 0.048777 | LR = 6.585901e-03
  Batch 19: loss = 0.025814 | LR = 6.574829e-03
  Batch 20: loss = 0.023474 | LR = 6.563765e-03
  Batch 21: loss = 0.055262 | LR = 6.552708e-03
  Batch 22: loss = 0.049085 | LR = 6.541660e-03
  Batch 23: loss = 0.032998 | LR = 6.530619e-03
  Batch 24: loss = 0.020598 | LR = 6.519586e-03
  Batch 25: loss = 0.049300 | LR = 6.508561e-03
  Batch 26: loss = 0.010555 | LR = 6.497544e-03
  Batch 27: loss = 0.051471 | LR = 6.486536e-03
  Batch 28: loss = 0.005167 | LR = 6.475535e-03
  Batch 29: loss = 0.046594 | LR = 6.464541e-03
  Batch 30: loss = 0.042693 | LR = 6.453556e-03
  Batch 31: loss = 0.057371 | LR = 6.442579e-03
  Batch 32: loss = 0.066468 | LR = 6.431610e-03
  Batch 33: loss = 0.042312 | LR = 6.420649e-03
  Batch 34: loss = 0.049792 | LR = 6.409696e-03
  Batch 35: loss = 0.022919 | LR = 6.398750e-03
  Batch 36: loss = 0.028259 | LR = 6.387813e-03
  Batch 37: loss = 0.016126 | LR = 6.376884e-03
  Batch 38: loss = 0.009453 | LR = 6.365962e-03
  Batch 39: loss = 0.030599 | LR = 6.355049e-03
  Batch 40: loss = 0.025799 | LR = 6.344144e-03
  Batch 41: loss = 0.062547 | LR = 6.333247e-03
  Batch 42: loss = 0.038144 | LR = 6.322357e-03
  Batch 43: loss = 0.020357 | LR = 6.311476e-03
  Batch 44: loss = 0.017204 | LR = 6.300603e-03
  Batch 45: loss = 0.066137 | LR = 6.289738e-03
  Batch 46: loss = 0.088056 | LR = 6.278880e-03
  Batch 47: loss = 0.034037 | LR = 6.268031e-03
  Batch 48: loss = 0.011170 | LR = 6.257190e-03
Epoch 77: Average loss = 0.0393, Duration = 0.66s
  Batch 1: loss = 0.016890 | LR = 6.246357e-03
  Batch 2: loss = 0.015474 | LR = 6.235532e-03
  Batch 3: loss = 0.022627 | LR = 6.224715e-03
  Batch 4: loss = 0.028580 | LR = 6.213906e-03
  Batch 5: loss = 0.042469 | LR = 6.203105e-03
  Batch 6: loss = 0.007488 | LR = 6.192312e-03
  Batch 7: loss = 0.018587 | LR = 6.181527e-03
  Batch 8: loss = 0.023010 | LR = 6.170751e-03
  Batch 9: loss = 0.042854 | LR = 6.159982e-03
  Batch 10: loss = 0.030886 | LR = 6.149222e-03
  Batch 11: loss = 0.030747 | LR = 6.138469e-03
  Batch 12: loss = 0.021599 | LR = 6.127725e-03
  Batch 13: loss = 0.027573 | LR = 6.116989e-03
  Batch 14: loss = 0.027295 | LR = 6.106261e-03
  Batch 15: loss = 0.044706 | LR = 6.095541e-03
  Batch 16: loss = 0.025478 | LR = 6.084829e-03
  Batch 17: loss = 0.030740 | LR = 6.074125e-03
  Batch 18: loss = 0.076615 | LR = 6.063429e-03
  Batch 19: loss = 0.048959 | LR = 6.052742e-03
  Batch 20: loss = 0.081184 | LR = 6.042062e-03
  Batch 21: loss = 0.062611 | LR = 6.031391e-03
  Batch 22: loss = 0.051588 | LR = 6.020728e-03
  Batch 23: loss = 0.009809 | LR = 6.010073e-03
  Batch 24: loss = 0.018576 | LR = 5.999426e-03
  Batch 25: loss = 0.040095 | LR = 5.988787e-03
  Batch 26: loss = 0.061258 | LR = 5.978157e-03
  Batch 27: loss = 0.016153 | LR = 5.967534e-03
  Batch 28: loss = 0.012174 | LR = 5.956920e-03
  Batch 29: loss = 0.011976 | LR = 5.946314e-03
  Batch 30: loss = 0.033926 | LR = 5.935716e-03
  Batch 31: loss = 0.013007 | LR = 5.925127e-03
  Batch 32: loss = 0.015480 | LR = 5.914545e-03
  Batch 33: loss = 0.078716 | LR = 5.903972e-03
  Batch 34: loss = 0.046520 | LR = 5.893407e-03
  Batch 35: loss = 0.050603 | LR = 5.882850e-03
  Batch 36: loss = 0.019797 | LR = 5.872301e-03
  Batch 37: loss = 0.046820 | LR = 5.861761e-03
  Batch 38: loss = 0.024405 | LR = 5.851228e-03
  Batch 39: loss = 0.055231 | LR = 5.840704e-03
  Batch 40: loss = 0.074646 | LR = 5.830188e-03
  Batch 41: loss = 0.038240 | LR = 5.819681e-03
  Batch 42: loss = 0.027938 | LR = 5.809181e-03
  Batch 43: loss = 0.077434 | LR = 5.798690e-03
  Batch 44: loss = 0.020254 | LR = 5.788207e-03
  Batch 45: loss = 0.047477 | LR = 5.777733e-03
  Batch 46: loss = 0.025109 | LR = 5.767266e-03
  Batch 47: loss = 0.013095 | LR = 5.756808e-03
  Batch 48: loss = 0.019830 | LR = 5.746358e-03
Epoch 78: Average loss = 0.0349, Duration = 0.72s
  Batch 1: loss = 0.012517 | LR = 5.735916e-03
  Batch 2: loss = 0.006235 | LR = 5.725483e-03
  Batch 3: loss = 0.039106 | LR = 5.715058e-03
  Batch 4: loss = 0.046457 | LR = 5.704641e-03
  Batch 5: loss = 0.007424 | LR = 5.694232e-03
  Batch 6: loss = 0.072308 | LR = 5.683832e-03
  Batch 7: loss = 0.050006 | LR = 5.673440e-03
  Batch 8: loss = 0.026294 | LR = 5.663056e-03
  Batch 9: loss = 0.015499 | LR = 5.652681e-03
  Batch 10: loss = 0.069007 | LR = 5.642314e-03
  Batch 11: loss = 0.021818 | LR = 5.631955e-03
  Batch 12: loss = 0.088503 | LR = 5.621605e-03
  Batch 13: loss = 0.013939 | LR = 5.611262e-03
  Batch 14: loss = 0.049206 | LR = 5.600929e-03
  Batch 15: loss = 0.066119 | LR = 5.590603e-03
  Batch 16: loss = 0.011349 | LR = 5.580286e-03
  Batch 17: loss = 0.036537 | LR = 5.569977e-03
  Batch 18: loss = 0.026929 | LR = 5.559676e-03
  Batch 19: loss = 0.020985 | LR = 5.549384e-03
  Batch 20: loss = 0.036781 | LR = 5.539100e-03
  Batch 21: loss = 0.019418 | LR = 5.528825e-03
  Batch 22: loss = 0.022429 | LR = 5.518558e-03
  Batch 23: loss = 0.019946 | LR = 5.508299e-03
  Batch 24: loss = 0.033285 | LR = 5.498048e-03
  Batch 25: loss = 0.034236 | LR = 5.487806e-03
  Batch 26: loss = 0.030896 | LR = 5.477573e-03
  Batch 27: loss = 0.023425 | LR = 5.467347e-03
  Batch 28: loss = 0.019682 | LR = 5.457131e-03
  Batch 29: loss = 0.013715 | LR = 5.446922e-03
  Batch 30: loss = 0.060240 | LR = 5.436722e-03
  Batch 31: loss = 0.038904 | LR = 5.426530e-03
  Batch 32: loss = 0.024922 | LR = 5.416347e-03
  Batch 33: loss = 0.019885 | LR = 5.406172e-03
  Batch 34: loss = 0.041720 | LR = 5.396005e-03
  Batch 35: loss = 0.030697 | LR = 5.385847e-03
  Batch 36: loss = 0.053179 | LR = 5.375697e-03
  Batch 37: loss = 0.015148 | LR = 5.365556e-03
  Batch 38: loss = 0.018127 | LR = 5.355423e-03
  Batch 39: loss = 0.040011 | LR = 5.345299e-03
  Batch 40: loss = 0.092875 | LR = 5.335183e-03
  Batch 41: loss = 0.012318 | LR = 5.325075e-03
  Batch 42: loss = 0.040787 | LR = 5.314976e-03
  Batch 43: loss = 0.048485 | LR = 5.304885e-03
  Batch 44: loss = 0.025452 | LR = 5.294803e-03
  Batch 45: loss = 0.065771 | LR = 5.284729e-03
  Batch 46: loss = 0.017357 | LR = 5.274664e-03
  Batch 47: loss = 0.048670 | LR = 5.264607e-03
  Batch 48: loss = 0.057760 | LR = 5.254559e-03
Epoch 79: Average loss = 0.0351, Duration = 0.65s
  Batch 1: loss = 0.006149 | LR = 5.244519e-03
  Batch 2: loss = 0.009936 | LR = 5.234487e-03
  Batch 3: loss = 0.051937 | LR = 5.224464e-03
  Batch 4: loss = 0.035363 | LR = 5.214450e-03
  Batch 5: loss = 0.017718 | LR = 5.204444e-03
  Batch 6: loss = 0.052308 | LR = 5.194447e-03
  Batch 7: loss = 0.037566 | LR = 5.184458e-03
  Batch 8: loss = 0.070348 | LR = 5.174477e-03
  Batch 9: loss = 0.050798 | LR = 5.164505e-03
  Batch 10: loss = 0.018569 | LR = 5.154542e-03
  Batch 11: loss = 0.007148 | LR = 5.144587e-03
  Batch 12: loss = 0.018401 | LR = 5.134640e-03
  Batch 13: loss = 0.012900 | LR = 5.124702e-03
  Batch 14: loss = 0.008172 | LR = 5.114773e-03
  Batch 15: loss = 0.026644 | LR = 5.104852e-03
  Batch 16: loss = 0.031201 | LR = 5.094940e-03
  Batch 17: loss = 0.029050 | LR = 5.085036e-03
  Batch 18: loss = 0.021036 | LR = 5.075141e-03
  Batch 19: loss = 0.032028 | LR = 5.065254e-03
  Batch 20: loss = 0.036550 | LR = 5.055376e-03
  Batch 21: loss = 0.033684 | LR = 5.045506e-03
  Batch 22: loss = 0.099908 | LR = 5.035645e-03
  Batch 23: loss = 0.008088 | LR = 5.025793e-03
  Batch 24: loss = 0.025056 | LR = 5.015949e-03
  Batch 25: loss = 0.016576 | LR = 5.006114e-03
  Batch 26: loss = 0.049370 | LR = 4.996287e-03
  Batch 27: loss = 0.008925 | LR = 4.986469e-03
  Batch 28: loss = 0.069845 | LR = 4.976659e-03
  Batch 29: loss = 0.022218 | LR = 4.966858e-03
  Batch 30: loss = 0.016949 | LR = 4.957066e-03
  Batch 31: loss = 0.026003 | LR = 4.947282e-03
  Batch 32: loss = 0.033892 | LR = 4.937507e-03
  Batch 33: loss = 0.017039 | LR = 4.927741e-03
  Batch 34: loss = 0.030965 | LR = 4.917983e-03
  Batch 35: loss = 0.012535 | LR = 4.908233e-03
  Batch 36: loss = 0.036268 | LR = 4.898493e-03
  Batch 37: loss = 0.042880 | LR = 4.888761e-03
  Batch 38: loss = 0.016764 | LR = 4.879037e-03
  Batch 39: loss = 0.020149 | LR = 4.869322e-03
  Batch 40: loss = 0.019041 | LR = 4.859616e-03
  Batch 41: loss = 0.018795 | LR = 4.849919e-03
  Batch 42: loss = 0.023276 | LR = 4.840230e-03
  Batch 43: loss = 0.022163 | LR = 4.830550e-03
  Batch 44: loss = 0.054754 | LR = 4.820878e-03
  Batch 45: loss = 0.010072 | LR = 4.811215e-03
  Batch 46: loss = 0.018659 | LR = 4.801561e-03
  Batch 47: loss = 0.060838 | LR = 4.791915e-03
  Batch 48: loss = 0.081101 | LR = 4.782278e-03
Epoch 80: Average loss = 0.0306, Duration = 0.74s
  Batch 1: loss = 0.014762 | LR = 4.772650e-03
  Batch 2: loss = 0.038558 | LR = 4.763031e-03
  Batch 3: loss = 0.041531 | LR = 4.753420e-03
  Batch 4: loss = 0.013283 | LR = 4.743818e-03
  Batch 5: loss = 0.005457 | LR = 4.734224e-03
  Batch 6: loss = 0.037943 | LR = 4.724639e-03
  Batch 7: loss = 0.019806 | LR = 4.715063e-03
  Batch 8: loss = 0.022470 | LR = 4.705496e-03
  Batch 9: loss = 0.025851 | LR = 4.695937e-03
  Batch 10: loss = 0.010018 | LR = 4.686387e-03
  Batch 11: loss = 0.045413 | LR = 4.676846e-03
  Batch 12: loss = 0.025965 | LR = 4.667313e-03
  Batch 13: loss = 0.026967 | LR = 4.657789e-03
  Batch 14: loss = 0.016797 | LR = 4.648274e-03
  Batch 15: loss = 0.014822 | LR = 4.638768e-03
  Batch 16: loss = 0.011673 | LR = 4.629270e-03
  Batch 17: loss = 0.023225 | LR = 4.619782e-03
  Batch 18: loss = 0.055396 | LR = 4.610301e-03
  Batch 19: loss = 0.030379 | LR = 4.600830e-03
  Batch 20: loss = 0.100875 | LR = 4.591367e-03
  Batch 21: loss = 0.036298 | LR = 4.581914e-03
  Batch 22: loss = 0.014595 | LR = 4.572468e-03
  Batch 23: loss = 0.028008 | LR = 4.563032e-03
  Batch 24: loss = 0.027077 | LR = 4.553604e-03
  Batch 25: loss = 0.023842 | LR = 4.544186e-03
  Batch 26: loss = 0.015867 | LR = 4.534776e-03
  Batch 27: loss = 0.020761 | LR = 4.525374e-03
  Batch 28: loss = 0.029913 | LR = 4.515982e-03
  Batch 29: loss = 0.017281 | LR = 4.506598e-03
  Batch 30: loss = 0.007000 | LR = 4.497223e-03
  Batch 31: loss = 0.016327 | LR = 4.487857e-03
  Batch 32: loss = 0.012158 | LR = 4.478500e-03
  Batch 33: loss = 0.006792 | LR = 4.469152e-03
  Batch 34: loss = 0.026486 | LR = 4.459812e-03
  Batch 35: loss = 0.007115 | LR = 4.450481e-03
  Batch 36: loss = 0.020266 | LR = 4.441159e-03
  Batch 37: loss = 0.034157 | LR = 4.431846e-03
  Batch 38: loss = 0.028308 | LR = 4.422541e-03
  Batch 39: loss = 0.032867 | LR = 4.413246e-03
  Batch 40: loss = 0.018349 | LR = 4.403959e-03
  Batch 41: loss = 0.017088 | LR = 4.394681e-03
  Batch 42: loss = 0.013732 | LR = 4.385412e-03
  Batch 43: loss = 0.029821 | LR = 4.376152e-03
  Batch 44: loss = 0.015634 | LR = 4.366901e-03
  Batch 45: loss = 0.032667 | LR = 4.357658e-03
  Batch 46: loss = 0.006390 | LR = 4.348424e-03
  Batch 47: loss = 0.021073 | LR = 4.339200e-03
  Batch 48: loss = 0.052587 | LR = 4.329984e-03
Epoch 81: Average loss = 0.0249, Duration = 0.72s
  Batch 1: loss = 0.005624 | LR = 4.320777e-03
  Batch 2: loss = 0.041401 | LR = 4.311579e-03
  Batch 3: loss = 0.037190 | LR = 4.302389e-03
  Batch 4: loss = 0.024940 | LR = 4.293209e-03
  Batch 5: loss = 0.038180 | LR = 4.284037e-03
  Batch 6: loss = 0.010792 | LR = 4.274875e-03
  Batch 7: loss = 0.024518 | LR = 4.265721e-03
  Batch 8: loss = 0.079846 | LR = 4.256576e-03
  Batch 9: loss = 0.057910 | LR = 4.247440e-03
  Batch 10: loss = 0.049998 | LR = 4.238313e-03
  Batch 11: loss = 0.023881 | LR = 4.229195e-03
  Batch 12: loss = 0.005754 | LR = 4.220086e-03
  Batch 13: loss = 0.008379 | LR = 4.210985e-03
  Batch 14: loss = 0.016596 | LR = 4.201894e-03
  Batch 15: loss = 0.019714 | LR = 4.192812e-03
  Batch 16: loss = 0.022999 | LR = 4.183738e-03
  Batch 17: loss = 0.006855 | LR = 4.174673e-03
  Batch 18: loss = 0.049802 | LR = 4.165618e-03
  Batch 19: loss = 0.037234 | LR = 4.156571e-03
  Batch 20: loss = 0.014126 | LR = 4.147533e-03
  Batch 21: loss = 0.007613 | LR = 4.138504e-03
  Batch 22: loss = 0.008343 | LR = 4.129485e-03
  Batch 23: loss = 0.010953 | LR = 4.120474e-03
  Batch 24: loss = 0.017690 | LR = 4.111472e-03
  Batch 25: loss = 0.026688 | LR = 4.102479e-03
  Batch 26: loss = 0.010923 | LR = 4.093495e-03
  Batch 27: loss = 0.009877 | LR = 4.084520e-03
  Batch 28: loss = 0.008376 | LR = 4.075553e-03
  Batch 29: loss = 0.007019 | LR = 4.066596e-03
  Batch 30: loss = 0.012196 | LR = 4.057648e-03
  Batch 31: loss = 0.010841 | LR = 4.048709e-03
  Batch 32: loss = 0.041622 | LR = 4.039779e-03
  Batch 33: loss = 0.055986 | LR = 4.030858e-03
  Batch 34: loss = 0.015442 | LR = 4.021946e-03
  Batch 35: loss = 0.008129 | LR = 4.013042e-03
  Batch 36: loss = 0.007452 | LR = 4.004148e-03
  Batch 37: loss = 0.026119 | LR = 3.995263e-03
  Batch 38: loss = 0.018385 | LR = 3.986387e-03
  Batch 39: loss = 0.007158 | LR = 3.977520e-03
  Batch 40: loss = 0.007465 | LR = 3.968662e-03
  Batch 41: loss = 0.026007 | LR = 3.959813e-03
  Batch 42: loss = 0.016457 | LR = 3.950973e-03
  Batch 43: loss = 0.046215 | LR = 3.942142e-03
  Batch 44: loss = 0.005273 | LR = 3.933320e-03
  Batch 45: loss = 0.010549 | LR = 3.924507e-03
  Batch 46: loss = 0.028682 | LR = 3.915703e-03
  Batch 47: loss = 0.013853 | LR = 3.906908e-03
  Batch 48: loss = 0.026927 | LR = 3.898122e-03
Epoch 82: Average loss = 0.0222, Duration = 0.65s
  Batch 1: loss = 0.056590 | LR = 3.889345e-03
  Batch 2: loss = 0.011796 | LR = 3.880578e-03
  Batch 3: loss = 0.027929 | LR = 3.871819e-03
  Batch 4: loss = 0.013056 | LR = 3.863069e-03
  Batch 5: loss = 0.013528 | LR = 3.854329e-03
  Batch 6: loss = 0.004699 | LR = 3.845597e-03
  Batch 7: loss = 0.021503 | LR = 3.836875e-03
  Batch 8: loss = 0.013181 | LR = 3.828162e-03
  Batch 9: loss = 0.023093 | LR = 3.819458e-03
  Batch 10: loss = 0.006041 | LR = 3.810763e-03
  Batch 11: loss = 0.005408 | LR = 3.802077e-03
  Batch 12: loss = 0.016035 | LR = 3.793400e-03
  Batch 13: loss = 0.042387 | LR = 3.784732e-03
  Batch 14: loss = 0.006957 | LR = 3.776073e-03
  Batch 15: loss = 0.036184 | LR = 3.767424e-03
  Batch 16: loss = 0.025149 | LR = 3.758783e-03
  Batch 17: loss = 0.017018 | LR = 3.750152e-03
  Batch 18: loss = 0.019796 | LR = 3.741530e-03
  Batch 19: loss = 0.033738 | LR = 3.732916e-03
  Batch 20: loss = 0.017161 | LR = 3.724312e-03
  Batch 21: loss = 0.029356 | LR = 3.715717e-03
  Batch 22: loss = 0.029569 | LR = 3.707132e-03
  Batch 23: loss = 0.018769 | LR = 3.698555e-03
  Batch 24: loss = 0.004666 | LR = 3.689988e-03
  Batch 25: loss = 0.007404 | LR = 3.681429e-03
  Batch 26: loss = 0.029640 | LR = 3.672880e-03
  Batch 27: loss = 0.008444 | LR = 3.664340e-03
  Batch 28: loss = 0.016072 | LR = 3.655809e-03
  Batch 29: loss = 0.023024 | LR = 3.647288e-03
  Batch 30: loss = 0.012067 | LR = 3.638775e-03
  Batch 31: loss = 0.017684 | LR = 3.630272e-03
  Batch 32: loss = 0.008172 | LR = 3.621777e-03
  Batch 33: loss = 0.006614 | LR = 3.613292e-03
  Batch 34: loss = 0.022812 | LR = 3.604817e-03
  Batch 35: loss = 0.011248 | LR = 3.596350e-03
  Batch 36: loss = 0.006326 | LR = 3.587892e-03
  Batch 37: loss = 0.026597 | LR = 3.579444e-03
  Batch 38: loss = 0.005210 | LR = 3.571005e-03
  Batch 39: loss = 0.013303 | LR = 3.562575e-03
  Batch 40: loss = 0.014479 | LR = 3.554154e-03
  Batch 41: loss = 0.020702 | LR = 3.545743e-03
  Batch 42: loss = 0.013865 | LR = 3.537340e-03
  Batch 43: loss = 0.004085 | LR = 3.528947e-03
  Batch 44: loss = 0.004264 | LR = 3.520563e-03
  Batch 45: loss = 0.019928 | LR = 3.512189e-03
  Batch 46: loss = 0.023746 | LR = 3.503823e-03
  Batch 47: loss = 0.027158 | LR = 3.495467e-03
  Batch 48: loss = 0.009286 | LR = 3.487120e-03
Epoch 83: Average loss = 0.0176, Duration = 0.73s
  Batch 1: loss = 0.024346 | LR = 3.478782e-03
  Batch 2: loss = 0.048520 | LR = 3.470454e-03
  Batch 3: loss = 0.017678 | LR = 3.462134e-03
  Batch 4: loss = 0.005911 | LR = 3.453824e-03
  Batch 5: loss = 0.011538 | LR = 3.445524e-03
  Batch 6: loss = 0.007685 | LR = 3.437232e-03
  Batch 7: loss = 0.010787 | LR = 3.428950e-03
  Batch 8: loss = 0.004405 | LR = 3.420677e-03
  Batch 9: loss = 0.018993 | LR = 3.412413e-03
  Batch 10: loss = 0.059427 | LR = 3.404158e-03
  Batch 11: loss = 0.023569 | LR = 3.395913e-03
  Batch 12: loss = 0.034743 | LR = 3.387677e-03
  Batch 13: loss = 0.005004 | LR = 3.379450e-03
  Batch 14: loss = 0.025204 | LR = 3.371233e-03
  Batch 15: loss = 0.089810 | LR = 3.363025e-03
  Batch 16: loss = 0.005743 | LR = 3.354826e-03
  Batch 17: loss = 0.026422 | LR = 3.346636e-03
  Batch 18: loss = 0.009591 | LR = 3.338456e-03
  Batch 19: loss = 0.027625 | LR = 3.330285e-03
  Batch 20: loss = 0.037663 | LR = 3.322123e-03
  Batch 21: loss = 0.055789 | LR = 3.313971e-03
  Batch 22: loss = 0.006430 | LR = 3.305827e-03
  Batch 23: loss = 0.034162 | LR = 3.297694e-03
  Batch 24: loss = 0.009433 | LR = 3.289569e-03
  Batch 25: loss = 0.003908 | LR = 3.281454e-03
  Batch 26: loss = 0.014912 | LR = 3.273348e-03
  Batch 27: loss = 0.013071 | LR = 3.265252e-03
  Batch 28: loss = 0.018917 | LR = 3.257164e-03
  Batch 29: loss = 0.005627 | LR = 3.249087e-03
  Batch 30: loss = 0.017157 | LR = 3.241018e-03
  Batch 31: loss = 0.011145 | LR = 3.232959e-03
  Batch 32: loss = 0.015161 | LR = 3.224909e-03
  Batch 33: loss = 0.012251 | LR = 3.216868e-03
  Batch 34: loss = 0.006648 | LR = 3.208837e-03
  Batch 35: loss = 0.008972 | LR = 3.200815e-03
  Batch 36: loss = 0.030477 | LR = 3.192803e-03
  Batch 37: loss = 0.021206 | LR = 3.184800e-03
  Batch 38: loss = 0.010500 | LR = 3.176806e-03
  Batch 39: loss = 0.023913 | LR = 3.168822e-03
  Batch 40: loss = 0.089844 | LR = 3.160847e-03
  Batch 41: loss = 0.013217 | LR = 3.152881e-03
  Batch 42: loss = 0.029764 | LR = 3.144925e-03
  Batch 43: loss = 0.016312 | LR = 3.136978e-03
  Batch 44: loss = 0.010299 | LR = 3.129040e-03
  Batch 45: loss = 0.007633 | LR = 3.121112e-03
  Batch 46: loss = 0.016682 | LR = 3.113193e-03
  Batch 47: loss = 0.020410 | LR = 3.105284e-03
  Batch 48: loss = 0.003542 | LR = 3.097384e-03
Epoch 84: Average loss = 0.0213, Duration = 0.73s
  Batch 1: loss = 0.021543 | LR = 3.089493e-03
  Batch 2: loss = 0.008451 | LR = 3.081612e-03
  Batch 3: loss = 0.012438 | LR = 3.073741e-03
  Batch 4: loss = 0.003600 | LR = 3.065878e-03
  Batch 5: loss = 0.030325 | LR = 3.058025e-03
  Batch 6: loss = 0.042893 | LR = 3.050182e-03
  Batch 7: loss = 0.017147 | LR = 3.042348e-03
  Batch 8: loss = 0.019698 | LR = 3.034523e-03
  Batch 9: loss = 0.012876 | LR = 3.026708e-03
  Batch 10: loss = 0.010224 | LR = 3.018902e-03
  Batch 11: loss = 0.022335 | LR = 3.011105e-03
  Batch 12: loss = 0.018680 | LR = 3.003318e-03
  Batch 13: loss = 0.016732 | LR = 2.995541e-03
  Batch 14: loss = 0.019970 | LR = 2.987773e-03
  Batch 15: loss = 0.007068 | LR = 2.980014e-03
  Batch 16: loss = 0.005263 | LR = 2.972265e-03
  Batch 17: loss = 0.013222 | LR = 2.964525e-03
  Batch 18: loss = 0.010190 | LR = 2.956795e-03
  Batch 19: loss = 0.009373 | LR = 2.949074e-03
  Batch 20: loss = 0.007356 | LR = 2.941363e-03
  Batch 21: loss = 0.015366 | LR = 2.933661e-03
  Batch 22: loss = 0.009689 | LR = 2.925968e-03
  Batch 23: loss = 0.046141 | LR = 2.918286e-03
  Batch 24: loss = 0.002747 | LR = 2.910612e-03
  Batch 25: loss = 0.022006 | LR = 2.902948e-03
  Batch 26: loss = 0.016011 | LR = 2.895294e-03
  Batch 27: loss = 0.032314 | LR = 2.887648e-03
  Batch 28: loss = 0.039239 | LR = 2.880013e-03
  Batch 29: loss = 0.020187 | LR = 2.872387e-03
  Batch 30: loss = 0.005047 | LR = 2.864770e-03
  Batch 31: loss = 0.003869 | LR = 2.857163e-03
  Batch 32: loss = 0.011142 | LR = 2.849566e-03
  Batch 33: loss = 0.003649 | LR = 2.841978e-03
  Batch 34: loss = 0.005094 | LR = 2.834399e-03
  Batch 35: loss = 0.007568 | LR = 2.826830e-03
  Batch 36: loss = 0.026763 | LR = 2.819270e-03
  Batch 37: loss = 0.022765 | LR = 2.811720e-03
  Batch 38: loss = 0.003062 | LR = 2.804180e-03
  Batch 39: loss = 0.018317 | LR = 2.796649e-03
  Batch 40: loss = 0.029969 | LR = 2.789128e-03
  Batch 41: loss = 0.026923 | LR = 2.781616e-03
  Batch 42: loss = 0.007689 | LR = 2.774113e-03
  Batch 43: loss = 0.011423 | LR = 2.766620e-03
  Batch 44: loss = 0.008364 | LR = 2.759137e-03
  Batch 45: loss = 0.028246 | LR = 2.751663e-03
  Batch 46: loss = 0.033953 | LR = 2.744199e-03
  Batch 47: loss = 0.025725 | LR = 2.736744e-03
  Batch 48: loss = 0.038592 | LR = 2.729299e-03
Epoch 85: Average loss = 0.0173, Duration = 0.67s
  Batch 1: loss = 0.003088 | LR = 2.721864e-03
  Batch 2: loss = 0.006195 | LR = 2.714438e-03
  Batch 3: loss = 0.017147 | LR = 2.707021e-03
  Batch 4: loss = 0.011104 | LR = 2.699615e-03
  Batch 5: loss = 0.010481 | LR = 2.692217e-03
  Batch 6: loss = 0.025563 | LR = 2.684830e-03
  Batch 7: loss = 0.006605 | LR = 2.677451e-03
  Batch 8: loss = 0.014774 | LR = 2.670083e-03
  Batch 9: loss = 0.025874 | LR = 2.662724e-03
  Batch 10: loss = 0.007296 | LR = 2.655374e-03
  Batch 11: loss = 0.039911 | LR = 2.648035e-03
  Batch 12: loss = 0.005215 | LR = 2.640704e-03
  Batch 13: loss = 0.075377 | LR = 2.633384e-03
  Batch 14: loss = 0.022518 | LR = 2.626073e-03
  Batch 15: loss = 0.039987 | LR = 2.618771e-03
  Batch 16: loss = 0.009543 | LR = 2.611479e-03
  Batch 17: loss = 0.025046 | LR = 2.604197e-03
  Batch 18: loss = 0.018684 | LR = 2.596925e-03
  Batch 19: loss = 0.010296 | LR = 2.589662e-03
  Batch 20: loss = 0.005911 | LR = 2.582408e-03
  Batch 21: loss = 0.011584 | LR = 2.575164e-03
  Batch 22: loss = 0.010686 | LR = 2.567930e-03
  Batch 23: loss = 0.004123 | LR = 2.560706e-03
  Batch 24: loss = 0.003935 | LR = 2.553491e-03
  Batch 25: loss = 0.044375 | LR = 2.546286e-03
  Batch 26: loss = 0.040832 | LR = 2.539090e-03
  Batch 27: loss = 0.019882 | LR = 2.531904e-03
  Batch 28: loss = 0.009829 | LR = 2.524728e-03
  Batch 29: loss = 0.018554 | LR = 2.517561e-03
  Batch 30: loss = 0.003436 | LR = 2.510404e-03
  Batch 31: loss = 0.013631 | LR = 2.503256e-03
  Batch 32: loss = 0.008271 | LR = 2.496119e-03
  Batch 33: loss = 0.021875 | LR = 2.488991e-03
  Batch 34: loss = 0.010776 | LR = 2.481872e-03
  Batch 35: loss = 0.012422 | LR = 2.474763e-03
  Batch 36: loss = 0.012125 | LR = 2.467664e-03
  Batch 37: loss = 0.006840 | LR = 2.460575e-03
  Batch 38: loss = 0.010985 | LR = 2.453495e-03
  Batch 39: loss = 0.013132 | LR = 2.446425e-03
  Batch 40: loss = 0.015503 | LR = 2.439365e-03
  Batch 41: loss = 0.025678 | LR = 2.432314e-03
  Batch 42: loss = 0.007474 | LR = 2.425273e-03
  Batch 43: loss = 0.005706 | LR = 2.418241e-03
  Batch 44: loss = 0.011482 | LR = 2.411220e-03
  Batch 45: loss = 0.014089 | LR = 2.404208e-03
  Batch 46: loss = 0.006120 | LR = 2.397205e-03
  Batch 47: loss = 0.004376 | LR = 2.390213e-03
  Batch 48: loss = 0.005206 | LR = 2.383230e-03
Epoch 86: Average loss = 0.0157, Duration = 0.70s
  Batch 1: loss = 0.005020 | LR = 2.376257e-03
  Batch 2: loss = 0.010162 | LR = 2.369293e-03
  Batch 3: loss = 0.028237 | LR = 2.362339e-03
  Batch 4: loss = 0.021066 | LR = 2.355395e-03
  Batch 5: loss = 0.002997 | LR = 2.348461e-03
  Batch 6: loss = 0.011952 | LR = 2.341536e-03
  Batch 7: loss = 0.017306 | LR = 2.334622e-03
  Batch 8: loss = 0.007050 | LR = 2.327716e-03
  Batch 9: loss = 0.007264 | LR = 2.320821e-03
  Batch 10: loss = 0.007365 | LR = 2.313935e-03
  Batch 11: loss = 0.013594 | LR = 2.307059e-03
  Batch 12: loss = 0.038359 | LR = 2.300193e-03
  Batch 13: loss = 0.008745 | LR = 2.293336e-03
  Batch 14: loss = 0.003854 | LR = 2.286490e-03
  Batch 15: loss = 0.006802 | LR = 2.279653e-03
  Batch 16: loss = 0.006066 | LR = 2.272825e-03
  Batch 17: loss = 0.046387 | LR = 2.266008e-03
  Batch 18: loss = 0.020651 | LR = 2.259200e-03
  Batch 19: loss = 0.007035 | LR = 2.252402e-03
  Batch 20: loss = 0.003274 | LR = 2.245614e-03
  Batch 21: loss = 0.014534 | LR = 2.238835e-03
  Batch 22: loss = 0.008635 | LR = 2.232067e-03
  Batch 23: loss = 0.024443 | LR = 2.225308e-03
  Batch 24: loss = 0.006679 | LR = 2.218559e-03
  Batch 25: loss = 0.017526 | LR = 2.211819e-03
  Batch 26: loss = 0.006939 | LR = 2.205090e-03
  Batch 27: loss = 0.016938 | LR = 2.198370e-03
  Batch 28: loss = 0.030661 | LR = 2.191660e-03
  Batch 29: loss = 0.008945 | LR = 2.184959e-03
  Batch 30: loss = 0.006838 | LR = 2.178269e-03
  Batch 31: loss = 0.041425 | LR = 2.171588e-03
  Batch 32: loss = 0.016717 | LR = 2.164917e-03
  Batch 33: loss = 0.043928 | LR = 2.158256e-03
  Batch 34: loss = 0.041904 | LR = 2.151605e-03
  Batch 35: loss = 0.020408 | LR = 2.144963e-03
  Batch 36: loss = 0.025774 | LR = 2.138332e-03
  Batch 37: loss = 0.011100 | LR = 2.131710e-03
  Batch 38: loss = 0.009093 | LR = 2.125098e-03
  Batch 39: loss = 0.043636 | LR = 2.118496e-03
  Batch 40: loss = 0.019931 | LR = 2.111903e-03
  Batch 41: loss = 0.007751 | LR = 2.105321e-03
  Batch 42: loss = 0.010253 | LR = 2.098748e-03
  Batch 43: loss = 0.007929 | LR = 2.092185e-03
  Batch 44: loss = 0.015220 | LR = 2.085632e-03
  Batch 45: loss = 0.018857 | LR = 2.079088e-03
  Batch 46: loss = 0.007530 | LR = 2.072555e-03
  Batch 47: loss = 0.006357 | LR = 2.066031e-03
  Batch 48: loss = 0.005009 | LR = 2.059518e-03
Epoch 87: Average loss = 0.0160, Duration = 0.69s
  Batch 1: loss = 0.004290 | LR = 2.053014e-03
  Batch 2: loss = 0.046770 | LR = 2.046520e-03
  Batch 3: loss = 0.016561 | LR = 2.040035e-03
  Batch 4: loss = 0.024308 | LR = 2.033561e-03
  Batch 5: loss = 0.010949 | LR = 2.027096e-03
  Batch 6: loss = 0.010778 | LR = 2.020642e-03
  Batch 7: loss = 0.015330 | LR = 2.014197e-03
  Batch 8: loss = 0.020342 | LR = 2.007762e-03
  Batch 9: loss = 0.013440 | LR = 2.001337e-03
  Batch 10: loss = 0.002634 | LR = 1.994922e-03
  Batch 11: loss = 0.051124 | LR = 1.988516e-03
  Batch 12: loss = 0.026338 | LR = 1.982121e-03
  Batch 13: loss = 0.014500 | LR = 1.975735e-03
  Batch 14: loss = 0.034175 | LR = 1.969360e-03
  Batch 15: loss = 0.009289 | LR = 1.962994e-03
  Batch 16: loss = 0.003406 | LR = 1.956638e-03
  Batch 17: loss = 0.003189 | LR = 1.950292e-03
  Batch 18: loss = 0.012975 | LR = 1.943956e-03
  Batch 19: loss = 0.020867 | LR = 1.937629e-03
  Batch 20: loss = 0.016465 | LR = 1.931313e-03
  Batch 21: loss = 0.003465 | LR = 1.925006e-03
  Batch 22: loss = 0.023391 | LR = 1.918710e-03
  Batch 23: loss = 0.005784 | LR = 1.912423e-03
  Batch 24: loss = 0.011364 | LR = 1.906146e-03
  Batch 25: loss = 0.048096 | LR = 1.899879e-03
  Batch 26: loss = 0.002787 | LR = 1.893623e-03
  Batch 27: loss = 0.004223 | LR = 1.887376e-03
  Batch 28: loss = 0.012157 | LR = 1.881138e-03
  Batch 29: loss = 0.003198 | LR = 1.874911e-03
  Batch 30: loss = 0.021049 | LR = 1.868694e-03
  Batch 31: loss = 0.030133 | LR = 1.862487e-03
  Batch 32: loss = 0.062571 | LR = 1.856289e-03
  Batch 33: loss = 0.014256 | LR = 1.850102e-03
  Batch 34: loss = 0.030345 | LR = 1.843924e-03
  Batch 35: loss = 0.004813 | LR = 1.837756e-03
  Batch 36: loss = 0.011566 | LR = 1.831599e-03
  Batch 37: loss = 0.004131 | LR = 1.825451e-03
  Batch 38: loss = 0.002291 | LR = 1.819313e-03
  Batch 39: loss = 0.039517 | LR = 1.813185e-03
  Batch 40: loss = 0.022513 | LR = 1.807067e-03
  Batch 41: loss = 0.006137 | LR = 1.800959e-03
  Batch 42: loss = 0.033412 | LR = 1.794861e-03
  Batch 43: loss = 0.004766 | LR = 1.788773e-03
  Batch 44: loss = 0.007681 | LR = 1.782695e-03
  Batch 45: loss = 0.004861 | LR = 1.776627e-03
  Batch 46: loss = 0.005629 | LR = 1.770569e-03
  Batch 47: loss = 0.005540 | LR = 1.764521e-03
  Batch 48: loss = 0.003346 | LR = 1.758483e-03
Epoch 88: Average loss = 0.0164, Duration = 0.71s
  Batch 1: loss = 0.003673 | LR = 1.752454e-03
  Batch 2: loss = 0.026616 | LR = 1.746436e-03
  Batch 3: loss = 0.012743 | LR = 1.740428e-03
  Batch 4: loss = 0.024778 | LR = 1.734430e-03
  Batch 5: loss = 0.004904 | LR = 1.728441e-03
  Batch 6: loss = 0.023247 | LR = 1.722463e-03
  Batch 7: loss = 0.003042 | LR = 1.716494e-03
  Batch 8: loss = 0.003731 | LR = 1.710536e-03
  Batch 9: loss = 0.017890 | LR = 1.704588e-03
  Batch 10: loss = 0.001689 | LR = 1.698649e-03
  Batch 11: loss = 0.010119 | LR = 1.692721e-03
  Batch 12: loss = 0.006281 | LR = 1.686803e-03
  Batch 13: loss = 0.006415 | LR = 1.680894e-03
  Batch 14: loss = 0.021173 | LR = 1.674996e-03
  Batch 15: loss = 0.019709 | LR = 1.669107e-03
  Batch 16: loss = 0.060295 | LR = 1.663229e-03
  Batch 17: loss = 0.032351 | LR = 1.657361e-03
  Batch 18: loss = 0.004938 | LR = 1.651502e-03
  Batch 19: loss = 0.007369 | LR = 1.645654e-03
  Batch 20: loss = 0.002310 | LR = 1.639816e-03
  Batch 21: loss = 0.059628 | LR = 1.633988e-03
  Batch 22: loss = 0.001375 | LR = 1.628169e-03
  Batch 23: loss = 0.020054 | LR = 1.622361e-03
  Batch 24: loss = 0.029346 | LR = 1.616563e-03
  Batch 25: loss = 0.008395 | LR = 1.610775e-03
  Batch 26: loss = 0.057893 | LR = 1.604997e-03
  Batch 27: loss = 0.004808 | LR = 1.599229e-03
  Batch 28: loss = 0.012392 | LR = 1.593471e-03
  Batch 29: loss = 0.012588 | LR = 1.587723e-03
  Batch 30: loss = 0.005871 | LR = 1.581985e-03
  Batch 31: loss = 0.004579 | LR = 1.576257e-03
  Batch 32: loss = 0.006075 | LR = 1.570539e-03
  Batch 33: loss = 0.013762 | LR = 1.564831e-03
  Batch 34: loss = 0.008236 | LR = 1.559134e-03
  Batch 35: loss = 0.014300 | LR = 1.553446e-03
  Batch 36: loss = 0.006229 | LR = 1.547768e-03
  Batch 37: loss = 0.009376 | LR = 1.542101e-03
  Batch 38: loss = 0.006670 | LR = 1.536443e-03
  Batch 39: loss = 0.022055 | LR = 1.530796e-03
  Batch 40: loss = 0.007326 | LR = 1.525158e-03
  Batch 41: loss = 0.014572 | LR = 1.519531e-03
  Batch 42: loss = 0.017760 | LR = 1.513914e-03
  Batch 43: loss = 0.010021 | LR = 1.508307e-03
  Batch 44: loss = 0.009415 | LR = 1.502710e-03
  Batch 45: loss = 0.012768 | LR = 1.497123e-03
  Batch 46: loss = 0.010448 | LR = 1.491546e-03
  Batch 47: loss = 0.010836 | LR = 1.485979e-03
  Batch 48: loss = 0.004293 | LR = 1.480423e-03
Epoch 89: Average loss = 0.0145, Duration = 0.69s
  Batch 1: loss = 0.010081 | LR = 1.474876e-03
  Batch 2: loss = 0.002960 | LR = 1.469339e-03
  Batch 3: loss = 0.038434 | LR = 1.463813e-03
  Batch 4: loss = 0.021927 | LR = 1.458297e-03
  Batch 5: loss = 0.003325 | LR = 1.452790e-03
  Batch 6: loss = 0.013470 | LR = 1.447294e-03
  Batch 7: loss = 0.013599 | LR = 1.441808e-03
  Batch 8: loss = 0.035294 | LR = 1.436332e-03
  Batch 9: loss = 0.046595 | LR = 1.430867e-03
  Batch 10: loss = 0.004548 | LR = 1.425411e-03
  Batch 11: loss = 0.004403 | LR = 1.419965e-03
  Batch 12: loss = 0.099956 | LR = 1.414530e-03
  Batch 13: loss = 0.011808 | LR = 1.409105e-03
  Batch 14: loss = 0.030220 | LR = 1.403690e-03
  Batch 15: loss = 0.001600 | LR = 1.398284e-03
  Batch 16: loss = 0.045124 | LR = 1.392890e-03
  Batch 17: loss = 0.009128 | LR = 1.387505e-03
  Batch 18: loss = 0.002947 | LR = 1.382130e-03
  Batch 19: loss = 0.004988 | LR = 1.376765e-03
  Batch 20: loss = 0.025337 | LR = 1.371411e-03
  Batch 21: loss = 0.003680 | LR = 1.366067e-03
  Batch 22: loss = 0.021358 | LR = 1.360733e-03
  Batch 23: loss = 0.009441 | LR = 1.355409e-03
  Batch 24: loss = 0.003075 | LR = 1.350095e-03
  Batch 25: loss = 0.004801 | LR = 1.344791e-03
  Batch 26: loss = 0.013867 | LR = 1.339498e-03
  Batch 27: loss = 0.006495 | LR = 1.334214e-03
  Batch 28: loss = 0.007889 | LR = 1.328941e-03
  Batch 29: loss = 0.003125 | LR = 1.323678e-03
  Batch 30: loss = 0.007550 | LR = 1.318425e-03
  Batch 31: loss = 0.039089 | LR = 1.313182e-03
  Batch 32: loss = 0.031029 | LR = 1.307950e-03
  Batch 33: loss = 0.024067 | LR = 1.302727e-03
  Batch 34: loss = 0.029189 | LR = 1.297515e-03
  Batch 35: loss = 0.035198 | LR = 1.292313e-03
  Batch 36: loss = 0.008753 | LR = 1.287121e-03
  Batch 37: loss = 0.007562 | LR = 1.281939e-03
  Batch 38: loss = 0.007343 | LR = 1.276768e-03
  Batch 39: loss = 0.008967 | LR = 1.271606e-03
  Batch 40: loss = 0.018170 | LR = 1.266455e-03
  Batch 41: loss = 0.018518 | LR = 1.261314e-03
  Batch 42: loss = 0.013141 | LR = 1.256183e-03
  Batch 43: loss = 0.011611 | LR = 1.251062e-03
  Batch 44: loss = 0.003905 | LR = 1.245952e-03
  Batch 45: loss = 0.008800 | LR = 1.240852e-03
  Batch 46: loss = 0.022244 | LR = 1.235762e-03
  Batch 47: loss = 0.003521 | LR = 1.230682e-03
  Batch 48: loss = 0.013018 | LR = 1.225612e-03
Epoch 90: Average loss = 0.0169, Duration = 0.70s
  Batch 1: loss = 0.008494 | LR = 1.220553e-03
  Batch 2: loss = 0.002757 | LR = 1.215503e-03
  Batch 3: loss = 0.003651 | LR = 1.210464e-03
  Batch 4: loss = 0.020305 | LR = 1.205435e-03
  Batch 5: loss = 0.001875 | LR = 1.200417e-03
  Batch 6: loss = 0.006901 | LR = 1.195408e-03
  Batch 7: loss = 0.004574 | LR = 1.190410e-03
  Batch 8: loss = 0.009119 | LR = 1.185422e-03
  Batch 9: loss = 0.009337 | LR = 1.180444e-03
  Batch 10: loss = 0.042907 | LR = 1.175477e-03
  Batch 11: loss = 0.003011 | LR = 1.170519e-03
  Batch 12: loss = 0.028060 | LR = 1.165572e-03
  Batch 13: loss = 0.031765 | LR = 1.160635e-03
  Batch 14: loss = 0.006542 | LR = 1.155709e-03
  Batch 15: loss = 0.004178 | LR = 1.150792e-03
  Batch 16: loss = 0.004905 | LR = 1.145886e-03
  Batch 17: loss = 0.005272 | LR = 1.140990e-03
  Batch 18: loss = 0.004314 | LR = 1.136104e-03
  Batch 19: loss = 0.015406 | LR = 1.131229e-03
  Batch 20: loss = 0.008918 | LR = 1.126364e-03
  Batch 21: loss = 0.006635 | LR = 1.121509e-03
  Batch 22: loss = 0.018982 | LR = 1.116664e-03
  Batch 23: loss = 0.002266 | LR = 1.111829e-03
  Batch 24: loss = 0.019634 | LR = 1.107005e-03
  Batch 25: loss = 0.003198 | LR = 1.102191e-03
  Batch 26: loss = 0.011613 | LR = 1.097387e-03
  Batch 27: loss = 0.020738 | LR = 1.092594e-03
  Batch 28: loss = 0.035565 | LR = 1.087811e-03
  Batch 29: loss = 0.006324 | LR = 1.083038e-03
  Batch 30: loss = 0.010507 | LR = 1.078275e-03
  Batch 31: loss = 0.006675 | LR = 1.073523e-03
  Batch 32: loss = 0.021007 | LR = 1.068780e-03
  Batch 33: loss = 0.009136 | LR = 1.064048e-03
  Batch 34: loss = 0.009770 | LR = 1.059327e-03
  Batch 35: loss = 0.016721 | LR = 1.054615e-03
  Batch 36: loss = 0.003543 | LR = 1.049914e-03
  Batch 37: loss = 0.007827 | LR = 1.045223e-03
  Batch 38: loss = 0.002453 | LR = 1.040543e-03
  Batch 39: loss = 0.017616 | LR = 1.035873e-03
  Batch 40: loss = 0.009586 | LR = 1.031213e-03
  Batch 41: loss = 0.012140 | LR = 1.026563e-03
  Batch 42: loss = 0.054380 | LR = 1.021924e-03
  Batch 43: loss = 0.016410 | LR = 1.017294e-03
  Batch 44: loss = 0.020404 | LR = 1.012676e-03
  Batch 45: loss = 0.008466 | LR = 1.008067e-03
  Batch 46: loss = 0.012683 | LR = 1.003469e-03
  Batch 47: loss = 0.005977 | LR = 9.988809e-04
  Batch 48: loss = 0.007047 | LR = 9.943033e-04
Epoch 91: Average loss = 0.0125, Duration = 0.72s
  Batch 1: loss = 0.011727 | LR = 9.897359e-04
  Batch 2: loss = 0.004879 | LR = 9.851789e-04
  Batch 3: loss = 0.004296 | LR = 9.806322e-04
  Batch 4: loss = 0.034864 | LR = 9.760957e-04
  Batch 5: loss = 0.006622 | LR = 9.715696e-04
  Batch 6: loss = 0.011064 | LR = 9.670538e-04
  Batch 7: loss = 0.039589 | LR = 9.625483e-04
  Batch 8: loss = 0.014682 | LR = 9.580531e-04
  Batch 9: loss = 0.035310 | LR = 9.535682e-04
  Batch 10: loss = 0.005464 | LR = 9.490937e-04
  Batch 11: loss = 0.014232 | LR = 9.446294e-04
  Batch 12: loss = 0.014732 | LR = 9.401755e-04
  Batch 13: loss = 0.008789 | LR = 9.357319e-04
  Batch 14: loss = 0.075559 | LR = 9.312987e-04
  Batch 15: loss = 0.005626 | LR = 9.268757e-04
  Batch 16: loss = 0.003900 | LR = 9.224631e-04
  Batch 17: loss = 0.011459 | LR = 9.180608e-04
  Batch 18: loss = 0.005799 | LR = 9.136689e-04
  Batch 19: loss = 0.058949 | LR = 9.092873e-04
  Batch 20: loss = 0.016588 | LR = 9.049160e-04
  Batch 21: loss = 0.030981 | LR = 9.005551e-04
  Batch 22: loss = 0.016394 | LR = 8.962045e-04
  Batch 23: loss = 0.019345 | LR = 8.918643e-04
  Batch 24: loss = 0.010413 | LR = 8.875343e-04
  Batch 25: loss = 0.009538 | LR = 8.832148e-04
  Batch 26: loss = 0.002921 | LR = 8.789056e-04
  Batch 27: loss = 0.034249 | LR = 8.746067e-04
  Batch 28: loss = 0.004516 | LR = 8.703182e-04
  Batch 29: loss = 0.003482 | LR = 8.660401e-04
  Batch 30: loss = 0.004197 | LR = 8.617723e-04
  Batch 31: loss = 0.007347 | LR = 8.575148e-04
  Batch 32: loss = 0.006334 | LR = 8.532677e-04
  Batch 33: loss = 0.005765 | LR = 8.490310e-04
  Batch 34: loss = 0.017325 | LR = 8.448047e-04
  Batch 35: loss = 0.005954 | LR = 8.405887e-04
  Batch 36: loss = 0.005855 | LR = 8.363830e-04
  Batch 37: loss = 0.023701 | LR = 8.321878e-04
  Batch 38: loss = 0.008875 | LR = 8.280029e-04
  Batch 39: loss = 0.002246 | LR = 8.238284e-04
  Batch 40: loss = 0.009515 | LR = 8.196642e-04
  Batch 41: loss = 0.041837 | LR = 8.155105e-04
  Batch 42: loss = 0.006272 | LR = 8.113671e-04
  Batch 43: loss = 0.064190 | LR = 8.072340e-04
  Batch 44: loss = 0.002178 | LR = 8.031114e-04
  Batch 45: loss = 0.017991 | LR = 7.989992e-04
  Batch 46: loss = 0.017222 | LR = 7.948973e-04
  Batch 47: loss = 0.011233 | LR = 7.908058e-04
  Batch 48: loss = 0.046856 | LR = 7.867247e-04
Epoch 92: Average loss = 0.0171, Duration = 0.68s
  Batch 1: loss = 0.007732 | LR = 7.826540e-04
  Batch 2: loss = 0.004780 | LR = 7.785937e-04
  Batch 3: loss = 0.031453 | LR = 7.745438e-04
  Batch 4: loss = 0.006281 | LR = 7.705043e-04
  Batch 5: loss = 0.006295 | LR = 7.664751e-04
  Batch 6: loss = 0.009926 | LR = 7.624564e-04
  Batch 7: loss = 0.003356 | LR = 7.584481e-04
  Batch 8: loss = 0.004183 | LR = 7.544502e-04
  Batch 9: loss = 0.014812 | LR = 7.504626e-04
  Batch 10: loss = 0.014476 | LR = 7.464855e-04
  Batch 11: loss = 0.006382 | LR = 7.425188e-04
  Batch 12: loss = 0.005403 | LR = 7.385625e-04
  Batch 13: loss = 0.015288 | LR = 7.346166e-04
  Batch 14: loss = 0.045830 | LR = 7.306811e-04
  Batch 15: loss = 0.006355 | LR = 7.267561e-04
  Batch 16: loss = 0.003738 | LR = 7.228414e-04
  Batch 17: loss = 0.004413 | LR = 7.189372e-04
  Batch 18: loss = 0.004943 | LR = 7.150434e-04
  Batch 19: loss = 0.012932 | LR = 7.111600e-04
  Batch 20: loss = 0.020335 | LR = 7.072870e-04
  Batch 21: loss = 0.011421 | LR = 7.034244e-04
  Batch 22: loss = 0.010871 | LR = 6.995723e-04
  Batch 23: loss = 0.004529 | LR = 6.957306e-04
  Batch 24: loss = 0.015986 | LR = 6.918993e-04
  Batch 25: loss = 0.004996 | LR = 6.880785e-04
  Batch 26: loss = 0.005580 | LR = 6.842681e-04
  Batch 27: loss = 0.013031 | LR = 6.804681e-04
  Batch 28: loss = 0.005515 | LR = 6.766786e-04
  Batch 29: loss = 0.015560 | LR = 6.728995e-04
  Batch 30: loss = 0.001744 | LR = 6.691308e-04
  Batch 31: loss = 0.012369 | LR = 6.653726e-04
  Batch 32: loss = 0.008260 | LR = 6.616248e-04
  Batch 33: loss = 0.005952 | LR = 6.578875e-04
  Batch 34: loss = 0.007265 | LR = 6.541606e-04
  Batch 35: loss = 0.012304 | LR = 6.504441e-04
  Batch 36: loss = 0.021334 | LR = 6.467381e-04
  Batch 37: loss = 0.007860 | LR = 6.430426e-04
  Batch 38: loss = 0.008713 | LR = 6.393575e-04
  Batch 39: loss = 0.010768 | LR = 6.356828e-04
  Batch 40: loss = 0.003182 | LR = 6.320186e-04
  Batch 41: loss = 0.060024 | LR = 6.283649e-04
  Batch 42: loss = 0.058989 | LR = 6.247216e-04
  Batch 43: loss = 0.017618 | LR = 6.210888e-04
  Batch 44: loss = 0.005374 | LR = 6.174664e-04
  Batch 45: loss = 0.005311 | LR = 6.138545e-04
  Batch 46: loss = 0.025287 | LR = 6.102531e-04
  Batch 47: loss = 0.007937 | LR = 6.066621e-04
  Batch 48: loss = 0.002549 | LR = 6.030816e-04
Epoch 93: Average loss = 0.0125, Duration = 0.69s
  Batch 1: loss = 0.005725 | LR = 5.995116e-04
  Batch 2: loss = 0.012939 | LR = 5.959520e-04
  Batch 3: loss = 0.008967 | LR = 5.924029e-04
  Batch 4: loss = 0.034922 | LR = 5.888643e-04
  Batch 5: loss = 0.005199 | LR = 5.853362e-04
  Batch 6: loss = 0.008791 | LR = 5.818185e-04
  Batch 7: loss = 0.006829 | LR = 5.783113e-04
  Batch 8: loss = 0.019509 | LR = 5.748146e-04
  Batch 9: loss = 0.043423 | LR = 5.713284e-04
  Batch 10: loss = 0.013204 | LR = 5.678526e-04
  Batch 11: loss = 0.004291 | LR = 5.643873e-04
  Batch 12: loss = 0.008416 | LR = 5.609325e-04
  Batch 13: loss = 0.045254 | LR = 5.574883e-04
  Batch 14: loss = 0.010481 | LR = 5.540544e-04
  Batch 15: loss = 0.003901 | LR = 5.506311e-04
  Batch 16: loss = 0.041324 | LR = 5.472183e-04
  Batch 17: loss = 0.003597 | LR = 5.438160e-04
  Batch 18: loss = 0.008418 | LR = 5.404241e-04
  Batch 19: loss = 0.020982 | LR = 5.370428e-04
  Batch 20: loss = 0.023953 | LR = 5.336719e-04
  Batch 21: loss = 0.020274 | LR = 5.303116e-04
  Batch 22: loss = 0.008211 | LR = 5.269617e-04
  Batch 23: loss = 0.007146 | LR = 5.236224e-04
  Batch 24: loss = 0.005085 | LR = 5.202935e-04
  Batch 25: loss = 0.008777 | LR = 5.169752e-04
  Batch 26: loss = 0.007153 | LR = 5.136673e-04
  Batch 27: loss = 0.020945 | LR = 5.103700e-04
  Batch 28: loss = 0.003922 | LR = 5.070832e-04
  Batch 29: loss = 0.002844 | LR = 5.038069e-04
  Batch 30: loss = 0.006792 | LR = 5.005410e-04
  Batch 31: loss = 0.003480 | LR = 4.972858e-04
  Batch 32: loss = 0.008459 | LR = 4.940410e-04
  Batch 33: loss = 0.003065 | LR = 4.908067e-04
  Batch 34: loss = 0.032489 | LR = 4.875830e-04
  Batch 35: loss = 0.015761 | LR = 4.843697e-04
  Batch 36: loss = 0.009893 | LR = 4.811670e-04
  Batch 37: loss = 0.008860 | LR = 4.779748e-04
  Batch 38: loss = 0.005836 | LR = 4.747932e-04
  Batch 39: loss = 0.043489 | LR = 4.716220e-04
  Batch 40: loss = 0.020687 | LR = 4.684614e-04
  Batch 41: loss = 0.018502 | LR = 4.653113e-04
  Batch 42: loss = 0.007609 | LR = 4.621717e-04
  Batch 43: loss = 0.006894 | LR = 4.590427e-04
  Batch 44: loss = 0.003557 | LR = 4.559242e-04
  Batch 45: loss = 0.035474 | LR = 4.528162e-04
  Batch 46: loss = 0.006039 | LR = 4.497188e-04
  Batch 47: loss = 0.045411 | LR = 4.466319e-04
  Batch 48: loss = 0.009801 | LR = 4.435555e-04
Epoch 94: Average loss = 0.0147, Duration = 0.73s
  Batch 1: loss = 0.001823 | LR = 4.404897e-04
  Batch 2: loss = 0.011401 | LR = 4.374344e-04
  Batch 3: loss = 0.003186 | LR = 4.343896e-04
  Batch 4: loss = 0.016227 | LR = 4.313554e-04
  Batch 5: loss = 0.013290 | LR = 4.283317e-04
  Batch 6: loss = 0.027116 | LR = 4.253186e-04
  Batch 7: loss = 0.003535 | LR = 4.223160e-04
  Batch 8: loss = 0.004650 | LR = 4.193239e-04
  Batch 9: loss = 0.010334 | LR = 4.163424e-04
  Batch 10: loss = 0.002769 | LR = 4.133715e-04
  Batch 11: loss = 0.006847 | LR = 4.104111e-04
  Batch 12: loss = 0.005285 | LR = 4.074612e-04
  Batch 13: loss = 0.008699 | LR = 4.045220e-04
  Batch 14: loss = 0.046820 | LR = 4.015932e-04
  Batch 15: loss = 0.006784 | LR = 3.986750e-04
  Batch 16: loss = 0.005301 | LR = 3.957674e-04
  Batch 17: loss = 0.023614 | LR = 3.928703e-04
  Batch 18: loss = 0.006105 | LR = 3.899838e-04
  Batch 19: loss = 0.019861 | LR = 3.871079e-04
  Batch 20: loss = 0.019786 | LR = 3.842425e-04
  Batch 21: loss = 0.007080 | LR = 3.813876e-04
  Batch 22: loss = 0.007898 | LR = 3.785434e-04
  Batch 23: loss = 0.003322 | LR = 3.757097e-04
  Batch 24: loss = 0.003862 | LR = 3.728865e-04
  Batch 25: loss = 0.007642 | LR = 3.700739e-04
  Batch 26: loss = 0.041158 | LR = 3.672719e-04
  Batch 27: loss = 0.031726 | LR = 3.644805e-04
  Batch 28: loss = 0.003463 | LR = 3.616997e-04
  Batch 29: loss = 0.005135 | LR = 3.589294e-04
  Batch 30: loss = 0.007895 | LR = 3.561696e-04
  Batch 31: loss = 0.005793 | LR = 3.534205e-04
  Batch 32: loss = 0.002895 | LR = 3.506819e-04
  Batch 33: loss = 0.005413 | LR = 3.479539e-04
  Batch 34: loss = 0.011751 | LR = 3.452365e-04
  Batch 35: loss = 0.004809 | LR = 3.425297e-04
  Batch 36: loss = 0.004050 | LR = 3.398334e-04
  Batch 37: loss = 0.006875 | LR = 3.371478e-04
  Batch 38: loss = 0.014619 | LR = 3.344727e-04
  Batch 39: loss = 0.017329 | LR = 3.318082e-04
  Batch 40: loss = 0.004216 | LR = 3.291542e-04
  Batch 41: loss = 0.002450 | LR = 3.265109e-04
  Batch 42: loss = 0.017975 | LR = 3.238782e-04
  Batch 43: loss = 0.005012 | LR = 3.212560e-04
  Batch 44: loss = 0.004346 | LR = 3.186444e-04
  Batch 45: loss = 0.008777 | LR = 3.160434e-04
  Batch 46: loss = 0.009776 | LR = 3.134531e-04
  Batch 47: loss = 0.003138 | LR = 3.108733e-04
  Batch 48: loss = 0.010041 | LR = 3.083041e-04
Epoch 95: Average loss = 0.0105, Duration = 0.75s
  Batch 1: loss = 0.004829 | LR = 3.057454e-04
  Batch 2: loss = 0.017541 | LR = 3.031974e-04
  Batch 3: loss = 0.002326 | LR = 3.006600e-04
  Batch 4: loss = 0.009228 | LR = 2.981332e-04
  Batch 5: loss = 0.001490 | LR = 2.956170e-04
  Batch 6: loss = 0.006442 | LR = 2.931114e-04
  Batch 7: loss = 0.017190 | LR = 2.906163e-04
  Batch 8: loss = 0.013727 | LR = 2.881319e-04
  Batch 9: loss = 0.014916 | LR = 2.856581e-04
  Batch 10: loss = 0.006532 | LR = 2.831949e-04
  Batch 11: loss = 0.004399 | LR = 2.807423e-04
  Batch 12: loss = 0.005591 | LR = 2.783003e-04
  Batch 13: loss = 0.013320 | LR = 2.758689e-04
  Batch 14: loss = 0.009000 | LR = 2.734481e-04
  Batch 15: loss = 0.029351 | LR = 2.710380e-04
  Batch 16: loss = 0.016914 | LR = 2.686384e-04
  Batch 17: loss = 0.004830 | LR = 2.662495e-04
  Batch 18: loss = 0.004531 | LR = 2.638711e-04
  Batch 19: loss = 0.014399 | LR = 2.615034e-04
  Batch 20: loss = 0.021311 | LR = 2.591463e-04
  Batch 21: loss = 0.009682 | LR = 2.567998e-04
  Batch 22: loss = 0.031936 | LR = 2.544640e-04
  Batch 23: loss = 0.005031 | LR = 2.521387e-04
  Batch 24: loss = 0.003071 | LR = 2.498241e-04
  Batch 25: loss = 0.008466 | LR = 2.475200e-04
  Batch 26: loss = 0.019893 | LR = 2.452267e-04
  Batch 27: loss = 0.013890 | LR = 2.429439e-04
  Batch 28: loss = 0.002777 | LR = 2.406717e-04
  Batch 29: loss = 0.004335 | LR = 2.384102e-04
  Batch 30: loss = 0.004563 | LR = 2.361593e-04
  Batch 31: loss = 0.009039 | LR = 2.339190e-04
  Batch 32: loss = 0.003683 | LR = 2.316894e-04
  Batch 33: loss = 0.001526 | LR = 2.294704e-04
  Batch 34: loss = 0.004374 | LR = 2.272620e-04
  Batch 35: loss = 0.006096 | LR = 2.250642e-04
  Batch 36: loss = 0.007068 | LR = 2.228771e-04
  Batch 37: loss = 0.011039 | LR = 2.207006e-04
  Batch 38: loss = 0.020829 | LR = 2.185347e-04
  Batch 39: loss = 0.012488 | LR = 2.163795e-04
  Batch 40: loss = 0.008667 | LR = 2.142349e-04
  Batch 41: loss = 0.006583 | LR = 2.121009e-04
  Batch 42: loss = 0.006180 | LR = 2.099776e-04
  Batch 43: loss = 0.023814 | LR = 2.078649e-04
  Batch 44: loss = 0.004706 | LR = 2.057628e-04
  Batch 45: loss = 0.004199 | LR = 2.036714e-04
  Batch 46: loss = 0.007173 | LR = 2.015906e-04
  Batch 47: loss = 0.007958 | LR = 1.995205e-04
  Batch 48: loss = 0.023634 | LR = 1.974610e-04
Epoch 96: Average loss = 0.0102, Duration = 0.73s
  Batch 1: loss = 0.004554 | LR = 1.954121e-04
  Batch 2: loss = 0.001521 | LR = 1.933739e-04
  Batch 3: loss = 0.004144 | LR = 1.913464e-04
  Batch 4: loss = 0.008365 | LR = 1.893295e-04
  Batch 5: loss = 0.006634 | LR = 1.873232e-04
  Batch 6: loss = 0.001164 | LR = 1.853276e-04
  Batch 7: loss = 0.005153 | LR = 1.833426e-04
  Batch 8: loss = 0.007488 | LR = 1.813682e-04
  Batch 9: loss = 0.014873 | LR = 1.794046e-04
  Batch 10: loss = 0.003058 | LR = 1.774515e-04
  Batch 11: loss = 0.017159 | LR = 1.755091e-04
  Batch 12: loss = 0.013331 | LR = 1.735774e-04
  Batch 13: loss = 0.003512 | LR = 1.716563e-04
  Batch 14: loss = 0.016998 | LR = 1.697459e-04
  Batch 15: loss = 0.025655 | LR = 1.678461e-04
  Batch 16: loss = 0.006047 | LR = 1.659570e-04
  Batch 17: loss = 0.022599 | LR = 1.640786e-04
  Batch 18: loss = 0.013084 | LR = 1.622108e-04
  Batch 19: loss = 0.006039 | LR = 1.603536e-04
  Batch 20: loss = 0.004905 | LR = 1.585071e-04
  Batch 21: loss = 0.037122 | LR = 1.566713e-04
  Batch 22: loss = 0.012613 | LR = 1.548462e-04
  Batch 23: loss = 0.023321 | LR = 1.530316e-04
  Batch 24: loss = 0.002666 | LR = 1.512278e-04
  Batch 25: loss = 0.017645 | LR = 1.494346e-04
  Batch 26: loss = 0.002190 | LR = 1.476521e-04
  Batch 27: loss = 0.005461 | LR = 1.458802e-04
  Batch 28: loss = 0.006648 | LR = 1.441191e-04
  Batch 29: loss = 0.002487 | LR = 1.423685e-04
  Batch 30: loss = 0.004449 | LR = 1.406287e-04
  Batch 31: loss = 0.009126 | LR = 1.388995e-04
  Batch 32: loss = 0.011383 | LR = 1.371809e-04
  Batch 33: loss = 0.003096 | LR = 1.354731e-04
  Batch 34: loss = 0.002808 | LR = 1.337759e-04
  Batch 35: loss = 0.007038 | LR = 1.320894e-04
  Batch 36: loss = 0.015507 | LR = 1.304135e-04
  Batch 37: loss = 0.015688 | LR = 1.287484e-04
  Batch 38: loss = 0.008273 | LR = 1.270938e-04
  Batch 39: loss = 0.014738 | LR = 1.254500e-04
  Batch 40: loss = 0.018017 | LR = 1.238169e-04
  Batch 41: loss = 0.021622 | LR = 1.221944e-04
  Batch 42: loss = 0.006821 | LR = 1.205826e-04
  Batch 43: loss = 0.005353 | LR = 1.189814e-04
  Batch 44: loss = 0.008176 | LR = 1.173910e-04
  Batch 45: loss = 0.002876 | LR = 1.158112e-04
  Batch 46: loss = 0.005611 | LR = 1.142421e-04
  Batch 47: loss = 0.009440 | LR = 1.126836e-04
  Batch 48: loss = 0.003557 | LR = 1.111359e-04
Epoch 97: Average loss = 0.0098, Duration = 0.69s
  Batch 1: loss = 0.003652 | LR = 1.095988e-04
  Batch 2: loss = 0.005181 | LR = 1.080724e-04
  Batch 3: loss = 0.005381 | LR = 1.065567e-04
  Batch 4: loss = 0.005946 | LR = 1.050517e-04
  Batch 5: loss = 0.013317 | LR = 1.035574e-04
  Batch 6: loss = 0.004338 | LR = 1.020737e-04
  Batch 7: loss = 0.004209 | LR = 1.006007e-04
  Batch 8: loss = 0.004054 | LR = 9.913842e-05
  Batch 9: loss = 0.004868 | LR = 9.768681e-05
  Batch 10: loss = 0.011092 | LR = 9.624588e-05
  Batch 11: loss = 0.003419 | LR = 9.481564e-05
  Batch 12: loss = 0.007937 | LR = 9.339609e-05
  Batch 13: loss = 0.002833 | LR = 9.198722e-05
  Batch 14: loss = 0.008009 | LR = 9.058904e-05
  Batch 15: loss = 0.011097 | LR = 8.920155e-05
  Batch 16: loss = 0.006756 | LR = 8.782475e-05
  Batch 17: loss = 0.005099 | LR = 8.645863e-05
  Batch 18: loss = 0.005904 | LR = 8.510321e-05
  Batch 19: loss = 0.018493 | LR = 8.375848e-05
  Batch 20: loss = 0.005345 | LR = 8.242444e-05
  Batch 21: loss = 0.003610 | LR = 8.110109e-05
  Batch 22: loss = 0.012295 | LR = 7.978843e-05
  Batch 23: loss = 0.002794 | LR = 7.848647e-05
  Batch 24: loss = 0.004497 | LR = 7.719520e-05
  Batch 25: loss = 0.005374 | LR = 7.591462e-05
  Batch 26: loss = 0.009517 | LR = 7.464474e-05
  Batch 27: loss = 0.001729 | LR = 7.338555e-05
  Batch 28: loss = 0.018470 | LR = 7.213706e-05
  Batch 29: loss = 0.016942 | LR = 7.089926e-05
  Batch 30: loss = 0.014480 | LR = 6.967216e-05
  Batch 31: loss = 0.006020 | LR = 6.845576e-05
  Batch 32: loss = 0.007408 | LR = 6.725006e-05
  Batch 33: loss = 0.003052 | LR = 6.605505e-05
  Batch 34: loss = 0.009687 | LR = 6.487074e-05
  Batch 35: loss = 0.003344 | LR = 6.369713e-05
  Batch 36: loss = 0.021615 | LR = 6.253423e-05
  Batch 37: loss = 0.014543 | LR = 6.138202e-05
  Batch 38: loss = 0.004968 | LR = 6.024051e-05
  Batch 39: loss = 0.010902 | LR = 5.910971e-05
  Batch 40: loss = 0.004534 | LR = 5.798960e-05
  Batch 41: loss = 0.004231 | LR = 5.688020e-05
  Batch 42: loss = 0.015870 | LR = 5.578150e-05
  Batch 43: loss = 0.030869 | LR = 5.469350e-05
  Batch 44: loss = 0.004130 | LR = 5.361621e-05
  Batch 45: loss = 0.021327 | LR = 5.254962e-05
  Batch 46: loss = 0.007875 | LR = 5.149374e-05
  Batch 47: loss = 0.004537 | LR = 5.044856e-05
  Batch 48: loss = 0.005554 | LR = 4.941408e-05
Epoch 98: Average loss = 0.0085, Duration = 0.70s
  Batch 1: loss = 0.012103 | LR = 4.839032e-05
  Batch 2: loss = 0.018009 | LR = 4.737726e-05
  Batch 3: loss = 0.002229 | LR = 4.637490e-05
  Batch 4: loss = 0.009776 | LR = 4.538325e-05
  Batch 5: loss = 0.025409 | LR = 4.440231e-05
  Batch 6: loss = 0.003510 | LR = 4.343208e-05
  Batch 7: loss = 0.003261 | LR = 4.247256e-05
  Batch 8: loss = 0.004955 | LR = 4.152374e-05
  Batch 9: loss = 0.016796 | LR = 4.058564e-05
  Batch 10: loss = 0.017226 | LR = 3.965824e-05
  Batch 11: loss = 0.003928 | LR = 3.874156e-05
  Batch 12: loss = 0.015060 | LR = 3.783558e-05
  Batch 13: loss = 0.007362 | LR = 3.694032e-05
  Batch 14: loss = 0.011282 | LR = 3.605576e-05
  Batch 15: loss = 0.046751 | LR = 3.518192e-05
  Batch 16: loss = 0.023270 | LR = 3.431879e-05
  Batch 17: loss = 0.003594 | LR = 3.346638e-05
  Batch 18: loss = 0.012444 | LR = 3.262467e-05
  Batch 19: loss = 0.006345 | LR = 3.179368e-05
  Batch 20: loss = 0.019994 | LR = 3.097340e-05
  Batch 21: loss = 0.003737 | LR = 3.016384e-05
  Batch 22: loss = 0.062649 | LR = 2.936499e-05
  Batch 23: loss = 0.028547 | LR = 2.857685e-05
  Batch 24: loss = 0.019818 | LR = 2.779943e-05
  Batch 25: loss = 0.017236 | LR = 2.703272e-05
  Batch 26: loss = 0.005526 | LR = 2.627673e-05
  Batch 27: loss = 0.003595 | LR = 2.553146e-05
  Batch 28: loss = 0.011869 | LR = 2.479690e-05
  Batch 29: loss = 0.003755 | LR = 2.407306e-05
  Batch 30: loss = 0.002749 | LR = 2.335994e-05
  Batch 31: loss = 0.008404 | LR = 2.265753e-05
  Batch 32: loss = 0.024735 | LR = 2.196584e-05
  Batch 33: loss = 0.009316 | LR = 2.128486e-05
  Batch 34: loss = 0.035834 | LR = 2.061461e-05
  Batch 35: loss = 0.005772 | LR = 1.995507e-05
  Batch 36: loss = 0.006911 | LR = 1.930625e-05
  Batch 37: loss = 0.004986 | LR = 1.866815e-05
  Batch 38: loss = 0.003054 | LR = 1.804077e-05
  Batch 39: loss = 0.008751 | LR = 1.742411e-05
  Batch 40: loss = 0.013910 | LR = 1.681817e-05
  Batch 41: loss = 0.002326 | LR = 1.622295e-05
  Batch 42: loss = 0.012350 | LR = 1.563845e-05
  Batch 43: loss = 0.007259 | LR = 1.506467e-05
  Batch 44: loss = 0.002231 | LR = 1.450161e-05
  Batch 45: loss = 0.012917 | LR = 1.394927e-05
  Batch 46: loss = 0.003437 | LR = 1.340765e-05
  Batch 47: loss = 0.004356 | LR = 1.287675e-05
  Batch 48: loss = 0.014408 | LR = 1.235657e-05
Epoch 99: Average loss = 0.0126, Duration = 0.69s
  Batch 1: loss = 0.004965 | LR = 1.184712e-05
  Batch 2: loss = 0.006471 | LR = 1.134839e-05
  Batch 3: loss = 0.003203 | LR = 1.086038e-05
  Batch 4: loss = 0.006883 | LR = 1.038309e-05
  Batch 5: loss = 0.003578 | LR = 9.916527e-06
  Batch 6: loss = 0.009731 | LR = 9.460685e-06
  Batch 7: loss = 0.011745 | LR = 9.015566e-06
  Batch 8: loss = 0.001434 | LR = 8.581171e-06
  Batch 9: loss = 0.005729 | LR = 8.157499e-06
  Batch 10: loss = 0.005370 | LR = 7.744550e-06
  Batch 11: loss = 0.011951 | LR = 7.342325e-06
  Batch 12: loss = 0.016160 | LR = 6.950824e-06
  Batch 13: loss = 0.011731 | LR = 6.570047e-06
  Batch 14: loss = 0.029390 | LR = 6.199994e-06
  Batch 15: loss = 0.003337 | LR = 5.840666e-06
  Batch 16: loss = 0.002309 | LR = 5.492062e-06
  Batch 17: loss = 0.021742 | LR = 5.154183e-06
  Batch 18: loss = 0.011819 | LR = 4.827029e-06
  Batch 19: loss = 0.006762 | LR = 4.510600e-06
  Batch 20: loss = 0.028190 | LR = 4.204896e-06
  Batch 21: loss = 0.006233 | LR = 3.909918e-06
  Batch 22: loss = 0.018799 | LR = 3.625664e-06
  Batch 23: loss = 0.009162 | LR = 3.352137e-06
  Batch 24: loss = 0.005220 | LR = 3.089335e-06
  Batch 25: loss = 0.011540 | LR = 2.837258e-06
  Batch 26: loss = 0.007351 | LR = 2.595908e-06
  Batch 27: loss = 0.004995 | LR = 2.365283e-06
  Batch 28: loss = 0.017641 | LR = 2.145385e-06
  Batch 29: loss = 0.014236 | LR = 1.936212e-06
  Batch 30: loss = 0.002540 | LR = 1.737766e-06
  Batch 31: loss = 0.006659 | LR = 1.550047e-06
  Batch 32: loss = 0.028254 | LR = 1.373053e-06
  Batch 33: loss = 0.006070 | LR = 1.206786e-06
  Batch 34: loss = 0.006176 | LR = 1.051246e-06
  Batch 35: loss = 0.011339 | LR = 9.064325e-07
  Batch 36: loss = 0.003229 | LR = 7.723456e-07
  Batch 37: loss = 0.068333 | LR = 6.489854e-07
  Batch 38: loss = 0.005892 | LR = 5.363519e-07
  Batch 39: loss = 0.006476 | LR = 4.344454e-07
  Batch 40: loss = 0.007682 | LR = 3.432657e-07
  Batch 41: loss = 0.015875 | LR = 2.628129e-07
  Batch 42: loss = 0.012617 | LR = 1.930871e-07
  Batch 43: loss = 0.011046 | LR = 1.340883e-07
  Batch 44: loss = 0.004994 | LR = 8.581657e-08
  Batch 45: loss = 0.010359 | LR = 4.827183e-08
  Batch 46: loss = 0.003976 | LR = 2.145415e-08
  Batch 47: loss = 0.009450 | LR = 5.363538e-09
  Batch 48: loss = 0.002677 | LR = 0.000000e+00
Epoch 100: Average loss = 0.0109, Duration = 0.71s
