Initialized distributed training on 8 GPUs
Global batch size: 1024
Base LR: 0.050000
Loading CIFAR-10 training dataset...
  Batch 1: loss = 2.528225 | LR = 1.287500e-02
  Batch 2: loss = 2.485687 | LR = 2.525000e-02
  Batch 3: loss = 2.473598 | LR = 3.762500e-02
  Batch 4: loss = 2.433546 | LR = 5.000000e-02
  Batch 5: loss = 2.448501 | LR = 4.999999e-02
  Batch 6: loss = 2.269587 | LR = 4.999998e-02
  Batch 7: loss = 2.256196 | LR = 4.999995e-02
  Batch 8: loss = 2.136661 | LR = 4.999991e-02
  Batch 9: loss = 2.361076 | LR = 4.999987e-02
  Batch 10: loss = 2.269400 | LR = 4.999981e-02
  Batch 11: loss = 2.323239 | LR = 4.999974e-02
  Batch 12: loss = 2.246519 | LR = 4.999966e-02
  Batch 13: loss = 2.287905 | LR = 4.999957e-02
  Batch 14: loss = 2.231564 | LR = 4.999946e-02
  Batch 15: loss = 2.446900 | LR = 4.999935e-02
  Batch 16: loss = 2.140492 | LR = 4.999923e-02
  Batch 17: loss = 2.218170 | LR = 4.999909e-02
  Batch 18: loss = 2.188473 | LR = 4.999895e-02
  Batch 19: loss = 2.163558 | LR = 4.999879e-02
  Batch 20: loss = 2.322511 | LR = 4.999863e-02
  Batch 21: loss = 2.239789 | LR = 4.999845e-02
  Batch 22: loss = 2.272498 | LR = 4.999826e-02
  Batch 23: loss = 2.252785 | LR = 4.999806e-02
  Batch 24: loss = 2.093371 | LR = 4.999785e-02
  Batch 25: loss = 2.209364 | LR = 4.999763e-02
  Batch 26: loss = 2.096810 | LR = 4.999740e-02
  Batch 27: loss = 2.255938 | LR = 4.999716e-02
  Batch 28: loss = 2.440636 | LR = 4.999691e-02
  Batch 29: loss = 2.276999 | LR = 4.999665e-02
  Batch 30: loss = 2.199365 | LR = 4.999637e-02
  Batch 31: loss = 2.254659 | LR = 4.999609e-02
  Batch 32: loss = 2.251382 | LR = 4.999580e-02
  Batch 33: loss = 2.160405 | LR = 4.999549e-02
  Batch 34: loss = 2.326153 | LR = 4.999517e-02
  Batch 35: loss = 2.047938 | LR = 4.999485e-02
  Batch 36: loss = 2.145539 | LR = 4.999451e-02
  Batch 37: loss = 2.147677 | LR = 4.999416e-02
  Batch 38: loss = 2.228641 | LR = 4.999380e-02
  Batch 39: loss = 2.070174 | LR = 4.999343e-02
  Batch 40: loss = 2.296789 | LR = 4.999305e-02
  Batch 41: loss = 2.111746 | LR = 4.999266e-02
  Batch 42: loss = 1.972350 | LR = 4.999226e-02
  Batch 43: loss = 2.043361 | LR = 4.999184e-02
  Batch 44: loss = 2.128638 | LR = 4.999142e-02
  Batch 45: loss = 2.175071 | LR = 4.999098e-02
  Batch 46: loss = 2.229950 | LR = 4.999054e-02
  Batch 47: loss = 2.159247 | LR = 4.999008e-02
  Batch 48: loss = 1.994788 | LR = 4.998962e-02
Epoch 1: Average loss = 2.2357, Duration = 1.51s
  Batch 1: loss = 2.138784 | LR = 4.998914e-02
  Batch 2: loss = 2.051512 | LR = 4.998865e-02
  Batch 3: loss = 2.249739 | LR = 4.998815e-02
  Batch 4: loss = 2.048423 | LR = 4.998764e-02
  Batch 5: loss = 1.983794 | LR = 4.998712e-02
  Batch 6: loss = 2.009420 | LR = 4.998659e-02
  Batch 7: loss = 2.030484 | LR = 4.998605e-02
  Batch 8: loss = 1.981746 | LR = 4.998550e-02
  Batch 9: loss = 2.101113 | LR = 4.998494e-02
  Batch 10: loss = 2.026862 | LR = 4.998436e-02
  Batch 11: loss = 2.228268 | LR = 4.998378e-02
  Batch 12: loss = 2.109709 | LR = 4.998318e-02
  Batch 13: loss = 2.047427 | LR = 4.998258e-02
  Batch 14: loss = 2.055065 | LR = 4.998196e-02
  Batch 15: loss = 2.061112 | LR = 4.998133e-02
  Batch 16: loss = 2.049865 | LR = 4.998069e-02
  Batch 17: loss = 2.110934 | LR = 4.998004e-02
  Batch 18: loss = 1.997385 | LR = 4.997939e-02
  Batch 19: loss = 2.074024 | LR = 4.997872e-02
  Batch 20: loss = 2.033373 | LR = 4.997803e-02
  Batch 21: loss = 1.863185 | LR = 4.997734e-02
  Batch 22: loss = 2.119971 | LR = 4.997664e-02
  Batch 23: loss = 1.961239 | LR = 4.997593e-02
  Batch 24: loss = 1.921960 | LR = 4.997520e-02
  Batch 25: loss = 1.832087 | LR = 4.997447e-02
  Batch 26: loss = 2.028969 | LR = 4.997372e-02
  Batch 27: loss = 2.038363 | LR = 4.997297e-02
  Batch 28: loss = 2.324439 | LR = 4.997220e-02
  Batch 29: loss = 1.997836 | LR = 4.997142e-02
  Batch 30: loss = 1.981639 | LR = 4.997064e-02
  Batch 31: loss = 1.970024 | LR = 4.996984e-02
  Batch 32: loss = 2.024949 | LR = 4.996903e-02
  Batch 33: loss = 1.960465 | LR = 4.996821e-02
  Batch 34: loss = 2.146240 | LR = 4.996738e-02
  Batch 35: loss = 1.935616 | LR = 4.996653e-02
  Batch 36: loss = 1.885445 | LR = 4.996568e-02
  Batch 37: loss = 1.826502 | LR = 4.996482e-02
  Batch 38: loss = 1.997241 | LR = 4.996394e-02
  Batch 39: loss = 1.879748 | LR = 4.996306e-02
  Batch 40: loss = 1.835720 | LR = 4.996216e-02
  Batch 41: loss = 1.827612 | LR = 4.996126e-02
  Batch 42: loss = 2.007070 | LR = 4.996034e-02
  Batch 43: loss = 1.789019 | LR = 4.995941e-02
  Batch 44: loss = 2.042277 | LR = 4.995848e-02
  Batch 45: loss = 1.913894 | LR = 4.995753e-02
  Batch 46: loss = 1.898999 | LR = 4.995657e-02
  Batch 47: loss = 2.006672 | LR = 4.995560e-02
  Batch 48: loss = 1.920836 | LR = 4.995462e-02
Epoch 2: Average loss = 2.0068, Duration = 1.04s
  Batch 1: loss = 1.848248 | LR = 4.995363e-02
  Batch 2: loss = 1.827722 | LR = 4.995262e-02
  Batch 3: loss = 1.832110 | LR = 4.995161e-02
  Batch 4: loss = 1.790377 | LR = 4.995059e-02
  Batch 5: loss = 1.872580 | LR = 4.994955e-02
  Batch 6: loss = 1.803402 | LR = 4.994851e-02
  Batch 7: loss = 1.853063 | LR = 4.994745e-02
  Batch 8: loss = 1.858805 | LR = 4.994638e-02
  Batch 9: loss = 1.950165 | LR = 4.994531e-02
  Batch 10: loss = 1.785329 | LR = 4.994422e-02
  Batch 11: loss = 2.064918 | LR = 4.994312e-02
  Batch 12: loss = 1.848706 | LR = 4.994201e-02
  Batch 13: loss = 1.822495 | LR = 4.994089e-02
  Batch 14: loss = 1.938364 | LR = 4.993976e-02
  Batch 15: loss = 2.012266 | LR = 4.993862e-02
  Batch 16: loss = 1.795636 | LR = 4.993747e-02
  Batch 17: loss = 1.772221 | LR = 4.993630e-02
  Batch 18: loss = 1.895017 | LR = 4.993513e-02
  Batch 19: loss = 1.677157 | LR = 4.993394e-02
  Batch 20: loss = 1.900054 | LR = 4.993275e-02
  Batch 21: loss = 1.697929 | LR = 4.993154e-02
  Batch 22: loss = 1.942701 | LR = 4.993033e-02
  Batch 23: loss = 1.737633 | LR = 4.992910e-02
  Batch 24: loss = 1.873425 | LR = 4.992786e-02
  Batch 25: loss = 1.706807 | LR = 4.992661e-02
  Batch 26: loss = 2.023499 | LR = 4.992536e-02
  Batch 27: loss = 1.793621 | LR = 4.992409e-02
  Batch 28: loss = 2.096718 | LR = 4.992280e-02
  Batch 29: loss = 1.909844 | LR = 4.992151e-02
  Batch 30: loss = 1.834143 | LR = 4.992021e-02
  Batch 31: loss = 1.839174 | LR = 4.991890e-02
  Batch 32: loss = 1.913803 | LR = 4.991758e-02
  Batch 33: loss = 1.651979 | LR = 4.991624e-02
  Batch 34: loss = 2.080111 | LR = 4.991490e-02
  Batch 35: loss = 1.856083 | LR = 4.991354e-02
  Batch 36: loss = 1.814860 | LR = 4.991218e-02
  Batch 37: loss = 1.798948 | LR = 4.991080e-02
  Batch 38: loss = 1.923329 | LR = 4.990941e-02
  Batch 39: loss = 1.872109 | LR = 4.990801e-02
  Batch 40: loss = 1.876095 | LR = 4.990660e-02
  Batch 41: loss = 1.758029 | LR = 4.990518e-02
  Batch 42: loss = 1.771724 | LR = 4.990375e-02
  Batch 43: loss = 1.640115 | LR = 4.990231e-02
  Batch 44: loss = 2.176763 | LR = 4.990086e-02
  Batch 45: loss = 2.026972 | LR = 4.989940e-02
  Batch 46: loss = 1.860951 | LR = 4.989793e-02
  Batch 47: loss = 1.975388 | LR = 4.989644e-02
  Batch 48: loss = 1.859604 | LR = 4.989495e-02
Epoch 3: Average loss = 1.8638, Duration = 1.03s
  Batch 1: loss = 1.807587 | LR = 4.989344e-02
  Batch 2: loss = 1.946067 | LR = 4.989193e-02
  Batch 3: loss = 1.828406 | LR = 4.989040e-02
  Batch 4: loss = 1.679288 | LR = 4.988886e-02
  Batch 5: loss = 1.748515 | LR = 4.988732e-02
  Batch 6: loss = 1.732204 | LR = 4.988576e-02
  Batch 7: loss = 1.780137 | LR = 4.988419e-02
  Batch 8: loss = 1.815813 | LR = 4.988261e-02
  Batch 9: loss = 1.874089 | LR = 4.988102e-02
  Batch 10: loss = 1.639342 | LR = 4.987942e-02
  Batch 11: loss = 1.961641 | LR = 4.987781e-02
  Batch 12: loss = 1.806803 | LR = 4.987618e-02
  Batch 13: loss = 1.717085 | LR = 4.987455e-02
  Batch 14: loss = 1.849203 | LR = 4.987291e-02
  Batch 15: loss = 2.014700 | LR = 4.987125e-02
  Batch 16: loss = 1.637525 | LR = 4.986959e-02
  Batch 17: loss = 1.630583 | LR = 4.986791e-02
  Batch 18: loss = 1.887478 | LR = 4.986622e-02
  Batch 19: loss = 1.725863 | LR = 4.986453e-02
  Batch 20: loss = 1.769000 | LR = 4.986282e-02
  Batch 21: loss = 1.617070 | LR = 4.986110e-02
  Batch 22: loss = 1.822517 | LR = 4.985937e-02
  Batch 23: loss = 1.866680 | LR = 4.985763e-02
  Batch 24: loss = 1.806076 | LR = 4.985588e-02
  Batch 25: loss = 1.780380 | LR = 4.985412e-02
  Batch 26: loss = 1.799415 | LR = 4.985235e-02
  Batch 27: loss = 1.780124 | LR = 4.985057e-02
  Batch 28: loss = 2.117381 | LR = 4.984877e-02
  Batch 29: loss = 1.817162 | LR = 4.984697e-02
  Batch 30: loss = 1.660223 | LR = 4.984515e-02
  Batch 31: loss = 1.837700 | LR = 4.984333e-02
  Batch 32: loss = 1.730172 | LR = 4.984149e-02
  Batch 33: loss = 1.590906 | LR = 4.983965e-02
  Batch 34: loss = 1.934167 | LR = 4.983779e-02
  Batch 35: loss = 1.889409 | LR = 4.983592e-02
  Batch 36: loss = 1.721318 | LR = 4.983404e-02
  Batch 37: loss = 1.704087 | LR = 4.983215e-02
  Batch 38: loss = 1.757540 | LR = 4.983025e-02
  Batch 39: loss = 1.690663 | LR = 4.982834e-02
  Batch 40: loss = 1.683941 | LR = 4.982642e-02
  Batch 41: loss = 1.696212 | LR = 4.982449e-02
  Batch 42: loss = 1.777924 | LR = 4.982255e-02
  Batch 43: loss = 1.501675 | LR = 4.982060e-02
  Batch 44: loss = 1.862581 | LR = 4.981863e-02
  Batch 45: loss = 1.644858 | LR = 4.981666e-02
  Batch 46: loss = 1.763641 | LR = 4.981467e-02
  Batch 47: loss = 1.953464 | LR = 4.981268e-02
  Batch 48: loss = 1.728273 | LR = 4.981067e-02
Epoch 4: Average loss = 1.7789, Duration = 1.04s
  Batch 1: loss = 1.755454 | LR = 4.980865e-02
  Batch 2: loss = 1.743108 | LR = 4.980663e-02
  Batch 3: loss = 1.635696 | LR = 4.980459e-02
  Batch 4: loss = 1.708420 | LR = 4.980254e-02
  Batch 5: loss = 1.727555 | LR = 4.980048e-02
  Batch 6: loss = 1.670070 | LR = 4.979841e-02
  Batch 7: loss = 1.717131 | LR = 4.979633e-02
  Batch 8: loss = 1.651465 | LR = 4.979424e-02
  Batch 9: loss = 1.724193 | LR = 4.979214e-02
  Batch 10: loss = 1.536229 | LR = 4.979002e-02
  Batch 11: loss = 1.840920 | LR = 4.978790e-02
  Batch 12: loss = 1.730359 | LR = 4.978577e-02
  Batch 13: loss = 1.764170 | LR = 4.978362e-02
  Batch 14: loss = 1.832544 | LR = 4.978147e-02
  Batch 15: loss = 1.945476 | LR = 4.977930e-02
  Batch 16: loss = 1.616900 | LR = 4.977712e-02
  Batch 17: loss = 1.624402 | LR = 4.977494e-02
  Batch 18: loss = 1.720525 | LR = 4.977274e-02
  Batch 19: loss = 1.691996 | LR = 4.977053e-02
  Batch 20: loss = 1.745770 | LR = 4.976831e-02
  Batch 21: loss = 1.546458 | LR = 4.976608e-02
  Batch 22: loss = 1.777591 | LR = 4.976384e-02
  Batch 23: loss = 1.682485 | LR = 4.976159e-02
  Batch 24: loss = 1.648172 | LR = 4.975933e-02
  Batch 25: loss = 1.590476 | LR = 4.975706e-02
  Batch 26: loss = 1.751722 | LR = 4.975477e-02
  Batch 27: loss = 1.674660 | LR = 4.975248e-02
  Batch 28: loss = 1.908333 | LR = 4.975018e-02
  Batch 29: loss = 1.691586 | LR = 4.974786e-02
  Batch 30: loss = 1.479216 | LR = 4.974554e-02
  Batch 31: loss = 1.782310 | LR = 4.974320e-02
  Batch 32: loss = 1.702290 | LR = 4.974085e-02
  Batch 33: loss = 1.493637 | LR = 4.973850e-02
  Batch 34: loss = 1.699382 | LR = 4.973613e-02
  Batch 35: loss = 1.665249 | LR = 4.973375e-02
  Batch 36: loss = 1.682477 | LR = 4.973136e-02
  Batch 37: loss = 1.624761 | LR = 4.972896e-02
  Batch 38: loss = 1.691812 | LR = 4.972655e-02
  Batch 39: loss = 1.689217 | LR = 4.972413e-02
  Batch 40: loss = 1.804954 | LR = 4.972170e-02
  Batch 41: loss = 1.619879 | LR = 4.971926e-02
  Batch 42: loss = 1.610819 | LR = 4.971681e-02
  Batch 43: loss = 1.509770 | LR = 4.971434e-02
  Batch 44: loss = 1.747418 | LR = 4.971187e-02
  Batch 45: loss = 1.758539 | LR = 4.970938e-02
  Batch 46: loss = 1.782882 | LR = 4.970689e-02
  Batch 47: loss = 1.864191 | LR = 4.970438e-02
  Batch 48: loss = 1.630103 | LR = 4.970187e-02
Epoch 5: Average loss = 1.6978, Duration = 1.09s
  Batch 1: loss = 1.672503 | LR = 4.969934e-02
  Batch 2: loss = 1.730158 | LR = 4.969680e-02
  Batch 3: loss = 1.773453 | LR = 4.969425e-02
  Batch 4: loss = 1.649069 | LR = 4.969170e-02
  Batch 5: loss = 1.557670 | LR = 4.968913e-02
  Batch 6: loss = 1.553766 | LR = 4.968655e-02
  Batch 7: loss = 1.730820 | LR = 4.968396e-02
  Batch 8: loss = 1.546457 | LR = 4.968136e-02
  Batch 9: loss = 1.797715 | LR = 4.967874e-02
  Batch 10: loss = 1.624438 | LR = 4.967612e-02
  Batch 11: loss = 1.909882 | LR = 4.967349e-02
  Batch 12: loss = 1.792737 | LR = 4.967085e-02
  Batch 13: loss = 1.582135 | LR = 4.966819e-02
  Batch 14: loss = 1.684533 | LR = 4.966553e-02
  Batch 15: loss = 1.812934 | LR = 4.966285e-02
  Batch 16: loss = 1.511242 | LR = 4.966017e-02
  Batch 17: loss = 1.543509 | LR = 4.965747e-02
  Batch 18: loss = 1.697631 | LR = 4.965476e-02
  Batch 19: loss = 1.522086 | LR = 4.965205e-02
  Batch 20: loss = 1.601545 | LR = 4.964932e-02
  Batch 21: loss = 1.501911 | LR = 4.964658e-02
  Batch 22: loss = 1.714801 | LR = 4.964383e-02
  Batch 23: loss = 1.696308 | LR = 4.964107e-02
  Batch 24: loss = 1.593874 | LR = 4.963830e-02
  Batch 25: loss = 1.557243 | LR = 4.963552e-02
  Batch 26: loss = 1.667170 | LR = 4.963273e-02
  Batch 27: loss = 1.706951 | LR = 4.962993e-02
  Batch 28: loss = 1.799065 | LR = 4.962711e-02
  Batch 29: loss = 1.805140 | LR = 4.962429e-02
  Batch 30: loss = 1.613236 | LR = 4.962146e-02
  Batch 31: loss = 1.772077 | LR = 4.961861e-02
  Batch 32: loss = 1.675305 | LR = 4.961576e-02
  Batch 33: loss = 1.488370 | LR = 4.961289e-02
  Batch 34: loss = 1.663177 | LR = 4.961002e-02
  Batch 35: loss = 1.577767 | LR = 4.960713e-02
  Batch 36: loss = 1.610283 | LR = 4.960423e-02
  Batch 37: loss = 1.646698 | LR = 4.960132e-02
  Batch 38: loss = 1.671372 | LR = 4.959841e-02
  Batch 39: loss = 1.572717 | LR = 4.959548e-02
  Batch 40: loss = 1.857592 | LR = 4.959254e-02
  Batch 41: loss = 1.525433 | LR = 4.958959e-02
  Batch 42: loss = 1.628923 | LR = 4.958663e-02
  Batch 43: loss = 1.477415 | LR = 4.958366e-02
  Batch 44: loss = 1.931742 | LR = 4.958068e-02
  Batch 45: loss = 1.762353 | LR = 4.957768e-02
  Batch 46: loss = 1.632021 | LR = 4.957468e-02
  Batch 47: loss = 1.951998 | LR = 4.957167e-02
  Batch 48: loss = 1.565384 | LR = 4.956864e-02
Epoch 6: Average loss = 1.6658, Duration = 1.05s
  Batch 1: loss = 1.585323 | LR = 4.956561e-02
  Batch 2: loss = 1.716231 | LR = 4.956257e-02
  Batch 3: loss = 1.771423 | LR = 4.955951e-02
  Batch 4: loss = 1.599072 | LR = 4.955644e-02
  Batch 5: loss = 1.652326 | LR = 4.955337e-02
  Batch 6: loss = 1.481785 | LR = 4.955028e-02
  Batch 7: loss = 1.632670 | LR = 4.954718e-02
  Batch 8: loss = 1.605986 | LR = 4.954408e-02
  Batch 9: loss = 1.784288 | LR = 4.954096e-02
  Batch 10: loss = 1.596512 | LR = 4.953783e-02
  Batch 11: loss = 1.778216 | LR = 4.953469e-02
  Batch 12: loss = 1.565705 | LR = 4.953154e-02
  Batch 13: loss = 1.549124 | LR = 4.952838e-02
  Batch 14: loss = 1.713214 | LR = 4.952521e-02
  Batch 15: loss = 1.732740 | LR = 4.952203e-02
  Batch 16: loss = 1.569894 | LR = 4.951883e-02
  Batch 17: loss = 1.536199 | LR = 4.951563e-02
  Batch 18: loss = 1.632204 | LR = 4.951242e-02
  Batch 19: loss = 1.563778 | LR = 4.950919e-02
  Batch 20: loss = 1.625391 | LR = 4.950596e-02
  Batch 21: loss = 1.440485 | LR = 4.950271e-02
  Batch 22: loss = 1.761825 | LR = 4.949946e-02
  Batch 23: loss = 1.558086 | LR = 4.949619e-02
  Batch 24: loss = 1.546939 | LR = 4.949292e-02
  Batch 25: loss = 1.450894 | LR = 4.948963e-02
  Batch 26: loss = 1.598237 | LR = 4.948633e-02
  Batch 27: loss = 1.577844 | LR = 4.948302e-02
  Batch 28: loss = 1.864884 | LR = 4.947971e-02
  Batch 29: loss = 1.592080 | LR = 4.947638e-02
  Batch 30: loss = 1.468522 | LR = 4.947304e-02
  Batch 31: loss = 1.609186 | LR = 4.946969e-02
  Batch 32: loss = 1.623707 | LR = 4.946633e-02
  Batch 33: loss = 1.390665 | LR = 4.946296e-02
  Batch 34: loss = 1.564834 | LR = 4.945958e-02
  Batch 35: loss = 1.577184 | LR = 4.945618e-02
  Batch 36: loss = 1.439832 | LR = 4.945278e-02
  Batch 37: loss = 1.568338 | LR = 4.944937e-02
  Batch 38: loss = 1.633818 | LR = 4.944595e-02
  Batch 39: loss = 1.614014 | LR = 4.944251e-02
  Batch 40: loss = 1.732797 | LR = 4.943907e-02
  Batch 41: loss = 1.461854 | LR = 4.943561e-02
  Batch 42: loss = 1.661469 | LR = 4.943215e-02
  Batch 43: loss = 1.507197 | LR = 4.942867e-02
  Batch 44: loss = 1.820286 | LR = 4.942519e-02
  Batch 45: loss = 1.853404 | LR = 4.942169e-02
  Batch 46: loss = 1.571788 | LR = 4.941818e-02
  Batch 47: loss = 1.776192 | LR = 4.941466e-02
  Batch 48: loss = 1.535086 | LR = 4.941114e-02
Epoch 7: Average loss = 1.6144, Duration = 1.07s
  Batch 1: loss = 1.594240 | LR = 4.940760e-02
  Batch 2: loss = 1.691281 | LR = 4.940405e-02
  Batch 3: loss = 1.600042 | LR = 4.940049e-02
  Batch 4: loss = 1.536201 | LR = 4.939692e-02
  Batch 5: loss = 1.530799 | LR = 4.939334e-02
  Batch 6: loss = 1.502384 | LR = 4.938975e-02
  Batch 7: loss = 1.536715 | LR = 4.938615e-02
  Batch 8: loss = 1.549805 | LR = 4.938253e-02
  Batch 9: loss = 1.660028 | LR = 4.937891e-02
  Batch 10: loss = 1.467567 | LR = 4.937528e-02
  Batch 11: loss = 1.656426 | LR = 4.937164e-02
  Batch 12: loss = 1.614339 | LR = 4.936798e-02
  Batch 13: loss = 1.534823 | LR = 4.936432e-02
  Batch 14: loss = 1.716852 | LR = 4.936064e-02
  Batch 15: loss = 1.716408 | LR = 4.935696e-02
  Batch 16: loss = 1.510010 | LR = 4.935326e-02
  Batch 17: loss = 1.536309 | LR = 4.934956e-02
  Batch 18: loss = 1.599045 | LR = 4.934584e-02
  Batch 19: loss = 1.603375 | LR = 4.934211e-02
  Batch 20: loss = 1.614801 | LR = 4.933838e-02
  Batch 21: loss = 1.455217 | LR = 4.933463e-02
  Batch 22: loss = 1.727567 | LR = 4.933087e-02
  Batch 23: loss = 1.623841 | LR = 4.932710e-02
  Batch 24: loss = 1.720982 | LR = 4.932332e-02
  Batch 25: loss = 1.504186 | LR = 4.931953e-02
  Batch 26: loss = 1.556854 | LR = 4.931573e-02
  Batch 27: loss = 1.657828 | LR = 4.931192e-02
  Batch 28: loss = 1.719023 | LR = 4.930810e-02
  Batch 29: loss = 1.632160 | LR = 4.930427e-02
  Batch 30: loss = 1.592455 | LR = 4.930043e-02
  Batch 31: loss = 1.489601 | LR = 4.929658e-02
  Batch 32: loss = 1.640482 | LR = 4.929271e-02
  Batch 33: loss = 1.450615 | LR = 4.928884e-02
  Batch 34: loss = 1.478916 | LR = 4.928496e-02
  Batch 35: loss = 1.487943 | LR = 4.928106e-02
  Batch 36: loss = 1.526123 | LR = 4.927716e-02
  Batch 37: loss = 1.488970 | LR = 4.927324e-02
  Batch 38: loss = 1.694176 | LR = 4.926932e-02
  Batch 39: loss = 1.564152 | LR = 4.926538e-02
  Batch 40: loss = 1.759388 | LR = 4.926144e-02
  Batch 41: loss = 1.316630 | LR = 4.925748e-02
  Batch 42: loss = 1.528366 | LR = 4.925351e-02
  Batch 43: loss = 1.427253 | LR = 4.924954e-02
  Batch 44: loss = 1.645231 | LR = 4.924555e-02
  Batch 45: loss = 1.559806 | LR = 4.924155e-02
  Batch 46: loss = 1.472117 | LR = 4.923754e-02
  Batch 47: loss = 1.763748 | LR = 4.923352e-02
  Batch 48: loss = 1.498300 | LR = 4.922950e-02
Epoch 8: Average loss = 1.5782, Duration = 1.04s
  Batch 1: loss = 1.476709 | LR = 4.922546e-02
  Batch 2: loss = 1.580481 | LR = 4.922141e-02
  Batch 3: loss = 1.624474 | LR = 4.921735e-02
  Batch 4: loss = 1.417512 | LR = 4.921328e-02
  Batch 5: loss = 1.485741 | LR = 4.920919e-02
  Batch 6: loss = 1.439938 | LR = 4.920510e-02
  Batch 7: loss = 1.519722 | LR = 4.920100e-02
  Batch 8: loss = 1.556267 | LR = 4.919689e-02
  Batch 9: loss = 1.621962 | LR = 4.919277e-02
  Batch 10: loss = 1.589142 | LR = 4.918863e-02
  Batch 11: loss = 1.857245 | LR = 4.918449e-02
  Batch 12: loss = 1.416824 | LR = 4.918034e-02
  Batch 13: loss = 1.362796 | LR = 4.917617e-02
  Batch 14: loss = 1.715061 | LR = 4.917200e-02
  Batch 15: loss = 1.543068 | LR = 4.916781e-02
  Batch 16: loss = 1.420547 | LR = 4.916362e-02
  Batch 17: loss = 1.502468 | LR = 4.915941e-02
  Batch 18: loss = 1.498367 | LR = 4.915520e-02
  Batch 19: loss = 1.456219 | LR = 4.915097e-02
  Batch 20: loss = 1.509381 | LR = 4.914673e-02
  Batch 21: loss = 1.391822 | LR = 4.914249e-02
  Batch 22: loss = 1.552821 | LR = 4.913823e-02
  Batch 23: loss = 1.468513 | LR = 4.913396e-02
  Batch 24: loss = 1.535594 | LR = 4.912968e-02
  Batch 25: loss = 1.449645 | LR = 4.912539e-02
  Batch 26: loss = 1.484159 | LR = 4.912109e-02
  Batch 27: loss = 1.583336 | LR = 4.911679e-02
  Batch 28: loss = 1.714764 | LR = 4.911247e-02
  Batch 29: loss = 1.527056 | LR = 4.910814e-02
  Batch 30: loss = 1.463864 | LR = 4.910380e-02
  Batch 31: loss = 1.549813 | LR = 4.909944e-02
  Batch 32: loss = 1.671735 | LR = 4.909508e-02
  Batch 33: loss = 1.366616 | LR = 4.909071e-02
  Batch 34: loss = 1.507537 | LR = 4.908633e-02
  Batch 35: loss = 1.376492 | LR = 4.908194e-02
  Batch 36: loss = 1.416434 | LR = 4.907754e-02
  Batch 37: loss = 1.635791 | LR = 4.907312e-02
  Batch 38: loss = 1.547232 | LR = 4.906870e-02
  Batch 39: loss = 1.438830 | LR = 4.906427e-02
  Batch 40: loss = 1.664381 | LR = 4.905982e-02
  Batch 41: loss = 1.344382 | LR = 4.905537e-02
  Batch 42: loss = 1.585701 | LR = 4.905091e-02
  Batch 43: loss = 1.353256 | LR = 4.904643e-02
  Batch 44: loss = 1.669889 | LR = 4.904195e-02
  Batch 45: loss = 1.630045 | LR = 4.903745e-02
  Batch 46: loss = 1.403801 | LR = 4.903295e-02
  Batch 47: loss = 1.820709 | LR = 4.902843e-02
  Batch 48: loss = 1.478564 | LR = 4.902390e-02
Epoch 9: Average loss = 1.5256, Duration = 1.02s
  Batch 1: loss = 1.410315 | LR = 4.901937e-02
  Batch 2: loss = 1.578668 | LR = 4.901482e-02
  Batch 3: loss = 1.450578 | LR = 4.901026e-02
  Batch 4: loss = 1.436957 | LR = 4.900570e-02
  Batch 5: loss = 1.355057 | LR = 4.900112e-02
  Batch 6: loss = 1.510408 | LR = 4.899653e-02
  Batch 7: loss = 1.369371 | LR = 4.899193e-02
  Batch 8: loss = 1.477643 | LR = 4.898732e-02
  Batch 9: loss = 1.765052 | LR = 4.898271e-02
  Batch 10: loss = 1.540610 | LR = 4.897808e-02
  Batch 11: loss = 1.614878 | LR = 4.897344e-02
  Batch 12: loss = 1.478576 | LR = 4.896879e-02
  Batch 13: loss = 1.432664 | LR = 4.896413e-02
  Batch 14: loss = 1.600726 | LR = 4.895946e-02
  Batch 15: loss = 1.617220 | LR = 4.895478e-02
  Batch 16: loss = 1.560278 | LR = 4.895009e-02
  Batch 17: loss = 1.424612 | LR = 4.894538e-02
  Batch 18: loss = 1.455991 | LR = 4.894067e-02
  Batch 19: loss = 1.460982 | LR = 4.893595e-02
  Batch 20: loss = 1.505349 | LR = 4.893122e-02
  Batch 21: loss = 1.323844 | LR = 4.892648e-02
  Batch 22: loss = 1.508194 | LR = 4.892173e-02
  Batch 23: loss = 1.411212 | LR = 4.891696e-02
  Batch 24: loss = 1.502858 | LR = 4.891219e-02
  Batch 25: loss = 1.390481 | LR = 4.890741e-02
  Batch 26: loss = 1.499964 | LR = 4.890261e-02
  Batch 27: loss = 1.520167 | LR = 4.889781e-02
  Batch 28: loss = 1.589889 | LR = 4.889299e-02
  Batch 29: loss = 1.509923 | LR = 4.888817e-02
  Batch 30: loss = 1.448012 | LR = 4.888334e-02
  Batch 31: loss = 1.520777 | LR = 4.887849e-02
  Batch 32: loss = 1.705290 | LR = 4.887364e-02
  Batch 33: loss = 1.335913 | LR = 4.886877e-02
  Batch 34: loss = 1.458232 | LR = 4.886390e-02
  Batch 35: loss = 1.376170 | LR = 4.885901e-02
  Batch 36: loss = 1.450453 | LR = 4.885411e-02
  Batch 37: loss = 1.456767 | LR = 4.884921e-02
  Batch 38: loss = 1.561044 | LR = 4.884429e-02
  Batch 39: loss = 1.454287 | LR = 4.883936e-02
  Batch 40: loss = 1.586552 | LR = 4.883443e-02
  Batch 41: loss = 1.390729 | LR = 4.882948e-02
  Batch 42: loss = 1.432502 | LR = 4.882452e-02
  Batch 43: loss = 1.330669 | LR = 4.881956e-02
  Batch 44: loss = 1.647406 | LR = 4.881458e-02
  Batch 45: loss = 1.544503 | LR = 4.880959e-02
  Batch 46: loss = 1.446883 | LR = 4.880459e-02
  Batch 47: loss = 1.630908 | LR = 4.879958e-02
  Batch 48: loss = 1.443908 | LR = 4.879456e-02
Epoch 10: Average loss = 1.4901, Duration = 1.11s
  Batch 1: loss = 1.382625 | LR = 4.878954e-02
  Batch 2: loss = 1.616675 | LR = 4.878450e-02
  Batch 3: loss = 1.490855 | LR = 4.877945e-02
  Batch 4: loss = 1.404075 | LR = 4.877439e-02
  Batch 5: loss = 1.348623 | LR = 4.876932e-02
  Batch 6: loss = 1.365253 | LR = 4.876424e-02
  Batch 7: loss = 1.447973 | LR = 4.875915e-02
  Batch 8: loss = 1.442986 | LR = 4.875405e-02
  Batch 9: loss = 1.789250 | LR = 4.874894e-02
  Batch 10: loss = 1.474509 | LR = 4.874382e-02
  Batch 11: loss = 1.553744 | LR = 4.873869e-02
  Batch 12: loss = 1.468187 | LR = 4.873355e-02
  Batch 13: loss = 1.416387 | LR = 4.872839e-02
  Batch 14: loss = 1.674345 | LR = 4.872323e-02
  Batch 15: loss = 1.579591 | LR = 4.871806e-02
  Batch 16: loss = 1.430817 | LR = 4.871288e-02
  Batch 17: loss = 1.408005 | LR = 4.870769e-02
  Batch 18: loss = 1.545138 | LR = 4.870249e-02
  Batch 19: loss = 1.456706 | LR = 4.869727e-02
  Batch 20: loss = 1.524450 | LR = 4.869205e-02
  Batch 21: loss = 1.279473 | LR = 4.868682e-02
  Batch 22: loss = 1.534741 | LR = 4.868158e-02
  Batch 23: loss = 1.456449 | LR = 4.867632e-02
  Batch 24: loss = 1.533393 | LR = 4.867106e-02
  Batch 25: loss = 1.376301 | LR = 4.866579e-02
  Batch 26: loss = 1.444789 | LR = 4.866050e-02
  Batch 27: loss = 1.484216 | LR = 4.865521e-02
  Batch 28: loss = 1.556876 | LR = 4.864991e-02
  Batch 29: loss = 1.501856 | LR = 4.864459e-02
  Batch 30: loss = 1.472918 | LR = 4.863927e-02
  Batch 31: loss = 1.561439 | LR = 4.863393e-02
  Batch 32: loss = 1.523745 | LR = 4.862859e-02
  Batch 33: loss = 1.261378 | LR = 4.862323e-02
  Batch 34: loss = 1.405541 | LR = 4.861787e-02
  Batch 35: loss = 1.459430 | LR = 4.861250e-02
  Batch 36: loss = 1.460505 | LR = 4.860711e-02
  Batch 37: loss = 1.428504 | LR = 4.860172e-02
  Batch 38: loss = 1.571324 | LR = 4.859631e-02
  Batch 39: loss = 1.437755 | LR = 4.859090e-02
  Batch 40: loss = 1.615653 | LR = 4.858547e-02
  Batch 41: loss = 1.320179 | LR = 4.858003e-02
  Batch 42: loss = 1.429438 | LR = 4.857459e-02
  Batch 43: loss = 1.362626 | LR = 4.856913e-02
  Batch 44: loss = 1.609925 | LR = 4.856367e-02
  Batch 45: loss = 1.480077 | LR = 4.855819e-02
  Batch 46: loss = 1.502353 | LR = 4.855271e-02
  Batch 47: loss = 1.626167 | LR = 4.854721e-02
  Batch 48: loss = 1.376174 | LR = 4.854170e-02
Epoch 11: Average loss = 1.4769, Duration = 1.06s
  Batch 1: loss = 1.423268 | LR = 4.853619e-02
  Batch 2: loss = 1.505707 | LR = 4.853066e-02
  Batch 3: loss = 1.517174 | LR = 4.852512e-02
  Batch 4: loss = 1.456606 | LR = 4.851958e-02
  Batch 5: loss = 1.333433 | LR = 4.851402e-02
  Batch 6: loss = 1.381089 | LR = 4.850845e-02
  Batch 7: loss = 1.496173 | LR = 4.850288e-02
  Batch 8: loss = 1.513957 | LR = 4.849729e-02
  Batch 9: loss = 1.495029 | LR = 4.849169e-02
  Batch 10: loss = 1.483967 | LR = 4.848609e-02
  Batch 11: loss = 1.548875 | LR = 4.848047e-02
  Batch 12: loss = 1.592132 | LR = 4.847484e-02
  Batch 13: loss = 1.299726 | LR = 4.846920e-02
  Batch 14: loss = 1.522774 | LR = 4.846356e-02
  Batch 15: loss = 1.552468 | LR = 4.845790e-02
  Batch 16: loss = 1.324377 | LR = 4.845223e-02
  Batch 17: loss = 1.373824 | LR = 4.844655e-02
  Batch 18: loss = 1.428959 | LR = 4.844087e-02
  Batch 19: loss = 1.413679 | LR = 4.843517e-02
  Batch 20: loss = 1.436054 | LR = 4.842946e-02
  Batch 21: loss = 1.326656 | LR = 4.842374e-02
  Batch 22: loss = 1.420969 | LR = 4.841802e-02
  Batch 23: loss = 1.378383 | LR = 4.841228e-02
  Batch 24: loss = 1.401211 | LR = 4.840653e-02
  Batch 25: loss = 1.299177 | LR = 4.840077e-02
  Batch 26: loss = 1.338598 | LR = 4.839500e-02
  Batch 27: loss = 1.568691 | LR = 4.838923e-02
  Batch 28: loss = 1.637456 | LR = 4.838344e-02
  Batch 29: loss = 1.437206 | LR = 4.837764e-02
  Batch 30: loss = 1.413913 | LR = 4.837183e-02
  Batch 31: loss = 1.495497 | LR = 4.836601e-02
  Batch 32: loss = 1.428456 | LR = 4.836018e-02
  Batch 33: loss = 1.289307 | LR = 4.835435e-02
  Batch 34: loss = 1.456300 | LR = 4.834850e-02
  Batch 35: loss = 1.371835 | LR = 4.834264e-02
  Batch 36: loss = 1.408127 | LR = 4.833677e-02
  Batch 37: loss = 1.481552 | LR = 4.833089e-02
  Batch 38: loss = 1.492895 | LR = 4.832500e-02
  Batch 39: loss = 1.405374 | LR = 4.831911e-02
  Batch 40: loss = 1.537477 | LR = 4.831320e-02
  Batch 41: loss = 1.281296 | LR = 4.830728e-02
  Batch 42: loss = 1.568990 | LR = 4.830135e-02
  Batch 43: loss = 1.327740 | LR = 4.829541e-02
  Batch 44: loss = 1.664118 | LR = 4.828946e-02
  Batch 45: loss = 1.420656 | LR = 4.828351e-02
  Batch 46: loss = 1.318186 | LR = 4.827754e-02
  Batch 47: loss = 1.622189 | LR = 4.827156e-02
  Batch 48: loss = 1.338163 | LR = 4.826557e-02
Epoch 12: Average loss = 1.4423, Duration = 1.03s
  Batch 1: loss = 1.483208 | LR = 4.825957e-02
  Batch 2: loss = 1.484341 | LR = 4.825356e-02
  Batch 3: loss = 1.503768 | LR = 4.824755e-02
  Batch 4: loss = 1.422433 | LR = 4.824152e-02
  Batch 5: loss = 1.247320 | LR = 4.823548e-02
  Batch 6: loss = 1.432704 | LR = 4.822943e-02
  Batch 7: loss = 1.483770 | LR = 4.822337e-02
  Batch 8: loss = 1.408636 | LR = 4.821730e-02
  Batch 9: loss = 1.474721 | LR = 4.821123e-02
  Batch 10: loss = 1.533904 | LR = 4.820514e-02
  Batch 11: loss = 1.508585 | LR = 4.819904e-02
  Batch 12: loss = 1.493697 | LR = 4.819293e-02
  Batch 13: loss = 1.353025 | LR = 4.818681e-02
  Batch 14: loss = 1.501356 | LR = 4.818069e-02
  Batch 15: loss = 1.470079 | LR = 4.817455e-02
  Batch 16: loss = 1.353518 | LR = 4.816840e-02
  Batch 17: loss = 1.279468 | LR = 4.816224e-02
  Batch 18: loss = 1.440063 | LR = 4.815608e-02
  Batch 19: loss = 1.473955 | LR = 4.814990e-02
  Batch 20: loss = 1.621466 | LR = 4.814371e-02
  Batch 21: loss = 1.326261 | LR = 4.813751e-02
  Batch 22: loss = 1.582818 | LR = 4.813131e-02
  Batch 23: loss = 1.343082 | LR = 4.812509e-02
  Batch 24: loss = 1.336769 | LR = 4.811886e-02
  Batch 25: loss = 1.342771 | LR = 4.811262e-02
  Batch 26: loss = 1.413107 | LR = 4.810638e-02
  Batch 27: loss = 1.499908 | LR = 4.810012e-02
  Batch 28: loss = 1.595386 | LR = 4.809385e-02
  Batch 29: loss = 1.357919 | LR = 4.808758e-02
  Batch 30: loss = 1.413528 | LR = 4.808129e-02
  Batch 31: loss = 1.462940 | LR = 4.807499e-02
  Batch 32: loss = 1.554687 | LR = 4.806869e-02
  Batch 33: loss = 1.330559 | LR = 4.806237e-02
  Batch 34: loss = 1.440214 | LR = 4.805604e-02
  Batch 35: loss = 1.353678 | LR = 4.804971e-02
  Batch 36: loss = 1.357445 | LR = 4.804336e-02
  Batch 37: loss = 1.345499 | LR = 4.803701e-02
  Batch 38: loss = 1.536185 | LR = 4.803064e-02
  Batch 39: loss = 1.431750 | LR = 4.802426e-02
  Batch 40: loss = 1.524798 | LR = 4.801788e-02
  Batch 41: loss = 1.331823 | LR = 4.801148e-02
  Batch 42: loss = 1.362666 | LR = 4.800508e-02
  Batch 43: loss = 1.249867 | LR = 4.799866e-02
  Batch 44: loss = 1.529828 | LR = 4.799224e-02
  Batch 45: loss = 1.395462 | LR = 4.798580e-02
  Batch 46: loss = 1.358001 | LR = 4.797936e-02
  Batch 47: loss = 1.654739 | LR = 4.797290e-02
  Batch 48: loss = 1.328329 | LR = 4.796644e-02
Epoch 13: Average loss = 1.4319, Duration = 1.05s
  Batch 1: loss = 1.386902 | LR = 4.795996e-02
  Batch 2: loss = 1.335745 | LR = 4.795348e-02
  Batch 3: loss = 1.482376 | LR = 4.794699e-02
  Batch 4: loss = 1.323297 | LR = 4.794048e-02
  Batch 5: loss = 1.226530 | LR = 4.793397e-02
  Batch 6: loss = 1.436311 | LR = 4.792744e-02
  Batch 7: loss = 1.446210 | LR = 4.792091e-02
  Batch 8: loss = 1.540606 | LR = 4.791437e-02
  Batch 9: loss = 1.440569 | LR = 4.790782e-02
  Batch 10: loss = 1.350219 | LR = 4.790125e-02
  Batch 11: loss = 1.434708 | LR = 4.789468e-02
  Batch 12: loss = 1.398658 | LR = 4.788810e-02
  Batch 13: loss = 1.284086 | LR = 4.788150e-02
  Batch 14: loss = 1.452412 | LR = 4.787490e-02
  Batch 15: loss = 1.443937 | LR = 4.786829e-02
  Batch 16: loss = 1.481128 | LR = 4.786167e-02
  Batch 17: loss = 1.423245 | LR = 4.785504e-02
  Batch 18: loss = 1.379270 | LR = 4.784840e-02
  Batch 19: loss = 1.452364 | LR = 4.784174e-02
  Batch 20: loss = 1.404334 | LR = 4.783508e-02
  Batch 21: loss = 1.200413 | LR = 4.782841e-02
  Batch 22: loss = 1.409031 | LR = 4.782173e-02
  Batch 23: loss = 1.325422 | LR = 4.781504e-02
  Batch 24: loss = 1.409660 | LR = 4.780834e-02
  Batch 25: loss = 1.358534 | LR = 4.780163e-02
  Batch 26: loss = 1.374877 | LR = 4.779491e-02
  Batch 27: loss = 1.413756 | LR = 4.778818e-02
  Batch 28: loss = 1.434626 | LR = 4.778144e-02
  Batch 29: loss = 1.306314 | LR = 4.777469e-02
  Batch 30: loss = 1.390050 | LR = 4.776793e-02
  Batch 31: loss = 1.474401 | LR = 4.776116e-02
  Batch 32: loss = 1.325938 | LR = 4.775439e-02
  Batch 33: loss = 1.298773 | LR = 4.774760e-02
  Batch 34: loss = 1.391522 | LR = 4.774080e-02
  Batch 35: loss = 1.193595 | LR = 4.773399e-02
  Batch 36: loss = 1.384816 | LR = 4.772717e-02
  Batch 37: loss = 1.400229 | LR = 4.772035e-02
  Batch 38: loss = 1.494539 | LR = 4.771351e-02
  Batch 39: loss = 1.228828 | LR = 4.770666e-02
  Batch 40: loss = 1.456596 | LR = 4.769981e-02
  Batch 41: loss = 1.182069 | LR = 4.769294e-02
  Batch 42: loss = 1.481166 | LR = 4.768606e-02
  Batch 43: loss = 1.239861 | LR = 4.767918e-02
  Batch 44: loss = 1.517253 | LR = 4.767228e-02
  Batch 45: loss = 1.358475 | LR = 4.766538e-02
  Batch 46: loss = 1.337894 | LR = 4.765846e-02
  Batch 47: loss = 1.678807 | LR = 4.765154e-02
  Batch 48: loss = 1.317791 | LR = 4.764460e-02
Epoch 14: Average loss = 1.3856, Duration = 1.06s
  Batch 1: loss = 1.328276 | LR = 4.763766e-02
  Batch 2: loss = 1.402205 | LR = 4.763071e-02
  Batch 3: loss = 1.448747 | LR = 4.762374e-02
  Batch 4: loss = 1.429659 | LR = 4.761677e-02
  Batch 5: loss = 1.231223 | LR = 4.760979e-02
  Batch 6: loss = 1.285832 | LR = 4.760279e-02
  Batch 7: loss = 1.492380 | LR = 4.759579e-02
  Batch 8: loss = 1.418916 | LR = 4.758878e-02
  Batch 9: loss = 1.425768 | LR = 4.758176e-02
  Batch 10: loss = 1.540774 | LR = 4.757473e-02
  Batch 11: loss = 1.475551 | LR = 4.756769e-02
  Batch 12: loss = 1.295329 | LR = 4.756064e-02
  Batch 13: loss = 1.305042 | LR = 4.755358e-02
  Batch 14: loss = 1.438814 | LR = 4.754650e-02
  Batch 15: loss = 1.324842 | LR = 4.753943e-02
  Batch 16: loss = 1.361586 | LR = 4.753234e-02
  Batch 17: loss = 1.423008 | LR = 4.752524e-02
  Batch 18: loss = 1.404135 | LR = 4.751813e-02
  Batch 19: loss = 1.436150 | LR = 4.751101e-02
  Batch 20: loss = 1.366753 | LR = 4.750388e-02
  Batch 21: loss = 1.342454 | LR = 4.749674e-02
  Batch 22: loss = 1.510881 | LR = 4.748960e-02
  Batch 23: loss = 1.314141 | LR = 4.748244e-02
  Batch 24: loss = 1.432286 | LR = 4.747527e-02
  Batch 25: loss = 1.236906 | LR = 4.746810e-02
  Batch 26: loss = 1.393103 | LR = 4.746091e-02
  Batch 27: loss = 1.353842 | LR = 4.745371e-02
  Batch 28: loss = 1.473040 | LR = 4.744651e-02
  Batch 29: loss = 1.374802 | LR = 4.743929e-02
  Batch 30: loss = 1.347802 | LR = 4.743207e-02
  Batch 31: loss = 1.392055 | LR = 4.742484e-02
  Batch 32: loss = 1.431436 | LR = 4.741759e-02
  Batch 33: loss = 1.221324 | LR = 4.741034e-02
  Batch 34: loss = 1.317909 | LR = 4.740308e-02
  Batch 35: loss = 1.359671 | LR = 4.739580e-02
  Batch 36: loss = 1.422258 | LR = 4.738852e-02
  Batch 37: loss = 1.365017 | LR = 4.738123e-02
  Batch 38: loss = 1.388535 | LR = 4.737393e-02
  Batch 39: loss = 1.399374 | LR = 4.736662e-02
  Batch 40: loss = 1.386009 | LR = 4.735930e-02
  Batch 41: loss = 1.262468 | LR = 4.735197e-02
  Batch 42: loss = 1.333951 | LR = 4.734463e-02
  Batch 43: loss = 1.197587 | LR = 4.733728e-02
  Batch 44: loss = 1.437217 | LR = 4.732992e-02
  Batch 45: loss = 1.278504 | LR = 4.732255e-02
  Batch 46: loss = 1.242734 | LR = 4.731517e-02
  Batch 47: loss = 1.574004 | LR = 4.730778e-02
  Batch 48: loss = 1.237489 | LR = 4.730039e-02
Epoch 15: Average loss = 1.3721, Duration = 1.09s
  Batch 1: loss = 1.257854 | LR = 4.729298e-02
  Batch 2: loss = 1.352237 | LR = 4.728556e-02
  Batch 3: loss = 1.394757 | LR = 4.727814e-02
  Batch 4: loss = 1.355181 | LR = 4.727070e-02
  Batch 5: loss = 1.172390 | LR = 4.726326e-02
  Batch 6: loss = 1.276687 | LR = 4.725580e-02
  Batch 7: loss = 1.235856 | LR = 4.724834e-02
  Batch 8: loss = 1.385543 | LR = 4.724086e-02
  Batch 9: loss = 1.423295 | LR = 4.723338e-02
  Batch 10: loss = 1.414851 | LR = 4.722589e-02
  Batch 11: loss = 1.489189 | LR = 4.721838e-02
  Batch 12: loss = 1.389092 | LR = 4.721087e-02
  Batch 13: loss = 1.352733 | LR = 4.720335e-02
  Batch 14: loss = 1.545510 | LR = 4.719582e-02
  Batch 15: loss = 1.441206 | LR = 4.718828e-02
  Batch 16: loss = 1.431262 | LR = 4.718073e-02
  Batch 17: loss = 1.295705 | LR = 4.717317e-02
  Batch 18: loss = 1.299568 | LR = 4.716560e-02
  Batch 19: loss = 1.335541 | LR = 4.715802e-02
  Batch 20: loss = 1.473139 | LR = 4.715043e-02
  Batch 21: loss = 1.247690 | LR = 4.714284e-02
  Batch 22: loss = 1.343911 | LR = 4.713523e-02
  Batch 23: loss = 1.367967 | LR = 4.712761e-02
  Batch 24: loss = 1.323739 | LR = 4.711999e-02
  Batch 25: loss = 1.284879 | LR = 4.711235e-02
  Batch 26: loss = 1.480407 | LR = 4.710471e-02
  Batch 27: loss = 1.461352 | LR = 4.709705e-02
  Batch 28: loss = 1.435319 | LR = 4.708939e-02
  Batch 29: loss = 1.423164 | LR = 4.708171e-02
  Batch 30: loss = 1.232296 | LR = 4.707403e-02
  Batch 31: loss = 1.335088 | LR = 4.706634e-02
  Batch 32: loss = 1.339125 | LR = 4.705864e-02
  Batch 33: loss = 1.152891 | LR = 4.705093e-02
  Batch 34: loss = 1.338309 | LR = 4.704320e-02
  Batch 35: loss = 1.237823 | LR = 4.703547e-02
  Batch 36: loss = 1.318212 | LR = 4.702773e-02
  Batch 37: loss = 1.349959 | LR = 4.701999e-02
  Batch 38: loss = 1.453418 | LR = 4.701223e-02
  Batch 39: loss = 1.282368 | LR = 4.700446e-02
  Batch 40: loss = 1.293365 | LR = 4.699668e-02
  Batch 41: loss = 1.262125 | LR = 4.698889e-02
  Batch 42: loss = 1.389438 | LR = 4.698110e-02
  Batch 43: loss = 1.178084 | LR = 4.697329e-02
  Batch 44: loss = 1.348067 | LR = 4.696548e-02
  Batch 45: loss = 1.263400 | LR = 4.695765e-02
  Batch 46: loss = 1.226551 | LR = 4.694982e-02
  Batch 47: loss = 1.585812 | LR = 4.694197e-02
  Batch 48: loss = 1.200513 | LR = 4.693412e-02
Epoch 16: Average loss = 1.3433, Duration = 1.09s
  Batch 1: loss = 1.288594 | LR = 4.692626e-02
  Batch 2: loss = 1.436603 | LR = 4.691839e-02
  Batch 3: loss = 1.486617 | LR = 4.691051e-02
  Batch 4: loss = 1.385519 | LR = 4.690262e-02
  Batch 5: loss = 1.175907 | LR = 4.689472e-02
  Batch 6: loss = 1.211758 | LR = 4.688681e-02
  Batch 7: loss = 1.206820 | LR = 4.687889e-02
  Batch 8: loss = 1.494571 | LR = 4.687096e-02
  Batch 9: loss = 1.368019 | LR = 4.686302e-02
  Batch 10: loss = 1.435477 | LR = 4.685508e-02
  Batch 11: loss = 1.458822 | LR = 4.684712e-02
  Batch 12: loss = 1.204194 | LR = 4.683915e-02
  Batch 13: loss = 1.172791 | LR = 4.683118e-02
  Batch 14: loss = 1.405203 | LR = 4.682319e-02
  Batch 15: loss = 1.513591 | LR = 4.681520e-02
  Batch 16: loss = 1.323870 | LR = 4.680720e-02
  Batch 17: loss = 1.190401 | LR = 4.679918e-02
  Batch 18: loss = 1.443408 | LR = 4.679116e-02
  Batch 19: loss = 1.472158 | LR = 4.678313e-02
  Batch 20: loss = 1.382880 | LR = 4.677509e-02
  Batch 21: loss = 1.082830 | LR = 4.676704e-02
  Batch 22: loss = 1.385821 | LR = 4.675898e-02
  Batch 23: loss = 1.320340 | LR = 4.675091e-02
  Batch 24: loss = 1.266300 | LR = 4.674284e-02
  Batch 25: loss = 1.218463 | LR = 4.673475e-02
  Batch 26: loss = 1.332725 | LR = 4.672665e-02
  Batch 27: loss = 1.388689 | LR = 4.671855e-02
  Batch 28: loss = 1.325035 | LR = 4.671043e-02
  Batch 29: loss = 1.489880 | LR = 4.670231e-02
  Batch 30: loss = 1.295992 | LR = 4.669417e-02
  Batch 31: loss = 1.386090 | LR = 4.668603e-02
  Batch 32: loss = 1.327941 | LR = 4.667788e-02
  Batch 33: loss = 1.203031 | LR = 4.666972e-02
  Batch 34: loss = 1.293533 | LR = 4.666154e-02
  Batch 35: loss = 1.191267 | LR = 4.665336e-02
  Batch 36: loss = 1.175403 | LR = 4.664517e-02
  Batch 37: loss = 1.275843 | LR = 4.663698e-02
  Batch 38: loss = 1.479918 | LR = 4.662877e-02
  Batch 39: loss = 1.257429 | LR = 4.662055e-02
  Batch 40: loss = 1.154714 | LR = 4.661232e-02
  Batch 41: loss = 1.191225 | LR = 4.660409e-02
  Batch 42: loss = 1.452495 | LR = 4.659584e-02
  Batch 43: loss = 1.182407 | LR = 4.658759e-02
  Batch 44: loss = 1.332364 | LR = 4.657932e-02
  Batch 45: loss = 1.425906 | LR = 4.657105e-02
  Batch 46: loss = 1.280882 | LR = 4.656277e-02
  Batch 47: loss = 1.545953 | LR = 4.655448e-02
  Batch 48: loss = 1.251261 | LR = 4.654618e-02
Epoch 17: Average loss = 1.3244, Duration = 1.10s
  Batch 1: loss = 1.324227 | LR = 4.653787e-02
  Batch 2: loss = 1.399728 | LR = 4.652955e-02
  Batch 3: loss = 1.296837 | LR = 4.652122e-02
  Batch 4: loss = 1.284822 | LR = 4.651288e-02
  Batch 5: loss = 1.193205 | LR = 4.650453e-02
  Batch 6: loss = 1.263334 | LR = 4.649618e-02
  Batch 7: loss = 1.415243 | LR = 4.648781e-02
  Batch 8: loss = 1.318135 | LR = 4.647944e-02
  Batch 9: loss = 1.737237 | LR = 4.647105e-02
  Batch 10: loss = 1.287806 | LR = 4.646266e-02
  Batch 11: loss = 1.543334 | LR = 4.645426e-02
  Batch 12: loss = 1.327746 | LR = 4.644585e-02
  Batch 13: loss = 1.217842 | LR = 4.643743e-02
  Batch 14: loss = 1.551222 | LR = 4.642900e-02
  Batch 15: loss = 1.431615 | LR = 4.642056e-02
  Batch 16: loss = 1.352233 | LR = 4.641211e-02
  Batch 17: loss = 1.223814 | LR = 4.640365e-02
  Batch 18: loss = 1.347633 | LR = 4.639518e-02
  Batch 19: loss = 1.440826 | LR = 4.638671e-02
  Batch 20: loss = 1.432483 | LR = 4.637822e-02
  Batch 21: loss = 1.210481 | LR = 4.636973e-02
  Batch 22: loss = 1.398281 | LR = 4.636122e-02
  Batch 23: loss = 1.326275 | LR = 4.635271e-02
  Batch 24: loss = 1.353515 | LR = 4.634419e-02
  Batch 25: loss = 1.199967 | LR = 4.633566e-02
  Batch 26: loss = 1.362729 | LR = 4.632712e-02
  Batch 27: loss = 1.431228 | LR = 4.631857e-02
  Batch 28: loss = 1.521507 | LR = 4.631001e-02
  Batch 29: loss = 1.272334 | LR = 4.630144e-02
  Batch 30: loss = 1.304416 | LR = 4.629287e-02
  Batch 31: loss = 1.384962 | LR = 4.628428e-02
  Batch 32: loss = 1.294769 | LR = 4.627569e-02
  Batch 33: loss = 1.214896 | LR = 4.626708e-02
  Batch 34: loss = 1.224951 | LR = 4.625847e-02
  Batch 35: loss = 1.150109 | LR = 4.624985e-02
  Batch 36: loss = 1.214745 | LR = 4.624122e-02
  Batch 37: loss = 1.443429 | LR = 4.623258e-02
  Batch 38: loss = 1.415765 | LR = 4.622393e-02
  Batch 39: loss = 1.221893 | LR = 4.621527e-02
  Batch 40: loss = 1.318928 | LR = 4.620660e-02
  Batch 41: loss = 1.163777 | LR = 4.619792e-02
  Batch 42: loss = 1.312059 | LR = 4.618924e-02
  Batch 43: loss = 1.176202 | LR = 4.618054e-02
  Batch 44: loss = 1.345205 | LR = 4.617184e-02
  Batch 45: loss = 1.338743 | LR = 4.616312e-02
  Batch 46: loss = 1.253683 | LR = 4.615440e-02
  Batch 47: loss = 1.584450 | LR = 4.614567e-02
  Batch 48: loss = 1.284546 | LR = 4.613693e-02
Epoch 18: Average loss = 1.3357, Duration = 1.09s
  Batch 1: loss = 1.255008 | LR = 4.612818e-02
  Batch 2: loss = 1.405277 | LR = 4.611942e-02
  Batch 3: loss = 1.300212 | LR = 4.611065e-02
  Batch 4: loss = 1.372710 | LR = 4.610188e-02
  Batch 5: loss = 1.130420 | LR = 4.609309e-02
  Batch 6: loss = 1.216166 | LR = 4.608430e-02
  Batch 7: loss = 1.273169 | LR = 4.607549e-02
  Batch 8: loss = 1.391416 | LR = 4.606668e-02
  Batch 9: loss = 1.546137 | LR = 4.605786e-02
  Batch 10: loss = 1.369860 | LR = 4.604903e-02
  Batch 11: loss = 1.390567 | LR = 4.604019e-02
  Batch 12: loss = 1.275529 | LR = 4.603134e-02
  Batch 13: loss = 1.207784 | LR = 4.602248e-02
  Batch 14: loss = 1.461170 | LR = 4.601361e-02
  Batch 15: loss = 1.356301 | LR = 4.600474e-02
  Batch 16: loss = 1.239955 | LR = 4.599585e-02
  Batch 17: loss = 1.252143 | LR = 4.598696e-02
  Batch 18: loss = 1.240628 | LR = 4.597805e-02
  Batch 19: loss = 1.355158 | LR = 4.596914e-02
  Batch 20: loss = 1.273208 | LR = 4.596022e-02
  Batch 21: loss = 1.118253 | LR = 4.595129e-02
  Batch 22: loss = 1.336925 | LR = 4.594235e-02
  Batch 23: loss = 1.209408 | LR = 4.593340e-02
  Batch 24: loss = 1.282704 | LR = 4.592445e-02
  Batch 25: loss = 1.198604 | LR = 4.591548e-02
  Batch 26: loss = 1.248303 | LR = 4.590651e-02
  Batch 27: loss = 1.495895 | LR = 4.589752e-02
  Batch 28: loss = 1.278861 | LR = 4.588853e-02
  Batch 29: loss = 1.356936 | LR = 4.587953e-02
  Batch 30: loss = 1.287006 | LR = 4.587052e-02
  Batch 31: loss = 1.253938 | LR = 4.586150e-02
  Batch 32: loss = 1.296962 | LR = 4.585247e-02
  Batch 33: loss = 1.097437 | LR = 4.584343e-02
  Batch 34: loss = 1.260671 | LR = 4.583438e-02
  Batch 35: loss = 1.116866 | LR = 4.582533e-02
  Batch 36: loss = 1.297842 | LR = 4.581626e-02
  Batch 37: loss = 1.221470 | LR = 4.580719e-02
  Batch 38: loss = 1.344375 | LR = 4.579811e-02
  Batch 39: loss = 1.227929 | LR = 4.578901e-02
  Batch 40: loss = 1.264351 | LR = 4.577991e-02
  Batch 41: loss = 1.169040 | LR = 4.577081e-02
  Batch 42: loss = 1.347919 | LR = 4.576169e-02
  Batch 43: loss = 1.184599 | LR = 4.575256e-02
  Batch 44: loss = 1.335445 | LR = 4.574342e-02
  Batch 45: loss = 1.311330 | LR = 4.573428e-02
  Batch 46: loss = 1.192563 | LR = 4.572513e-02
  Batch 47: loss = 1.480482 | LR = 4.571596e-02
  Batch 48: loss = 1.185738 | LR = 4.570679e-02
Epoch 19: Average loss = 1.2857, Duration = 1.10s
  Batch 1: loss = 1.211975 | LR = 4.569761e-02
  Batch 2: loss = 1.272011 | LR = 4.568842e-02
  Batch 3: loss = 1.276905 | LR = 4.567922e-02
  Batch 4: loss = 1.272694 | LR = 4.567002e-02
  Batch 5: loss = 1.148046 | LR = 4.566080e-02
  Batch 6: loss = 1.194868 | LR = 4.565158e-02
  Batch 7: loss = 1.154897 | LR = 4.564234e-02
  Batch 8: loss = 1.225172 | LR = 4.563310e-02
  Batch 9: loss = 1.484660 | LR = 4.562385e-02
  Batch 10: loss = 1.173603 | LR = 4.561459e-02
  Batch 11: loss = 1.375039 | LR = 4.560532e-02
  Batch 12: loss = 1.183666 | LR = 4.559604e-02
  Batch 13: loss = 1.138274 | LR = 4.558675e-02
  Batch 14: loss = 1.342761 | LR = 4.557746e-02
  Batch 15: loss = 1.392023 | LR = 4.556815e-02
  Batch 16: loss = 1.168347 | LR = 4.555884e-02
  Batch 17: loss = 1.304102 | LR = 4.554952e-02
  Batch 18: loss = 1.214674 | LR = 4.554019e-02
  Batch 19: loss = 1.386894 | LR = 4.553085e-02
  Batch 20: loss = 1.175705 | LR = 4.552150e-02
  Batch 21: loss = 1.154444 | LR = 4.551214e-02
  Batch 22: loss = 1.255266 | LR = 4.550278e-02
  Batch 23: loss = 1.151914 | LR = 4.549340e-02
  Batch 24: loss = 1.141708 | LR = 4.548402e-02
  Batch 25: loss = 1.339254 | LR = 4.547463e-02
  Batch 26: loss = 1.318598 | LR = 4.546522e-02
  Batch 27: loss = 1.308002 | LR = 4.545581e-02
  Batch 28: loss = 1.372834 | LR = 4.544640e-02
  Batch 29: loss = 1.286546 | LR = 4.543697e-02
  Batch 30: loss = 1.195500 | LR = 4.542753e-02
  Batch 31: loss = 1.352032 | LR = 4.541809e-02
  Batch 32: loss = 1.301589 | LR = 4.540863e-02
  Batch 33: loss = 1.167816 | LR = 4.539917e-02
  Batch 34: loss = 1.210873 | LR = 4.538970e-02
  Batch 35: loss = 1.215174 | LR = 4.538022e-02
  Batch 36: loss = 1.170260 | LR = 4.537073e-02
  Batch 37: loss = 1.358675 | LR = 4.536123e-02
  Batch 38: loss = 1.465697 | LR = 4.535173e-02
  Batch 39: loss = 1.061541 | LR = 4.534221e-02
  Batch 40: loss = 1.448150 | LR = 4.533269e-02
  Batch 41: loss = 1.143722 | LR = 4.532315e-02
  Batch 42: loss = 1.279894 | LR = 4.531361e-02
  Batch 43: loss = 1.105106 | LR = 4.530406e-02
  Batch 44: loss = 1.271410 | LR = 4.529450e-02
  Batch 45: loss = 1.291312 | LR = 4.528494e-02
  Batch 46: loss = 1.163284 | LR = 4.527536e-02
  Batch 47: loss = 1.587253 | LR = 4.526578e-02
  Batch 48: loss = 1.140501 | LR = 4.525618e-02
Epoch 20: Average loss = 1.2574, Duration = 1.05s
  Batch 1: loss = 1.517385 | LR = 4.524658e-02
  Batch 2: loss = 1.363529 | LR = 4.523697e-02
  Batch 3: loss = 1.375192 | LR = 4.522735e-02
  Batch 4: loss = 1.319716 | LR = 4.521772e-02
  Batch 5: loss = 1.159520 | LR = 4.520808e-02
  Batch 6: loss = 1.224275 | LR = 4.519844e-02
  Batch 7: loss = 1.167821 | LR = 4.518878e-02
  Batch 8: loss = 1.372630 | LR = 4.517912e-02
  Batch 9: loss = 1.527887 | LR = 4.516945e-02
  Batch 10: loss = 1.863592 | LR = 4.515977e-02
  Batch 11: loss = 1.579044 | LR = 4.515008e-02
  Batch 12: loss = 1.512210 | LR = 4.514038e-02
  Batch 13: loss = 1.358241 | LR = 4.513068e-02
  Batch 14: loss = 1.405837 | LR = 4.512096e-02
  Batch 15: loss = 1.448900 | LR = 4.511124e-02
  Batch 16: loss = 1.253552 | LR = 4.510151e-02
  Batch 17: loss = 1.197610 | LR = 4.509177e-02
  Batch 18: loss = 1.243194 | LR = 4.508202e-02
  Batch 19: loss = 1.385483 | LR = 4.507226e-02
  Batch 20: loss = 1.396362 | LR = 4.506249e-02
  Batch 21: loss = 1.203470 | LR = 4.505272e-02
  Batch 22: loss = 1.383203 | LR = 4.504293e-02
  Batch 23: loss = 1.284953 | LR = 4.503314e-02
  Batch 24: loss = 1.252472 | LR = 4.502334e-02
  Batch 25: loss = 1.185707 | LR = 4.501353e-02
  Batch 26: loss = 1.377731 | LR = 4.500371e-02
  Batch 27: loss = 1.344691 | LR = 4.499389e-02
  Batch 28: loss = 1.326677 | LR = 4.498405e-02
  Batch 29: loss = 1.361655 | LR = 4.497421e-02
  Batch 30: loss = 1.196167 | LR = 4.496435e-02
  Batch 31: loss = 1.323110 | LR = 4.495449e-02
  Batch 32: loss = 1.245276 | LR = 4.494462e-02
  Batch 33: loss = 1.201868 | LR = 4.493475e-02
  Batch 34: loss = 1.179299 | LR = 4.492486e-02
  Batch 35: loss = 1.158840 | LR = 4.491496e-02
  Batch 36: loss = 1.326878 | LR = 4.490506e-02
  Batch 37: loss = 1.286909 | LR = 4.489515e-02
  Batch 38: loss = 1.268116 | LR = 4.488523e-02
  Batch 39: loss = 1.211553 | LR = 4.487530e-02
  Batch 40: loss = 1.211184 | LR = 4.486536e-02
  Batch 41: loss = 1.154783 | LR = 4.485541e-02
  Batch 42: loss = 1.426203 | LR = 4.484546e-02
  Batch 43: loss = 1.302554 | LR = 4.483549e-02
  Batch 44: loss = 1.351228 | LR = 4.482552e-02
  Batch 45: loss = 1.308414 | LR = 4.481554e-02
  Batch 46: loss = 1.362213 | LR = 4.480555e-02
  Batch 47: loss = 1.501652 | LR = 4.479556e-02
  Batch 48: loss = 1.248965 | LR = 4.478555e-02
Epoch 21: Average loss = 1.3262, Duration = 1.06s
  Batch 1: loss = 1.319782 | LR = 4.477554e-02
  Batch 2: loss = 1.390414 | LR = 4.476551e-02
  Batch 3: loss = 1.348557 | LR = 4.475548e-02
  Batch 4: loss = 1.355385 | LR = 4.474544e-02
  Batch 5: loss = 1.166817 | LR = 4.473539e-02
  Batch 6: loss = 1.177780 | LR = 4.472534e-02
  Batch 7: loss = 1.280018 | LR = 4.471527e-02
  Batch 8: loss = 1.284913 | LR = 4.470520e-02
  Batch 9: loss = 1.333645 | LR = 4.469511e-02
  Batch 10: loss = 1.127001 | LR = 4.468502e-02
  Batch 11: loss = 1.366683 | LR = 4.467492e-02
  Batch 12: loss = 1.161880 | LR = 4.466482e-02
  Batch 13: loss = 1.256172 | LR = 4.465470e-02
  Batch 14: loss = 1.341590 | LR = 4.464458e-02
  Batch 15: loss = 1.254838 | LR = 4.463444e-02
  Batch 16: loss = 1.237671 | LR = 4.462430e-02
  Batch 17: loss = 1.201742 | LR = 4.461415e-02
  Batch 18: loss = 1.182366 | LR = 4.460399e-02
  Batch 19: loss = 1.304180 | LR = 4.459383e-02
  Batch 20: loss = 1.166747 | LR = 4.458365e-02
  Batch 21: loss = 1.092743 | LR = 4.457347e-02
  Batch 22: loss = 1.340479 | LR = 4.456328e-02
  Batch 23: loss = 1.217174 | LR = 4.455308e-02
  Batch 24: loss = 1.264026 | LR = 4.454287e-02
  Batch 25: loss = 1.235720 | LR = 4.453265e-02
  Batch 26: loss = 1.251734 | LR = 4.452243e-02
  Batch 27: loss = 1.338161 | LR = 4.451219e-02
  Batch 28: loss = 1.321993 | LR = 4.450195e-02
  Batch 29: loss = 1.386659 | LR = 4.449170e-02
  Batch 30: loss = 1.317047 | LR = 4.448144e-02
  Batch 31: loss = 1.342529 | LR = 4.447118e-02
  Batch 32: loss = 1.258100 | LR = 4.446090e-02
  Batch 33: loss = 1.154585 | LR = 4.445062e-02
  Batch 34: loss = 1.271870 | LR = 4.444032e-02
  Batch 35: loss = 1.235324 | LR = 4.443002e-02
  Batch 36: loss = 1.234001 | LR = 4.441971e-02
  Batch 37: loss = 1.374281 | LR = 4.440940e-02
  Batch 38: loss = 1.430149 | LR = 4.439907e-02
  Batch 39: loss = 1.206667 | LR = 4.438874e-02
  Batch 40: loss = 1.205501 | LR = 4.437840e-02
  Batch 41: loss = 1.124478 | LR = 4.436804e-02
  Batch 42: loss = 1.150429 | LR = 4.435769e-02
  Batch 43: loss = 1.160305 | LR = 4.434732e-02
  Batch 44: loss = 1.263479 | LR = 4.433694e-02
  Batch 45: loss = 1.196288 | LR = 4.432656e-02
  Batch 46: loss = 1.129547 | LR = 4.431617e-02
  Batch 47: loss = 1.546487 | LR = 4.430577e-02
  Batch 48: loss = 1.141722 | LR = 4.429536e-02
Epoch 22: Average loss = 1.2594, Duration = 1.07s
  Batch 1: loss = 1.173808 | LR = 4.428494e-02
  Batch 2: loss = 1.256080 | LR = 4.427452e-02
  Batch 3: loss = 1.224855 | LR = 4.426408e-02
  Batch 4: loss = 1.326762 | LR = 4.425364e-02
  Batch 5: loss = 1.151826 | LR = 4.424319e-02
  Batch 6: loss = 1.137682 | LR = 4.423273e-02
  Batch 7: loss = 1.142893 | LR = 4.422227e-02
  Batch 8: loss = 1.349733 | LR = 4.421179e-02
  Batch 9: loss = 1.378148 | LR = 4.420131e-02
  Batch 10: loss = 1.258697 | LR = 4.419082e-02
  Batch 11: loss = 1.333878 | LR = 4.418032e-02
  Batch 12: loss = 1.196720 | LR = 4.416981e-02
  Batch 13: loss = 1.174603 | LR = 4.415930e-02
  Batch 14: loss = 1.304585 | LR = 4.414877e-02
  Batch 15: loss = 1.331104 | LR = 4.413824e-02
  Batch 16: loss = 1.165421 | LR = 4.412770e-02
  Batch 17: loss = 1.235406 | LR = 4.411715e-02
  Batch 18: loss = 1.111342 | LR = 4.410659e-02
  Batch 19: loss = 1.266841 | LR = 4.409603e-02
  Batch 20: loss = 1.284642 | LR = 4.408545e-02
  Batch 21: loss = 1.131152 | LR = 4.407487e-02
  Batch 22: loss = 1.344066 | LR = 4.406428e-02
  Batch 23: loss = 1.116529 | LR = 4.405369e-02
  Batch 24: loss = 1.140350 | LR = 4.404308e-02
  Batch 25: loss = 1.333654 | LR = 4.403247e-02
  Batch 26: loss = 1.191152 | LR = 4.402184e-02
  Batch 27: loss = 1.187130 | LR = 4.401121e-02
  Batch 28: loss = 1.272218 | LR = 4.400057e-02
  Batch 29: loss = 1.410284 | LR = 4.398993e-02
  Batch 30: loss = 1.122654 | LR = 4.397927e-02
  Batch 31: loss = 1.310462 | LR = 4.396861e-02
  Batch 32: loss = 1.329409 | LR = 4.395794e-02
  Batch 33: loss = 1.014085 | LR = 4.394726e-02
  Batch 34: loss = 1.188287 | LR = 4.393657e-02
  Batch 35: loss = 1.089194 | LR = 4.392588e-02
  Batch 36: loss = 1.254497 | LR = 4.391517e-02
  Batch 37: loss = 1.143639 | LR = 4.390446e-02
  Batch 38: loss = 1.380461 | LR = 4.389374e-02
  Batch 39: loss = 1.089857 | LR = 4.388301e-02
  Batch 40: loss = 1.199622 | LR = 4.387228e-02
  Batch 41: loss = 1.101552 | LR = 4.386153e-02
  Batch 42: loss = 1.360421 | LR = 4.385078e-02
  Batch 43: loss = 1.060398 | LR = 4.384002e-02
  Batch 44: loss = 1.267980 | LR = 4.382925e-02
  Batch 45: loss = 1.266612 | LR = 4.381847e-02
  Batch 46: loss = 1.195319 | LR = 4.380769e-02
  Batch 47: loss = 1.415532 | LR = 4.379689e-02
  Batch 48: loss = 1.180047 | LR = 4.378609e-02
Epoch 23: Average loss = 1.2271, Duration = 1.09s
  Batch 1: loss = 1.179282 | LR = 4.377529e-02
  Batch 2: loss = 1.416941 | LR = 4.376447e-02
  Batch 3: loss = 1.329243 | LR = 4.375364e-02
  Batch 4: loss = 1.292617 | LR = 4.374281e-02
  Batch 5: loss = 1.139583 | LR = 4.373197e-02
  Batch 6: loss = 1.138644 | LR = 4.372112e-02
  Batch 7: loss = 1.138731 | LR = 4.371026e-02
  Batch 8: loss = 1.394652 | LR = 4.369940e-02
  Batch 9: loss = 1.263468 | LR = 4.368852e-02
  Batch 10: loss = 1.291637 | LR = 4.367764e-02
  Batch 11: loss = 1.440380 | LR = 4.366675e-02
  Batch 12: loss = 1.252485 | LR = 4.365586e-02
  Batch 13: loss = 1.116947 | LR = 4.364495e-02
  Batch 14: loss = 1.361587 | LR = 4.363404e-02
  Batch 15: loss = 1.356321 | LR = 4.362312e-02
  Batch 16: loss = 1.225097 | LR = 4.361219e-02
  Batch 17: loss = 1.178260 | LR = 4.360125e-02
  Batch 18: loss = 1.213750 | LR = 4.359030e-02
  Batch 19: loss = 1.244942 | LR = 4.357935e-02
  Batch 20: loss = 1.074123 | LR = 4.356839e-02
  Batch 21: loss = 1.100564 | LR = 4.355742e-02
  Batch 22: loss = 1.186869 | LR = 4.354644e-02
  Batch 23: loss = 1.097323 | LR = 4.353546e-02
  Batch 24: loss = 1.148718 | LR = 4.352447e-02
  Batch 25: loss = 1.111017 | LR = 4.351346e-02
  Batch 26: loss = 1.099000 | LR = 4.350246e-02
  Batch 27: loss = 1.247252 | LR = 4.349144e-02
  Batch 28: loss = 1.390693 | LR = 4.348041e-02
  Batch 29: loss = 1.250223 | LR = 4.346938e-02
  Batch 30: loss = 1.260690 | LR = 4.345834e-02
  Batch 31: loss = 1.126541 | LR = 4.344729e-02
  Batch 32: loss = 1.242663 | LR = 4.343624e-02
  Batch 33: loss = 1.072459 | LR = 4.342517e-02
  Batch 34: loss = 1.126330 | LR = 4.341410e-02
  Batch 35: loss = 0.995495 | LR = 4.340302e-02
  Batch 36: loss = 1.208430 | LR = 4.339193e-02
  Batch 37: loss = 1.208861 | LR = 4.338083e-02
  Batch 38: loss = 1.185723 | LR = 4.336973e-02
  Batch 39: loss = 1.172265 | LR = 4.335862e-02
  Batch 40: loss = 1.236082 | LR = 4.334750e-02
  Batch 41: loss = 1.115435 | LR = 4.333637e-02
  Batch 42: loss = 1.222380 | LR = 4.332524e-02
  Batch 43: loss = 1.189119 | LR = 4.331409e-02
  Batch 44: loss = 1.267332 | LR = 4.330294e-02
  Batch 45: loss = 1.137115 | LR = 4.329178e-02
  Batch 46: loss = 1.167454 | LR = 4.328062e-02
  Batch 47: loss = 1.425976 | LR = 4.326944e-02
  Batch 48: loss = 1.161378 | LR = 4.325826e-02
Epoch 24: Average loss = 1.2125, Duration = 1.06s
  Batch 1: loss = 1.169789 | LR = 4.324707e-02
  Batch 2: loss = 1.381558 | LR = 4.323587e-02
  Batch 3: loss = 1.350047 | LR = 4.322466e-02
  Batch 4: loss = 1.221842 | LR = 4.321345e-02
  Batch 5: loss = 1.089948 | LR = 4.320223e-02
  Batch 6: loss = 1.138846 | LR = 4.319100e-02
  Batch 7: loss = 1.280717 | LR = 4.317976e-02
  Batch 8: loss = 1.309513 | LR = 4.316852e-02
  Batch 9: loss = 1.234086 | LR = 4.315726e-02
  Batch 10: loss = 1.223599 | LR = 4.314600e-02
  Batch 11: loss = 1.294750 | LR = 4.313474e-02
  Batch 12: loss = 1.147022 | LR = 4.312346e-02
  Batch 13: loss = 1.117821 | LR = 4.311217e-02
  Batch 14: loss = 1.270672 | LR = 4.310088e-02
  Batch 15: loss = 1.327123 | LR = 4.308958e-02
  Batch 16: loss = 1.195653 | LR = 4.307828e-02
  Batch 17: loss = 1.392956 | LR = 4.306696e-02
  Batch 18: loss = 1.252308 | LR = 4.305564e-02
  Batch 19: loss = 1.330209 | LR = 4.304431e-02
  Batch 20: loss = 1.184036 | LR = 4.303297e-02
  Batch 21: loss = 1.111947 | LR = 4.302162e-02
  Batch 22: loss = 1.222394 | LR = 4.301027e-02
  Batch 23: loss = 1.184545 | LR = 4.299891e-02
  Batch 24: loss = 1.195046 | LR = 4.298754e-02
  Batch 25: loss = 1.185651 | LR = 4.297616e-02
  Batch 26: loss = 1.171957 | LR = 4.296478e-02
  Batch 27: loss = 1.151522 | LR = 4.295339e-02
  Batch 28: loss = 1.208873 | LR = 4.294199e-02
  Batch 29: loss = 1.200803 | LR = 4.293058e-02
  Batch 30: loss = 1.192099 | LR = 4.291916e-02
  Batch 31: loss = 1.243208 | LR = 4.290774e-02
  Batch 32: loss = 1.319134 | LR = 4.289631e-02
  Batch 33: loss = 1.135850 | LR = 4.288487e-02
  Batch 34: loss = 1.148176 | LR = 4.287342e-02
  Batch 35: loss = 1.098714 | LR = 4.286197e-02
  Batch 36: loss = 1.098785 | LR = 4.285051e-02
  Batch 37: loss = 1.240620 | LR = 4.283904e-02
  Batch 38: loss = 1.221507 | LR = 4.282756e-02
  Batch 39: loss = 1.065938 | LR = 4.281608e-02
  Batch 40: loss = 1.258781 | LR = 4.280459e-02
  Batch 41: loss = 1.052590 | LR = 4.279309e-02
  Batch 42: loss = 1.345795 | LR = 4.278158e-02
  Batch 43: loss = 1.085551 | LR = 4.277006e-02
  Batch 44: loss = 1.229924 | LR = 4.275854e-02
  Batch 45: loss = 1.106628 | LR = 4.274701e-02
  Batch 46: loss = 1.171615 | LR = 4.273547e-02
  Batch 47: loss = 1.440856 | LR = 4.272393e-02
  Batch 48: loss = 1.092867 | LR = 4.271237e-02
Epoch 25: Average loss = 1.2103, Duration = 1.07s
  Batch 1: loss = 1.193132 | LR = 4.270081e-02
  Batch 2: loss = 1.376022 | LR = 4.268925e-02
  Batch 3: loss = 1.152711 | LR = 4.267767e-02
  Batch 4: loss = 1.311750 | LR = 4.266609e-02
  Batch 5: loss = 1.049225 | LR = 4.265450e-02
  Batch 6: loss = 1.140427 | LR = 4.264290e-02
  Batch 7: loss = 1.182194 | LR = 4.263129e-02
  Batch 8: loss = 1.373340 | LR = 4.261968e-02
  Batch 9: loss = 1.381214 | LR = 4.260806e-02
  Batch 10: loss = 1.112971 | LR = 4.259643e-02
  Batch 11: loss = 1.284095 | LR = 4.258479e-02
  Batch 12: loss = 1.054796 | LR = 4.257315e-02
  Batch 13: loss = 1.079101 | LR = 4.256149e-02
  Batch 14: loss = 1.300997 | LR = 4.254984e-02
  Batch 15: loss = 1.322616 | LR = 4.253817e-02
  Batch 16: loss = 1.217471 | LR = 4.252649e-02
  Batch 17: loss = 1.131982 | LR = 4.251481e-02
  Batch 18: loss = 1.132170 | LR = 4.250312e-02
  Batch 19: loss = 1.228003 | LR = 4.249143e-02
  Batch 20: loss = 1.196071 | LR = 4.247972e-02
  Batch 21: loss = 1.004039 | LR = 4.246801e-02
  Batch 22: loss = 1.219672 | LR = 4.245629e-02
  Batch 23: loss = 1.176486 | LR = 4.244457e-02
  Batch 24: loss = 1.011014 | LR = 4.243283e-02
  Batch 25: loss = 1.186598 | LR = 4.242109e-02
  Batch 26: loss = 1.110324 | LR = 4.240934e-02
  Batch 27: loss = 1.158387 | LR = 4.239758e-02
  Batch 28: loss = 1.287774 | LR = 4.238582e-02
  Batch 29: loss = 1.193059 | LR = 4.237405e-02
  Batch 30: loss = 1.159685 | LR = 4.236227e-02
  Batch 31: loss = 1.201669 | LR = 4.235048e-02
  Batch 32: loss = 1.201359 | LR = 4.233869e-02
  Batch 33: loss = 1.085816 | LR = 4.232689e-02
  Batch 34: loss = 1.157431 | LR = 4.231508e-02
  Batch 35: loss = 1.100469 | LR = 4.230326e-02
  Batch 36: loss = 1.118976 | LR = 4.229144e-02
  Batch 37: loss = 1.170654 | LR = 4.227961e-02
  Batch 38: loss = 1.390534 | LR = 4.226777e-02
  Batch 39: loss = 1.051710 | LR = 4.225593e-02
  Batch 40: loss = 1.322699 | LR = 4.224407e-02
  Batch 41: loss = 1.048688 | LR = 4.223221e-02
  Batch 42: loss = 1.082674 | LR = 4.222034e-02
  Batch 43: loss = 1.029746 | LR = 4.220847e-02
  Batch 44: loss = 1.082540 | LR = 4.219659e-02
  Batch 45: loss = 1.162188 | LR = 4.218470e-02
  Batch 46: loss = 1.085818 | LR = 4.217280e-02
  Batch 47: loss = 1.297479 | LR = 4.216089e-02
  Batch 48: loss = 1.124433 | LR = 4.214898e-02
Epoch 26: Average loss = 1.1759, Duration = 1.02s
  Batch 1: loss = 1.094021 | LR = 4.213706e-02
  Batch 2: loss = 1.167399 | LR = 4.212513e-02
  Batch 3: loss = 1.097667 | LR = 4.211320e-02
  Batch 4: loss = 1.192185 | LR = 4.210126e-02
  Batch 5: loss = 1.072762 | LR = 4.208931e-02
  Batch 6: loss = 1.104749 | LR = 4.207735e-02
  Batch 7: loss = 1.033724 | LR = 4.206539e-02
  Batch 8: loss = 1.136751 | LR = 4.205342e-02
  Batch 9: loss = 1.195230 | LR = 4.204144e-02
  Batch 10: loss = 1.334172 | LR = 4.202945e-02
  Batch 11: loss = 1.283265 | LR = 4.201746e-02
  Batch 12: loss = 1.105618 | LR = 4.200546e-02
  Batch 13: loss = 1.015501 | LR = 4.199345e-02
  Batch 14: loss = 1.282025 | LR = 4.198144e-02
  Batch 15: loss = 1.156690 | LR = 4.196942e-02
  Batch 16: loss = 1.087001 | LR = 4.195739e-02
  Batch 17: loss = 1.078157 | LR = 4.194535e-02
  Batch 18: loss = 1.057306 | LR = 4.193331e-02
  Batch 19: loss = 1.192378 | LR = 4.192126e-02
  Batch 20: loss = 1.112672 | LR = 4.190920e-02
  Batch 21: loss = 1.034312 | LR = 4.189713e-02
  Batch 22: loss = 1.153446 | LR = 4.188506e-02
  Batch 23: loss = 0.986137 | LR = 4.187298e-02
  Batch 24: loss = 1.091701 | LR = 4.186089e-02
  Batch 25: loss = 1.178589 | LR = 4.184880e-02
  Batch 26: loss = 1.165310 | LR = 4.183670e-02
  Batch 27: loss = 1.151002 | LR = 4.182459e-02
  Batch 28: loss = 1.263265 | LR = 4.181247e-02
  Batch 29: loss = 1.290127 | LR = 4.180035e-02
  Batch 30: loss = 1.155628 | LR = 4.178822e-02
  Batch 31: loss = 1.097463 | LR = 4.177608e-02
  Batch 32: loss = 1.184270 | LR = 4.176393e-02
  Batch 33: loss = 1.043356 | LR = 4.175178e-02
  Batch 34: loss = 1.089129 | LR = 4.173962e-02
  Batch 35: loss = 1.032736 | LR = 4.172745e-02
  Batch 36: loss = 1.054856 | LR = 4.171528e-02
  Batch 37: loss = 1.234001 | LR = 4.170310e-02
  Batch 38: loss = 1.163370 | LR = 4.169091e-02
  Batch 39: loss = 0.954333 | LR = 4.167872e-02
  Batch 40: loss = 1.197177 | LR = 4.166651e-02
  Batch 41: loss = 1.144063 | LR = 4.165430e-02
  Batch 42: loss = 1.314092 | LR = 4.164209e-02
  Batch 43: loss = 0.993638 | LR = 4.162986e-02
  Batch 44: loss = 1.144213 | LR = 4.161763e-02
  Batch 45: loss = 1.175220 | LR = 4.160539e-02
  Batch 46: loss = 1.103437 | LR = 4.159315e-02
  Batch 47: loss = 1.325318 | LR = 4.158089e-02
  Batch 48: loss = 1.084586 | LR = 4.156864e-02
Epoch 27: Average loss = 1.1376, Duration = 1.09s
  Batch 1: loss = 1.010122 | LR = 4.155637e-02
  Batch 2: loss = 1.140589 | LR = 4.154409e-02
  Batch 3: loss = 1.206175 | LR = 4.153181e-02
  Batch 4: loss = 1.167476 | LR = 4.151953e-02
  Batch 5: loss = 0.999997 | LR = 4.150723e-02
  Batch 6: loss = 0.970018 | LR = 4.149493e-02
  Batch 7: loss = 0.963857 | LR = 4.148262e-02
  Batch 8: loss = 1.100149 | LR = 4.147030e-02
  Batch 9: loss = 1.255746 | LR = 4.145798e-02
  Batch 10: loss = 1.193655 | LR = 4.144565e-02
  Batch 11: loss = 1.337208 | LR = 4.143331e-02
  Batch 12: loss = 1.061600 | LR = 4.142097e-02
  Batch 13: loss = 1.093663 | LR = 4.140862e-02
  Batch 14: loss = 1.135286 | LR = 4.139626e-02
  Batch 15: loss = 1.159022 | LR = 4.138389e-02
  Batch 16: loss = 1.163126 | LR = 4.137152e-02
  Batch 17: loss = 1.140175 | LR = 4.135914e-02
  Batch 18: loss = 1.067112 | LR = 4.134675e-02
  Batch 19: loss = 1.260135 | LR = 4.133436e-02
  Batch 20: loss = 1.053344 | LR = 4.132196e-02
  Batch 21: loss = 1.035415 | LR = 4.130955e-02
  Batch 22: loss = 1.057965 | LR = 4.129713e-02
  Batch 23: loss = 1.064022 | LR = 4.128471e-02
  Batch 24: loss = 1.119495 | LR = 4.127228e-02
  Batch 25: loss = 1.090477 | LR = 4.125985e-02
  Batch 26: loss = 1.037865 | LR = 4.124741e-02
  Batch 27: loss = 1.176214 | LR = 4.123496e-02
  Batch 28: loss = 1.198899 | LR = 4.122250e-02
  Batch 29: loss = 1.221354 | LR = 4.121004e-02
  Batch 30: loss = 1.238533 | LR = 4.119757e-02
  Batch 31: loss = 1.171501 | LR = 4.118509e-02
  Batch 32: loss = 1.177362 | LR = 4.117260e-02
  Batch 33: loss = 1.004002 | LR = 4.116011e-02
  Batch 34: loss = 1.032852 | LR = 4.114761e-02
  Batch 35: loss = 1.129902 | LR = 4.113511e-02
  Batch 36: loss = 1.054351 | LR = 4.112260e-02
  Batch 37: loss = 1.341980 | LR = 4.111008e-02
  Batch 38: loss = 1.195737 | LR = 4.109755e-02
  Batch 39: loss = 0.957844 | LR = 4.108502e-02
  Batch 40: loss = 1.300998 | LR = 4.107248e-02
  Batch 41: loss = 1.113799 | LR = 4.105993e-02
  Batch 42: loss = 1.445387 | LR = 4.104738e-02
  Batch 43: loss = 0.919878 | LR = 4.103482e-02
  Batch 44: loss = 1.073952 | LR = 4.102225e-02
  Batch 45: loss = 1.030622 | LR = 4.100968e-02
  Batch 46: loss = 1.029150 | LR = 4.099709e-02
  Batch 47: loss = 1.368325 | LR = 4.098451e-02
  Batch 48: loss = 1.122079 | LR = 4.097191e-02
Epoch 28: Average loss = 1.1289, Duration = 1.09s
  Batch 1: loss = 1.057231 | LR = 4.095931e-02
  Batch 2: loss = 1.115422 | LR = 4.094670e-02
  Batch 3: loss = 1.061520 | LR = 4.093409e-02
  Batch 4: loss = 1.250238 | LR = 4.092146e-02
  Batch 5: loss = 1.071332 | LR = 4.090883e-02
  Batch 6: loss = 0.971642 | LR = 4.089620e-02
  Batch 7: loss = 1.063953 | LR = 4.088356e-02
  Batch 8: loss = 1.244810 | LR = 4.087091e-02
  Batch 9: loss = 1.299494 | LR = 4.085825e-02
  Batch 10: loss = 1.097615 | LR = 4.084559e-02
  Batch 11: loss = 1.355661 | LR = 4.083292e-02
  Batch 12: loss = 1.044206 | LR = 4.082024e-02
  Batch 13: loss = 1.038495 | LR = 4.080756e-02
  Batch 14: loss = 1.214157 | LR = 4.079487e-02
  Batch 15: loss = 1.148602 | LR = 4.078217e-02
  Batch 16: loss = 1.096782 | LR = 4.076947e-02
  Batch 17: loss = 1.042992 | LR = 4.075675e-02
  Batch 18: loss = 0.999382 | LR = 4.074404e-02
  Batch 19: loss = 1.082187 | LR = 4.073131e-02
  Batch 20: loss = 1.077045 | LR = 4.071858e-02
  Batch 21: loss = 1.020025 | LR = 4.070584e-02
  Batch 22: loss = 1.100460 | LR = 4.069310e-02
  Batch 23: loss = 1.131371 | LR = 4.068035e-02
  Batch 24: loss = 1.131537 | LR = 4.066759e-02
  Batch 25: loss = 1.195364 | LR = 4.065483e-02
  Batch 26: loss = 1.074314 | LR = 4.064206e-02
  Batch 27: loss = 1.089461 | LR = 4.062928e-02
  Batch 28: loss = 1.136668 | LR = 4.061649e-02
  Batch 29: loss = 1.202513 | LR = 4.060370e-02
  Batch 30: loss = 1.101872 | LR = 4.059090e-02
  Batch 31: loss = 1.206320 | LR = 4.057810e-02
  Batch 32: loss = 1.286802 | LR = 4.056529e-02
  Batch 33: loss = 0.891071 | LR = 4.055247e-02
  Batch 34: loss = 1.082023 | LR = 4.053964e-02
  Batch 35: loss = 0.959302 | LR = 4.052681e-02
  Batch 36: loss = 1.050203 | LR = 4.051397e-02
  Batch 37: loss = 1.255218 | LR = 4.050113e-02
  Batch 38: loss = 1.269514 | LR = 4.048828e-02
  Batch 39: loss = 1.030566 | LR = 4.047542e-02
  Batch 40: loss = 1.271974 | LR = 4.046255e-02
  Batch 41: loss = 1.189142 | LR = 4.044968e-02
  Batch 42: loss = 1.029593 | LR = 4.043681e-02
  Batch 43: loss = 0.980221 | LR = 4.042392e-02
  Batch 44: loss = 1.057750 | LR = 4.041103e-02
  Batch 45: loss = 1.029737 | LR = 4.039813e-02
  Batch 46: loss = 1.017934 | LR = 4.038523e-02
  Batch 47: loss = 1.362855 | LR = 4.037232e-02
  Batch 48: loss = 1.086107 | LR = 4.035940e-02
Epoch 29: Average loss = 1.1161, Duration = 1.07s
  Batch 1: loss = 1.112486 | LR = 4.034647e-02
  Batch 2: loss = 1.111885 | LR = 4.033354e-02
  Batch 3: loss = 0.913879 | LR = 4.032061e-02
  Batch 4: loss = 1.070093 | LR = 4.030766e-02
  Batch 5: loss = 1.008228 | LR = 4.029471e-02
  Batch 6: loss = 0.927157 | LR = 4.028175e-02
  Batch 7: loss = 1.095234 | LR = 4.026879e-02
  Batch 8: loss = 1.245708 | LR = 4.025582e-02
  Batch 9: loss = 1.290537 | LR = 4.024284e-02
  Batch 10: loss = 1.100040 | LR = 4.022986e-02
  Batch 11: loss = 1.243005 | LR = 4.021687e-02
  Batch 12: loss = 0.870911 | LR = 4.020387e-02
  Batch 13: loss = 0.976024 | LR = 4.019087e-02
  Batch 14: loss = 1.248956 | LR = 4.017786e-02
  Batch 15: loss = 1.215615 | LR = 4.016485e-02
  Batch 16: loss = 1.002652 | LR = 4.015182e-02
  Batch 17: loss = 1.117507 | LR = 4.013879e-02
  Batch 18: loss = 1.144815 | LR = 4.012576e-02
  Batch 19: loss = 1.167870 | LR = 4.011272e-02
  Batch 20: loss = 1.008561 | LR = 4.009967e-02
  Batch 21: loss = 1.040441 | LR = 4.008661e-02
  Batch 22: loss = 1.062651 | LR = 4.007355e-02
  Batch 23: loss = 1.069364 | LR = 4.006048e-02
  Batch 24: loss = 1.044878 | LR = 4.004741e-02
  Batch 25: loss = 1.109582 | LR = 4.003433e-02
  Batch 26: loss = 1.163552 | LR = 4.002124e-02
  Batch 27: loss = 1.135074 | LR = 4.000815e-02
  Batch 28: loss = 1.140265 | LR = 3.999505e-02
  Batch 29: loss = 1.147379 | LR = 3.998194e-02
  Batch 30: loss = 1.150147 | LR = 3.996883e-02
  Batch 31: loss = 1.278548 | LR = 3.995571e-02
  Batch 32: loss = 0.966494 | LR = 3.994258e-02
  Batch 33: loss = 1.040680 | LR = 3.992945e-02
  Batch 34: loss = 1.177993 | LR = 3.991631e-02
  Batch 35: loss = 0.951769 | LR = 3.990317e-02
  Batch 36: loss = 1.098501 | LR = 3.989002e-02
  Batch 37: loss = 1.119386 | LR = 3.987686e-02
  Batch 38: loss = 1.262210 | LR = 3.986369e-02
  Batch 39: loss = 0.980400 | LR = 3.985052e-02
  Batch 40: loss = 1.253235 | LR = 3.983735e-02
  Batch 41: loss = 1.024571 | LR = 3.982416e-02
  Batch 42: loss = 1.159118 | LR = 3.981097e-02
  Batch 43: loss = 0.913230 | LR = 3.979778e-02
  Batch 44: loss = 1.046927 | LR = 3.978458e-02
  Batch 45: loss = 1.134570 | LR = 3.977137e-02
  Batch 46: loss = 0.946478 | LR = 3.975815e-02
  Batch 47: loss = 1.348979 | LR = 3.974493e-02
  Batch 48: loss = 1.035362 | LR = 3.973170e-02
Epoch 30: Average loss = 1.0974, Duration = 1.05s
  Batch 1: loss = 1.118771 | LR = 3.971847e-02
  Batch 2: loss = 1.089939 | LR = 3.970523e-02
  Batch 3: loss = 1.092400 | LR = 3.969198e-02
  Batch 4: loss = 1.240516 | LR = 3.967873e-02
  Batch 5: loss = 0.963762 | LR = 3.966547e-02
  Batch 6: loss = 0.978736 | LR = 3.965220e-02
  Batch 7: loss = 1.014934 | LR = 3.963893e-02
  Batch 8: loss = 1.203997 | LR = 3.962565e-02
  Batch 9: loss = 1.153161 | LR = 3.961237e-02
  Batch 10: loss = 1.116132 | LR = 3.959908e-02
  Batch 11: loss = 1.346966 | LR = 3.958578e-02
  Batch 12: loss = 0.904149 | LR = 3.957248e-02
  Batch 13: loss = 1.005483 | LR = 3.955917e-02
  Batch 14: loss = 1.226206 | LR = 3.954585e-02
  Batch 15: loss = 1.228994 | LR = 3.953253e-02
  Batch 16: loss = 1.018844 | LR = 3.951920e-02
  Batch 17: loss = 1.085622 | LR = 3.950587e-02
  Batch 18: loss = 1.144778 | LR = 3.949253e-02
  Batch 19: loss = 1.183081 | LR = 3.947918e-02
  Batch 20: loss = 1.252659 | LR = 3.946583e-02
  Batch 21: loss = 1.111968 | LR = 3.945247e-02
  Batch 22: loss = 1.318624 | LR = 3.943910e-02
  Batch 23: loss = 1.022259 | LR = 3.942573e-02
  Batch 24: loss = 1.038660 | LR = 3.941235e-02
  Batch 25: loss = 1.051482 | LR = 3.939897e-02
  Batch 26: loss = 1.196969 | LR = 3.938558e-02
  Batch 27: loss = 1.026183 | LR = 3.937218e-02
  Batch 28: loss = 1.101279 | LR = 3.935878e-02
  Batch 29: loss = 1.031320 | LR = 3.934537e-02
  Batch 30: loss = 1.093865 | LR = 3.933196e-02
  Batch 31: loss = 1.153695 | LR = 3.931854e-02
  Batch 32: loss = 1.158367 | LR = 3.930511e-02
  Batch 33: loss = 0.962620 | LR = 3.929168e-02
  Batch 34: loss = 0.948293 | LR = 3.927824e-02
  Batch 35: loss = 0.900747 | LR = 3.926479e-02
  Batch 36: loss = 0.964729 | LR = 3.925134e-02
  Batch 37: loss = 1.046250 | LR = 3.923788e-02
  Batch 38: loss = 1.091357 | LR = 3.922442e-02
  Batch 39: loss = 0.967763 | LR = 3.921095e-02
  Batch 40: loss = 0.929422 | LR = 3.919747e-02
  Batch 41: loss = 0.922143 | LR = 3.918399e-02
  Batch 42: loss = 1.025787 | LR = 3.917050e-02
  Batch 43: loss = 0.842060 | LR = 3.915701e-02
  Batch 44: loss = 0.998788 | LR = 3.914351e-02
  Batch 45: loss = 1.066202 | LR = 3.913000e-02
  Batch 46: loss = 0.958532 | LR = 3.911649e-02
  Batch 47: loss = 1.298074 | LR = 3.910297e-02
  Batch 48: loss = 1.046898 | LR = 3.908944e-02
Epoch 31: Average loss = 1.0759, Duration = 1.04s
  Batch 1: loss = 0.941743 | LR = 3.907591e-02
  Batch 2: loss = 1.071226 | LR = 3.906238e-02
  Batch 3: loss = 1.095626 | LR = 3.904883e-02
  Batch 4: loss = 1.028547 | LR = 3.903528e-02
  Batch 5: loss = 1.008886 | LR = 3.902173e-02
  Batch 6: loss = 0.850398 | LR = 3.900817e-02
  Batch 7: loss = 1.038604 | LR = 3.899460e-02
  Batch 8: loss = 1.107379 | LR = 3.898103e-02
  Batch 9: loss = 1.065093 | LR = 3.896745e-02
  Batch 10: loss = 0.936532 | LR = 3.895387e-02
  Batch 11: loss = 1.224803 | LR = 3.894027e-02
  Batch 12: loss = 0.951888 | LR = 3.892668e-02
  Batch 13: loss = 0.994660 | LR = 3.891308e-02
  Batch 14: loss = 1.006210 | LR = 3.889947e-02
  Batch 15: loss = 1.105262 | LR = 3.888585e-02
  Batch 16: loss = 1.036047 | LR = 3.887223e-02
  Batch 17: loss = 0.902453 | LR = 3.885860e-02
  Batch 18: loss = 1.022898 | LR = 3.884497e-02
  Batch 19: loss = 1.200952 | LR = 3.883133e-02
  Batch 20: loss = 1.085265 | LR = 3.881769e-02
  Batch 21: loss = 0.918653 | LR = 3.880404e-02
  Batch 22: loss = 1.053431 | LR = 3.879038e-02
  Batch 23: loss = 1.122519 | LR = 3.877672e-02
  Batch 24: loss = 0.962102 | LR = 3.876305e-02
  Batch 25: loss = 0.958276 | LR = 3.874938e-02
  Batch 26: loss = 1.080460 | LR = 3.873570e-02
  Batch 27: loss = 1.057700 | LR = 3.872201e-02
  Batch 28: loss = 1.165059 | LR = 3.870832e-02
  Batch 29: loss = 1.021121 | LR = 3.869462e-02
  Batch 30: loss = 1.072336 | LR = 3.868092e-02
  Batch 31: loss = 1.176769 | LR = 3.866721e-02
  Batch 32: loss = 1.059171 | LR = 3.865349e-02
  Batch 33: loss = 0.871207 | LR = 3.863977e-02
  Batch 34: loss = 1.052616 | LR = 3.862605e-02
  Batch 35: loss = 0.845666 | LR = 3.861231e-02
  Batch 36: loss = 0.930488 | LR = 3.859857e-02
  Batch 37: loss = 1.168787 | LR = 3.858483e-02
  Batch 38: loss = 1.029793 | LR = 3.857108e-02
  Batch 39: loss = 0.957611 | LR = 3.855732e-02
  Batch 40: loss = 1.222682 | LR = 3.854356e-02
  Batch 41: loss = 0.935305 | LR = 3.852979e-02
  Batch 42: loss = 1.017499 | LR = 3.851602e-02
  Batch 43: loss = 0.886419 | LR = 3.850224e-02
  Batch 44: loss = 1.013575 | LR = 3.848846e-02
  Batch 45: loss = 1.133855 | LR = 3.847466e-02
  Batch 46: loss = 0.932273 | LR = 3.846087e-02
  Batch 47: loss = 1.193521 | LR = 3.844707e-02
  Batch 48: loss = 0.943938 | LR = 3.843326e-02
Epoch 32: Average loss = 1.0304, Duration = 1.03s
  Batch 1: loss = 1.253431 | LR = 3.841944e-02
  Batch 2: loss = 1.061787 | LR = 3.840562e-02
  Batch 3: loss = 1.210111 | LR = 3.839180e-02
  Batch 4: loss = 1.237708 | LR = 3.837797e-02
  Batch 5: loss = 0.873722 | LR = 3.836413e-02
  Batch 6: loss = 1.036541 | LR = 3.835029e-02
  Batch 7: loss = 0.918007 | LR = 3.833644e-02
  Batch 8: loss = 1.181815 | LR = 3.832258e-02
  Batch 9: loss = 1.145959 | LR = 3.830872e-02
  Batch 10: loss = 0.959992 | LR = 3.829486e-02
  Batch 11: loss = 1.136414 | LR = 3.828099e-02
  Batch 12: loss = 0.951162 | LR = 3.826711e-02
  Batch 13: loss = 0.905831 | LR = 3.825323e-02
  Batch 14: loss = 1.124329 | LR = 3.823934e-02
  Batch 15: loss = 1.087553 | LR = 3.822545e-02
  Batch 16: loss = 0.964165 | LR = 3.821155e-02
  Batch 17: loss = 0.986988 | LR = 3.819764e-02
  Batch 18: loss = 0.944117 | LR = 3.818373e-02
  Batch 19: loss = 1.028398 | LR = 3.816981e-02
  Batch 20: loss = 1.006405 | LR = 3.815589e-02
  Batch 21: loss = 0.924130 | LR = 3.814196e-02
  Batch 22: loss = 0.996917 | LR = 3.812803e-02
  Batch 23: loss = 0.958501 | LR = 3.811409e-02
  Batch 24: loss = 0.930017 | LR = 3.810014e-02
  Batch 25: loss = 1.049624 | LR = 3.808619e-02
  Batch 26: loss = 1.078149 | LR = 3.807224e-02
  Batch 27: loss = 0.969571 | LR = 3.805827e-02
  Batch 28: loss = 1.161651 | LR = 3.804431e-02
  Batch 29: loss = 1.054944 | LR = 3.803033e-02
  Batch 30: loss = 1.080462 | LR = 3.801636e-02
  Batch 31: loss = 1.143431 | LR = 3.800237e-02
  Batch 32: loss = 1.081612 | LR = 3.798838e-02
  Batch 33: loss = 0.952618 | LR = 3.797439e-02
  Batch 34: loss = 0.949209 | LR = 3.796039e-02
  Batch 35: loss = 1.008617 | LR = 3.794638e-02
  Batch 36: loss = 1.026314 | LR = 3.793237e-02
  Batch 37: loss = 1.069640 | LR = 3.791835e-02
  Batch 38: loss = 1.108643 | LR = 3.790433e-02
  Batch 39: loss = 0.920216 | LR = 3.789030e-02
  Batch 40: loss = 1.007847 | LR = 3.787626e-02
  Batch 41: loss = 0.845484 | LR = 3.786222e-02
  Batch 42: loss = 1.011480 | LR = 3.784818e-02
  Batch 43: loss = 0.897542 | LR = 3.783413e-02
  Batch 44: loss = 1.158284 | LR = 3.782007e-02
  Batch 45: loss = 0.971503 | LR = 3.780601e-02
  Batch 46: loss = 1.017116 | LR = 3.779194e-02
  Batch 47: loss = 1.245958 | LR = 3.777787e-02
  Batch 48: loss = 0.975953 | LR = 3.776379e-02
Epoch 33: Average loss = 1.0335, Duration = 1.03s
  Batch 1: loss = 0.935931 | LR = 3.774971e-02
  Batch 2: loss = 1.015924 | LR = 3.773562e-02
  Batch 3: loss = 0.968692 | LR = 3.772152e-02
  Batch 4: loss = 1.198378 | LR = 3.770742e-02
  Batch 5: loss = 0.903446 | LR = 3.769332e-02
  Batch 6: loss = 1.020042 | LR = 3.767921e-02
  Batch 7: loss = 0.841370 | LR = 3.766509e-02
  Batch 8: loss = 1.044189 | LR = 3.765097e-02
  Batch 9: loss = 1.168249 | LR = 3.763684e-02
  Batch 10: loss = 1.106272 | LR = 3.762271e-02
  Batch 11: loss = 1.134911 | LR = 3.760857e-02
  Batch 12: loss = 1.005335 | LR = 3.759443e-02
  Batch 13: loss = 0.911779 | LR = 3.758028e-02
  Batch 14: loss = 1.169557 | LR = 3.756612e-02
  Batch 15: loss = 0.934461 | LR = 3.755197e-02
  Batch 16: loss = 1.018048 | LR = 3.753780e-02
  Batch 17: loss = 0.983067 | LR = 3.752363e-02
  Batch 18: loss = 1.010649 | LR = 3.750945e-02
  Batch 19: loss = 1.045012 | LR = 3.749527e-02
  Batch 20: loss = 1.051565 | LR = 3.748109e-02
  Batch 21: loss = 0.949665 | LR = 3.746689e-02
  Batch 22: loss = 1.223421 | LR = 3.745270e-02
  Batch 23: loss = 1.074498 | LR = 3.743849e-02
  Batch 24: loss = 1.069213 | LR = 3.742429e-02
  Batch 25: loss = 1.154349 | LR = 3.741007e-02
  Batch 26: loss = 1.226091 | LR = 3.739585e-02
  Batch 27: loss = 1.050266 | LR = 3.738163e-02
  Batch 28: loss = 1.087604 | LR = 3.736740e-02
  Batch 29: loss = 1.043406 | LR = 3.735317e-02
  Batch 30: loss = 1.190578 | LR = 3.733893e-02
  Batch 31: loss = 1.073026 | LR = 3.732468e-02
  Batch 32: loss = 1.072053 | LR = 3.731043e-02
  Batch 33: loss = 0.867137 | LR = 3.729617e-02
  Batch 34: loss = 1.048966 | LR = 3.728191e-02
  Batch 35: loss = 0.913988 | LR = 3.726765e-02
  Batch 36: loss = 1.018173 | LR = 3.725338e-02
  Batch 37: loss = 1.113107 | LR = 3.723910e-02
  Batch 38: loss = 1.191502 | LR = 3.722482e-02
  Batch 39: loss = 1.025839 | LR = 3.721053e-02
  Batch 40: loss = 1.219852 | LR = 3.719624e-02
  Batch 41: loss = 0.999557 | LR = 3.718194e-02
  Batch 42: loss = 1.213525 | LR = 3.716764e-02
  Batch 43: loss = 0.972099 | LR = 3.715333e-02
  Batch 44: loss = 1.025469 | LR = 3.713901e-02
  Batch 45: loss = 1.086665 | LR = 3.712470e-02
  Batch 46: loss = 1.097829 | LR = 3.711037e-02
  Batch 47: loss = 1.167174 | LR = 3.709604e-02
  Batch 48: loss = 1.018750 | LR = 3.708171e-02
Epoch 34: Average loss = 1.0554, Duration = 1.13s
  Batch 1: loss = 0.940538 | LR = 3.706737e-02
  Batch 2: loss = 1.158187 | LR = 3.705303e-02
  Batch 3: loss = 1.103343 | LR = 3.703868e-02
  Batch 4: loss = 1.134744 | LR = 3.702432e-02
  Batch 5: loss = 0.920114 | LR = 3.700996e-02
  Batch 6: loss = 1.074222 | LR = 3.699560e-02
  Batch 7: loss = 0.953640 | LR = 3.698122e-02
  Batch 8: loss = 1.094941 | LR = 3.696685e-02
  Batch 9: loss = 1.094923 | LR = 3.695247e-02
  Batch 10: loss = 0.982094 | LR = 3.693808e-02
  Batch 11: loss = 1.207593 | LR = 3.692369e-02
  Batch 12: loss = 0.929301 | LR = 3.690930e-02
  Batch 13: loss = 0.972399 | LR = 3.689489e-02
  Batch 14: loss = 1.184262 | LR = 3.688049e-02
  Batch 15: loss = 1.094221 | LR = 3.686608e-02
  Batch 16: loss = 0.976219 | LR = 3.685166e-02
  Batch 17: loss = 1.064502 | LR = 3.683724e-02
  Batch 18: loss = 0.879240 | LR = 3.682281e-02
  Batch 19: loss = 0.987463 | LR = 3.680838e-02
  Batch 20: loss = 1.022690 | LR = 3.679394e-02
  Batch 21: loss = 0.890307 | LR = 3.677950e-02
  Batch 22: loss = 1.109452 | LR = 3.676506e-02
  Batch 23: loss = 0.976060 | LR = 3.675060e-02
  Batch 24: loss = 1.093002 | LR = 3.673615e-02
  Batch 25: loss = 0.928504 | LR = 3.672168e-02
  Batch 26: loss = 1.034831 | LR = 3.670722e-02
  Batch 27: loss = 0.995656 | LR = 3.669275e-02
  Batch 28: loss = 1.186432 | LR = 3.667827e-02
  Batch 29: loss = 1.069739 | LR = 3.666379e-02
  Batch 30: loss = 1.074586 | LR = 3.664930e-02
  Batch 31: loss = 1.026484 | LR = 3.663481e-02
  Batch 32: loss = 1.019955 | LR = 3.662031e-02
  Batch 33: loss = 0.853821 | LR = 3.660581e-02
  Batch 34: loss = 0.941531 | LR = 3.659130e-02
  Batch 35: loss = 0.910577 | LR = 3.657679e-02
  Batch 36: loss = 1.065014 | LR = 3.656227e-02
  Batch 37: loss = 1.118546 | LR = 3.654775e-02
  Batch 38: loss = 0.975785 | LR = 3.653322e-02
  Batch 39: loss = 0.978268 | LR = 3.651869e-02
  Batch 40: loss = 1.109578 | LR = 3.650415e-02
  Batch 41: loss = 1.019556 | LR = 3.648961e-02
  Batch 42: loss = 0.990659 | LR = 3.647507e-02
  Batch 43: loss = 0.806880 | LR = 3.646051e-02
  Batch 44: loss = 0.945428 | LR = 3.644596e-02
  Batch 45: loss = 1.085609 | LR = 3.643140e-02
  Batch 46: loss = 0.875791 | LR = 3.641683e-02
  Batch 47: loss = 1.354427 | LR = 3.640226e-02
  Batch 48: loss = 1.021910 | LR = 3.638768e-02
Epoch 35: Average loss = 1.0257, Duration = 1.06s
  Batch 1: loss = 0.902381 | LR = 3.637310e-02
  Batch 2: loss = 1.209727 | LR = 3.635852e-02
  Batch 3: loss = 1.067407 | LR = 3.634393e-02
  Batch 4: loss = 1.081898 | LR = 3.632933e-02
  Batch 5: loss = 0.924284 | LR = 3.631473e-02
  Batch 6: loss = 0.930189 | LR = 3.630012e-02
  Batch 7: loss = 1.047574 | LR = 3.628551e-02
  Batch 8: loss = 1.093365 | LR = 3.627090e-02
  Batch 9: loss = 1.096936 | LR = 3.625628e-02
  Batch 10: loss = 1.062868 | LR = 3.624165e-02
  Batch 11: loss = 1.199656 | LR = 3.622703e-02
  Batch 12: loss = 0.915686 | LR = 3.621239e-02
  Batch 13: loss = 0.863242 | LR = 3.619775e-02
  Batch 14: loss = 1.155805 | LR = 3.618311e-02
  Batch 15: loss = 1.219060 | LR = 3.616846e-02
  Batch 16: loss = 1.061779 | LR = 3.615381e-02
  Batch 17: loss = 1.068385 | LR = 3.613915e-02
  Batch 18: loss = 1.003481 | LR = 3.612448e-02
  Batch 19: loss = 1.116653 | LR = 3.610982e-02
  Batch 20: loss = 1.039946 | LR = 3.609514e-02
  Batch 21: loss = 0.973672 | LR = 3.608047e-02
  Batch 22: loss = 1.071167 | LR = 3.606578e-02
  Batch 23: loss = 1.005774 | LR = 3.605110e-02
  Batch 24: loss = 1.023285 | LR = 3.603641e-02
  Batch 25: loss = 0.951805 | LR = 3.602171e-02
  Batch 26: loss = 1.102563 | LR = 3.600701e-02
  Batch 27: loss = 1.167722 | LR = 3.599230e-02
  Batch 28: loss = 1.082128 | LR = 3.597759e-02
  Batch 29: loss = 1.088088 | LR = 3.596288e-02
  Batch 30: loss = 1.140940 | LR = 3.594816e-02
  Batch 31: loss = 1.030949 | LR = 3.593343e-02
  Batch 32: loss = 1.162173 | LR = 3.591870e-02
  Batch 33: loss = 0.992806 | LR = 3.590397e-02
  Batch 34: loss = 0.939590 | LR = 3.588923e-02
  Batch 35: loss = 0.845947 | LR = 3.587449e-02
  Batch 36: loss = 0.945986 | LR = 3.585974e-02
  Batch 37: loss = 1.013941 | LR = 3.584499e-02
  Batch 38: loss = 1.020854 | LR = 3.583023e-02
  Batch 39: loss = 0.943082 | LR = 3.581547e-02
  Batch 40: loss = 0.951923 | LR = 3.580070e-02
  Batch 41: loss = 0.882329 | LR = 3.578593e-02
  Batch 42: loss = 0.976253 | LR = 3.577115e-02
  Batch 43: loss = 0.870685 | LR = 3.575637e-02
  Batch 44: loss = 0.913364 | LR = 3.574159e-02
  Batch 45: loss = 1.110497 | LR = 3.572680e-02
  Batch 46: loss = 1.044196 | LR = 3.571200e-02
  Batch 47: loss = 1.208147 | LR = 3.569720e-02
  Batch 48: loss = 0.964524 | LR = 3.568240e-02
Epoch 36: Average loss = 1.0309, Duration = 1.08s
  Batch 1: loss = 0.872551 | LR = 3.566759e-02
  Batch 2: loss = 1.107819 | LR = 3.565278e-02
  Batch 3: loss = 1.083218 | LR = 3.563796e-02
  Batch 4: loss = 1.007838 | LR = 3.562314e-02
  Batch 5: loss = 0.951320 | LR = 3.560831e-02
  Batch 6: loss = 1.071775 | LR = 3.559348e-02
  Batch 7: loss = 0.904174 | LR = 3.557865e-02
  Batch 8: loss = 1.168828 | LR = 3.556381e-02
  Batch 9: loss = 1.125436 | LR = 3.554896e-02
  Batch 10: loss = 0.887063 | LR = 3.553411e-02
  Batch 11: loss = 1.116086 | LR = 3.551926e-02
  Batch 12: loss = 0.953030 | LR = 3.550440e-02
  Batch 13: loss = 0.945077 | LR = 3.548954e-02
  Batch 14: loss = 1.158268 | LR = 3.547467e-02
  Batch 15: loss = 1.076979 | LR = 3.545980e-02
  Batch 16: loss = 0.936637 | LR = 3.544492e-02
  Batch 17: loss = 0.865086 | LR = 3.543004e-02
  Batch 18: loss = 1.023500 | LR = 3.541516e-02
  Batch 19: loss = 0.975710 | LR = 3.540027e-02
  Batch 20: loss = 1.098586 | LR = 3.538538e-02
  Batch 21: loss = 0.972708 | LR = 3.537048e-02
  Batch 22: loss = 0.989317 | LR = 3.535557e-02
  Batch 23: loss = 1.034478 | LR = 3.534067e-02
  Batch 24: loss = 1.048246 | LR = 3.532575e-02
  Batch 25: loss = 0.922794 | LR = 3.531084e-02
  Batch 26: loss = 0.946673 | LR = 3.529592e-02
  Batch 27: loss = 0.986497 | LR = 3.528099e-02
  Batch 28: loss = 1.076272 | LR = 3.526606e-02
  Batch 29: loss = 1.077385 | LR = 3.525113e-02
  Batch 30: loss = 0.899284 | LR = 3.523619e-02
  Batch 31: loss = 1.017457 | LR = 3.522125e-02
  Batch 32: loss = 1.021693 | LR = 3.520630e-02
  Batch 33: loss = 0.889355 | LR = 3.519135e-02
  Batch 34: loss = 0.856914 | LR = 3.517639e-02
  Batch 35: loss = 0.930839 | LR = 3.516143e-02
  Batch 36: loss = 0.935566 | LR = 3.514647e-02
  Batch 37: loss = 1.076640 | LR = 3.513150e-02
  Batch 38: loss = 1.094462 | LR = 3.511653e-02
  Batch 39: loss = 0.941017 | LR = 3.510155e-02
  Batch 40: loss = 0.980071 | LR = 3.508657e-02
  Batch 41: loss = 0.908628 | LR = 3.507158e-02
  Batch 42: loss = 0.919910 | LR = 3.505659e-02
  Batch 43: loss = 0.828700 | LR = 3.504160e-02
  Batch 44: loss = 1.005844 | LR = 3.502660e-02
  Batch 45: loss = 1.036284 | LR = 3.501159e-02
  Batch 46: loss = 1.072636 | LR = 3.499659e-02
  Batch 47: loss = 1.203569 | LR = 3.498157e-02
  Batch 48: loss = 0.863588 | LR = 3.496656e-02
Epoch 37: Average loss = 0.9972, Duration = 1.08s
  Batch 1: loss = 0.959215 | LR = 3.495154e-02
  Batch 2: loss = 1.112781 | LR = 3.493651e-02
  Batch 3: loss = 0.934129 | LR = 3.492148e-02
  Batch 4: loss = 0.928968 | LR = 3.490645e-02
  Batch 5: loss = 0.848044 | LR = 3.489141e-02
  Batch 6: loss = 0.907505 | LR = 3.487637e-02
  Batch 7: loss = 0.924782 | LR = 3.486132e-02
  Batch 8: loss = 1.072275 | LR = 3.484627e-02
  Batch 9: loss = 1.069878 | LR = 3.483122e-02
  Batch 10: loss = 1.033413 | LR = 3.481616e-02
  Batch 11: loss = 1.076962 | LR = 3.480110e-02
  Batch 12: loss = 0.822092 | LR = 3.478603e-02
  Batch 13: loss = 0.972246 | LR = 3.477096e-02
  Batch 14: loss = 1.009775 | LR = 3.475588e-02
  Batch 15: loss = 1.105019 | LR = 3.474080e-02
  Batch 16: loss = 1.020110 | LR = 3.472572e-02
  Batch 17: loss = 1.070414 | LR = 3.471063e-02
  Batch 18: loss = 1.065379 | LR = 3.469554e-02
  Batch 19: loss = 0.997422 | LR = 3.468044e-02
  Batch 20: loss = 0.931642 | LR = 3.466534e-02
  Batch 21: loss = 0.906173 | LR = 3.465024e-02
  Batch 22: loss = 0.929945 | LR = 3.463513e-02
  Batch 23: loss = 0.941563 | LR = 3.462001e-02
  Batch 24: loss = 0.993742 | LR = 3.460490e-02
  Batch 25: loss = 0.808758 | LR = 3.458978e-02
  Batch 26: loss = 1.137586 | LR = 3.457465e-02
  Batch 27: loss = 1.025946 | LR = 3.455952e-02
  Batch 28: loss = 1.027606 | LR = 3.454439e-02
  Batch 29: loss = 1.063926 | LR = 3.452925e-02
  Batch 30: loss = 0.950270 | LR = 3.451411e-02
  Batch 31: loss = 1.047046 | LR = 3.449896e-02
  Batch 32: loss = 1.016186 | LR = 3.448381e-02
  Batch 33: loss = 0.834942 | LR = 3.446866e-02
  Batch 34: loss = 0.974181 | LR = 3.445350e-02
  Batch 35: loss = 0.844592 | LR = 3.443834e-02
  Batch 36: loss = 0.893599 | LR = 3.442317e-02
  Batch 37: loss = 1.171470 | LR = 3.440800e-02
  Batch 38: loss = 0.972416 | LR = 3.439283e-02
  Batch 39: loss = 0.997950 | LR = 3.437765e-02
  Batch 40: loss = 0.927823 | LR = 3.436247e-02
  Batch 41: loss = 0.803763 | LR = 3.434728e-02
  Batch 42: loss = 1.167699 | LR = 3.433209e-02
  Batch 43: loss = 0.754585 | LR = 3.431689e-02
  Batch 44: loss = 1.018568 | LR = 3.430170e-02
  Batch 45: loss = 1.012707 | LR = 3.428649e-02
  Batch 46: loss = 1.007976 | LR = 3.427129e-02
  Batch 47: loss = 1.021066 | LR = 3.425608e-02
  Batch 48: loss = 0.917017 | LR = 3.424086e-02
Epoch 38: Average loss = 0.9798, Duration = 1.05s
  Batch 1: loss = 0.920909 | LR = 3.422564e-02
  Batch 2: loss = 0.946370 | LR = 3.421042e-02
  Batch 3: loss = 0.925497 | LR = 3.419520e-02
  Batch 4: loss = 1.194310 | LR = 3.417997e-02
  Batch 5: loss = 0.886347 | LR = 3.416473e-02
  Batch 6: loss = 1.073942 | LR = 3.414949e-02
  Batch 7: loss = 0.838678 | LR = 3.413425e-02
  Batch 8: loss = 1.041168 | LR = 3.411901e-02
  Batch 9: loss = 1.099491 | LR = 3.410376e-02
  Batch 10: loss = 0.948544 | LR = 3.408850e-02
  Batch 11: loss = 1.184205 | LR = 3.407324e-02
  Batch 12: loss = 0.916521 | LR = 3.405798e-02
  Batch 13: loss = 0.822077 | LR = 3.404272e-02
  Batch 14: loss = 1.000080 | LR = 3.402745e-02
  Batch 15: loss = 1.050383 | LR = 3.401218e-02
  Batch 16: loss = 0.976513 | LR = 3.399690e-02
  Batch 17: loss = 0.914801 | LR = 3.398162e-02
  Batch 18: loss = 0.883285 | LR = 3.396633e-02
  Batch 19: loss = 0.865501 | LR = 3.395104e-02
  Batch 20: loss = 0.984807 | LR = 3.393575e-02
  Batch 21: loss = 0.918712 | LR = 3.392046e-02
  Batch 22: loss = 0.837259 | LR = 3.390516e-02
  Batch 23: loss = 0.908010 | LR = 3.388985e-02
  Batch 24: loss = 0.837786 | LR = 3.387454e-02
  Batch 25: loss = 0.878042 | LR = 3.385923e-02
  Batch 26: loss = 0.937279 | LR = 3.384392e-02
  Batch 27: loss = 0.970891 | LR = 3.382860e-02
  Batch 28: loss = 0.991593 | LR = 3.381328e-02
  Batch 29: loss = 1.046623 | LR = 3.379795e-02
  Batch 30: loss = 1.191549 | LR = 3.378262e-02
  Batch 31: loss = 1.003332 | LR = 3.376728e-02
  Batch 32: loss = 0.914421 | LR = 3.375195e-02
  Batch 33: loss = 0.813932 | LR = 3.373660e-02
  Batch 34: loss = 0.894085 | LR = 3.372126e-02
  Batch 35: loss = 0.871225 | LR = 3.370591e-02
  Batch 36: loss = 0.888871 | LR = 3.369056e-02
  Batch 37: loss = 1.131096 | LR = 3.367520e-02
  Batch 38: loss = 1.034433 | LR = 3.365984e-02
  Batch 39: loss = 1.025453 | LR = 3.364448e-02
  Batch 40: loss = 0.934929 | LR = 3.362911e-02
  Batch 41: loss = 1.011812 | LR = 3.361374e-02
  Batch 42: loss = 0.994627 | LR = 3.359836e-02
  Batch 43: loss = 0.863215 | LR = 3.358298e-02
  Batch 44: loss = 0.874595 | LR = 3.356760e-02
  Batch 45: loss = 0.932866 | LR = 3.355221e-02
  Batch 46: loss = 0.968402 | LR = 3.353682e-02
  Batch 47: loss = 1.161881 | LR = 3.352143e-02
  Batch 48: loss = 0.924628 | LR = 3.350603e-02
Epoch 39: Average loss = 0.9632, Duration = 1.22s
  Batch 1: loss = 0.800011 | LR = 3.349063e-02
  Batch 2: loss = 1.140811 | LR = 3.347523e-02
  Batch 3: loss = 0.981425 | LR = 3.345982e-02
  Batch 4: loss = 1.123936 | LR = 3.344441e-02
  Batch 5: loss = 0.862868 | LR = 3.342899e-02
  Batch 6: loss = 0.924424 | LR = 3.341357e-02
  Batch 7: loss = 1.287518 | LR = 3.339815e-02
  Batch 8: loss = 1.018380 | LR = 3.338272e-02
  Batch 9: loss = 1.091485 | LR = 3.336729e-02
  Batch 10: loss = 1.059279 | LR = 3.335186e-02
  Batch 11: loss = 0.981668 | LR = 3.333642e-02
  Batch 12: loss = 0.998609 | LR = 3.332098e-02
  Batch 13: loss = 0.941715 | LR = 3.330554e-02
  Batch 14: loss = 1.131834 | LR = 3.329009e-02
  Batch 15: loss = 0.977510 | LR = 3.327464e-02
  Batch 16: loss = 0.835247 | LR = 3.325918e-02
  Batch 17: loss = 1.087035 | LR = 3.324373e-02
  Batch 18: loss = 0.918282 | LR = 3.322826e-02
  Batch 19: loss = 1.103637 | LR = 3.321280e-02
  Batch 20: loss = 0.996224 | LR = 3.319733e-02
  Batch 21: loss = 0.901943 | LR = 3.318186e-02
  Batch 22: loss = 1.041484 | LR = 3.316638e-02
  Batch 23: loss = 0.934165 | LR = 3.315090e-02
  Batch 24: loss = 0.820926 | LR = 3.313542e-02
  Batch 25: loss = 0.964266 | LR = 3.311993e-02
  Batch 26: loss = 1.078657 | LR = 3.310444e-02
  Batch 27: loss = 0.862442 | LR = 3.308895e-02
  Batch 28: loss = 1.088644 | LR = 3.307345e-02
  Batch 29: loss = 0.969145 | LR = 3.305795e-02
  Batch 30: loss = 1.066328 | LR = 3.304245e-02
  Batch 31: loss = 1.097682 | LR = 3.302694e-02
  Batch 32: loss = 1.186524 | LR = 3.301143e-02
  Batch 33: loss = 0.920195 | LR = 3.299592e-02
  Batch 34: loss = 0.775050 | LR = 3.298040e-02
  Batch 35: loss = 0.832327 | LR = 3.296488e-02
  Batch 36: loss = 1.002627 | LR = 3.294935e-02
  Batch 37: loss = 1.346089 | LR = 3.293382e-02
  Batch 38: loss = 1.013872 | LR = 3.291829e-02
  Batch 39: loss = 0.879495 | LR = 3.290276e-02
  Batch 40: loss = 1.156871 | LR = 3.288722e-02
  Batch 41: loss = 0.966648 | LR = 3.287168e-02
  Batch 42: loss = 1.443734 | LR = 3.285613e-02
  Batch 43: loss = 0.813173 | LR = 3.284059e-02
  Batch 44: loss = 0.997705 | LR = 3.282503e-02
  Batch 45: loss = 1.018725 | LR = 3.280948e-02
  Batch 46: loss = 0.940234 | LR = 3.279392e-02
  Batch 47: loss = 1.364885 | LR = 3.277836e-02
  Batch 48: loss = 0.951052 | LR = 3.276279e-02
Epoch 40: Average loss = 1.0145, Duration = 1.05s
  Batch 1: loss = 0.880170 | LR = 3.274723e-02
  Batch 2: loss = 1.108712 | LR = 3.273165e-02
  Batch 3: loss = 0.955842 | LR = 3.271608e-02
  Batch 4: loss = 1.063308 | LR = 3.270050e-02
  Batch 5: loss = 0.851741 | LR = 3.268492e-02
  Batch 6: loss = 0.944618 | LR = 3.266933e-02
  Batch 7: loss = 0.979891 | LR = 3.265375e-02
  Batch 8: loss = 1.074844 | LR = 3.263816e-02
  Batch 9: loss = 1.100934 | LR = 3.262256e-02
  Batch 10: loss = 1.050364 | LR = 3.260696e-02
  Batch 11: loss = 1.128006 | LR = 3.259136e-02
  Batch 12: loss = 1.166074 | LR = 3.257576e-02
  Batch 13: loss = 0.999124 | LR = 3.256015e-02
  Batch 14: loss = 1.032390 | LR = 3.254454e-02
  Batch 15: loss = 0.976054 | LR = 3.252892e-02
  Batch 16: loss = 0.857056 | LR = 3.251331e-02
  Batch 17: loss = 0.948937 | LR = 3.249769e-02
  Batch 18: loss = 0.874391 | LR = 3.248206e-02
  Batch 19: loss = 1.012669 | LR = 3.246643e-02
  Batch 20: loss = 1.244679 | LR = 3.245080e-02
  Batch 21: loss = 1.117844 | LR = 3.243517e-02
  Batch 22: loss = 1.054769 | LR = 3.241953e-02
  Batch 23: loss = 0.923351 | LR = 3.240389e-02
  Batch 24: loss = 1.004947 | LR = 3.238825e-02
  Batch 25: loss = 0.882060 | LR = 3.237261e-02
  Batch 26: loss = 1.173895 | LR = 3.235696e-02
  Batch 27: loss = 1.215611 | LR = 3.234130e-02
  Batch 28: loss = 1.054143 | LR = 3.232565e-02
  Batch 29: loss = 0.958356 | LR = 3.230999e-02
  Batch 30: loss = 0.953924 | LR = 3.229433e-02
  Batch 31: loss = 1.043358 | LR = 3.227866e-02
  Batch 32: loss = 1.051568 | LR = 3.226299e-02
  Batch 33: loss = 0.951338 | LR = 3.224732e-02
  Batch 34: loss = 0.960987 | LR = 3.223165e-02
  Batch 35: loss = 0.850218 | LR = 3.221597e-02
  Batch 36: loss = 0.943120 | LR = 3.220029e-02
  Batch 37: loss = 1.046492 | LR = 3.218461e-02
  Batch 38: loss = 1.050402 | LR = 3.216892e-02
  Batch 39: loss = 0.979695 | LR = 3.215323e-02
  Batch 40: loss = 0.990680 | LR = 3.213754e-02
  Batch 41: loss = 0.829722 | LR = 3.212184e-02
  Batch 42: loss = 0.874713 | LR = 3.210614e-02
  Batch 43: loss = 0.812189 | LR = 3.209044e-02
  Batch 44: loss = 0.903907 | LR = 3.207473e-02
  Batch 45: loss = 1.015660 | LR = 3.205903e-02
  Batch 46: loss = 0.993698 | LR = 3.204331e-02
  Batch 47: loss = 1.126046 | LR = 3.202760e-02
  Batch 48: loss = 0.994429 | LR = 3.201188e-02
Epoch 41: Average loss = 1.0001, Duration = 1.07s
  Batch 1: loss = 0.831485 | LR = 3.199616e-02
  Batch 2: loss = 0.995111 | LR = 3.198044e-02
  Batch 3: loss = 0.782075 | LR = 3.196471e-02
  Batch 4: loss = 0.960296 | LR = 3.194898e-02
  Batch 5: loss = 0.995874 | LR = 3.193325e-02
  Batch 6: loss = 0.964064 | LR = 3.191752e-02
  Batch 7: loss = 0.779859 | LR = 3.190178e-02
  Batch 8: loss = 1.035822 | LR = 3.188604e-02
  Batch 9: loss = 1.159661 | LR = 3.187029e-02
  Batch 10: loss = 1.214221 | LR = 3.185455e-02
  Batch 11: loss = 1.250844 | LR = 3.183880e-02
  Batch 12: loss = 0.873688 | LR = 3.182304e-02
  Batch 13: loss = 0.875414 | LR = 3.180729e-02
  Batch 14: loss = 0.944519 | LR = 3.179153e-02
  Batch 15: loss = 1.053851 | LR = 3.177577e-02
  Batch 16: loss = 1.000253 | LR = 3.176000e-02
  Batch 17: loss = 1.064755 | LR = 3.174423e-02
  Batch 18: loss = 0.863624 | LR = 3.172846e-02
  Batch 19: loss = 1.076572 | LR = 3.171269e-02
  Batch 20: loss = 0.922697 | LR = 3.169691e-02
  Batch 21: loss = 0.997557 | LR = 3.168113e-02
  Batch 22: loss = 1.323379 | LR = 3.166535e-02
  Batch 23: loss = 0.983808 | LR = 3.164957e-02
  Batch 24: loss = 0.973446 | LR = 3.163378e-02
  Batch 25: loss = 0.914470 | LR = 3.161799e-02
  Batch 26: loss = 0.921613 | LR = 3.160220e-02
  Batch 27: loss = 1.062112 | LR = 3.158640e-02
  Batch 28: loss = 0.975909 | LR = 3.157060e-02
  Batch 29: loss = 1.070275 | LR = 3.155480e-02
  Batch 30: loss = 1.063205 | LR = 3.153900e-02
  Batch 31: loss = 1.063833 | LR = 3.152319e-02
  Batch 32: loss = 1.043424 | LR = 3.150738e-02
  Batch 33: loss = 0.850031 | LR = 3.149156e-02
  Batch 34: loss = 0.868697 | LR = 3.147575e-02
  Batch 35: loss = 0.940009 | LR = 3.145993e-02
  Batch 36: loss = 0.868634 | LR = 3.144411e-02
  Batch 37: loss = 0.974127 | LR = 3.142828e-02
  Batch 38: loss = 1.063915 | LR = 3.141246e-02
  Batch 39: loss = 0.990738 | LR = 3.139663e-02
  Batch 40: loss = 0.986909 | LR = 3.138080e-02
  Batch 41: loss = 1.003304 | LR = 3.136496e-02
  Batch 42: loss = 0.878973 | LR = 3.134912e-02
  Batch 43: loss = 0.807529 | LR = 3.133328e-02
  Batch 44: loss = 0.962291 | LR = 3.131744e-02
  Batch 45: loss = 0.849581 | LR = 3.130159e-02
  Batch 46: loss = 0.841769 | LR = 3.128574e-02
  Batch 47: loss = 1.013543 | LR = 3.126989e-02
  Batch 48: loss = 0.913234 | LR = 3.125404e-02
Epoch 42: Average loss = 0.9761, Duration = 1.07s
  Batch 1: loss = 0.878902 | LR = 3.123818e-02
  Batch 2: loss = 1.008657 | LR = 3.122232e-02
  Batch 3: loss = 0.863865 | LR = 3.120646e-02
  Batch 4: loss = 0.898896 | LR = 3.119060e-02
  Batch 5: loss = 0.913158 | LR = 3.117473e-02
  Batch 6: loss = 1.003187 | LR = 3.115886e-02
  Batch 7: loss = 0.802420 | LR = 3.114299e-02
  Batch 8: loss = 0.880746 | LR = 3.112711e-02
  Batch 9: loss = 1.096646 | LR = 3.111123e-02
  Batch 10: loss = 0.936921 | LR = 3.109535e-02
  Batch 11: loss = 0.960742 | LR = 3.107947e-02
  Batch 12: loss = 0.857187 | LR = 3.106358e-02
  Batch 13: loss = 0.900793 | LR = 3.104769e-02
  Batch 14: loss = 1.113761 | LR = 3.103180e-02
  Batch 15: loss = 1.059102 | LR = 3.101591e-02
  Batch 16: loss = 0.897918 | LR = 3.100001e-02
  Batch 17: loss = 0.952347 | LR = 3.098411e-02
  Batch 18: loss = 0.807811 | LR = 3.096821e-02
  Batch 19: loss = 1.007064 | LR = 3.095231e-02
  Batch 20: loss = 0.751830 | LR = 3.093640e-02
  Batch 21: loss = 0.795968 | LR = 3.092049e-02
  Batch 22: loss = 0.913676 | LR = 3.090458e-02
  Batch 23: loss = 0.840633 | LR = 3.088867e-02
  Batch 24: loss = 0.917871 | LR = 3.087275e-02
  Batch 25: loss = 0.937101 | LR = 3.085683e-02
  Batch 26: loss = 1.090308 | LR = 3.084091e-02
  Batch 27: loss = 0.962917 | LR = 3.082499e-02
  Batch 28: loss = 0.951163 | LR = 3.080906e-02
  Batch 29: loss = 0.992850 | LR = 3.079313e-02
  Batch 30: loss = 1.029561 | LR = 3.077720e-02
  Batch 31: loss = 0.994842 | LR = 3.076127e-02
  Batch 32: loss = 0.923178 | LR = 3.074533e-02
  Batch 33: loss = 0.931995 | LR = 3.072939e-02
  Batch 34: loss = 1.032240 | LR = 3.071345e-02
  Batch 35: loss = 0.929094 | LR = 3.069750e-02
  Batch 36: loss = 0.962686 | LR = 3.068156e-02
  Batch 37: loss = 1.009599 | LR = 3.066561e-02
  Batch 38: loss = 1.013733 | LR = 3.064966e-02
  Batch 39: loss = 0.930345 | LR = 3.063370e-02
  Batch 40: loss = 0.990625 | LR = 3.061775e-02
  Batch 41: loss = 0.941994 | LR = 3.060179e-02
  Batch 42: loss = 1.039565 | LR = 3.058583e-02
  Batch 43: loss = 0.782419 | LR = 3.056987e-02
  Batch 44: loss = 0.887558 | LR = 3.055390e-02
  Batch 45: loss = 1.056433 | LR = 3.053793e-02
  Batch 46: loss = 0.946868 | LR = 3.052196e-02
  Batch 47: loss = 1.005194 | LR = 3.050599e-02
  Batch 48: loss = 0.963191 | LR = 3.049001e-02
Epoch 43: Average loss = 0.9451, Duration = 1.05s
  Batch 1: loss = 1.040695 | LR = 3.047404e-02
  Batch 2: loss = 1.004484 | LR = 3.045806e-02
  Batch 3: loss = 0.812513 | LR = 3.044207e-02
  Batch 4: loss = 1.000577 | LR = 3.042609e-02
  Batch 5: loss = 0.921234 | LR = 3.041010e-02
  Batch 6: loss = 0.872384 | LR = 3.039411e-02
  Batch 7: loss = 0.806169 | LR = 3.037812e-02
  Batch 8: loss = 1.145722 | LR = 3.036213e-02
  Batch 9: loss = 1.024704 | LR = 3.034613e-02
  Batch 10: loss = 0.903156 | LR = 3.033013e-02
  Batch 11: loss = 1.066862 | LR = 3.031413e-02
  Batch 12: loss = 0.917551 | LR = 3.029813e-02
  Batch 13: loss = 0.897007 | LR = 3.028212e-02
  Batch 14: loss = 0.934359 | LR = 3.026612e-02
  Batch 15: loss = 0.929795 | LR = 3.025011e-02
  Batch 16: loss = 1.502641 | LR = 3.023409e-02
  Batch 17: loss = 1.044398 | LR = 3.021808e-02
  Batch 18: loss = 0.926194 | LR = 3.020206e-02
  Batch 19: loss = 1.018352 | LR = 3.018604e-02
  Batch 20: loss = 1.000936 | LR = 3.017002e-02
  Batch 21: loss = 0.951475 | LR = 3.015400e-02
  Batch 22: loss = 0.975905 | LR = 3.013798e-02
  Batch 23: loss = 1.030164 | LR = 3.012195e-02
  Batch 24: loss = 0.956123 | LR = 3.010592e-02
  Batch 25: loss = 1.151575 | LR = 3.008989e-02
  Batch 26: loss = 1.756672 | LR = 3.007385e-02
  Batch 27: loss = 1.040798 | LR = 3.005782e-02
  Batch 28: loss = 1.089804 | LR = 3.004178e-02
  Batch 29: loss = 1.054950 | LR = 3.002574e-02
  Batch 30: loss = 1.063862 | LR = 3.000969e-02
  Batch 31: loss = 1.173177 | LR = 2.999365e-02
  Batch 32: loss = 1.065209 | LR = 2.997760e-02
  Batch 33: loss = 0.875044 | LR = 2.996155e-02
  Batch 34: loss = 0.927482 | LR = 2.994550e-02
  Batch 35: loss = 0.876455 | LR = 2.992945e-02
  Batch 36: loss = 0.960800 | LR = 2.991339e-02
  Batch 37: loss = 1.041595 | LR = 2.989733e-02
  Batch 38: loss = 1.026948 | LR = 2.988127e-02
  Batch 39: loss = 0.986343 | LR = 2.986521e-02
  Batch 40: loss = 1.638109 | LR = 2.984915e-02
  Batch 41: loss = 1.027657 | LR = 2.983308e-02
  Batch 42: loss = 1.454204 | LR = 2.981701e-02
  Batch 43: loss = 0.733203 | LR = 2.980094e-02
  Batch 44: loss = 1.012414 | LR = 2.978487e-02
  Batch 45: loss = 0.995461 | LR = 2.976880e-02
  Batch 46: loss = 0.982191 | LR = 2.975272e-02
  Batch 47: loss = 1.196111 | LR = 2.973664e-02
  Batch 48: loss = 0.916408 | LR = 2.972056e-02
Epoch 44: Average loss = 1.0360, Duration = 1.04s
  Batch 1: loss = 1.015484 | LR = 2.970448e-02
  Batch 2: loss = 1.100683 | LR = 2.968839e-02
  Batch 3: loss = 1.159853 | LR = 2.967231e-02
  Batch 4: loss = 0.996581 | LR = 2.965622e-02
  Batch 5: loss = 1.073792 | LR = 2.964013e-02
  Batch 6: loss = 0.892631 | LR = 2.962404e-02
  Batch 7: loss = 0.863909 | LR = 2.960794e-02
  Batch 8: loss = 1.121070 | LR = 2.959184e-02
  Batch 9: loss = 1.216699 | LR = 2.957575e-02
  Batch 10: loss = 1.034167 | LR = 2.955965e-02
  Batch 11: loss = 1.020464 | LR = 2.954354e-02
  Batch 12: loss = 0.983584 | LR = 2.952744e-02
  Batch 13: loss = 0.907460 | LR = 2.951133e-02
  Batch 14: loss = 1.144582 | LR = 2.949522e-02
  Batch 15: loss = 1.088504 | LR = 2.947911e-02
  Batch 16: loss = 0.995379 | LR = 2.946300e-02
  Batch 17: loss = 1.037642 | LR = 2.944689e-02
  Batch 18: loss = 0.898372 | LR = 2.943077e-02
  Batch 19: loss = 0.938022 | LR = 2.941465e-02
  Batch 20: loss = 0.978339 | LR = 2.939853e-02
  Batch 21: loss = 0.856045 | LR = 2.938241e-02
  Batch 22: loss = 1.001104 | LR = 2.936629e-02
  Batch 23: loss = 0.844698 | LR = 2.935016e-02
  Batch 24: loss = 0.973265 | LR = 2.933404e-02
  Batch 25: loss = 0.990341 | LR = 2.931791e-02
  Batch 26: loss = 1.324542 | LR = 2.930178e-02
  Batch 27: loss = 1.043901 | LR = 2.928564e-02
  Batch 28: loss = 0.956358 | LR = 2.926951e-02
  Batch 29: loss = 1.353501 | LR = 2.925337e-02
  Batch 30: loss = 0.921379 | LR = 2.923723e-02
  Batch 31: loss = 1.014418 | LR = 2.922109e-02
  Batch 32: loss = 1.038981 | LR = 2.920495e-02
  Batch 33: loss = 0.899505 | LR = 2.918881e-02
  Batch 34: loss = 0.979797 | LR = 2.917266e-02
  Batch 35: loss = 0.912550 | LR = 2.915652e-02
  Batch 36: loss = 0.850167 | LR = 2.914037e-02
  Batch 37: loss = 1.089311 | LR = 2.912422e-02
  Batch 38: loss = 0.984059 | LR = 2.910806e-02
  Batch 39: loss = 0.880717 | LR = 2.909191e-02
  Batch 40: loss = 1.127522 | LR = 2.907575e-02
  Batch 41: loss = 0.906336 | LR = 2.905960e-02
  Batch 42: loss = 1.073395 | LR = 2.904344e-02
  Batch 43: loss = 0.882354 | LR = 2.902727e-02
  Batch 44: loss = 0.960147 | LR = 2.901111e-02
  Batch 45: loss = 1.014836 | LR = 2.899495e-02
  Batch 46: loss = 1.051527 | LR = 2.897878e-02
  Batch 47: loss = 1.227155 | LR = 2.896261e-02
  Batch 48: loss = 0.921879 | LR = 2.894644e-02
Epoch 45: Average loss = 1.0114, Duration = 1.05s
  Batch 1: loss = 0.878681 | LR = 2.893027e-02
  Batch 2: loss = 1.045416 | LR = 2.891410e-02
  Batch 3: loss = 0.915183 | LR = 2.889792e-02
  Batch 4: loss = 1.142567 | LR = 2.888174e-02
  Batch 5: loss = 0.921320 | LR = 2.886557e-02
  Batch 6: loss = 0.900452 | LR = 2.884939e-02
  Batch 7: loss = 0.862946 | LR = 2.883320e-02
  Batch 8: loss = 0.918024 | LR = 2.881702e-02
  Batch 9: loss = 1.020921 | LR = 2.880084e-02
  Batch 10: loss = 1.644205 | LR = 2.878465e-02
  Batch 11: loss = 1.009259 | LR = 2.876846e-02
  Batch 12: loss = 0.763922 | LR = 2.875227e-02
  Batch 13: loss = 0.892910 | LR = 2.873608e-02
  Batch 14: loss = 0.984311 | LR = 2.871989e-02
  Batch 15: loss = 0.956019 | LR = 2.870369e-02
  Batch 16: loss = 1.033125 | LR = 2.868750e-02
  Batch 17: loss = 1.052774 | LR = 2.867130e-02
  Batch 18: loss = 0.797445 | LR = 2.865510e-02
  Batch 19: loss = 0.928115 | LR = 2.863890e-02
  Batch 20: loss = 0.942821 | LR = 2.862270e-02
  Batch 21: loss = 0.911159 | LR = 2.860649e-02
  Batch 22: loss = 1.144207 | LR = 2.859029e-02
  Batch 23: loss = 0.921107 | LR = 2.857408e-02
  Batch 24: loss = 0.988904 | LR = 2.855787e-02
  Batch 25: loss = 0.879245 | LR = 2.854166e-02
  Batch 26: loss = 0.908758 | LR = 2.852545e-02
  Batch 27: loss = 1.033175 | LR = 2.850924e-02
  Batch 28: loss = 1.205730 | LR = 2.849302e-02
  Batch 29: loss = 1.131317 | LR = 2.847680e-02
  Batch 30: loss = 0.935741 | LR = 2.846059e-02
  Batch 31: loss = 0.952518 | LR = 2.844437e-02
  Batch 32: loss = 1.018112 | LR = 2.842815e-02
  Batch 33: loss = 0.847072 | LR = 2.841193e-02
  Batch 34: loss = 0.958219 | LR = 2.839570e-02
  Batch 35: loss = 0.843396 | LR = 2.837948e-02
  Batch 36: loss = 0.858189 | LR = 2.836325e-02
  Batch 37: loss = 0.977486 | LR = 2.834702e-02
  Batch 38: loss = 0.996867 | LR = 2.833079e-02
  Batch 39: loss = 0.911291 | LR = 2.831456e-02
  Batch 40: loss = 0.960712 | LR = 2.829833e-02
  Batch 41: loss = 0.906370 | LR = 2.828210e-02
  Batch 42: loss = 1.002861 | LR = 2.826586e-02
  Batch 43: loss = 0.760052 | LR = 2.824962e-02
  Batch 44: loss = 0.864839 | LR = 2.823339e-02
  Batch 45: loss = 0.996306 | LR = 2.821715e-02
  Batch 46: loss = 0.915810 | LR = 2.820091e-02
  Batch 47: loss = 1.255210 | LR = 2.818466e-02
  Batch 48: loss = 0.893669 | LR = 2.816842e-02
Epoch 46: Average loss = 0.9706, Duration = 1.06s
  Batch 1: loss = 0.924574 | LR = 2.815218e-02
  Batch 2: loss = 1.024773 | LR = 2.813593e-02
  Batch 3: loss = 0.893381 | LR = 2.811968e-02
  Batch 4: loss = 1.038499 | LR = 2.810343e-02
  Batch 5: loss = 0.900696 | LR = 2.808718e-02
  Batch 6: loss = 0.897565 | LR = 2.807093e-02
  Batch 7: loss = 0.924437 | LR = 2.805468e-02
  Batch 8: loss = 0.965241 | LR = 2.803843e-02
  Batch 9: loss = 1.054373 | LR = 2.802217e-02
  Batch 10: loss = 0.824437 | LR = 2.800591e-02
  Batch 11: loss = 1.096525 | LR = 2.798966e-02
  Batch 12: loss = 0.804080 | LR = 2.797340e-02
  Batch 13: loss = 0.803034 | LR = 2.795714e-02
  Batch 14: loss = 0.987717 | LR = 2.794087e-02
  Batch 15: loss = 0.965015 | LR = 2.792461e-02
  Batch 16: loss = 0.978965 | LR = 2.790835e-02
  Batch 17: loss = 0.877617 | LR = 2.789208e-02
  Batch 18: loss = 0.978968 | LR = 2.787581e-02
  Batch 19: loss = 1.013520 | LR = 2.785955e-02
  Batch 20: loss = 0.988705 | LR = 2.784328e-02
  Batch 21: loss = 0.922421 | LR = 2.782701e-02
  Batch 22: loss = 0.910250 | LR = 2.781074e-02
  Batch 23: loss = 0.872657 | LR = 2.779446e-02
  Batch 24: loss = 0.836557 | LR = 2.777819e-02
  Batch 25: loss = 0.860562 | LR = 2.776191e-02
  Batch 26: loss = 0.904682 | LR = 2.774564e-02
  Batch 27: loss = 0.853560 | LR = 2.772936e-02
  Batch 28: loss = 0.895561 | LR = 2.771308e-02
  Batch 29: loss = 0.958828 | LR = 2.769680e-02
  Batch 30: loss = 0.857050 | LR = 2.768052e-02
  Batch 31: loss = 0.926239 | LR = 2.766424e-02
  Batch 32: loss = 0.885784 | LR = 2.764795e-02
  Batch 33: loss = 0.828606 | LR = 2.763167e-02
  Batch 34: loss = 0.765525 | LR = 2.761538e-02
  Batch 35: loss = 0.805255 | LR = 2.759910e-02
  Batch 36: loss = 0.868291 | LR = 2.758281e-02
  Batch 37: loss = 0.907986 | LR = 2.756652e-02
  Batch 38: loss = 0.933526 | LR = 2.755023e-02
  Batch 39: loss = 0.840774 | LR = 2.753394e-02
  Batch 40: loss = 0.853212 | LR = 2.751765e-02
  Batch 41: loss = 0.834975 | LR = 2.750135e-02
  Batch 42: loss = 0.804883 | LR = 2.748506e-02
  Batch 43: loss = 0.734298 | LR = 2.746876e-02
  Batch 44: loss = 0.876918 | LR = 2.745247e-02
  Batch 45: loss = 0.792608 | LR = 2.743617e-02
  Batch 46: loss = 0.948372 | LR = 2.741987e-02
  Batch 47: loss = 1.086268 | LR = 2.740357e-02
  Batch 48: loss = 0.834005 | LR = 2.738727e-02
Epoch 47: Average loss = 0.9030, Duration = 1.19s
  Batch 1: loss = 0.713823 | LR = 2.737097e-02
  Batch 2: loss = 0.913949 | LR = 2.735466e-02
  Batch 3: loss = 0.888403 | LR = 2.733836e-02
  Batch 4: loss = 0.911456 | LR = 2.732206e-02
  Batch 5: loss = 0.908036 | LR = 2.730575e-02
  Batch 6: loss = 0.919004 | LR = 2.728944e-02
  Batch 7: loss = 0.815308 | LR = 2.727314e-02
  Batch 8: loss = 0.849488 | LR = 2.725683e-02
  Batch 9: loss = 0.947476 | LR = 2.724052e-02
  Batch 10: loss = 0.833576 | LR = 2.722421e-02
  Batch 11: loss = 0.922564 | LR = 2.720789e-02
  Batch 12: loss = 0.783921 | LR = 2.719158e-02
  Batch 13: loss = 0.694648 | LR = 2.717527e-02
  Batch 14: loss = 0.946632 | LR = 2.715895e-02
  Batch 15: loss = 0.899897 | LR = 2.714264e-02
  Batch 16: loss = 0.744276 | LR = 2.712632e-02
  Batch 17: loss = 0.900670 | LR = 2.711000e-02
  Batch 18: loss = 0.773625 | LR = 2.709369e-02
  Batch 19: loss = 0.885676 | LR = 2.707737e-02
  Batch 20: loss = 0.954626 | LR = 2.706105e-02
  Batch 21: loss = 0.895760 | LR = 2.704473e-02
  Batch 22: loss = 0.832903 | LR = 2.702841e-02
  Batch 23: loss = 0.888301 | LR = 2.701208e-02
  Batch 24: loss = 0.818801 | LR = 2.699576e-02
  Batch 25: loss = 0.756700 | LR = 2.697944e-02
  Batch 26: loss = 0.794471 | LR = 2.696311e-02
  Batch 27: loss = 0.869116 | LR = 2.694678e-02
  Batch 28: loss = 0.933218 | LR = 2.693046e-02
  Batch 29: loss = 0.814711 | LR = 2.691413e-02
  Batch 30: loss = 0.857524 | LR = 2.689780e-02
  Batch 31: loss = 0.880726 | LR = 2.688147e-02
  Batch 32: loss = 0.856601 | LR = 2.686514e-02
  Batch 33: loss = 0.732106 | LR = 2.684881e-02
  Batch 34: loss = 0.741512 | LR = 2.683248e-02
  Batch 35: loss = 0.779078 | LR = 2.681615e-02
  Batch 36: loss = 0.787841 | LR = 2.679981e-02
  Batch 37: loss = 0.899167 | LR = 2.678348e-02
  Batch 38: loss = 0.825807 | LR = 2.676714e-02
  Batch 39: loss = 0.723138 | LR = 2.675081e-02
  Batch 40: loss = 0.756268 | LR = 2.673447e-02
  Batch 41: loss = 0.915791 | LR = 2.671814e-02
  Batch 42: loss = 0.864705 | LR = 2.670180e-02
  Batch 43: loss = 0.631758 | LR = 2.668546e-02
  Batch 44: loss = 0.796353 | LR = 2.666912e-02
  Batch 45: loss = 0.858405 | LR = 2.665278e-02
  Batch 46: loss = 0.910955 | LR = 2.663644e-02
  Batch 47: loss = 1.063543 | LR = 2.662010e-02
  Batch 48: loss = 0.777474 | LR = 2.660376e-02
Epoch 48: Average loss = 0.8431, Duration = 1.06s
  Batch 1: loss = 0.778185 | LR = 2.658741e-02
  Batch 2: loss = 1.020084 | LR = 2.657107e-02
  Batch 3: loss = 0.944939 | LR = 2.655473e-02
  Batch 4: loss = 0.926058 | LR = 2.653838e-02
  Batch 5: loss = 0.817912 | LR = 2.652204e-02
  Batch 6: loss = 0.853792 | LR = 2.650569e-02
  Batch 7: loss = 0.674625 | LR = 2.648934e-02
  Batch 8: loss = 0.884864 | LR = 2.647300e-02
  Batch 9: loss = 0.991695 | LR = 2.645665e-02
  Batch 10: loss = 0.811197 | LR = 2.644030e-02
  Batch 11: loss = 1.015493 | LR = 2.642395e-02
  Batch 12: loss = 0.779293 | LR = 2.640760e-02
  Batch 13: loss = 0.680815 | LR = 2.639125e-02
  Batch 14: loss = 0.842965 | LR = 2.637490e-02
  Batch 15: loss = 0.775858 | LR = 2.635855e-02
  Batch 16: loss = 0.878303 | LR = 2.634220e-02
  Batch 17: loss = 0.743745 | LR = 2.632584e-02
  Batch 18: loss = 0.724597 | LR = 2.630949e-02
  Batch 19: loss = 0.821863 | LR = 2.629314e-02
  Batch 20: loss = 0.938271 | LR = 2.627678e-02
  Batch 21: loss = 0.762139 | LR = 2.626043e-02
  Batch 22: loss = 0.863657 | LR = 2.624407e-02
  Batch 23: loss = 0.917263 | LR = 2.622771e-02
  Batch 24: loss = 0.870555 | LR = 2.621136e-02
  Batch 25: loss = 0.796608 | LR = 2.619500e-02
  Batch 26: loss = 0.898280 | LR = 2.617864e-02
  Batch 27: loss = 0.871053 | LR = 2.616228e-02
  Batch 28: loss = 0.824501 | LR = 2.614593e-02
  Batch 29: loss = 0.866217 | LR = 2.612957e-02
  Batch 30: loss = 0.743920 | LR = 2.611321e-02
  Batch 31: loss = 0.845036 | LR = 2.609685e-02
  Batch 32: loss = 0.780393 | LR = 2.608049e-02
  Batch 33: loss = 0.803694 | LR = 2.606413e-02
  Batch 34: loss = 0.764792 | LR = 2.604776e-02
  Batch 35: loss = 0.704077 | LR = 2.603140e-02
  Batch 36: loss = 0.798970 | LR = 2.601504e-02
  Batch 37: loss = 0.820804 | LR = 2.599868e-02
  Batch 38: loss = 0.820931 | LR = 2.598231e-02
  Batch 39: loss = 0.807748 | LR = 2.596595e-02
  Batch 40: loss = 0.758492 | LR = 2.594959e-02
  Batch 41: loss = 0.817268 | LR = 2.593322e-02
  Batch 42: loss = 0.807574 | LR = 2.591686e-02
  Batch 43: loss = 0.634624 | LR = 2.590049e-02
  Batch 44: loss = 0.806335 | LR = 2.588413e-02
  Batch 45: loss = 0.816712 | LR = 2.586776e-02
  Batch 46: loss = 0.848216 | LR = 2.585139e-02
  Batch 47: loss = 0.910859 | LR = 2.583503e-02
  Batch 48: loss = 0.871463 | LR = 2.581866e-02
Epoch 49: Average loss = 0.8278, Duration = 1.13s
  Batch 1: loss = 0.717094 | LR = 2.580229e-02
  Batch 2: loss = 0.842439 | LR = 2.578592e-02
  Batch 3: loss = 0.776855 | LR = 2.576956e-02
  Batch 4: loss = 0.979921 | LR = 2.575319e-02
  Batch 5: loss = 0.823301 | LR = 2.573682e-02
  Batch 6: loss = 0.779633 | LR = 2.572045e-02
  Batch 7: loss = 0.557909 | LR = 2.570408e-02
  Batch 8: loss = 0.937649 | LR = 2.568771e-02
  Batch 9: loss = 0.926961 | LR = 2.567134e-02
  Batch 10: loss = 0.824747 | LR = 2.565497e-02
  Batch 11: loss = 0.956879 | LR = 2.563860e-02
  Batch 12: loss = 0.794761 | LR = 2.562223e-02
  Batch 13: loss = 0.809748 | LR = 2.560586e-02
  Batch 14: loss = 0.808898 | LR = 2.558949e-02
  Batch 15: loss = 0.847961 | LR = 2.557311e-02
  Batch 16: loss = 1.093966 | LR = 2.555674e-02
  Batch 17: loss = 0.906312 | LR = 2.554037e-02
  Batch 18: loss = 0.732363 | LR = 2.552400e-02
  Batch 19: loss = 0.950368 | LR = 2.550762e-02
  Batch 20: loss = 0.851608 | LR = 2.549125e-02
  Batch 21: loss = 0.904316 | LR = 2.547488e-02
  Batch 22: loss = 0.880090 | LR = 2.545851e-02
  Batch 23: loss = 0.731981 | LR = 2.544213e-02
  Batch 24: loss = 0.747125 | LR = 2.542576e-02
  Batch 25: loss = 0.781307 | LR = 2.540938e-02
  Batch 26: loss = 0.750224 | LR = 2.539301e-02
  Batch 27: loss = 0.849321 | LR = 2.537664e-02
  Batch 28: loss = 0.904429 | LR = 2.536026e-02
  Batch 29: loss = 0.803729 | LR = 2.534389e-02
  Batch 30: loss = 0.765930 | LR = 2.532751e-02
  Batch 31: loss = 0.904232 | LR = 2.531114e-02
  Batch 32: loss = 0.746533 | LR = 2.529476e-02
  Batch 33: loss = 0.674470 | LR = 2.527839e-02
  Batch 34: loss = 0.820199 | LR = 2.526201e-02
  Batch 35: loss = 0.621706 | LR = 2.524564e-02
  Batch 36: loss = 0.765366 | LR = 2.522926e-02
  Batch 37: loss = 0.839606 | LR = 2.521289e-02
  Batch 38: loss = 0.849620 | LR = 2.519651e-02
  Batch 39: loss = 0.808107 | LR = 2.518014e-02
  Batch 40: loss = 0.691915 | LR = 2.516376e-02
  Batch 41: loss = 0.808966 | LR = 2.514738e-02
  Batch 42: loss = 0.809587 | LR = 2.513101e-02
  Batch 43: loss = 0.629310 | LR = 2.511463e-02
  Batch 44: loss = 0.808822 | LR = 2.509826e-02
  Batch 45: loss = 0.653194 | LR = 2.508188e-02
  Batch 46: loss = 0.704545 | LR = 2.506550e-02
  Batch 47: loss = 0.835838 | LR = 2.504913e-02
  Batch 48: loss = 0.793599 | LR = 2.503275e-02
Epoch 50: Average loss = 0.8084, Duration = 1.07s
  Batch 1: loss = 0.782007 | LR = 2.501638e-02
  Batch 2: loss = 0.788657 | LR = 2.500000e-02
  Batch 3: loss = 0.751301 | LR = 2.498362e-02
  Batch 4: loss = 0.998287 | LR = 2.496725e-02
  Batch 5: loss = 0.782416 | LR = 2.495087e-02
  Batch 6: loss = 0.831055 | LR = 2.493450e-02
  Batch 7: loss = 0.666498 | LR = 2.491812e-02
  Batch 8: loss = 0.798623 | LR = 2.490174e-02
  Batch 9: loss = 0.849818 | LR = 2.488537e-02
  Batch 10: loss = 0.803317 | LR = 2.486899e-02
  Batch 11: loss = 0.820949 | LR = 2.485262e-02
  Batch 12: loss = 0.763799 | LR = 2.483624e-02
  Batch 13: loss = 0.754760 | LR = 2.481986e-02
  Batch 14: loss = 0.780655 | LR = 2.480349e-02
  Batch 15: loss = 0.837940 | LR = 2.478711e-02
  Batch 16: loss = 0.787625 | LR = 2.477074e-02
  Batch 17: loss = 0.717223 | LR = 2.475436e-02
  Batch 18: loss = 0.725714 | LR = 2.473799e-02
  Batch 19: loss = 0.788977 | LR = 2.472161e-02
  Batch 20: loss = 0.712988 | LR = 2.470524e-02
  Batch 21: loss = 0.714287 | LR = 2.468886e-02
  Batch 22: loss = 0.837311 | LR = 2.467249e-02
  Batch 23: loss = 0.788484 | LR = 2.465611e-02
  Batch 24: loss = 0.804236 | LR = 2.463974e-02
  Batch 25: loss = 0.835406 | LR = 2.462336e-02
  Batch 26: loss = 0.895249 | LR = 2.460699e-02
  Batch 27: loss = 0.785575 | LR = 2.459062e-02
  Batch 28: loss = 0.944382 | LR = 2.457424e-02
  Batch 29: loss = 0.783813 | LR = 2.455787e-02
  Batch 30: loss = 0.758641 | LR = 2.454149e-02
  Batch 31: loss = 0.881846 | LR = 2.452512e-02
  Batch 32: loss = 0.706842 | LR = 2.450875e-02
  Batch 33: loss = 0.731251 | LR = 2.449238e-02
  Batch 34: loss = 0.692940 | LR = 2.447600e-02
  Batch 35: loss = 0.769941 | LR = 2.445963e-02
  Batch 36: loss = 0.655860 | LR = 2.444326e-02
  Batch 37: loss = 0.954023 | LR = 2.442689e-02
  Batch 38: loss = 0.933340 | LR = 2.441051e-02
  Batch 39: loss = 0.735329 | LR = 2.439414e-02
  Batch 40: loss = 0.850368 | LR = 2.437777e-02
  Batch 41: loss = 0.784346 | LR = 2.436140e-02
  Batch 42: loss = 0.769574 | LR = 2.434503e-02
  Batch 43: loss = 0.723228 | LR = 2.432866e-02
  Batch 44: loss = 0.771059 | LR = 2.431229e-02
  Batch 45: loss = 0.738907 | LR = 2.429592e-02
  Batch 46: loss = 0.940199 | LR = 2.427955e-02
  Batch 47: loss = 0.957547 | LR = 2.426318e-02
  Batch 48: loss = 0.741725 | LR = 2.424681e-02
Epoch 51: Average loss = 0.7964, Duration = 1.07s
  Batch 1: loss = 0.684333 | LR = 2.423044e-02
  Batch 2: loss = 0.727585 | LR = 2.421408e-02
  Batch 3: loss = 0.698387 | LR = 2.419771e-02
  Batch 4: loss = 0.862573 | LR = 2.418134e-02
  Batch 5: loss = 0.705772 | LR = 2.416497e-02
  Batch 6: loss = 0.761182 | LR = 2.414861e-02
  Batch 7: loss = 0.627128 | LR = 2.413224e-02
  Batch 8: loss = 0.755413 | LR = 2.411587e-02
  Batch 9: loss = 0.789623 | LR = 2.409951e-02
  Batch 10: loss = 0.687763 | LR = 2.408314e-02
  Batch 11: loss = 0.734980 | LR = 2.406678e-02
  Batch 12: loss = 0.778768 | LR = 2.405041e-02
  Batch 13: loss = 0.794408 | LR = 2.403405e-02
  Batch 14: loss = 0.681799 | LR = 2.401769e-02
  Batch 15: loss = 0.736443 | LR = 2.400132e-02
  Batch 16: loss = 0.747107 | LR = 2.398496e-02
  Batch 17: loss = 0.781557 | LR = 2.396860e-02
  Batch 18: loss = 0.738479 | LR = 2.395224e-02
  Batch 19: loss = 0.874101 | LR = 2.393587e-02
  Batch 20: loss = 0.704692 | LR = 2.391951e-02
  Batch 21: loss = 0.695256 | LR = 2.390315e-02
  Batch 22: loss = 0.908835 | LR = 2.388679e-02
  Batch 23: loss = 0.768510 | LR = 2.387043e-02
  Batch 24: loss = 0.777750 | LR = 2.385407e-02
  Batch 25: loss = 0.868425 | LR = 2.383772e-02
  Batch 26: loss = 0.766663 | LR = 2.382136e-02
  Batch 27: loss = 0.847427 | LR = 2.380500e-02
  Batch 28: loss = 0.888336 | LR = 2.378864e-02
  Batch 29: loss = 0.862355 | LR = 2.377229e-02
  Batch 30: loss = 0.825471 | LR = 2.375593e-02
  Batch 31: loss = 0.740222 | LR = 2.373957e-02
  Batch 32: loss = 0.768791 | LR = 2.372322e-02
  Batch 33: loss = 0.678610 | LR = 2.370686e-02
  Batch 34: loss = 0.754245 | LR = 2.369051e-02
  Batch 35: loss = 0.616885 | LR = 2.367416e-02
  Batch 36: loss = 0.726133 | LR = 2.365780e-02
  Batch 37: loss = 0.875413 | LR = 2.364145e-02
  Batch 38: loss = 0.817367 | LR = 2.362510e-02
  Batch 39: loss = 0.742735 | LR = 2.360875e-02
  Batch 40: loss = 0.733924 | LR = 2.359240e-02
  Batch 41: loss = 0.743762 | LR = 2.357605e-02
  Batch 42: loss = 0.765849 | LR = 2.355970e-02
  Batch 43: loss = 0.662002 | LR = 2.354335e-02
  Batch 44: loss = 0.664595 | LR = 2.352700e-02
  Batch 45: loss = 0.847193 | LR = 2.351066e-02
  Batch 46: loss = 0.874810 | LR = 2.349431e-02
  Batch 47: loss = 0.846004 | LR = 2.347796e-02
  Batch 48: loss = 0.840027 | LR = 2.346162e-02
Epoch 52: Average loss = 0.7662, Duration = 1.05s
  Batch 1: loss = 0.602324 | LR = 2.344527e-02
  Batch 2: loss = 0.647462 | LR = 2.342893e-02
  Batch 3: loss = 0.789189 | LR = 2.341259e-02
  Batch 4: loss = 0.903526 | LR = 2.339624e-02
  Batch 5: loss = 0.685176 | LR = 2.337990e-02
  Batch 6: loss = 0.677827 | LR = 2.336356e-02
  Batch 7: loss = 0.668306 | LR = 2.334722e-02
  Batch 8: loss = 0.870200 | LR = 2.333088e-02
  Batch 9: loss = 0.870463 | LR = 2.331454e-02
  Batch 10: loss = 0.763647 | LR = 2.329820e-02
  Batch 11: loss = 0.906891 | LR = 2.328186e-02
  Batch 12: loss = 0.724217 | LR = 2.326553e-02
  Batch 13: loss = 0.672867 | LR = 2.324919e-02
  Batch 14: loss = 0.757371 | LR = 2.323286e-02
  Batch 15: loss = 0.845068 | LR = 2.321652e-02
  Batch 16: loss = 0.697506 | LR = 2.320019e-02
  Batch 17: loss = 0.681397 | LR = 2.318385e-02
  Batch 18: loss = 0.781999 | LR = 2.316752e-02
  Batch 19: loss = 0.824623 | LR = 2.315119e-02
  Batch 20: loss = 0.727516 | LR = 2.313486e-02
  Batch 21: loss = 0.626549 | LR = 2.311853e-02
  Batch 22: loss = 0.692231 | LR = 2.310220e-02
  Batch 23: loss = 0.759290 | LR = 2.308587e-02
  Batch 24: loss = 0.557563 | LR = 2.306954e-02
  Batch 25: loss = 0.698007 | LR = 2.305322e-02
  Batch 26: loss = 0.874585 | LR = 2.303689e-02
  Batch 27: loss = 0.763932 | LR = 2.302056e-02
  Batch 28: loss = 0.831627 | LR = 2.300424e-02
  Batch 29: loss = 0.851661 | LR = 2.298792e-02
  Batch 30: loss = 0.735611 | LR = 2.297159e-02
  Batch 31: loss = 0.788836 | LR = 2.295527e-02
  Batch 32: loss = 0.833489 | LR = 2.293895e-02
  Batch 33: loss = 0.713832 | LR = 2.292263e-02
  Batch 34: loss = 0.716747 | LR = 2.290631e-02
  Batch 35: loss = 0.789347 | LR = 2.289000e-02
  Batch 36: loss = 0.696460 | LR = 2.287368e-02
  Batch 37: loss = 0.680587 | LR = 2.285736e-02
  Batch 38: loss = 0.670038 | LR = 2.284105e-02
  Batch 39: loss = 0.648373 | LR = 2.282473e-02
  Batch 40: loss = 0.792698 | LR = 2.280842e-02
  Batch 41: loss = 0.716781 | LR = 2.279211e-02
  Batch 42: loss = 0.778230 | LR = 2.277579e-02
  Batch 43: loss = 0.561444 | LR = 2.275948e-02
  Batch 44: loss = 0.681744 | LR = 2.274317e-02
  Batch 45: loss = 0.880286 | LR = 2.272686e-02
  Batch 46: loss = 0.656177 | LR = 2.271056e-02
  Batch 47: loss = 0.810449 | LR = 2.269425e-02
  Batch 48: loss = 0.700293 | LR = 2.267794e-02
Epoch 53: Average loss = 0.7418, Duration = 1.06s
  Batch 1: loss = 0.675290 | LR = 2.266164e-02
  Batch 2: loss = 0.928893 | LR = 2.264534e-02
  Batch 3: loss = 0.772549 | LR = 2.262903e-02
  Batch 4: loss = 0.912049 | LR = 2.261273e-02
  Batch 5: loss = 0.689382 | LR = 2.259643e-02
  Batch 6: loss = 0.763007 | LR = 2.258013e-02
  Batch 7: loss = 0.617619 | LR = 2.256383e-02
  Batch 8: loss = 0.850132 | LR = 2.254753e-02
  Batch 9: loss = 0.854132 | LR = 2.253124e-02
  Batch 10: loss = 0.854683 | LR = 2.251494e-02
  Batch 11: loss = 0.860268 | LR = 2.249865e-02
  Batch 12: loss = 0.702164 | LR = 2.248235e-02
  Batch 13: loss = 0.710587 | LR = 2.246606e-02
  Batch 14: loss = 0.764728 | LR = 2.244977e-02
  Batch 15: loss = 0.858746 | LR = 2.243348e-02
  Batch 16: loss = 0.596738 | LR = 2.241719e-02
  Batch 17: loss = 0.707690 | LR = 2.240090e-02
  Batch 18: loss = 0.670638 | LR = 2.238462e-02
  Batch 19: loss = 0.822840 | LR = 2.236833e-02
  Batch 20: loss = 0.721289 | LR = 2.235205e-02
  Batch 21: loss = 0.761977 | LR = 2.233576e-02
  Batch 22: loss = 0.764374 | LR = 2.231948e-02
  Batch 23: loss = 0.696151 | LR = 2.230320e-02
  Batch 24: loss = 0.668921 | LR = 2.228692e-02
  Batch 25: loss = 0.716560 | LR = 2.227064e-02
  Batch 26: loss = 0.737470 | LR = 2.225436e-02
  Batch 27: loss = 0.843423 | LR = 2.223809e-02
  Batch 28: loss = 0.806969 | LR = 2.222181e-02
  Batch 29: loss = 0.701589 | LR = 2.220554e-02
  Batch 30: loss = 0.727878 | LR = 2.218926e-02
  Batch 31: loss = 0.812603 | LR = 2.217299e-02
  Batch 32: loss = 0.767547 | LR = 2.215672e-02
  Batch 33: loss = 0.747822 | LR = 2.214045e-02
  Batch 34: loss = 0.690413 | LR = 2.212419e-02
  Batch 35: loss = 0.612505 | LR = 2.210792e-02
  Batch 36: loss = 0.662803 | LR = 2.209165e-02
  Batch 37: loss = 0.767525 | LR = 2.207539e-02
  Batch 38: loss = 0.695342 | LR = 2.205913e-02
  Batch 39: loss = 0.768220 | LR = 2.204286e-02
  Batch 40: loss = 0.660337 | LR = 2.202660e-02
  Batch 41: loss = 0.712656 | LR = 2.201034e-02
  Batch 42: loss = 0.655621 | LR = 2.199409e-02
  Batch 43: loss = 0.736768 | LR = 2.197783e-02
  Batch 44: loss = 0.636275 | LR = 2.196157e-02
  Batch 45: loss = 0.814230 | LR = 2.194532e-02
  Batch 46: loss = 0.706881 | LR = 2.192907e-02
  Batch 47: loss = 0.775452 | LR = 2.191282e-02
  Batch 48: loss = 0.640967 | LR = 2.189657e-02
Epoch 54: Average loss = 0.7421, Duration = 1.07s
  Batch 1: loss = 0.782886 | LR = 2.188032e-02
  Batch 2: loss = 0.678874 | LR = 2.186407e-02
  Batch 3: loss = 0.819748 | LR = 2.184782e-02
  Batch 4: loss = 0.763657 | LR = 2.183158e-02
  Batch 5: loss = 0.680475 | LR = 2.181534e-02
  Batch 6: loss = 0.705543 | LR = 2.179909e-02
  Batch 7: loss = 0.644508 | LR = 2.178285e-02
  Batch 8: loss = 0.690329 | LR = 2.176661e-02
  Batch 9: loss = 0.774546 | LR = 2.175038e-02
  Batch 10: loss = 0.692251 | LR = 2.173414e-02
  Batch 11: loss = 0.766395 | LR = 2.171790e-02
  Batch 12: loss = 0.680445 | LR = 2.170167e-02
  Batch 13: loss = 0.734245 | LR = 2.168544e-02
  Batch 14: loss = 0.602692 | LR = 2.166921e-02
  Batch 15: loss = 0.768615 | LR = 2.165298e-02
  Batch 16: loss = 0.793979 | LR = 2.163675e-02
  Batch 17: loss = 0.721766 | LR = 2.162052e-02
  Batch 18: loss = 0.650372 | LR = 2.160430e-02
  Batch 19: loss = 0.698555 | LR = 2.158807e-02
  Batch 20: loss = 0.728390 | LR = 2.157185e-02
  Batch 21: loss = 0.734929 | LR = 2.155563e-02
  Batch 22: loss = 0.782769 | LR = 2.153941e-02
  Batch 23: loss = 0.642925 | LR = 2.152320e-02
  Batch 24: loss = 0.629122 | LR = 2.150698e-02
  Batch 25: loss = 0.824497 | LR = 2.149076e-02
  Batch 26: loss = 0.707312 | LR = 2.147455e-02
  Batch 27: loss = 0.821863 | LR = 2.145834e-02
  Batch 28: loss = 0.715606 | LR = 2.144213e-02
  Batch 29: loss = 0.746503 | LR = 2.142592e-02
  Batch 30: loss = 0.733090 | LR = 2.140971e-02
  Batch 31: loss = 0.703633 | LR = 2.139351e-02
  Batch 32: loss = 0.642123 | LR = 2.137730e-02
  Batch 33: loss = 0.671404 | LR = 2.136110e-02
  Batch 34: loss = 0.580776 | LR = 2.134490e-02
  Batch 35: loss = 0.687927 | LR = 2.132870e-02
  Batch 36: loss = 0.584903 | LR = 2.131250e-02
  Batch 37: loss = 0.823795 | LR = 2.129631e-02
  Batch 38: loss = 0.733732 | LR = 2.128011e-02
  Batch 39: loss = 0.754088 | LR = 2.126392e-02
  Batch 40: loss = 0.773277 | LR = 2.124773e-02
  Batch 41: loss = 0.703614 | LR = 2.123154e-02
  Batch 42: loss = 0.609206 | LR = 2.121535e-02
  Batch 43: loss = 0.521864 | LR = 2.119916e-02
  Batch 44: loss = 0.728164 | LR = 2.118298e-02
  Batch 45: loss = 0.799529 | LR = 2.116680e-02
  Batch 46: loss = 0.665920 | LR = 2.115061e-02
  Batch 47: loss = 0.871340 | LR = 2.113443e-02
  Batch 48: loss = 0.599629 | LR = 2.111826e-02
Epoch 55: Average loss = 0.7119, Duration = 1.12s
  Batch 1: loss = 0.681305 | LR = 2.110208e-02
  Batch 2: loss = 0.809431 | LR = 2.108590e-02
  Batch 3: loss = 0.771747 | LR = 2.106973e-02
  Batch 4: loss = 0.749330 | LR = 2.105356e-02
  Batch 5: loss = 0.715189 | LR = 2.103739e-02
  Batch 6: loss = 0.809518 | LR = 2.102122e-02
  Batch 7: loss = 0.648712 | LR = 2.100505e-02
  Batch 8: loss = 0.800472 | LR = 2.098889e-02
  Batch 9: loss = 0.779272 | LR = 2.097273e-02
  Batch 10: loss = 0.633520 | LR = 2.095656e-02
  Batch 11: loss = 0.815003 | LR = 2.094040e-02
  Batch 12: loss = 0.698604 | LR = 2.092425e-02
  Batch 13: loss = 0.581822 | LR = 2.090809e-02
  Batch 14: loss = 0.716489 | LR = 2.089194e-02
  Batch 15: loss = 0.750194 | LR = 2.087578e-02
  Batch 16: loss = 0.681267 | LR = 2.085963e-02
  Batch 17: loss = 0.670723 | LR = 2.084348e-02
  Batch 18: loss = 0.525220 | LR = 2.082734e-02
  Batch 19: loss = 0.662922 | LR = 2.081119e-02
  Batch 20: loss = 0.680117 | LR = 2.079505e-02
  Batch 21: loss = 0.689629 | LR = 2.077891e-02
  Batch 22: loss = 0.618882 | LR = 2.076277e-02
  Batch 23: loss = 0.728839 | LR = 2.074663e-02
  Batch 24: loss = 0.724571 | LR = 2.073049e-02
  Batch 25: loss = 0.823697 | LR = 2.071436e-02
  Batch 26: loss = 0.787710 | LR = 2.069822e-02
  Batch 27: loss = 0.624247 | LR = 2.068209e-02
  Batch 28: loss = 0.693858 | LR = 2.066596e-02
  Batch 29: loss = 0.844408 | LR = 2.064984e-02
  Batch 30: loss = 0.828891 | LR = 2.063371e-02
  Batch 31: loss = 0.847221 | LR = 2.061759e-02
  Batch 32: loss = 0.720161 | LR = 2.060147e-02
  Batch 33: loss = 0.629405 | LR = 2.058535e-02
  Batch 34: loss = 0.617575 | LR = 2.056923e-02
  Batch 35: loss = 0.691445 | LR = 2.055311e-02
  Batch 36: loss = 0.692016 | LR = 2.053700e-02
  Batch 37: loss = 0.849946 | LR = 2.052089e-02
  Batch 38: loss = 0.722213 | LR = 2.050478e-02
  Batch 39: loss = 0.703850 | LR = 2.048867e-02
  Batch 40: loss = 0.583795 | LR = 2.047256e-02
  Batch 41: loss = 0.735613 | LR = 2.045646e-02
  Batch 42: loss = 0.706647 | LR = 2.044035e-02
  Batch 43: loss = 0.548478 | LR = 2.042425e-02
  Batch 44: loss = 0.705142 | LR = 2.040816e-02
  Batch 45: loss = 0.635305 | LR = 2.039206e-02
  Batch 46: loss = 0.715317 | LR = 2.037596e-02
  Batch 47: loss = 0.741245 | LR = 2.035987e-02
  Batch 48: loss = 0.631731 | LR = 2.034378e-02
Epoch 56: Average loss = 0.7088, Duration = 1.06s
  Batch 1: loss = 0.511400 | LR = 2.032769e-02
  Batch 2: loss = 0.771504 | LR = 2.031161e-02
  Batch 3: loss = 0.677365 | LR = 2.029552e-02
  Batch 4: loss = 0.602652 | LR = 2.027944e-02
  Batch 5: loss = 0.641702 | LR = 2.026336e-02
  Batch 6: loss = 0.623284 | LR = 2.024728e-02
  Batch 7: loss = 0.610168 | LR = 2.023120e-02
  Batch 8: loss = 0.777125 | LR = 2.021513e-02
  Batch 9: loss = 0.806849 | LR = 2.019906e-02
  Batch 10: loss = 0.671862 | LR = 2.018299e-02
  Batch 11: loss = 0.686656 | LR = 2.016692e-02
  Batch 12: loss = 0.701382 | LR = 2.015085e-02
  Batch 13: loss = 0.728413 | LR = 2.013479e-02
  Batch 14: loss = 0.724615 | LR = 2.011873e-02
  Batch 15: loss = 0.677275 | LR = 2.010267e-02
  Batch 16: loss = 0.686997 | LR = 2.008661e-02
  Batch 17: loss = 0.725851 | LR = 2.007055e-02
  Batch 18: loss = 0.567865 | LR = 2.005450e-02
  Batch 19: loss = 0.619088 | LR = 2.003845e-02
  Batch 20: loss = 0.686700 | LR = 2.002240e-02
  Batch 21: loss = 0.676498 | LR = 2.000635e-02
  Batch 22: loss = 0.691344 | LR = 1.999031e-02
  Batch 23: loss = 0.769037 | LR = 1.997426e-02
  Batch 24: loss = 0.696173 | LR = 1.995822e-02
  Batch 25: loss = 0.799766 | LR = 1.994218e-02
  Batch 26: loss = 0.666982 | LR = 1.992615e-02
  Batch 27: loss = 0.749832 | LR = 1.991011e-02
  Batch 28: loss = 0.635361 | LR = 1.989408e-02
  Batch 29: loss = 0.736307 | LR = 1.987805e-02
  Batch 30: loss = 0.653322 | LR = 1.986202e-02
  Batch 31: loss = 0.705996 | LR = 1.984600e-02
  Batch 32: loss = 0.641913 | LR = 1.982998e-02
  Batch 33: loss = 0.550634 | LR = 1.981396e-02
  Batch 34: loss = 0.593308 | LR = 1.979794e-02
  Batch 35: loss = 0.663516 | LR = 1.978192e-02
  Batch 36: loss = 0.623440 | LR = 1.976591e-02
  Batch 37: loss = 0.615377 | LR = 1.974989e-02
  Batch 38: loss = 0.675394 | LR = 1.973388e-02
  Batch 39: loss = 0.705288 | LR = 1.971788e-02
  Batch 40: loss = 0.641663 | LR = 1.970187e-02
  Batch 41: loss = 0.618632 | LR = 1.968587e-02
  Batch 42: loss = 0.707087 | LR = 1.966987e-02
  Batch 43: loss = 0.507389 | LR = 1.965387e-02
  Batch 44: loss = 0.809899 | LR = 1.963787e-02
  Batch 45: loss = 0.714522 | LR = 1.962188e-02
  Batch 46: loss = 0.787184 | LR = 1.960589e-02
  Batch 47: loss = 0.750245 | LR = 1.958990e-02
  Batch 48: loss = 0.592517 | LR = 1.957391e-02
Epoch 57: Average loss = 0.6766, Duration = 1.08s
  Batch 1: loss = 0.628208 | LR = 1.955793e-02
  Batch 2: loss = 0.691231 | LR = 1.954194e-02
  Batch 3: loss = 0.756394 | LR = 1.952596e-02
  Batch 4: loss = 0.712214 | LR = 1.950999e-02
  Batch 5: loss = 0.732488 | LR = 1.949401e-02
  Batch 6: loss = 0.632993 | LR = 1.947804e-02
  Batch 7: loss = 0.506112 | LR = 1.946207e-02
  Batch 8: loss = 0.634001 | LR = 1.944610e-02
  Batch 9: loss = 0.739016 | LR = 1.943013e-02
  Batch 10: loss = 0.633915 | LR = 1.941417e-02
  Batch 11: loss = 0.718641 | LR = 1.939821e-02
  Batch 12: loss = 0.555202 | LR = 1.938225e-02
  Batch 13: loss = 0.634420 | LR = 1.936630e-02
  Batch 14: loss = 0.671351 | LR = 1.935034e-02
  Batch 15: loss = 0.644012 | LR = 1.933439e-02
  Batch 16: loss = 0.720912 | LR = 1.931844e-02
  Batch 17: loss = 0.632590 | LR = 1.930250e-02
  Batch 18: loss = 0.620345 | LR = 1.928655e-02
  Batch 19: loss = 0.776444 | LR = 1.927061e-02
  Batch 20: loss = 0.673516 | LR = 1.925467e-02
  Batch 21: loss = 0.635404 | LR = 1.923873e-02
  Batch 22: loss = 0.656557 | LR = 1.922280e-02
  Batch 23: loss = 0.634808 | LR = 1.920687e-02
  Batch 24: loss = 0.649348 | LR = 1.919094e-02
  Batch 25: loss = 0.635267 | LR = 1.917501e-02
  Batch 26: loss = 0.645575 | LR = 1.915909e-02
  Batch 27: loss = 0.610286 | LR = 1.914317e-02
  Batch 28: loss = 0.823284 | LR = 1.912725e-02
  Batch 29: loss = 0.660499 | LR = 1.911133e-02
  Batch 30: loss = 0.625072 | LR = 1.909542e-02
  Batch 31: loss = 0.777220 | LR = 1.907951e-02
  Batch 32: loss = 0.690220 | LR = 1.906360e-02
  Batch 33: loss = 0.588796 | LR = 1.904769e-02
  Batch 34: loss = 0.618876 | LR = 1.903179e-02
  Batch 35: loss = 0.593118 | LR = 1.901589e-02
  Batch 36: loss = 0.617032 | LR = 1.899999e-02
  Batch 37: loss = 0.736551 | LR = 1.898409e-02
  Batch 38: loss = 0.599976 | LR = 1.896820e-02
  Batch 39: loss = 0.629142 | LR = 1.895231e-02
  Batch 40: loss = 0.704434 | LR = 1.893642e-02
  Batch 41: loss = 0.649893 | LR = 1.892053e-02
  Batch 42: loss = 0.590688 | LR = 1.890465e-02
  Batch 43: loss = 0.513786 | LR = 1.888877e-02
  Batch 44: loss = 0.718941 | LR = 1.887289e-02
  Batch 45: loss = 0.618405 | LR = 1.885701e-02
  Batch 46: loss = 0.707623 | LR = 1.884114e-02
  Batch 47: loss = 0.864741 | LR = 1.882527e-02
  Batch 48: loss = 0.611315 | LR = 1.880940e-02
Epoch 58: Average loss = 0.6609, Duration = 1.05s
  Batch 1: loss = 0.513104 | LR = 1.879354e-02
  Batch 2: loss = 0.668322 | LR = 1.877768e-02
  Batch 3: loss = 0.713021 | LR = 1.876182e-02
  Batch 4: loss = 0.780928 | LR = 1.874596e-02
  Batch 5: loss = 0.732670 | LR = 1.873011e-02
  Batch 6: loss = 0.574800 | LR = 1.871426e-02
  Batch 7: loss = 0.478275 | LR = 1.869841e-02
  Batch 8: loss = 0.600647 | LR = 1.868256e-02
  Batch 9: loss = 0.701884 | LR = 1.866672e-02
  Batch 10: loss = 0.707348 | LR = 1.865088e-02
  Batch 11: loss = 0.790775 | LR = 1.863504e-02
  Batch 12: loss = 0.632501 | LR = 1.861920e-02
  Batch 13: loss = 0.628035 | LR = 1.860337e-02
  Batch 14: loss = 0.624643 | LR = 1.858754e-02
  Batch 15: loss = 0.604179 | LR = 1.857172e-02
  Batch 16: loss = 0.651349 | LR = 1.855589e-02
  Batch 17: loss = 0.670896 | LR = 1.854007e-02
  Batch 18: loss = 0.580143 | LR = 1.852425e-02
  Batch 19: loss = 0.724068 | LR = 1.850844e-02
  Batch 20: loss = 0.691094 | LR = 1.849262e-02
  Batch 21: loss = 0.717123 | LR = 1.847681e-02
  Batch 22: loss = 0.613512 | LR = 1.846100e-02
  Batch 23: loss = 0.749937 | LR = 1.844520e-02
  Batch 24: loss = 0.673424 | LR = 1.842940e-02
  Batch 25: loss = 0.625155 | LR = 1.841360e-02
  Batch 26: loss = 0.634662 | LR = 1.839780e-02
  Batch 27: loss = 0.696665 | LR = 1.838201e-02
  Batch 28: loss = 0.873375 | LR = 1.836622e-02
  Batch 29: loss = 0.658944 | LR = 1.835043e-02
  Batch 30: loss = 0.763703 | LR = 1.833465e-02
  Batch 31: loss = 0.550112 | LR = 1.831887e-02
  Batch 32: loss = 0.622089 | LR = 1.830309e-02
  Batch 33: loss = 0.550222 | LR = 1.828731e-02
  Batch 34: loss = 0.498898 | LR = 1.827154e-02
  Batch 35: loss = 0.580566 | LR = 1.825577e-02
  Batch 36: loss = 0.639321 | LR = 1.824000e-02
  Batch 37: loss = 0.790091 | LR = 1.822423e-02
  Batch 38: loss = 0.683931 | LR = 1.820847e-02
  Batch 39: loss = 0.744396 | LR = 1.819271e-02
  Batch 40: loss = 0.702599 | LR = 1.817696e-02
  Batch 41: loss = 0.696274 | LR = 1.816120e-02
  Batch 42: loss = 0.732753 | LR = 1.814545e-02
  Batch 43: loss = 0.549310 | LR = 1.812971e-02
  Batch 44: loss = 0.651927 | LR = 1.811396e-02
  Batch 45: loss = 0.628970 | LR = 1.809822e-02
  Batch 46: loss = 0.602969 | LR = 1.808248e-02
  Batch 47: loss = 0.798205 | LR = 1.806675e-02
  Batch 48: loss = 0.647230 | LR = 1.805102e-02
Epoch 59: Average loss = 0.6614, Duration = 1.06s
  Batch 1: loss = 0.605628 | LR = 1.803529e-02
  Batch 2: loss = 0.620403 | LR = 1.801956e-02
  Batch 3: loss = 0.682453 | LR = 1.800384e-02
  Batch 4: loss = 0.719585 | LR = 1.798812e-02
  Batch 5: loss = 0.592174 | LR = 1.797240e-02
  Batch 6: loss = 0.612920 | LR = 1.795669e-02
  Batch 7: loss = 0.557832 | LR = 1.794097e-02
  Batch 8: loss = 0.666516 | LR = 1.792527e-02
  Batch 9: loss = 0.754166 | LR = 1.790956e-02
  Batch 10: loss = 0.719502 | LR = 1.789386e-02
  Batch 11: loss = 0.726097 | LR = 1.787816e-02
  Batch 12: loss = 0.570556 | LR = 1.786246e-02
  Batch 13: loss = 0.631472 | LR = 1.784677e-02
  Batch 14: loss = 0.529985 | LR = 1.783108e-02
  Batch 15: loss = 0.663050 | LR = 1.781539e-02
  Batch 16: loss = 0.689463 | LR = 1.779971e-02
  Batch 17: loss = 0.668470 | LR = 1.778403e-02
  Batch 18: loss = 0.642421 | LR = 1.776835e-02
  Batch 19: loss = 0.663129 | LR = 1.775268e-02
  Batch 20: loss = 0.640847 | LR = 1.773701e-02
  Batch 21: loss = 0.488062 | LR = 1.772134e-02
  Batch 22: loss = 0.642622 | LR = 1.770567e-02
  Batch 23: loss = 0.618736 | LR = 1.769001e-02
  Batch 24: loss = 0.597583 | LR = 1.767435e-02
  Batch 25: loss = 0.615403 | LR = 1.765870e-02
  Batch 26: loss = 0.750512 | LR = 1.764304e-02
  Batch 27: loss = 0.777888 | LR = 1.762739e-02
  Batch 28: loss = 0.739210 | LR = 1.761175e-02
  Batch 29: loss = 0.574077 | LR = 1.759611e-02
  Batch 30: loss = 0.636969 | LR = 1.758047e-02
  Batch 31: loss = 0.656751 | LR = 1.756483e-02
  Batch 32: loss = 0.619984 | LR = 1.754920e-02
  Batch 33: loss = 0.657709 | LR = 1.753357e-02
  Batch 34: loss = 0.629708 | LR = 1.751794e-02
  Batch 35: loss = 0.542326 | LR = 1.750231e-02
  Batch 36: loss = 0.672618 | LR = 1.748669e-02
  Batch 37: loss = 1.396064 | LR = 1.747108e-02
  Batch 38: loss = 0.666155 | LR = 1.745546e-02
  Batch 39: loss = 0.760519 | LR = 1.743985e-02
  Batch 40: loss = 0.655627 | LR = 1.742424e-02
  Batch 41: loss = 0.590697 | LR = 1.740864e-02
  Batch 42: loss = 0.673189 | LR = 1.739304e-02
  Batch 43: loss = 0.544620 | LR = 1.737744e-02
  Batch 44: loss = 0.748708 | LR = 1.736184e-02
  Batch 45: loss = 0.645368 | LR = 1.734625e-02
  Batch 46: loss = 0.604892 | LR = 1.733067e-02
  Batch 47: loss = 0.796074 | LR = 1.731508e-02
  Batch 48: loss = 0.572445 | LR = 1.729950e-02
Epoch 60: Average loss = 0.6631, Duration = 1.06s
  Batch 1: loss = 0.524493 | LR = 1.728392e-02
  Batch 2: loss = 0.617174 | LR = 1.726835e-02
  Batch 3: loss = 0.619522 | LR = 1.725277e-02
  Batch 4: loss = 0.703987 | LR = 1.723721e-02
  Batch 5: loss = 0.543809 | LR = 1.722164e-02
  Batch 6: loss = 0.702719 | LR = 1.720608e-02
  Batch 7: loss = 0.488943 | LR = 1.719052e-02
  Batch 8: loss = 0.649620 | LR = 1.717497e-02
  Batch 9: loss = 0.699641 | LR = 1.715941e-02
  Batch 10: loss = 0.548658 | LR = 1.714387e-02
  Batch 11: loss = 0.693957 | LR = 1.712832e-02
  Batch 12: loss = 0.590985 | LR = 1.711278e-02
  Batch 13: loss = 0.853246 | LR = 1.709724e-02
  Batch 14: loss = 0.668829 | LR = 1.708171e-02
  Batch 15: loss = 0.724331 | LR = 1.706618e-02
  Batch 16: loss = 0.691901 | LR = 1.705065e-02
  Batch 17: loss = 1.055524 | LR = 1.703512e-02
  Batch 18: loss = 0.737699 | LR = 1.701960e-02
  Batch 19: loss = 0.642572 | LR = 1.700408e-02
  Batch 20: loss = 0.620386 | LR = 1.698857e-02
  Batch 21: loss = 0.666673 | LR = 1.697306e-02
  Batch 22: loss = 0.757565 | LR = 1.695755e-02
  Batch 23: loss = 0.678099 | LR = 1.694205e-02
  Batch 24: loss = 0.693813 | LR = 1.692655e-02
  Batch 25: loss = 0.619777 | LR = 1.691105e-02
  Batch 26: loss = 0.633484 | LR = 1.689556e-02
  Batch 27: loss = 0.742508 | LR = 1.688007e-02
  Batch 28: loss = 0.696861 | LR = 1.686458e-02
  Batch 29: loss = 0.697449 | LR = 1.684910e-02
  Batch 30: loss = 0.562137 | LR = 1.683362e-02
  Batch 31: loss = 0.703414 | LR = 1.681814e-02
  Batch 32: loss = 0.719635 | LR = 1.680267e-02
  Batch 33: loss = 0.576757 | LR = 1.678720e-02
  Batch 34: loss = 0.575031 | LR = 1.677174e-02
  Batch 35: loss = 0.560514 | LR = 1.675627e-02
  Batch 36: loss = 0.590404 | LR = 1.674082e-02
  Batch 37: loss = 0.782893 | LR = 1.672536e-02
  Batch 38: loss = 0.567345 | LR = 1.670991e-02
  Batch 39: loss = 0.774788 | LR = 1.669446e-02
  Batch 40: loss = 0.750293 | LR = 1.667902e-02
  Batch 41: loss = 0.567343 | LR = 1.666358e-02
  Batch 42: loss = 0.544784 | LR = 1.664814e-02
  Batch 43: loss = 0.504355 | LR = 1.663271e-02
  Batch 44: loss = 0.629289 | LR = 1.661728e-02
  Batch 45: loss = 0.658557 | LR = 1.660185e-02
  Batch 46: loss = 0.690520 | LR = 1.658643e-02
  Batch 47: loss = 0.749967 | LR = 1.657101e-02
  Batch 48: loss = 0.644049 | LR = 1.655559e-02
Epoch 61: Average loss = 0.6608, Duration = 1.03s
  Batch 1: loss = 0.611795 | LR = 1.654018e-02
  Batch 2: loss = 0.699858 | LR = 1.652477e-02
  Batch 3: loss = 0.652035 | LR = 1.650937e-02
  Batch 4: loss = 0.679109 | LR = 1.649397e-02
  Batch 5: loss = 0.605225 | LR = 1.647857e-02
  Batch 6: loss = 0.628601 | LR = 1.646318e-02
  Batch 7: loss = 0.582577 | LR = 1.644779e-02
  Batch 8: loss = 0.646100 | LR = 1.643240e-02
  Batch 9: loss = 0.693366 | LR = 1.641702e-02
  Batch 10: loss = 0.746019 | LR = 1.640164e-02
  Batch 11: loss = 0.741960 | LR = 1.638626e-02
  Batch 12: loss = 0.530340 | LR = 1.637089e-02
  Batch 13: loss = 0.654851 | LR = 1.635552e-02
  Batch 14: loss = 0.550820 | LR = 1.634016e-02
  Batch 15: loss = 0.639790 | LR = 1.632480e-02
  Batch 16: loss = 0.691926 | LR = 1.630944e-02
  Batch 17: loss = 0.646627 | LR = 1.629409e-02
  Batch 18: loss = 0.523655 | LR = 1.627874e-02
  Batch 19: loss = 0.635260 | LR = 1.626340e-02
  Batch 20: loss = 0.570626 | LR = 1.624805e-02
  Batch 21: loss = 0.510542 | LR = 1.623272e-02
  Batch 22: loss = 0.750287 | LR = 1.621738e-02
  Batch 23: loss = 0.614706 | LR = 1.620205e-02
  Batch 24: loss = 0.612493 | LR = 1.618672e-02
  Batch 25: loss = 0.644894 | LR = 1.617140e-02
  Batch 26: loss = 0.589839 | LR = 1.615608e-02
  Batch 27: loss = 0.615041 | LR = 1.614077e-02
  Batch 28: loss = 0.772738 | LR = 1.612546e-02
  Batch 29: loss = 0.525698 | LR = 1.611015e-02
  Batch 30: loss = 0.611851 | LR = 1.609484e-02
  Batch 31: loss = 0.510626 | LR = 1.607954e-02
  Batch 32: loss = 0.688194 | LR = 1.606425e-02
  Batch 33: loss = 0.550033 | LR = 1.604896e-02
  Batch 34: loss = 0.371276 | LR = 1.603367e-02
  Batch 35: loss = 0.566011 | LR = 1.601838e-02
  Batch 36: loss = 0.448162 | LR = 1.600310e-02
  Batch 37: loss = 0.656218 | LR = 1.598782e-02
  Batch 38: loss = 0.658422 | LR = 1.597255e-02
  Batch 39: loss = 0.774418 | LR = 1.595728e-02
  Batch 40: loss = 0.660015 | LR = 1.594202e-02
  Batch 41: loss = 0.686697 | LR = 1.592676e-02
  Batch 42: loss = 0.521688 | LR = 1.591150e-02
  Batch 43: loss = 0.519066 | LR = 1.589624e-02
  Batch 44: loss = 0.576154 | LR = 1.588099e-02
  Batch 45: loss = 0.638267 | LR = 1.586575e-02
  Batch 46: loss = 0.567529 | LR = 1.585051e-02
  Batch 47: loss = 0.776964 | LR = 1.583527e-02
  Batch 48: loss = 0.570754 | LR = 1.582003e-02
Epoch 62: Average loss = 0.6191, Duration = 1.08s
  Batch 1: loss = 0.661128 | LR = 1.580480e-02
  Batch 2: loss = 0.514809 | LR = 1.578958e-02
  Batch 3: loss = 0.685912 | LR = 1.577436e-02
  Batch 4: loss = 0.639479 | LR = 1.575914e-02
  Batch 5: loss = 0.545193 | LR = 1.574392e-02
  Batch 6: loss = 0.610634 | LR = 1.572871e-02
  Batch 7: loss = 0.397496 | LR = 1.571351e-02
  Batch 8: loss = 0.619204 | LR = 1.569830e-02
  Batch 9: loss = 0.693034 | LR = 1.568311e-02
  Batch 10: loss = 0.531327 | LR = 1.566791e-02
  Batch 11: loss = 0.574374 | LR = 1.565272e-02
  Batch 12: loss = 0.720478 | LR = 1.563753e-02
  Batch 13: loss = 0.631828 | LR = 1.562235e-02
  Batch 14: loss = 0.538606 | LR = 1.560717e-02
  Batch 15: loss = 0.611640 | LR = 1.559200e-02
  Batch 16: loss = 0.541100 | LR = 1.557683e-02
  Batch 17: loss = 0.662553 | LR = 1.556166e-02
  Batch 18: loss = 0.508222 | LR = 1.554650e-02
  Batch 19: loss = 0.633466 | LR = 1.553134e-02
  Batch 20: loss = 0.505060 | LR = 1.551619e-02
  Batch 21: loss = 0.527532 | LR = 1.550104e-02
  Batch 22: loss = 0.647408 | LR = 1.548589e-02
  Batch 23: loss = 0.598442 | LR = 1.547075e-02
  Batch 24: loss = 0.565050 | LR = 1.545561e-02
  Batch 25: loss = 0.531740 | LR = 1.544048e-02
  Batch 26: loss = 0.563449 | LR = 1.542535e-02
  Batch 27: loss = 0.625345 | LR = 1.541022e-02
  Batch 28: loss = 0.681359 | LR = 1.539510e-02
  Batch 29: loss = 0.558299 | LR = 1.537999e-02
  Batch 30: loss = 0.488745 | LR = 1.536487e-02
  Batch 31: loss = 0.644419 | LR = 1.534976e-02
  Batch 32: loss = 0.639239 | LR = 1.533466e-02
  Batch 33: loss = 0.535673 | LR = 1.531956e-02
  Batch 34: loss = 0.570463 | LR = 1.530446e-02
  Batch 35: loss = 0.569220 | LR = 1.528937e-02
  Batch 36: loss = 0.550522 | LR = 1.527428e-02
  Batch 37: loss = 0.690240 | LR = 1.525920e-02
  Batch 38: loss = 0.597073 | LR = 1.524412e-02
  Batch 39: loss = 0.556310 | LR = 1.522904e-02
  Batch 40: loss = 0.587494 | LR = 1.521397e-02
  Batch 41: loss = 0.553571 | LR = 1.519890e-02
  Batch 42: loss = 0.540934 | LR = 1.518384e-02
  Batch 43: loss = 0.474594 | LR = 1.516878e-02
  Batch 44: loss = 0.644347 | LR = 1.515373e-02
  Batch 45: loss = 0.574652 | LR = 1.513868e-02
  Batch 46: loss = 0.609998 | LR = 1.512363e-02
  Batch 47: loss = 0.694782 | LR = 1.510859e-02
  Batch 48: loss = 0.592785 | LR = 1.509355e-02
Epoch 63: Average loss = 0.5883, Duration = 1.10s
  Batch 1: loss = 0.448830 | LR = 1.507852e-02
  Batch 2: loss = 0.529843 | LR = 1.506349e-02
  Batch 3: loss = 0.636360 | LR = 1.504846e-02
  Batch 4: loss = 0.664428 | LR = 1.503344e-02
  Batch 5: loss = 0.552653 | LR = 1.501843e-02
  Batch 6: loss = 0.517023 | LR = 1.500341e-02
  Batch 7: loss = 0.407401 | LR = 1.498841e-02
  Batch 8: loss = 0.558205 | LR = 1.497340e-02
  Batch 9: loss = 0.723918 | LR = 1.495840e-02
  Batch 10: loss = 0.592941 | LR = 1.494341e-02
  Batch 11: loss = 0.706708 | LR = 1.492842e-02
  Batch 12: loss = 0.479703 | LR = 1.491343e-02
  Batch 13: loss = 0.614300 | LR = 1.489845e-02
  Batch 14: loss = 0.574958 | LR = 1.488347e-02
  Batch 15: loss = 0.660944 | LR = 1.486850e-02
  Batch 16: loss = 0.539774 | LR = 1.485353e-02
  Batch 17: loss = 0.608825 | LR = 1.483857e-02
  Batch 18: loss = 0.519983 | LR = 1.482361e-02
  Batch 19: loss = 0.590180 | LR = 1.480865e-02
  Batch 20: loss = 0.680533 | LR = 1.479370e-02
  Batch 21: loss = 0.638085 | LR = 1.477875e-02
  Batch 22: loss = 0.588459 | LR = 1.476381e-02
  Batch 23: loss = 0.664899 | LR = 1.474887e-02
  Batch 24: loss = 0.444245 | LR = 1.473394e-02
  Batch 25: loss = 0.531284 | LR = 1.471901e-02
  Batch 26: loss = 0.525202 | LR = 1.470408e-02
  Batch 27: loss = 0.673834 | LR = 1.468916e-02
  Batch 28: loss = 0.575073 | LR = 1.467425e-02
  Batch 29: loss = 0.599001 | LR = 1.465933e-02
  Batch 30: loss = 0.526920 | LR = 1.464443e-02
  Batch 31: loss = 0.800878 | LR = 1.462952e-02
  Batch 32: loss = 0.558666 | LR = 1.461462e-02
  Batch 33: loss = 0.419535 | LR = 1.459973e-02
  Batch 34: loss = 0.471485 | LR = 1.458484e-02
  Batch 35: loss = 0.480156 | LR = 1.456996e-02
  Batch 36: loss = 0.444239 | LR = 1.455508e-02
  Batch 37: loss = 0.562464 | LR = 1.454020e-02
  Batch 38: loss = 0.578676 | LR = 1.452533e-02
  Batch 39: loss = 0.652095 | LR = 1.451046e-02
  Batch 40: loss = 0.592471 | LR = 1.449560e-02
  Batch 41: loss = 0.455764 | LR = 1.448074e-02
  Batch 42: loss = 0.563857 | LR = 1.446589e-02
  Batch 43: loss = 0.578363 | LR = 1.445104e-02
  Batch 44: loss = 0.465272 | LR = 1.443619e-02
  Batch 45: loss = 0.516235 | LR = 1.442135e-02
  Batch 46: loss = 0.553208 | LR = 1.440652e-02
  Batch 47: loss = 0.651085 | LR = 1.439169e-02
  Batch 48: loss = 0.462068 | LR = 1.437686e-02
Epoch 64: Average loss = 0.5663, Duration = 1.10s
  Batch 1: loss = 0.462690 | LR = 1.436204e-02
  Batch 2: loss = 0.530671 | LR = 1.434722e-02
  Batch 3: loss = 0.638500 | LR = 1.433241e-02
  Batch 4: loss = 0.520293 | LR = 1.431760e-02
  Batch 5: loss = 0.513525 | LR = 1.430280e-02
  Batch 6: loss = 0.532513 | LR = 1.428800e-02
  Batch 7: loss = 0.443957 | LR = 1.427320e-02
  Batch 8: loss = 0.530932 | LR = 1.425841e-02
  Batch 9: loss = 0.605241 | LR = 1.424363e-02
  Batch 10: loss = 0.648271 | LR = 1.422885e-02
  Batch 11: loss = 0.626376 | LR = 1.421407e-02
  Batch 12: loss = 0.562016 | LR = 1.419930e-02
  Batch 13: loss = 0.508413 | LR = 1.418453e-02
  Batch 14: loss = 0.462335 | LR = 1.416977e-02
  Batch 15: loss = 0.584400 | LR = 1.415501e-02
  Batch 16: loss = 0.611621 | LR = 1.414026e-02
  Batch 17: loss = 0.553219 | LR = 1.412551e-02
  Batch 18: loss = 0.544441 | LR = 1.411077e-02
  Batch 19: loss = 0.548602 | LR = 1.409603e-02
  Batch 20: loss = 0.558101 | LR = 1.408130e-02
  Batch 21: loss = 0.414579 | LR = 1.406657e-02
  Batch 22: loss = 0.564698 | LR = 1.405184e-02
  Batch 23: loss = 0.526620 | LR = 1.403712e-02
  Batch 24: loss = 0.546343 | LR = 1.402241e-02
  Batch 25: loss = 0.595181 | LR = 1.400770e-02
  Batch 26: loss = 0.432942 | LR = 1.399299e-02
  Batch 27: loss = 0.575712 | LR = 1.397829e-02
  Batch 28: loss = 0.605993 | LR = 1.396359e-02
  Batch 29: loss = 0.579074 | LR = 1.394890e-02
  Batch 30: loss = 0.549964 | LR = 1.393422e-02
  Batch 31: loss = 0.581962 | LR = 1.391953e-02
  Batch 32: loss = 0.482572 | LR = 1.390486e-02
  Batch 33: loss = 0.483719 | LR = 1.389018e-02
  Batch 34: loss = 0.449995 | LR = 1.387552e-02
  Batch 35: loss = 0.517693 | LR = 1.386085e-02
  Batch 36: loss = 0.473836 | LR = 1.384619e-02
  Batch 37: loss = 0.691599 | LR = 1.383154e-02
  Batch 38: loss = 0.626217 | LR = 1.381689e-02
  Batch 39: loss = 0.621579 | LR = 1.380225e-02
  Batch 40: loss = 0.478726 | LR = 1.378761e-02
  Batch 41: loss = 0.523157 | LR = 1.377297e-02
  Batch 42: loss = 0.476957 | LR = 1.375835e-02
  Batch 43: loss = 0.454702 | LR = 1.374372e-02
  Batch 44: loss = 0.536356 | LR = 1.372910e-02
  Batch 45: loss = 0.565179 | LR = 1.371449e-02
  Batch 46: loss = 0.469186 | LR = 1.369988e-02
  Batch 47: loss = 0.663223 | LR = 1.368527e-02
  Batch 48: loss = 0.508321 | LR = 1.367067e-02
Epoch 65: Average loss = 0.5413, Duration = 1.10s
  Batch 1: loss = 0.452805 | LR = 1.365607e-02
  Batch 2: loss = 0.464573 | LR = 1.364148e-02
  Batch 3: loss = 0.505214 | LR = 1.362690e-02
  Batch 4: loss = 0.554453 | LR = 1.361232e-02
  Batch 5: loss = 0.448010 | LR = 1.359774e-02
  Batch 6: loss = 0.485329 | LR = 1.358317e-02
  Batch 7: loss = 0.339962 | LR = 1.356860e-02
  Batch 8: loss = 0.438484 | LR = 1.355404e-02
  Batch 9: loss = 0.565647 | LR = 1.353949e-02
  Batch 10: loss = 0.369958 | LR = 1.352493e-02
  Batch 11: loss = 0.433340 | LR = 1.351039e-02
  Batch 12: loss = 0.562656 | LR = 1.349585e-02
  Batch 13: loss = 0.463506 | LR = 1.348131e-02
  Batch 14: loss = 0.549407 | LR = 1.346678e-02
  Batch 15: loss = 0.661914 | LR = 1.345225e-02
  Batch 16: loss = 0.529683 | LR = 1.343773e-02
  Batch 17: loss = 0.428572 | LR = 1.342321e-02
  Batch 18: loss = 0.478712 | LR = 1.340870e-02
  Batch 19: loss = 0.519536 | LR = 1.339419e-02
  Batch 20: loss = 0.493927 | LR = 1.337969e-02
  Batch 21: loss = 0.551535 | LR = 1.336519e-02
  Batch 22: loss = 0.561754 | LR = 1.335070e-02
  Batch 23: loss = 0.570474 | LR = 1.333621e-02
  Batch 24: loss = 0.428395 | LR = 1.332173e-02
  Batch 25: loss = 0.531895 | LR = 1.330725e-02
  Batch 26: loss = 0.493627 | LR = 1.329278e-02
  Batch 27: loss = 0.706519 | LR = 1.327832e-02
  Batch 28: loss = 0.427632 | LR = 1.326385e-02
  Batch 29: loss = 0.627750 | LR = 1.324940e-02
  Batch 30: loss = 0.650976 | LR = 1.323494e-02
  Batch 31: loss = 0.464474 | LR = 1.322050e-02
  Batch 32: loss = 0.464073 | LR = 1.320606e-02
  Batch 33: loss = 0.448979 | LR = 1.319162e-02
  Batch 34: loss = 0.399022 | LR = 1.317719e-02
  Batch 35: loss = 0.436004 | LR = 1.316276e-02
  Batch 36: loss = 0.478995 | LR = 1.314834e-02
  Batch 37: loss = 0.552172 | LR = 1.313392e-02
  Batch 38: loss = 0.526024 | LR = 1.311951e-02
  Batch 39: loss = 0.543005 | LR = 1.310511e-02
  Batch 40: loss = 0.546512 | LR = 1.309070e-02
  Batch 41: loss = 0.498286 | LR = 1.307631e-02
  Batch 42: loss = 0.501889 | LR = 1.306192e-02
  Batch 43: loss = 0.448087 | LR = 1.304753e-02
  Batch 44: loss = 0.538175 | LR = 1.303315e-02
  Batch 45: loss = 0.403275 | LR = 1.301878e-02
  Batch 46: loss = 0.530615 | LR = 1.300440e-02
  Batch 47: loss = 0.464309 | LR = 1.299004e-02
  Batch 48: loss = 0.478859 | LR = 1.297568e-02
Epoch 66: Average loss = 0.5004, Duration = 1.07s
  Batch 1: loss = 0.474140 | LR = 1.296132e-02
  Batch 2: loss = 0.618691 | LR = 1.294697e-02
  Batch 3: loss = 0.524414 | LR = 1.293263e-02
  Batch 4: loss = 0.593184 | LR = 1.291829e-02
  Batch 5: loss = 0.463377 | LR = 1.290396e-02
  Batch 6: loss = 0.477756 | LR = 1.288963e-02
  Batch 7: loss = 0.452473 | LR = 1.287530e-02
  Batch 8: loss = 0.463304 | LR = 1.286099e-02
  Batch 9: loss = 0.531416 | LR = 1.284667e-02
  Batch 10: loss = 0.532872 | LR = 1.283236e-02
  Batch 11: loss = 0.509998 | LR = 1.281806e-02
  Batch 12: loss = 0.466059 | LR = 1.280376e-02
  Batch 13: loss = 0.459991 | LR = 1.278947e-02
  Batch 14: loss = 0.539632 | LR = 1.277518e-02
  Batch 15: loss = 0.590335 | LR = 1.276090e-02
  Batch 16: loss = 0.494917 | LR = 1.274662e-02
  Batch 17: loss = 0.421734 | LR = 1.273235e-02
  Batch 18: loss = 0.471094 | LR = 1.271809e-02
  Batch 19: loss = 0.450068 | LR = 1.270383e-02
  Batch 20: loss = 0.482383 | LR = 1.268957e-02
  Batch 21: loss = 0.533784 | LR = 1.267532e-02
  Batch 22: loss = 0.468690 | LR = 1.266107e-02
  Batch 23: loss = 0.504067 | LR = 1.264683e-02
  Batch 24: loss = 0.403469 | LR = 1.263260e-02
  Batch 25: loss = 0.578390 | LR = 1.261837e-02
  Batch 26: loss = 0.458807 | LR = 1.260415e-02
  Batch 27: loss = 0.514720 | LR = 1.258993e-02
  Batch 28: loss = 0.659801 | LR = 1.257571e-02
  Batch 29: loss = 0.569001 | LR = 1.256151e-02
  Batch 30: loss = 0.499735 | LR = 1.254730e-02
  Batch 31: loss = 0.457301 | LR = 1.253311e-02
  Batch 32: loss = 0.537947 | LR = 1.251891e-02
  Batch 33: loss = 0.634445 | LR = 1.250473e-02
  Batch 34: loss = 0.547588 | LR = 1.249055e-02
  Batch 35: loss = 0.414998 | LR = 1.247637e-02
  Batch 36: loss = 0.464488 | LR = 1.246220e-02
  Batch 37: loss = 0.505920 | LR = 1.244803e-02
  Batch 38: loss = 0.492423 | LR = 1.243388e-02
  Batch 39: loss = 0.515192 | LR = 1.241972e-02
  Batch 40: loss = 0.486097 | LR = 1.240557e-02
  Batch 41: loss = 0.493215 | LR = 1.239143e-02
  Batch 42: loss = 0.454406 | LR = 1.237729e-02
  Batch 43: loss = 0.327653 | LR = 1.236316e-02
  Batch 44: loss = 0.437650 | LR = 1.234903e-02
  Batch 45: loss = 0.523155 | LR = 1.233491e-02
  Batch 46: loss = 0.498766 | LR = 1.232079e-02
  Batch 47: loss = 0.608571 | LR = 1.230668e-02
  Batch 48: loss = 0.438931 | LR = 1.229258e-02
Epoch 67: Average loss = 0.5010, Duration = 1.12s
  Batch 1: loss = 0.547919 | LR = 1.227848e-02
  Batch 2: loss = 0.445498 | LR = 1.226438e-02
  Batch 3: loss = 0.436801 | LR = 1.225029e-02
  Batch 4: loss = 0.605770 | LR = 1.223621e-02
  Batch 5: loss = 0.530860 | LR = 1.222213e-02
  Batch 6: loss = 0.578179 | LR = 1.220806e-02
  Batch 7: loss = 0.383066 | LR = 1.219399e-02
  Batch 8: loss = 0.417886 | LR = 1.217993e-02
  Batch 9: loss = 0.473869 | LR = 1.216587e-02
  Batch 10: loss = 0.576635 | LR = 1.215182e-02
  Batch 11: loss = 0.548959 | LR = 1.213778e-02
  Batch 12: loss = 0.481631 | LR = 1.212374e-02
  Batch 13: loss = 0.530367 | LR = 1.210970e-02
  Batch 14: loss = 0.451395 | LR = 1.209567e-02
  Batch 15: loss = 0.504022 | LR = 1.208165e-02
  Batch 16: loss = 0.511533 | LR = 1.206763e-02
  Batch 17: loss = 0.410530 | LR = 1.205362e-02
  Batch 18: loss = 0.425017 | LR = 1.203961e-02
  Batch 19: loss = 0.501443 | LR = 1.202561e-02
  Batch 20: loss = 0.446055 | LR = 1.201162e-02
  Batch 21: loss = 0.413929 | LR = 1.199763e-02
  Batch 22: loss = 0.462112 | LR = 1.198364e-02
  Batch 23: loss = 0.484714 | LR = 1.196967e-02
  Batch 24: loss = 0.483382 | LR = 1.195569e-02
  Batch 25: loss = 0.412553 | LR = 1.194173e-02
  Batch 26: loss = 0.387487 | LR = 1.192776e-02
  Batch 27: loss = 0.482113 | LR = 1.191381e-02
  Batch 28: loss = 0.550131 | LR = 1.189986e-02
  Batch 29: loss = 0.410174 | LR = 1.188591e-02
  Batch 30: loss = 0.489268 | LR = 1.187197e-02
  Batch 31: loss = 0.464777 | LR = 1.185804e-02
  Batch 32: loss = 0.451036 | LR = 1.184411e-02
  Batch 33: loss = 0.414765 | LR = 1.183019e-02
  Batch 34: loss = 0.418999 | LR = 1.181627e-02
  Batch 35: loss = 0.344877 | LR = 1.180236e-02
  Batch 36: loss = 0.420326 | LR = 1.178845e-02
  Batch 37: loss = 0.421242 | LR = 1.177455e-02
  Batch 38: loss = 0.423637 | LR = 1.176066e-02
  Batch 39: loss = 0.528250 | LR = 1.174677e-02
  Batch 40: loss = 0.436926 | LR = 1.173289e-02
  Batch 41: loss = 0.441436 | LR = 1.171901e-02
  Batch 42: loss = 0.471523 | LR = 1.170514e-02
  Batch 43: loss = 0.376135 | LR = 1.169128e-02
  Batch 44: loss = 0.476587 | LR = 1.167742e-02
  Batch 45: loss = 0.547593 | LR = 1.166356e-02
  Batch 46: loss = 0.479165 | LR = 1.164971e-02
  Batch 47: loss = 0.520296 | LR = 1.163587e-02
  Batch 48: loss = 0.450885 | LR = 1.162203e-02
Epoch 68: Average loss = 0.4682, Duration = 1.07s
  Batch 1: loss = 0.303316 | LR = 1.160820e-02
  Batch 2: loss = 0.377315 | LR = 1.159438e-02
  Batch 3: loss = 0.532411 | LR = 1.158056e-02
  Batch 4: loss = 0.658822 | LR = 1.156674e-02
  Batch 5: loss = 0.436902 | LR = 1.155293e-02
  Batch 6: loss = 0.613524 | LR = 1.153913e-02
  Batch 7: loss = 0.356802 | LR = 1.152534e-02
  Batch 8: loss = 0.452319 | LR = 1.151154e-02
  Batch 9: loss = 0.535497 | LR = 1.149776e-02
  Batch 10: loss = 0.463365 | LR = 1.148398e-02
  Batch 11: loss = 0.492600 | LR = 1.147021e-02
  Batch 12: loss = 0.556423 | LR = 1.145644e-02
  Batch 13: loss = 0.523457 | LR = 1.144268e-02
  Batch 14: loss = 0.385103 | LR = 1.142892e-02
  Batch 15: loss = 0.548200 | LR = 1.141517e-02
  Batch 16: loss = 0.437738 | LR = 1.140143e-02
  Batch 17: loss = 0.523741 | LR = 1.138769e-02
  Batch 18: loss = 0.531015 | LR = 1.137395e-02
  Batch 19: loss = 0.473781 | LR = 1.136023e-02
  Batch 20: loss = 0.540675 | LR = 1.134651e-02
  Batch 21: loss = 0.512378 | LR = 1.133279e-02
  Batch 22: loss = 0.575900 | LR = 1.131908e-02
  Batch 23: loss = 0.468612 | LR = 1.130538e-02
  Batch 24: loss = 0.511308 | LR = 1.129168e-02
  Batch 25: loss = 0.421696 | LR = 1.127799e-02
  Batch 26: loss = 0.490380 | LR = 1.126430e-02
  Batch 27: loss = 0.523071 | LR = 1.125062e-02
  Batch 28: loss = 0.561487 | LR = 1.123695e-02
  Batch 29: loss = 0.559274 | LR = 1.122328e-02
  Batch 30: loss = 0.525412 | LR = 1.120962e-02
  Batch 31: loss = 0.461665 | LR = 1.119596e-02
  Batch 32: loss = 0.424214 | LR = 1.118231e-02
  Batch 33: loss = 0.359917 | LR = 1.116867e-02
  Batch 34: loss = 0.382521 | LR = 1.115503e-02
  Batch 35: loss = 0.426336 | LR = 1.114140e-02
  Batch 36: loss = 0.413244 | LR = 1.112777e-02
  Batch 37: loss = 0.550064 | LR = 1.111415e-02
  Batch 38: loss = 0.508261 | LR = 1.110053e-02
  Batch 39: loss = 0.472448 | LR = 1.108692e-02
  Batch 40: loss = 0.406639 | LR = 1.107332e-02
  Batch 41: loss = 0.436371 | LR = 1.105973e-02
  Batch 42: loss = 0.419413 | LR = 1.104613e-02
  Batch 43: loss = 0.349417 | LR = 1.103255e-02
  Batch 44: loss = 0.667054 | LR = 1.101897e-02
  Batch 45: loss = 0.504905 | LR = 1.100540e-02
  Batch 46: loss = 0.506462 | LR = 1.099183e-02
  Batch 47: loss = 0.487244 | LR = 1.097827e-02
  Batch 48: loss = 0.358934 | LR = 1.096472e-02
Epoch 69: Average loss = 0.4797, Duration = 1.03s
  Batch 1: loss = 0.384026 | LR = 1.095117e-02
  Batch 2: loss = 0.348629 | LR = 1.093762e-02
  Batch 3: loss = 0.468378 | LR = 1.092409e-02
  Batch 4: loss = 0.514914 | LR = 1.091056e-02
  Batch 5: loss = 0.308019 | LR = 1.089703e-02
  Batch 6: loss = 0.470762 | LR = 1.088351e-02
  Batch 7: loss = 0.430256 | LR = 1.087000e-02
  Batch 8: loss = 0.479505 | LR = 1.085649e-02
  Batch 9: loss = 0.515128 | LR = 1.084299e-02
  Batch 10: loss = 0.501817 | LR = 1.082950e-02
  Batch 11: loss = 0.382281 | LR = 1.081601e-02
  Batch 12: loss = 0.493201 | LR = 1.080253e-02
  Batch 13: loss = 0.464138 | LR = 1.078905e-02
  Batch 14: loss = 0.371064 | LR = 1.077558e-02
  Batch 15: loss = 0.574838 | LR = 1.076212e-02
  Batch 16: loss = 0.512639 | LR = 1.074866e-02
  Batch 17: loss = 0.479357 | LR = 1.073521e-02
  Batch 18: loss = 0.493257 | LR = 1.072176e-02
  Batch 19: loss = 0.632801 | LR = 1.070832e-02
  Batch 20: loss = 0.398844 | LR = 1.069489e-02
  Batch 21: loss = 0.483499 | LR = 1.068146e-02
  Batch 22: loss = 0.642756 | LR = 1.066804e-02
  Batch 23: loss = 0.484053 | LR = 1.065463e-02
  Batch 24: loss = 0.414175 | LR = 1.064122e-02
  Batch 25: loss = 0.507631 | LR = 1.062782e-02
  Batch 26: loss = 0.465820 | LR = 1.061442e-02
  Batch 27: loss = 0.559581 | LR = 1.060103e-02
  Batch 28: loss = 0.602238 | LR = 1.058765e-02
  Batch 29: loss = 0.505333 | LR = 1.057427e-02
  Batch 30: loss = 0.459813 | LR = 1.056090e-02
  Batch 31: loss = 0.471331 | LR = 1.054753e-02
  Batch 32: loss = 0.450868 | LR = 1.053417e-02
  Batch 33: loss = 0.385142 | LR = 1.052082e-02
  Batch 34: loss = 0.338811 | LR = 1.050747e-02
  Batch 35: loss = 0.385385 | LR = 1.049413e-02
  Batch 36: loss = 0.567293 | LR = 1.048080e-02
  Batch 37: loss = 0.444937 | LR = 1.046747e-02
  Batch 38: loss = 0.604911 | LR = 1.045415e-02
  Batch 39: loss = 0.476889 | LR = 1.044083e-02
  Batch 40: loss = 0.465167 | LR = 1.042752e-02
  Batch 41: loss = 0.488931 | LR = 1.041422e-02
  Batch 42: loss = 0.475548 | LR = 1.040092e-02
  Batch 43: loss = 0.407525 | LR = 1.038763e-02
  Batch 44: loss = 0.500956 | LR = 1.037435e-02
  Batch 45: loss = 0.366461 | LR = 1.036107e-02
  Batch 46: loss = 0.483108 | LR = 1.034780e-02
  Batch 47: loss = 0.574161 | LR = 1.033453e-02
  Batch 48: loss = 0.463808 | LR = 1.032127e-02
Epoch 70: Average loss = 0.4729, Duration = 1.07s
  Batch 1: loss = 0.480593 | LR = 1.030802e-02
  Batch 2: loss = 0.328453 | LR = 1.029477e-02
  Batch 3: loss = 0.606276 | LR = 1.028153e-02
  Batch 4: loss = 0.449641 | LR = 1.026830e-02
  Batch 5: loss = 0.414582 | LR = 1.025507e-02
  Batch 6: loss = 0.482241 | LR = 1.024185e-02
  Batch 7: loss = 0.442300 | LR = 1.022863e-02
  Batch 8: loss = 0.481230 | LR = 1.021542e-02
  Batch 9: loss = 0.620254 | LR = 1.020222e-02
  Batch 10: loss = 0.379390 | LR = 1.018903e-02
  Batch 11: loss = 0.413741 | LR = 1.017584e-02
  Batch 12: loss = 0.492461 | LR = 1.016265e-02
  Batch 13: loss = 0.409691 | LR = 1.014948e-02
  Batch 14: loss = 0.523393 | LR = 1.013631e-02
  Batch 15: loss = 0.534657 | LR = 1.012314e-02
  Batch 16: loss = 0.451330 | LR = 1.010998e-02
  Batch 17: loss = 0.361772 | LR = 1.009683e-02
  Batch 18: loss = 0.428187 | LR = 1.008369e-02
  Batch 19: loss = 0.381462 | LR = 1.007055e-02
  Batch 20: loss = 0.510183 | LR = 1.005742e-02
  Batch 21: loss = 0.445927 | LR = 1.004429e-02
  Batch 22: loss = 0.428252 | LR = 1.003117e-02
  Batch 23: loss = 0.480015 | LR = 1.001806e-02
  Batch 24: loss = 0.337985 | LR = 1.000495e-02
  Batch 25: loss = 0.445885 | LR = 9.991852e-03
  Batch 26: loss = 0.338097 | LR = 9.978758e-03
  Batch 27: loss = 0.405976 | LR = 9.965671e-03
  Batch 28: loss = 0.523970 | LR = 9.952590e-03
  Batch 29: loss = 0.585618 | LR = 9.939516e-03
  Batch 30: loss = 0.443465 | LR = 9.926448e-03
  Batch 31: loss = 0.422447 | LR = 9.913387e-03
  Batch 32: loss = 0.381920 | LR = 9.900332e-03
  Batch 33: loss = 0.393313 | LR = 9.887283e-03
  Batch 34: loss = 0.482653 | LR = 9.874241e-03
  Batch 35: loss = 0.387148 | LR = 9.861206e-03
  Batch 36: loss = 0.322876 | LR = 9.848177e-03
  Batch 37: loss = 0.607437 | LR = 9.835154e-03
  Batch 38: loss = 0.453464 | LR = 9.822138e-03
  Batch 39: loss = 0.521802 | LR = 9.809129e-03
  Batch 40: loss = 0.462358 | LR = 9.796126e-03
  Batch 41: loss = 0.444151 | LR = 9.783130e-03
  Batch 42: loss = 0.457197 | LR = 9.770140e-03
  Batch 43: loss = 0.408765 | LR = 9.757157e-03
  Batch 44: loss = 0.407916 | LR = 9.744180e-03
  Batch 45: loss = 0.453637 | LR = 9.731209e-03
  Batch 46: loss = 0.581112 | LR = 9.718246e-03
  Batch 47: loss = 0.474943 | LR = 9.705289e-03
  Batch 48: loss = 0.344877 | LR = 9.692338e-03
Epoch 71: Average loss = 0.4507, Duration = 1.11s
  Batch 1: loss = 0.355798 | LR = 9.679394e-03
  Batch 2: loss = 0.339641 | LR = 9.666457e-03
  Batch 3: loss = 0.533293 | LR = 9.653526e-03
  Batch 4: loss = 0.606040 | LR = 9.640602e-03
  Batch 5: loss = 0.403747 | LR = 9.627684e-03
  Batch 6: loss = 0.395002 | LR = 9.614773e-03
  Batch 7: loss = 0.437455 | LR = 9.601868e-03
  Batch 8: loss = 0.508733 | LR = 9.588970e-03
  Batch 9: loss = 0.498095 | LR = 9.576079e-03
  Batch 10: loss = 0.390898 | LR = 9.563195e-03
  Batch 11: loss = 0.379812 | LR = 9.550317e-03
  Batch 12: loss = 0.498741 | LR = 9.537445e-03
  Batch 13: loss = 0.417047 | LR = 9.524580e-03
  Batch 14: loss = 0.472172 | LR = 9.511722e-03
  Batch 15: loss = 0.426414 | LR = 9.498871e-03
  Batch 16: loss = 0.461426 | LR = 9.486026e-03
  Batch 17: loss = 0.339431 | LR = 9.473188e-03
  Batch 18: loss = 0.411153 | LR = 9.460356e-03
  Batch 19: loss = 0.460976 | LR = 9.447532e-03
  Batch 20: loss = 0.476981 | LR = 9.434713e-03
  Batch 21: loss = 0.483110 | LR = 9.421902e-03
  Batch 22: loss = 0.416816 | LR = 9.409097e-03
  Batch 23: loss = 0.429384 | LR = 9.396299e-03
  Batch 24: loss = 0.416039 | LR = 9.383508e-03
  Batch 25: loss = 0.397794 | LR = 9.370723e-03
  Batch 26: loss = 0.358514 | LR = 9.357945e-03
  Batch 27: loss = 0.489475 | LR = 9.345174e-03
  Batch 28: loss = 0.625013 | LR = 9.332409e-03
  Batch 29: loss = 0.490537 | LR = 9.319651e-03
  Batch 30: loss = 0.453234 | LR = 9.306900e-03
  Batch 31: loss = 0.445557 | LR = 9.294156e-03
  Batch 32: loss = 0.472577 | LR = 9.281418e-03
  Batch 33: loss = 0.374016 | LR = 9.268687e-03
  Batch 34: loss = 0.402820 | LR = 9.255963e-03
  Batch 35: loss = 0.470833 | LR = 9.243246e-03
  Batch 36: loss = 0.445768 | LR = 9.230535e-03
  Batch 37: loss = 0.509473 | LR = 9.217831e-03
  Batch 38: loss = 0.303306 | LR = 9.205134e-03
  Batch 39: loss = 0.444764 | LR = 9.192444e-03
  Batch 40: loss = 0.429028 | LR = 9.179760e-03
  Batch 41: loss = 0.488734 | LR = 9.167083e-03
  Batch 42: loss = 0.393825 | LR = 9.154413e-03
  Batch 43: loss = 0.358541 | LR = 9.141750e-03
  Batch 44: loss = 0.315789 | LR = 9.129094e-03
  Batch 45: loss = 0.347976 | LR = 9.116444e-03
  Batch 46: loss = 0.397211 | LR = 9.103802e-03
  Batch 47: loss = 0.442288 | LR = 9.091166e-03
  Batch 48: loss = 0.360370 | LR = 9.078537e-03
Epoch 72: Average loss = 0.4328, Duration = 1.06s
  Batch 1: loss = 0.380464 | LR = 9.065914e-03
  Batch 2: loss = 0.428362 | LR = 9.053299e-03
  Batch 3: loss = 0.463524 | LR = 9.040690e-03
  Batch 4: loss = 0.474523 | LR = 9.028089e-03
  Batch 5: loss = 0.426245 | LR = 9.015494e-03
  Batch 6: loss = 0.394997 | LR = 9.002906e-03
  Batch 7: loss = 0.321787 | LR = 8.990325e-03
  Batch 8: loss = 0.468739 | LR = 8.977750e-03
  Batch 9: loss = 0.480633 | LR = 8.965183e-03
  Batch 10: loss = 0.362853 | LR = 8.952623e-03
  Batch 11: loss = 0.493725 | LR = 8.940069e-03
  Batch 12: loss = 0.320053 | LR = 8.927522e-03
  Batch 13: loss = 0.440535 | LR = 8.914982e-03
  Batch 14: loss = 0.382255 | LR = 8.902449e-03
  Batch 15: loss = 0.409826 | LR = 8.889923e-03
  Batch 16: loss = 0.400332 | LR = 8.877404e-03
  Batch 17: loss = 0.403028 | LR = 8.864892e-03
  Batch 18: loss = 0.393025 | LR = 8.852387e-03
  Batch 19: loss = 0.442000 | LR = 8.839888e-03
  Batch 20: loss = 0.383069 | LR = 8.827397e-03
  Batch 21: loss = 0.403252 | LR = 8.814912e-03
  Batch 22: loss = 0.540438 | LR = 8.802435e-03
  Batch 23: loss = 0.464162 | LR = 8.789964e-03
  Batch 24: loss = 0.304756 | LR = 8.777501e-03
  Batch 25: loss = 0.300015 | LR = 8.765044e-03
  Batch 26: loss = 0.459287 | LR = 8.752594e-03
  Batch 27: loss = 0.402766 | LR = 8.740152e-03
  Batch 28: loss = 0.503275 | LR = 8.727716e-03
  Batch 29: loss = 0.351069 | LR = 8.715287e-03
  Batch 30: loss = 0.403266 | LR = 8.702865e-03
  Batch 31: loss = 0.447416 | LR = 8.690451e-03
  Batch 32: loss = 0.374231 | LR = 8.678043e-03
  Batch 33: loss = 0.278794 | LR = 8.665642e-03
  Batch 34: loss = 0.351229 | LR = 8.653248e-03
  Batch 35: loss = 0.390657 | LR = 8.640861e-03
  Batch 36: loss = 0.313397 | LR = 8.628482e-03
  Batch 37: loss = 0.409179 | LR = 8.616109e-03
  Batch 38: loss = 0.406294 | LR = 8.603743e-03
  Batch 39: loss = 0.405502 | LR = 8.591385e-03
  Batch 40: loss = 0.364893 | LR = 8.579033e-03
  Batch 41: loss = 0.356766 | LR = 8.566688e-03
  Batch 42: loss = 0.435485 | LR = 8.554351e-03
  Batch 43: loss = 0.417925 | LR = 8.542020e-03
  Batch 44: loss = 0.493785 | LR = 8.529697e-03
  Batch 45: loss = 0.316422 | LR = 8.517381e-03
  Batch 46: loss = 0.532842 | LR = 8.505071e-03
  Batch 47: loss = 0.534456 | LR = 8.492769e-03
  Batch 48: loss = 0.378759 | LR = 8.480474e-03
Epoch 73: Average loss = 0.4085, Duration = 1.05s
  Batch 1: loss = 0.422092 | LR = 8.468186e-03
  Batch 2: loss = 0.438090 | LR = 8.455905e-03
  Batch 3: loss = 0.400449 | LR = 8.443631e-03
  Batch 4: loss = 0.565026 | LR = 8.431365e-03
  Batch 5: loss = 0.350938 | LR = 8.419105e-03
  Batch 6: loss = 0.399277 | LR = 8.406853e-03
  Batch 7: loss = 0.387345 | LR = 8.394607e-03
  Batch 8: loss = 0.424215 | LR = 8.382369e-03
  Batch 9: loss = 0.346893 | LR = 8.370138e-03
  Batch 10: loss = 0.504141 | LR = 8.357914e-03
  Batch 11: loss = 0.394677 | LR = 8.345697e-03
  Batch 12: loss = 0.375350 | LR = 8.333487e-03
  Batch 13: loss = 0.317088 | LR = 8.321285e-03
  Batch 14: loss = 0.348894 | LR = 8.309089e-03
  Batch 15: loss = 0.380219 | LR = 8.296901e-03
  Batch 16: loss = 0.429832 | LR = 8.284720e-03
  Batch 17: loss = 0.408931 | LR = 8.272546e-03
  Batch 18: loss = 0.397964 | LR = 8.260379e-03
  Batch 19: loss = 0.468578 | LR = 8.248220e-03
  Batch 20: loss = 0.375564 | LR = 8.236068e-03
  Batch 21: loss = 0.380827 | LR = 8.223922e-03
  Batch 22: loss = 0.412651 | LR = 8.211785e-03
  Batch 23: loss = 0.374683 | LR = 8.199654e-03
  Batch 24: loss = 0.416431 | LR = 8.187530e-03
  Batch 25: loss = 0.399060 | LR = 8.175414e-03
  Batch 26: loss = 0.342666 | LR = 8.163305e-03
  Batch 27: loss = 0.417139 | LR = 8.151203e-03
  Batch 28: loss = 0.424334 | LR = 8.139108e-03
  Batch 29: loss = 0.391707 | LR = 8.127021e-03
  Batch 30: loss = 0.394886 | LR = 8.114941e-03
  Batch 31: loss = 0.304691 | LR = 8.102868e-03
  Batch 32: loss = 0.314915 | LR = 8.090802e-03
  Batch 33: loss = 0.451366 | LR = 8.078744e-03
  Batch 34: loss = 0.415972 | LR = 8.066693e-03
  Batch 35: loss = 0.369970 | LR = 8.054649e-03
  Batch 36: loss = 0.349912 | LR = 8.042612e-03
  Batch 37: loss = 0.518812 | LR = 8.030583e-03
  Batch 38: loss = 0.478685 | LR = 8.018561e-03
  Batch 39: loss = 0.395166 | LR = 8.006546e-03
  Batch 40: loss = 0.248938 | LR = 7.994538e-03
  Batch 41: loss = 0.378261 | LR = 7.982538e-03
  Batch 42: loss = 0.351575 | LR = 7.970545e-03
  Batch 43: loss = 0.376305 | LR = 7.958560e-03
  Batch 44: loss = 0.382341 | LR = 7.946581e-03
  Batch 45: loss = 0.362081 | LR = 7.934610e-03
  Batch 46: loss = 0.403072 | LR = 7.922647e-03
  Batch 47: loss = 0.440229 | LR = 7.910690e-03
  Batch 48: loss = 0.339697 | LR = 7.898741e-03
Epoch 74: Average loss = 0.3952, Duration = 1.11s
  Batch 1: loss = 0.423542 | LR = 7.886800e-03
  Batch 2: loss = 0.320074 | LR = 7.874866e-03
  Batch 3: loss = 0.293381 | LR = 7.862939e-03
  Batch 4: loss = 0.498217 | LR = 7.851019e-03
  Batch 5: loss = 0.368387 | LR = 7.839107e-03
  Batch 6: loss = 0.424058 | LR = 7.827202e-03
  Batch 7: loss = 0.299927 | LR = 7.815304e-03
  Batch 8: loss = 0.314757 | LR = 7.803414e-03
  Batch 9: loss = 0.317545 | LR = 7.791532e-03
  Batch 10: loss = 0.309825 | LR = 7.779656e-03
  Batch 11: loss = 0.320634 | LR = 7.767788e-03
  Batch 12: loss = 0.299591 | LR = 7.755928e-03
  Batch 13: loss = 0.258340 | LR = 7.744074e-03
  Batch 14: loss = 0.282767 | LR = 7.732229e-03
  Batch 15: loss = 0.480168 | LR = 7.720390e-03
  Batch 16: loss = 0.297871 | LR = 7.708559e-03
  Batch 17: loss = 0.314580 | LR = 7.696736e-03
  Batch 18: loss = 0.370733 | LR = 7.684920e-03
  Batch 19: loss = 0.438272 | LR = 7.673111e-03
  Batch 20: loss = 0.442590 | LR = 7.661310e-03
  Batch 21: loss = 0.408470 | LR = 7.649516e-03
  Batch 22: loss = 0.461234 | LR = 7.637730e-03
  Batch 23: loss = 0.483041 | LR = 7.625951e-03
  Batch 24: loss = 0.397573 | LR = 7.614179e-03
  Batch 25: loss = 0.493141 | LR = 7.602415e-03
  Batch 26: loss = 0.312168 | LR = 7.590659e-03
  Batch 27: loss = 0.407925 | LR = 7.578910e-03
  Batch 28: loss = 0.320611 | LR = 7.567168e-03
  Batch 29: loss = 0.476176 | LR = 7.555434e-03
  Batch 30: loss = 0.357709 | LR = 7.543707e-03
  Batch 31: loss = 0.376151 | LR = 7.531988e-03
  Batch 32: loss = 0.380720 | LR = 7.520277e-03
  Batch 33: loss = 0.318673 | LR = 7.508572e-03
  Batch 34: loss = 0.261689 | LR = 7.496876e-03
  Batch 35: loss = 0.318005 | LR = 7.485187e-03
  Batch 36: loss = 0.304815 | LR = 7.473505e-03
  Batch 37: loss = 0.439475 | LR = 7.461831e-03
  Batch 38: loss = 0.354061 | LR = 7.450165e-03
  Batch 39: loss = 0.364853 | LR = 7.438505e-03
  Batch 40: loss = 0.457683 | LR = 7.426854e-03
  Batch 41: loss = 0.377247 | LR = 7.415210e-03
  Batch 42: loss = 0.481166 | LR = 7.403574e-03
  Batch 43: loss = 0.294226 | LR = 7.391945e-03
  Batch 44: loss = 0.338608 | LR = 7.380323e-03
  Batch 45: loss = 0.377764 | LR = 7.368710e-03
  Batch 46: loss = 0.424764 | LR = 7.357104e-03
  Batch 47: loss = 0.415525 | LR = 7.345505e-03
  Batch 48: loss = 0.367016 | LR = 7.333914e-03
Epoch 75: Average loss = 0.3718, Duration = 1.05s
  Batch 1: loss = 0.395802 | LR = 7.322330e-03
  Batch 2: loss = 0.299908 | LR = 7.310755e-03
  Batch 3: loss = 0.414630 | LR = 7.299186e-03
  Batch 4: loss = 0.421964 | LR = 7.287626e-03
  Batch 5: loss = 0.314616 | LR = 7.276073e-03
  Batch 6: loss = 0.409828 | LR = 7.264527e-03
  Batch 7: loss = 0.256116 | LR = 7.252989e-03
  Batch 8: loss = 0.327555 | LR = 7.241459e-03
  Batch 9: loss = 0.397103 | LR = 7.229936e-03
  Batch 10: loss = 0.501744 | LR = 7.218421e-03
  Batch 11: loss = 0.352701 | LR = 7.206914e-03
  Batch 12: loss = 0.329449 | LR = 7.195414e-03
  Batch 13: loss = 0.360068 | LR = 7.183922e-03
  Batch 14: loss = 0.386808 | LR = 7.172438e-03
  Batch 15: loss = 0.305466 | LR = 7.160961e-03
  Batch 16: loss = 0.443367 | LR = 7.149492e-03
  Batch 17: loss = 0.279766 | LR = 7.138030e-03
  Batch 18: loss = 0.350293 | LR = 7.126576e-03
  Batch 19: loss = 0.358124 | LR = 7.115130e-03
  Batch 20: loss = 0.348421 | LR = 7.103692e-03
  Batch 21: loss = 0.403914 | LR = 7.092261e-03
  Batch 22: loss = 0.369941 | LR = 7.080838e-03
  Batch 23: loss = 0.368564 | LR = 7.069422e-03
  Batch 24: loss = 0.290324 | LR = 7.058015e-03
  Batch 25: loss = 0.440952 | LR = 7.046615e-03
  Batch 26: loss = 0.417485 | LR = 7.035222e-03
  Batch 27: loss = 0.393120 | LR = 7.023838e-03
  Batch 28: loss = 0.371246 | LR = 7.012461e-03
  Batch 29: loss = 0.362370 | LR = 7.001092e-03
  Batch 30: loss = 0.372200 | LR = 6.989730e-03
  Batch 31: loss = 0.372583 | LR = 6.978376e-03
  Batch 32: loss = 0.292427 | LR = 6.967030e-03
  Batch 33: loss = 0.291798 | LR = 6.955692e-03
  Batch 34: loss = 0.351847 | LR = 6.944362e-03
  Batch 35: loss = 0.347133 | LR = 6.933039e-03
  Batch 36: loss = 0.387257 | LR = 6.921724e-03
  Batch 37: loss = 0.465370 | LR = 6.910416e-03
  Batch 38: loss = 0.410444 | LR = 6.899117e-03
  Batch 39: loss = 0.460787 | LR = 6.887825e-03
  Batch 40: loss = 0.374293 | LR = 6.876541e-03
  Batch 41: loss = 0.454228 | LR = 6.865265e-03
  Batch 42: loss = 0.326597 | LR = 6.853997e-03
  Batch 43: loss = 0.357837 | LR = 6.842736e-03
  Batch 44: loss = 0.260535 | LR = 6.831483e-03
  Batch 45: loss = 0.374613 | LR = 6.820238e-03
  Batch 46: loss = 0.339432 | LR = 6.809001e-03
  Batch 47: loss = 0.409085 | LR = 6.797771e-03
  Batch 48: loss = 0.354723 | LR = 6.786550e-03
Epoch 76: Average loss = 0.3682, Duration = 1.18s
  Batch 1: loss = 0.248819 | LR = 6.775336e-03
  Batch 2: loss = 0.325558 | LR = 6.764130e-03
  Batch 3: loss = 0.384947 | LR = 6.752932e-03
  Batch 4: loss = 0.444785 | LR = 6.741741e-03
  Batch 5: loss = 0.343380 | LR = 6.730559e-03
  Batch 6: loss = 0.441759 | LR = 6.719384e-03
  Batch 7: loss = 0.305438 | LR = 6.708217e-03
  Batch 8: loss = 0.354840 | LR = 6.697058e-03
  Batch 9: loss = 0.335771 | LR = 6.685907e-03
  Batch 10: loss = 0.311241 | LR = 6.674764e-03
  Batch 11: loss = 0.385069 | LR = 6.663629e-03
  Batch 12: loss = 0.449350 | LR = 6.652501e-03
  Batch 13: loss = 0.252843 | LR = 6.641381e-03
  Batch 14: loss = 0.262576 | LR = 6.630270e-03
  Batch 15: loss = 0.364859 | LR = 6.619166e-03
  Batch 16: loss = 0.227955 | LR = 6.608070e-03
  Batch 17: loss = 0.365236 | LR = 6.596982e-03
  Batch 18: loss = 0.391400 | LR = 6.585901e-03
  Batch 19: loss = 0.394388 | LR = 6.574829e-03
  Batch 20: loss = 0.430874 | LR = 6.563765e-03
  Batch 21: loss = 0.285793 | LR = 6.552708e-03
  Batch 22: loss = 0.314198 | LR = 6.541660e-03
  Batch 23: loss = 0.397834 | LR = 6.530619e-03
  Batch 24: loss = 0.326292 | LR = 6.519586e-03
  Batch 25: loss = 0.315411 | LR = 6.508561e-03
  Batch 26: loss = 0.266157 | LR = 6.497544e-03
  Batch 27: loss = 0.435318 | LR = 6.486536e-03
  Batch 28: loss = 0.411641 | LR = 6.475535e-03
  Batch 29: loss = 0.395956 | LR = 6.464541e-03
  Batch 30: loss = 0.326696 | LR = 6.453556e-03
  Batch 31: loss = 0.261991 | LR = 6.442579e-03
  Batch 32: loss = 0.333897 | LR = 6.431610e-03
  Batch 33: loss = 0.274078 | LR = 6.420649e-03
  Batch 34: loss = 0.237598 | LR = 6.409696e-03
  Batch 35: loss = 0.328188 | LR = 6.398750e-03
  Batch 36: loss = 0.352113 | LR = 6.387813e-03
  Batch 37: loss = 0.419492 | LR = 6.376884e-03
  Batch 38: loss = 0.238059 | LR = 6.365962e-03
  Batch 39: loss = 0.322997 | LR = 6.355049e-03
  Batch 40: loss = 0.336825 | LR = 6.344144e-03
  Batch 41: loss = 0.334814 | LR = 6.333247e-03
  Batch 42: loss = 0.382112 | LR = 6.322357e-03
  Batch 43: loss = 0.259786 | LR = 6.311476e-03
  Batch 44: loss = 0.412550 | LR = 6.300603e-03
  Batch 45: loss = 0.315645 | LR = 6.289738e-03
  Batch 46: loss = 0.361841 | LR = 6.278880e-03
  Batch 47: loss = 0.412584 | LR = 6.268031e-03
  Batch 48: loss = 0.370448 | LR = 6.257190e-03
Epoch 77: Average loss = 0.3427, Duration = 1.07s
  Batch 1: loss = 0.310031 | LR = 6.246357e-03
  Batch 2: loss = 0.276930 | LR = 6.235532e-03
  Batch 3: loss = 0.297134 | LR = 6.224715e-03
  Batch 4: loss = 0.317452 | LR = 6.213906e-03
  Batch 5: loss = 0.359990 | LR = 6.203105e-03
  Batch 6: loss = 0.315991 | LR = 6.192312e-03
  Batch 7: loss = 0.341848 | LR = 6.181527e-03
  Batch 8: loss = 0.430183 | LR = 6.170751e-03
  Batch 9: loss = 0.330542 | LR = 6.159982e-03
  Batch 10: loss = 0.349716 | LR = 6.149222e-03
  Batch 11: loss = 0.240045 | LR = 6.138469e-03
  Batch 12: loss = 0.378580 | LR = 6.127725e-03
  Batch 13: loss = 0.302667 | LR = 6.116989e-03
  Batch 14: loss = 0.326943 | LR = 6.106261e-03
  Batch 15: loss = 0.357957 | LR = 6.095541e-03
  Batch 16: loss = 0.284508 | LR = 6.084829e-03
  Batch 17: loss = 0.388464 | LR = 6.074125e-03
  Batch 18: loss = 0.362877 | LR = 6.063429e-03
  Batch 19: loss = 0.380308 | LR = 6.052742e-03
  Batch 20: loss = 0.256801 | LR = 6.042062e-03
  Batch 21: loss = 0.247755 | LR = 6.031391e-03
  Batch 22: loss = 0.332977 | LR = 6.020728e-03
  Batch 23: loss = 0.376540 | LR = 6.010073e-03
  Batch 24: loss = 0.311772 | LR = 5.999426e-03
  Batch 25: loss = 0.266759 | LR = 5.988787e-03
  Batch 26: loss = 0.403872 | LR = 5.978157e-03
  Batch 27: loss = 0.416839 | LR = 5.967534e-03
  Batch 28: loss = 0.366918 | LR = 5.956920e-03
  Batch 29: loss = 0.424907 | LR = 5.946314e-03
  Batch 30: loss = 0.291576 | LR = 5.935716e-03
  Batch 31: loss = 0.347777 | LR = 5.925127e-03
  Batch 32: loss = 0.307422 | LR = 5.914545e-03
  Batch 33: loss = 0.263185 | LR = 5.903972e-03
  Batch 34: loss = 0.304669 | LR = 5.893407e-03
  Batch 35: loss = 0.310128 | LR = 5.882850e-03
  Batch 36: loss = 0.305150 | LR = 5.872301e-03
  Batch 37: loss = 0.371833 | LR = 5.861761e-03
  Batch 38: loss = 0.260848 | LR = 5.851228e-03
  Batch 39: loss = 0.332564 | LR = 5.840704e-03
  Batch 40: loss = 0.377984 | LR = 5.830188e-03
  Batch 41: loss = 0.344395 | LR = 5.819681e-03
  Batch 42: loss = 0.330623 | LR = 5.809181e-03
  Batch 43: loss = 0.379851 | LR = 5.798690e-03
  Batch 44: loss = 0.304908 | LR = 5.788207e-03
  Batch 45: loss = 0.312213 | LR = 5.777733e-03
  Batch 46: loss = 0.368501 | LR = 5.767266e-03
  Batch 47: loss = 0.267203 | LR = 5.756808e-03
  Batch 48: loss = 0.400288 | LR = 5.746358e-03
Epoch 78: Average loss = 0.3321, Duration = 1.08s
  Batch 1: loss = 0.194565 | LR = 5.735916e-03
  Batch 2: loss = 0.323091 | LR = 5.725483e-03
  Batch 3: loss = 0.318063 | LR = 5.715058e-03
  Batch 4: loss = 0.330136 | LR = 5.704641e-03
  Batch 5: loss = 0.236896 | LR = 5.694232e-03
  Batch 6: loss = 0.433243 | LR = 5.683832e-03
  Batch 7: loss = 0.357100 | LR = 5.673440e-03
  Batch 8: loss = 0.351346 | LR = 5.663056e-03
  Batch 9: loss = 0.350838 | LR = 5.652681e-03
  Batch 10: loss = 0.374607 | LR = 5.642314e-03
  Batch 11: loss = 0.340948 | LR = 5.631955e-03
  Batch 12: loss = 0.271042 | LR = 5.621605e-03
  Batch 13: loss = 0.326288 | LR = 5.611262e-03
  Batch 14: loss = 0.226543 | LR = 5.600929e-03
  Batch 15: loss = 0.276765 | LR = 5.590603e-03
  Batch 16: loss = 0.360592 | LR = 5.580286e-03
  Batch 17: loss = 0.358461 | LR = 5.569977e-03
  Batch 18: loss = 0.279760 | LR = 5.559676e-03
  Batch 19: loss = 0.360782 | LR = 5.549384e-03
  Batch 20: loss = 0.364954 | LR = 5.539100e-03
  Batch 21: loss = 0.408685 | LR = 5.528825e-03
  Batch 22: loss = 0.384914 | LR = 5.518558e-03
  Batch 23: loss = 0.286376 | LR = 5.508299e-03
  Batch 24: loss = 0.250470 | LR = 5.498048e-03
  Batch 25: loss = 0.294710 | LR = 5.487806e-03
  Batch 26: loss = 0.270645 | LR = 5.477573e-03
  Batch 27: loss = 0.349863 | LR = 5.467347e-03
  Batch 28: loss = 0.326760 | LR = 5.457131e-03
  Batch 29: loss = 0.346851 | LR = 5.446922e-03
  Batch 30: loss = 0.270827 | LR = 5.436722e-03
  Batch 31: loss = 0.326803 | LR = 5.426530e-03
  Batch 32: loss = 0.344143 | LR = 5.416347e-03
  Batch 33: loss = 0.237211 | LR = 5.406172e-03
  Batch 34: loss = 0.311974 | LR = 5.396005e-03
  Batch 35: loss = 0.304174 | LR = 5.385847e-03
  Batch 36: loss = 0.206346 | LR = 5.375697e-03
  Batch 37: loss = 0.298791 | LR = 5.365556e-03
  Batch 38: loss = 0.346088 | LR = 5.355423e-03
  Batch 39: loss = 0.313620 | LR = 5.345299e-03
  Batch 40: loss = 0.345213 | LR = 5.335183e-03
  Batch 41: loss = 0.342924 | LR = 5.325075e-03
  Batch 42: loss = 0.341031 | LR = 5.314976e-03
  Batch 43: loss = 0.330284 | LR = 5.304885e-03
  Batch 44: loss = 0.298212 | LR = 5.294803e-03
  Batch 45: loss = 0.261237 | LR = 5.284729e-03
  Batch 46: loss = 0.292812 | LR = 5.274664e-03
  Batch 47: loss = 0.323722 | LR = 5.264607e-03
  Batch 48: loss = 0.326022 | LR = 5.254559e-03
Epoch 79: Average loss = 0.3162, Duration = 1.04s
  Batch 1: loss = 0.316559 | LR = 5.244519e-03
  Batch 2: loss = 0.371283 | LR = 5.234487e-03
  Batch 3: loss = 0.321832 | LR = 5.224464e-03
  Batch 4: loss = 0.289123 | LR = 5.214450e-03
  Batch 5: loss = 0.264225 | LR = 5.204444e-03
  Batch 6: loss = 0.354861 | LR = 5.194447e-03
  Batch 7: loss = 0.172850 | LR = 5.184458e-03
  Batch 8: loss = 0.340215 | LR = 5.174477e-03
  Batch 9: loss = 0.340803 | LR = 5.164505e-03
  Batch 10: loss = 0.270818 | LR = 5.154542e-03
  Batch 11: loss = 0.331775 | LR = 5.144587e-03
  Batch 12: loss = 0.332330 | LR = 5.134640e-03
  Batch 13: loss = 0.219937 | LR = 5.124702e-03
  Batch 14: loss = 0.287250 | LR = 5.114773e-03
  Batch 15: loss = 0.396090 | LR = 5.104852e-03
  Batch 16: loss = 0.254624 | LR = 5.094940e-03
  Batch 17: loss = 0.412041 | LR = 5.085036e-03
  Batch 18: loss = 0.254091 | LR = 5.075141e-03
  Batch 19: loss = 0.323374 | LR = 5.065254e-03
  Batch 20: loss = 0.257097 | LR = 5.055376e-03
  Batch 21: loss = 0.208327 | LR = 5.045506e-03
  Batch 22: loss = 0.354115 | LR = 5.035645e-03
  Batch 23: loss = 0.314077 | LR = 5.025793e-03
  Batch 24: loss = 0.265447 | LR = 5.015949e-03
  Batch 25: loss = 0.316185 | LR = 5.006114e-03
  Batch 26: loss = 0.365770 | LR = 4.996287e-03
  Batch 27: loss = 0.427210 | LR = 4.986469e-03
  Batch 28: loss = 0.325105 | LR = 4.976659e-03
  Batch 29: loss = 0.360293 | LR = 4.966858e-03
  Batch 30: loss = 0.323910 | LR = 4.957066e-03
  Batch 31: loss = 0.324267 | LR = 4.947282e-03
  Batch 32: loss = 0.326708 | LR = 4.937507e-03
  Batch 33: loss = 0.250724 | LR = 4.927741e-03
  Batch 34: loss = 0.258775 | LR = 4.917983e-03
  Batch 35: loss = 0.267709 | LR = 4.908233e-03
  Batch 36: loss = 0.295460 | LR = 4.898493e-03
  Batch 37: loss = 0.451837 | LR = 4.888761e-03
  Batch 38: loss = 0.335352 | LR = 4.879037e-03
  Batch 39: loss = 0.305209 | LR = 4.869322e-03
  Batch 40: loss = 0.271469 | LR = 4.859616e-03
  Batch 41: loss = 0.310742 | LR = 4.849919e-03
  Batch 42: loss = 0.292657 | LR = 4.840230e-03
  Batch 43: loss = 0.279105 | LR = 4.830550e-03
  Batch 44: loss = 0.353457 | LR = 4.820878e-03
  Batch 45: loss = 0.310713 | LR = 4.811215e-03
  Batch 46: loss = 0.315643 | LR = 4.801561e-03
  Batch 47: loss = 0.368737 | LR = 4.791915e-03
  Batch 48: loss = 0.326565 | LR = 4.782278e-03
Epoch 80: Average loss = 0.3128, Duration = 1.03s
  Batch 1: loss = 0.227573 | LR = 4.772650e-03
  Batch 2: loss = 0.287107 | LR = 4.763031e-03
  Batch 3: loss = 0.361455 | LR = 4.753420e-03
  Batch 4: loss = 0.378501 | LR = 4.743818e-03
  Batch 5: loss = 0.283476 | LR = 4.734224e-03
  Batch 6: loss = 0.302945 | LR = 4.724639e-03
  Batch 7: loss = 0.205261 | LR = 4.715063e-03
  Batch 8: loss = 0.324076 | LR = 4.705496e-03
  Batch 9: loss = 0.340814 | LR = 4.695937e-03
  Batch 10: loss = 0.286886 | LR = 4.686387e-03
  Batch 11: loss = 0.264600 | LR = 4.676846e-03
  Batch 12: loss = 0.350749 | LR = 4.667313e-03
  Batch 13: loss = 0.234209 | LR = 4.657789e-03
  Batch 14: loss = 0.289392 | LR = 4.648274e-03
  Batch 15: loss = 0.323731 | LR = 4.638768e-03
  Batch 16: loss = 0.402827 | LR = 4.629270e-03
  Batch 17: loss = 0.283227 | LR = 4.619782e-03
  Batch 18: loss = 0.288793 | LR = 4.610301e-03
  Batch 19: loss = 0.372295 | LR = 4.600830e-03
  Batch 20: loss = 0.278680 | LR = 4.591367e-03
  Batch 21: loss = 0.254280 | LR = 4.581914e-03
  Batch 22: loss = 0.332592 | LR = 4.572468e-03
  Batch 23: loss = 0.286949 | LR = 4.563032e-03
  Batch 24: loss = 0.277808 | LR = 4.553604e-03
  Batch 25: loss = 0.358921 | LR = 4.544186e-03
  Batch 26: loss = 0.331244 | LR = 4.534776e-03
  Batch 27: loss = 0.357379 | LR = 4.525374e-03
  Batch 28: loss = 0.298010 | LR = 4.515982e-03
  Batch 29: loss = 0.370345 | LR = 4.506598e-03
  Batch 30: loss = 0.255459 | LR = 4.497223e-03
  Batch 31: loss = 0.375844 | LR = 4.487857e-03
  Batch 32: loss = 0.361454 | LR = 4.478500e-03
  Batch 33: loss = 0.152947 | LR = 4.469152e-03
  Batch 34: loss = 0.255715 | LR = 4.459812e-03
  Batch 35: loss = 0.221117 | LR = 4.450481e-03
  Batch 36: loss = 0.304678 | LR = 4.441159e-03
  Batch 37: loss = 0.236933 | LR = 4.431846e-03
  Batch 38: loss = 0.321386 | LR = 4.422541e-03
  Batch 39: loss = 0.279214 | LR = 4.413246e-03
  Batch 40: loss = 0.284963 | LR = 4.403959e-03
  Batch 41: loss = 0.265628 | LR = 4.394681e-03
  Batch 42: loss = 0.309525 | LR = 4.385412e-03
  Batch 43: loss = 0.281744 | LR = 4.376152e-03
  Batch 44: loss = 0.258102 | LR = 4.366901e-03
  Batch 45: loss = 0.204387 | LR = 4.357658e-03
  Batch 46: loss = 0.374533 | LR = 4.348424e-03
  Batch 47: loss = 0.260780 | LR = 4.339200e-03
  Batch 48: loss = 0.224194 | LR = 4.329984e-03
Epoch 81: Average loss = 0.2955, Duration = 1.14s
  Batch 1: loss = 0.281710 | LR = 4.320777e-03
  Batch 2: loss = 0.268977 | LR = 4.311579e-03
  Batch 3: loss = 0.431106 | LR = 4.302389e-03
  Batch 4: loss = 0.310548 | LR = 4.293209e-03
  Batch 5: loss = 0.316327 | LR = 4.284037e-03
  Batch 6: loss = 0.283005 | LR = 4.274875e-03
  Batch 7: loss = 0.175099 | LR = 4.265721e-03
  Batch 8: loss = 0.306688 | LR = 4.256576e-03
  Batch 9: loss = 0.286939 | LR = 4.247440e-03
  Batch 10: loss = 0.256732 | LR = 4.238313e-03
  Batch 11: loss = 0.261383 | LR = 4.229195e-03
  Batch 12: loss = 0.244478 | LR = 4.220086e-03
  Batch 13: loss = 0.155814 | LR = 4.210985e-03
  Batch 14: loss = 0.293170 | LR = 4.201894e-03
  Batch 15: loss = 0.342636 | LR = 4.192812e-03
  Batch 16: loss = 0.345668 | LR = 4.183738e-03
  Batch 17: loss = 0.270948 | LR = 4.174673e-03
  Batch 18: loss = 0.306645 | LR = 4.165618e-03
  Batch 19: loss = 0.345434 | LR = 4.156571e-03
  Batch 20: loss = 0.327198 | LR = 4.147533e-03
  Batch 21: loss = 0.321504 | LR = 4.138504e-03
  Batch 22: loss = 0.266588 | LR = 4.129485e-03
  Batch 23: loss = 0.250277 | LR = 4.120474e-03
  Batch 24: loss = 0.264933 | LR = 4.111472e-03
  Batch 25: loss = 0.376538 | LR = 4.102479e-03
  Batch 26: loss = 0.288374 | LR = 4.093495e-03
  Batch 27: loss = 0.257856 | LR = 4.084520e-03
  Batch 28: loss = 0.244267 | LR = 4.075553e-03
  Batch 29: loss = 0.268529 | LR = 4.066596e-03
  Batch 30: loss = 0.271531 | LR = 4.057648e-03
  Batch 31: loss = 0.283584 | LR = 4.048709e-03
  Batch 32: loss = 0.384745 | LR = 4.039779e-03
  Batch 33: loss = 0.240972 | LR = 4.030858e-03
  Batch 34: loss = 0.342845 | LR = 4.021946e-03
  Batch 35: loss = 0.287590 | LR = 4.013042e-03
  Batch 36: loss = 0.350282 | LR = 4.004148e-03
  Batch 37: loss = 0.419252 | LR = 3.995263e-03
  Batch 38: loss = 0.229613 | LR = 3.986387e-03
  Batch 39: loss = 0.280302 | LR = 3.977520e-03
  Batch 40: loss = 0.241032 | LR = 3.968662e-03
  Batch 41: loss = 0.347953 | LR = 3.959813e-03
  Batch 42: loss = 0.300146 | LR = 3.950973e-03
  Batch 43: loss = 0.254349 | LR = 3.942142e-03
  Batch 44: loss = 0.283056 | LR = 3.933320e-03
  Batch 45: loss = 0.220415 | LR = 3.924507e-03
  Batch 46: loss = 0.246672 | LR = 3.915703e-03
  Batch 47: loss = 0.272383 | LR = 3.906908e-03
  Batch 48: loss = 0.258887 | LR = 3.898122e-03
Epoch 82: Average loss = 0.2889, Duration = 1.09s
  Batch 1: loss = 0.224935 | LR = 3.889345e-03
  Batch 2: loss = 0.236412 | LR = 3.880578e-03
  Batch 3: loss = 0.238763 | LR = 3.871819e-03
  Batch 4: loss = 0.372595 | LR = 3.863069e-03
  Batch 5: loss = 0.235436 | LR = 3.854329e-03
  Batch 6: loss = 0.315567 | LR = 3.845597e-03
  Batch 7: loss = 0.333927 | LR = 3.836875e-03
  Batch 8: loss = 0.271737 | LR = 3.828162e-03
  Batch 9: loss = 0.342698 | LR = 3.819458e-03
  Batch 10: loss = 0.237307 | LR = 3.810763e-03
  Batch 11: loss = 0.308477 | LR = 3.802077e-03
  Batch 12: loss = 0.275651 | LR = 3.793400e-03
  Batch 13: loss = 0.189611 | LR = 3.784732e-03
  Batch 14: loss = 0.239191 | LR = 3.776073e-03
  Batch 15: loss = 0.325717 | LR = 3.767424e-03
  Batch 16: loss = 0.298559 | LR = 3.758783e-03
  Batch 17: loss = 0.289718 | LR = 3.750152e-03
  Batch 18: loss = 0.300107 | LR = 3.741530e-03
  Batch 19: loss = 0.340483 | LR = 3.732916e-03
  Batch 20: loss = 0.273301 | LR = 3.724312e-03
  Batch 21: loss = 0.226030 | LR = 3.715717e-03
  Batch 22: loss = 0.262287 | LR = 3.707132e-03
  Batch 23: loss = 0.258687 | LR = 3.698555e-03
  Batch 24: loss = 0.273318 | LR = 3.689988e-03
  Batch 25: loss = 0.243534 | LR = 3.681429e-03
  Batch 26: loss = 0.219627 | LR = 3.672880e-03
  Batch 27: loss = 0.358242 | LR = 3.664340e-03
  Batch 28: loss = 0.299104 | LR = 3.655809e-03
  Batch 29: loss = 0.307849 | LR = 3.647288e-03
  Batch 30: loss = 0.272752 | LR = 3.638775e-03
  Batch 31: loss = 0.195956 | LR = 3.630272e-03
  Batch 32: loss = 0.219956 | LR = 3.621777e-03
  Batch 33: loss = 0.225006 | LR = 3.613292e-03
  Batch 34: loss = 0.235332 | LR = 3.604817e-03
  Batch 35: loss = 0.221157 | LR = 3.596350e-03
  Batch 36: loss = 0.253715 | LR = 3.587892e-03
  Batch 37: loss = 0.335971 | LR = 3.579444e-03
  Batch 38: loss = 0.204546 | LR = 3.571005e-03
  Batch 39: loss = 0.311413 | LR = 3.562575e-03
  Batch 40: loss = 0.235924 | LR = 3.554154e-03
  Batch 41: loss = 0.184833 | LR = 3.545743e-03
  Batch 42: loss = 0.291938 | LR = 3.537340e-03
  Batch 43: loss = 0.252172 | LR = 3.528947e-03
  Batch 44: loss = 0.326641 | LR = 3.520563e-03
  Batch 45: loss = 0.260015 | LR = 3.512189e-03
  Batch 46: loss = 0.276848 | LR = 3.503823e-03
  Batch 47: loss = 0.358203 | LR = 3.495467e-03
  Batch 48: loss = 0.318967 | LR = 3.487120e-03
Epoch 83: Average loss = 0.2725, Duration = 1.05s
  Batch 1: loss = 0.194223 | LR = 3.478782e-03
  Batch 2: loss = 0.194968 | LR = 3.470454e-03
  Batch 3: loss = 0.280155 | LR = 3.462134e-03
  Batch 4: loss = 0.252469 | LR = 3.453824e-03
  Batch 5: loss = 0.379317 | LR = 3.445524e-03
  Batch 6: loss = 0.269039 | LR = 3.437232e-03
  Batch 7: loss = 0.265697 | LR = 3.428950e-03
  Batch 8: loss = 0.281980 | LR = 3.420677e-03
  Batch 9: loss = 0.231262 | LR = 3.412413e-03
  Batch 10: loss = 0.270303 | LR = 3.404158e-03
  Batch 11: loss = 0.295955 | LR = 3.395913e-03
  Batch 12: loss = 0.307577 | LR = 3.387677e-03
  Batch 13: loss = 0.190138 | LR = 3.379450e-03
  Batch 14: loss = 0.254638 | LR = 3.371233e-03
  Batch 15: loss = 0.269812 | LR = 3.363025e-03
  Batch 16: loss = 0.238053 | LR = 3.354826e-03
  Batch 17: loss = 0.177606 | LR = 3.346636e-03
  Batch 18: loss = 0.288461 | LR = 3.338456e-03
  Batch 19: loss = 0.360874 | LR = 3.330285e-03
  Batch 20: loss = 0.244399 | LR = 3.322123e-03
  Batch 21: loss = 0.268313 | LR = 3.313971e-03
  Batch 22: loss = 0.240463 | LR = 3.305827e-03
  Batch 23: loss = 0.293269 | LR = 3.297694e-03
  Batch 24: loss = 0.190906 | LR = 3.289569e-03
  Batch 25: loss = 0.204702 | LR = 3.281454e-03
  Batch 26: loss = 0.212196 | LR = 3.273348e-03
  Batch 27: loss = 0.376229 | LR = 3.265252e-03
  Batch 28: loss = 0.279674 | LR = 3.257164e-03
  Batch 29: loss = 0.215630 | LR = 3.249087e-03
  Batch 30: loss = 0.260273 | LR = 3.241018e-03
  Batch 31: loss = 0.266744 | LR = 3.232959e-03
  Batch 32: loss = 0.232646 | LR = 3.224909e-03
  Batch 33: loss = 0.225576 | LR = 3.216868e-03
  Batch 34: loss = 0.224329 | LR = 3.208837e-03
  Batch 35: loss = 0.206744 | LR = 3.200815e-03
  Batch 36: loss = 0.253962 | LR = 3.192803e-03
  Batch 37: loss = 0.262635 | LR = 3.184800e-03
  Batch 38: loss = 0.276806 | LR = 3.176806e-03
  Batch 39: loss = 0.196474 | LR = 3.168822e-03
  Batch 40: loss = 0.285940 | LR = 3.160847e-03
  Batch 41: loss = 0.213741 | LR = 3.152881e-03
  Batch 42: loss = 0.236699 | LR = 3.144925e-03
  Batch 43: loss = 0.202270 | LR = 3.136978e-03
  Batch 44: loss = 0.203643 | LR = 3.129040e-03
  Batch 45: loss = 0.181935 | LR = 3.121112e-03
  Batch 46: loss = 0.252949 | LR = 3.113193e-03
  Batch 47: loss = 0.371979 | LR = 3.105284e-03
  Batch 48: loss = 0.224965 | LR = 3.097384e-03
Epoch 84: Average loss = 0.2523, Duration = 1.03s
  Batch 1: loss = 0.176466 | LR = 3.089493e-03
  Batch 2: loss = 0.256217 | LR = 3.081612e-03
  Batch 3: loss = 0.272559 | LR = 3.073741e-03
  Batch 4: loss = 0.244684 | LR = 3.065878e-03
  Batch 5: loss = 0.201992 | LR = 3.058025e-03
  Batch 6: loss = 0.243988 | LR = 3.050182e-03
  Batch 7: loss = 0.155242 | LR = 3.042348e-03
  Batch 8: loss = 0.275837 | LR = 3.034523e-03
  Batch 9: loss = 0.299716 | LR = 3.026708e-03
  Batch 10: loss = 0.192899 | LR = 3.018902e-03
  Batch 11: loss = 0.235752 | LR = 3.011105e-03
  Batch 12: loss = 0.209104 | LR = 3.003318e-03
  Batch 13: loss = 0.217903 | LR = 2.995541e-03
  Batch 14: loss = 0.253147 | LR = 2.987773e-03
  Batch 15: loss = 0.226368 | LR = 2.980014e-03
  Batch 16: loss = 0.286446 | LR = 2.972265e-03
  Batch 17: loss = 0.227613 | LR = 2.964525e-03
  Batch 18: loss = 0.269972 | LR = 2.956795e-03
  Batch 19: loss = 0.207045 | LR = 2.949074e-03
  Batch 20: loss = 0.200680 | LR = 2.941363e-03
  Batch 21: loss = 0.240528 | LR = 2.933661e-03
  Batch 22: loss = 0.309978 | LR = 2.925968e-03
  Batch 23: loss = 0.263444 | LR = 2.918286e-03
  Batch 24: loss = 0.247924 | LR = 2.910612e-03
  Batch 25: loss = 0.189980 | LR = 2.902948e-03
  Batch 26: loss = 0.244766 | LR = 2.895294e-03
  Batch 27: loss = 0.272735 | LR = 2.887648e-03
  Batch 28: loss = 0.243135 | LR = 2.880013e-03
  Batch 29: loss = 0.352895 | LR = 2.872387e-03
  Batch 30: loss = 0.253892 | LR = 2.864770e-03
  Batch 31: loss = 0.205933 | LR = 2.857163e-03
  Batch 32: loss = 0.206077 | LR = 2.849566e-03
  Batch 33: loss = 0.240045 | LR = 2.841978e-03
  Batch 34: loss = 0.246106 | LR = 2.834399e-03
  Batch 35: loss = 0.255666 | LR = 2.826830e-03
  Batch 36: loss = 0.321285 | LR = 2.819270e-03
  Batch 37: loss = 0.238869 | LR = 2.811720e-03
  Batch 38: loss = 0.212654 | LR = 2.804180e-03
  Batch 39: loss = 0.224495 | LR = 2.796649e-03
  Batch 40: loss = 0.271552 | LR = 2.789128e-03
  Batch 41: loss = 0.242983 | LR = 2.781616e-03
  Batch 42: loss = 0.278269 | LR = 2.774113e-03
  Batch 43: loss = 0.230978 | LR = 2.766620e-03
  Batch 44: loss = 0.229020 | LR = 2.759137e-03
  Batch 45: loss = 0.164019 | LR = 2.751663e-03
  Batch 46: loss = 0.201732 | LR = 2.744199e-03
  Batch 47: loss = 0.259898 | LR = 2.736744e-03
  Batch 48: loss = 0.195055 | LR = 2.729299e-03
Epoch 85: Average loss = 0.2395, Duration = 1.06s
  Batch 1: loss = 0.216766 | LR = 2.721864e-03
  Batch 2: loss = 0.263182 | LR = 2.714438e-03
  Batch 3: loss = 0.203772 | LR = 2.707021e-03
  Batch 4: loss = 0.226667 | LR = 2.699615e-03
  Batch 5: loss = 0.221939 | LR = 2.692217e-03
  Batch 6: loss = 0.280917 | LR = 2.684830e-03
  Batch 7: loss = 0.186126 | LR = 2.677451e-03
  Batch 8: loss = 0.246850 | LR = 2.670083e-03
  Batch 9: loss = 0.252513 | LR = 2.662724e-03
  Batch 10: loss = 0.337202 | LR = 2.655374e-03
  Batch 11: loss = 0.212419 | LR = 2.648035e-03
  Batch 12: loss = 0.289696 | LR = 2.640704e-03
  Batch 13: loss = 0.223737 | LR = 2.633384e-03
  Batch 14: loss = 0.307343 | LR = 2.626073e-03
  Batch 15: loss = 0.266673 | LR = 2.618771e-03
  Batch 16: loss = 0.297654 | LR = 2.611479e-03
  Batch 17: loss = 0.242505 | LR = 2.604197e-03
  Batch 18: loss = 0.269241 | LR = 2.596925e-03
  Batch 19: loss = 0.255522 | LR = 2.589662e-03
  Batch 20: loss = 0.264440 | LR = 2.582408e-03
  Batch 21: loss = 0.232621 | LR = 2.575164e-03
  Batch 22: loss = 0.215325 | LR = 2.567930e-03
  Batch 23: loss = 0.249486 | LR = 2.560706e-03
  Batch 24: loss = 0.227156 | LR = 2.553491e-03
  Batch 25: loss = 0.229041 | LR = 2.546286e-03
  Batch 26: loss = 0.186120 | LR = 2.539090e-03
  Batch 27: loss = 0.248892 | LR = 2.531904e-03
  Batch 28: loss = 0.250301 | LR = 2.524728e-03
  Batch 29: loss = 0.273298 | LR = 2.517561e-03
  Batch 30: loss = 0.262582 | LR = 2.510404e-03
  Batch 31: loss = 0.302645 | LR = 2.503256e-03
  Batch 32: loss = 0.203092 | LR = 2.496119e-03
  Batch 33: loss = 0.175521 | LR = 2.488991e-03
  Batch 34: loss = 0.258005 | LR = 2.481872e-03
  Batch 35: loss = 0.159114 | LR = 2.474763e-03
  Batch 36: loss = 0.255837 | LR = 2.467664e-03
  Batch 37: loss = 0.264143 | LR = 2.460575e-03
  Batch 38: loss = 0.327778 | LR = 2.453495e-03
  Batch 39: loss = 0.256599 | LR = 2.446425e-03
  Batch 40: loss = 0.201054 | LR = 2.439365e-03
  Batch 41: loss = 0.262643 | LR = 2.432314e-03
  Batch 42: loss = 0.274843 | LR = 2.425273e-03
  Batch 43: loss = 0.218260 | LR = 2.418241e-03
  Batch 44: loss = 0.234223 | LR = 2.411220e-03
  Batch 45: loss = 0.269021 | LR = 2.404208e-03
  Batch 46: loss = 0.197065 | LR = 2.397205e-03
  Batch 47: loss = 0.267287 | LR = 2.390213e-03
  Batch 48: loss = 0.245547 | LR = 2.383230e-03
Epoch 86: Average loss = 0.2461, Duration = 1.11s
  Batch 1: loss = 0.251073 | LR = 2.376257e-03
  Batch 2: loss = 0.178678 | LR = 2.369293e-03
  Batch 3: loss = 0.221234 | LR = 2.362339e-03
  Batch 4: loss = 0.198243 | LR = 2.355395e-03
  Batch 5: loss = 0.223131 | LR = 2.348461e-03
  Batch 6: loss = 0.208075 | LR = 2.341536e-03
  Batch 7: loss = 0.145896 | LR = 2.334622e-03
  Batch 8: loss = 0.291261 | LR = 2.327716e-03
  Batch 9: loss = 0.251282 | LR = 2.320821e-03
  Batch 10: loss = 0.203793 | LR = 2.313935e-03
  Batch 11: loss = 0.259304 | LR = 2.307059e-03
  Batch 12: loss = 0.203220 | LR = 2.300193e-03
  Batch 13: loss = 0.239609 | LR = 2.293336e-03
  Batch 14: loss = 0.176578 | LR = 2.286490e-03
  Batch 15: loss = 0.290481 | LR = 2.279653e-03
  Batch 16: loss = 0.220894 | LR = 2.272825e-03
  Batch 17: loss = 0.267681 | LR = 2.266008e-03
  Batch 18: loss = 0.229402 | LR = 2.259200e-03
  Batch 19: loss = 0.184689 | LR = 2.252402e-03
  Batch 20: loss = 0.268123 | LR = 2.245614e-03
  Batch 21: loss = 0.222442 | LR = 2.238835e-03
  Batch 22: loss = 0.250894 | LR = 2.232067e-03
  Batch 23: loss = 0.232531 | LR = 2.225308e-03
  Batch 24: loss = 0.239985 | LR = 2.218559e-03
  Batch 25: loss = 0.283170 | LR = 2.211819e-03
  Batch 26: loss = 0.278220 | LR = 2.205090e-03
  Batch 27: loss = 0.229912 | LR = 2.198370e-03
  Batch 28: loss = 0.208605 | LR = 2.191660e-03
  Batch 29: loss = 0.240621 | LR = 2.184959e-03
  Batch 30: loss = 0.183654 | LR = 2.178269e-03
  Batch 31: loss = 0.189422 | LR = 2.171588e-03
  Batch 32: loss = 0.201092 | LR = 2.164917e-03
  Batch 33: loss = 0.163925 | LR = 2.158256e-03
  Batch 34: loss = 0.266962 | LR = 2.151605e-03
  Batch 35: loss = 0.182676 | LR = 2.144963e-03
  Batch 36: loss = 0.191408 | LR = 2.138332e-03
  Batch 37: loss = 0.341176 | LR = 2.131710e-03
  Batch 38: loss = 0.269588 | LR = 2.125098e-03
  Batch 39: loss = 0.231260 | LR = 2.118496e-03
  Batch 40: loss = 0.259386 | LR = 2.111903e-03
  Batch 41: loss = 0.151439 | LR = 2.105321e-03
  Batch 42: loss = 0.229335 | LR = 2.098748e-03
  Batch 43: loss = 0.148332 | LR = 2.092185e-03
  Batch 44: loss = 0.219860 | LR = 2.085632e-03
  Batch 45: loss = 0.191971 | LR = 2.079088e-03
  Batch 46: loss = 0.233612 | LR = 2.072555e-03
  Batch 47: loss = 0.344211 | LR = 2.066031e-03
  Batch 48: loss = 0.224154 | LR = 2.059518e-03
Epoch 87: Average loss = 0.2276, Duration = 1.08s
  Batch 1: loss = 0.211506 | LR = 2.053014e-03
  Batch 2: loss = 0.149452 | LR = 2.046520e-03
  Batch 3: loss = 0.178013 | LR = 2.040035e-03
  Batch 4: loss = 0.257209 | LR = 2.033561e-03
  Batch 5: loss = 0.250745 | LR = 2.027096e-03
  Batch 6: loss = 0.295000 | LR = 2.020642e-03
  Batch 7: loss = 0.125725 | LR = 2.014197e-03
  Batch 8: loss = 0.287692 | LR = 2.007762e-03
  Batch 9: loss = 0.145043 | LR = 2.001337e-03
  Batch 10: loss = 0.334084 | LR = 1.994922e-03
  Batch 11: loss = 0.244759 | LR = 1.988516e-03
  Batch 12: loss = 0.246312 | LR = 1.982121e-03
  Batch 13: loss = 0.197768 | LR = 1.975735e-03
  Batch 14: loss = 0.211537 | LR = 1.969360e-03
  Batch 15: loss = 0.275902 | LR = 1.962994e-03
  Batch 16: loss = 0.235862 | LR = 1.956638e-03
  Batch 17: loss = 0.181209 | LR = 1.950292e-03
  Batch 18: loss = 0.232509 | LR = 1.943956e-03
  Batch 19: loss = 0.204156 | LR = 1.937629e-03
  Batch 20: loss = 0.201858 | LR = 1.931313e-03
  Batch 21: loss = 0.275149 | LR = 1.925006e-03
  Batch 22: loss = 0.244682 | LR = 1.918710e-03
  Batch 23: loss = 0.260724 | LR = 1.912423e-03
  Batch 24: loss = 0.233557 | LR = 1.906146e-03
  Batch 25: loss = 0.272846 | LR = 1.899879e-03
  Batch 26: loss = 0.158919 | LR = 1.893623e-03
  Batch 27: loss = 0.245412 | LR = 1.887376e-03
  Batch 28: loss = 0.249025 | LR = 1.881138e-03
  Batch 29: loss = 0.208355 | LR = 1.874911e-03
  Batch 30: loss = 0.218720 | LR = 1.868694e-03
  Batch 31: loss = 0.261172 | LR = 1.862487e-03
  Batch 32: loss = 0.201822 | LR = 1.856289e-03
  Batch 33: loss = 0.312817 | LR = 1.850102e-03
  Batch 34: loss = 0.223786 | LR = 1.843924e-03
  Batch 35: loss = 0.278449 | LR = 1.837756e-03
  Batch 36: loss = 0.198623 | LR = 1.831599e-03
  Batch 37: loss = 0.258446 | LR = 1.825451e-03
  Batch 38: loss = 0.216884 | LR = 1.819313e-03
  Batch 39: loss = 0.274755 | LR = 1.813185e-03
  Batch 40: loss = 0.269329 | LR = 1.807067e-03
  Batch 41: loss = 0.238217 | LR = 1.800959e-03
  Batch 42: loss = 0.175283 | LR = 1.794861e-03
  Batch 43: loss = 0.165515 | LR = 1.788773e-03
  Batch 44: loss = 0.144602 | LR = 1.782695e-03
  Batch 45: loss = 0.168363 | LR = 1.776627e-03
  Batch 46: loss = 0.184980 | LR = 1.770569e-03
  Batch 47: loss = 0.198945 | LR = 1.764521e-03
  Batch 48: loss = 0.258380 | LR = 1.758483e-03
Epoch 88: Average loss = 0.2263, Duration = 1.08s
  Batch 1: loss = 0.212700 | LR = 1.752454e-03
  Batch 2: loss = 0.162837 | LR = 1.746436e-03
  Batch 3: loss = 0.182612 | LR = 1.740428e-03
  Batch 4: loss = 0.261873 | LR = 1.734430e-03
  Batch 5: loss = 0.235626 | LR = 1.728441e-03
  Batch 6: loss = 0.251745 | LR = 1.722463e-03
  Batch 7: loss = 0.232117 | LR = 1.716494e-03
  Batch 8: loss = 0.222391 | LR = 1.710536e-03
  Batch 9: loss = 0.255410 | LR = 1.704588e-03
  Batch 10: loss = 0.202949 | LR = 1.698649e-03
  Batch 11: loss = 0.189789 | LR = 1.692721e-03
  Batch 12: loss = 0.200799 | LR = 1.686803e-03
  Batch 13: loss = 0.243635 | LR = 1.680894e-03
  Batch 14: loss = 0.191546 | LR = 1.674996e-03
  Batch 15: loss = 0.191495 | LR = 1.669107e-03
  Batch 16: loss = 0.269226 | LR = 1.663229e-03
  Batch 17: loss = 0.315679 | LR = 1.657361e-03
  Batch 18: loss = 0.205388 | LR = 1.651502e-03
  Batch 19: loss = 0.230675 | LR = 1.645654e-03
  Batch 20: loss = 0.240571 | LR = 1.639816e-03
  Batch 21: loss = 0.232499 | LR = 1.633988e-03
  Batch 22: loss = 0.246042 | LR = 1.628169e-03
  Batch 23: loss = 0.275095 | LR = 1.622361e-03
  Batch 24: loss = 0.221220 | LR = 1.616563e-03
  Batch 25: loss = 0.253017 | LR = 1.610775e-03
  Batch 26: loss = 0.134753 | LR = 1.604997e-03
  Batch 27: loss = 0.245189 | LR = 1.599229e-03
  Batch 28: loss = 0.247919 | LR = 1.593471e-03
  Batch 29: loss = 0.228573 | LR = 1.587723e-03
  Batch 30: loss = 0.285315 | LR = 1.581985e-03
  Batch 31: loss = 0.225394 | LR = 1.576257e-03
  Batch 32: loss = 0.149295 | LR = 1.570539e-03
  Batch 33: loss = 0.233711 | LR = 1.564831e-03
  Batch 34: loss = 0.158388 | LR = 1.559134e-03
  Batch 35: loss = 0.216508 | LR = 1.553446e-03
  Batch 36: loss = 0.163510 | LR = 1.547768e-03
  Batch 37: loss = 0.229573 | LR = 1.542101e-03
  Batch 38: loss = 0.231959 | LR = 1.536443e-03
  Batch 39: loss = 0.250468 | LR = 1.530796e-03
  Batch 40: loss = 0.180651 | LR = 1.525158e-03
  Batch 41: loss = 0.217375 | LR = 1.519531e-03
  Batch 42: loss = 0.197812 | LR = 1.513914e-03
  Batch 43: loss = 0.262837 | LR = 1.508307e-03
  Batch 44: loss = 0.226919 | LR = 1.502710e-03
  Batch 45: loss = 0.233408 | LR = 1.497123e-03
  Batch 46: loss = 0.157189 | LR = 1.491546e-03
  Batch 47: loss = 0.215582 | LR = 1.485979e-03
  Batch 48: loss = 0.216546 | LR = 1.480423e-03
Epoch 89: Average loss = 0.2216, Duration = 1.10s
  Batch 1: loss = 0.209921 | LR = 1.474876e-03
  Batch 2: loss = 0.169381 | LR = 1.469339e-03
  Batch 3: loss = 0.204307 | LR = 1.463813e-03
  Batch 4: loss = 0.215401 | LR = 1.458297e-03
  Batch 5: loss = 0.240067 | LR = 1.452790e-03
  Batch 6: loss = 0.229582 | LR = 1.447294e-03
  Batch 7: loss = 0.226330 | LR = 1.441808e-03
  Batch 8: loss = 0.183949 | LR = 1.436332e-03
  Batch 9: loss = 0.282347 | LR = 1.430867e-03
  Batch 10: loss = 0.171802 | LR = 1.425411e-03
  Batch 11: loss = 0.277651 | LR = 1.419965e-03
  Batch 12: loss = 0.309533 | LR = 1.414530e-03
  Batch 13: loss = 0.181204 | LR = 1.409105e-03
  Batch 14: loss = 0.173374 | LR = 1.403690e-03
  Batch 15: loss = 0.256604 | LR = 1.398284e-03
  Batch 16: loss = 0.231532 | LR = 1.392890e-03
  Batch 17: loss = 0.166597 | LR = 1.387505e-03
  Batch 18: loss = 0.178329 | LR = 1.382130e-03
  Batch 19: loss = 0.171667 | LR = 1.376765e-03
  Batch 20: loss = 0.259930 | LR = 1.371411e-03
  Batch 21: loss = 0.221395 | LR = 1.366067e-03
  Batch 22: loss = 0.207663 | LR = 1.360733e-03
  Batch 23: loss = 0.236508 | LR = 1.355409e-03
  Batch 24: loss = 0.188168 | LR = 1.350095e-03
  Batch 25: loss = 0.210525 | LR = 1.344791e-03
  Batch 26: loss = 0.205961 | LR = 1.339498e-03
  Batch 27: loss = 0.240195 | LR = 1.334214e-03
  Batch 28: loss = 0.238776 | LR = 1.328941e-03
  Batch 29: loss = 0.196926 | LR = 1.323678e-03
  Batch 30: loss = 0.294165 | LR = 1.318425e-03
  Batch 31: loss = 0.165927 | LR = 1.313182e-03
  Batch 32: loss = 0.234717 | LR = 1.307950e-03
  Batch 33: loss = 0.255632 | LR = 1.302727e-03
  Batch 34: loss = 0.261341 | LR = 1.297515e-03
  Batch 35: loss = 0.320724 | LR = 1.292313e-03
  Batch 36: loss = 0.282144 | LR = 1.287121e-03
  Batch 37: loss = 0.304431 | LR = 1.281939e-03
  Batch 38: loss = 0.289092 | LR = 1.276768e-03
  Batch 39: loss = 0.228682 | LR = 1.271606e-03
  Batch 40: loss = 0.219230 | LR = 1.266455e-03
  Batch 41: loss = 0.151211 | LR = 1.261314e-03
  Batch 42: loss = 0.135954 | LR = 1.256183e-03
  Batch 43: loss = 0.148645 | LR = 1.251062e-03
  Batch 44: loss = 0.238996 | LR = 1.245952e-03
  Batch 45: loss = 0.233927 | LR = 1.240852e-03
  Batch 46: loss = 0.220621 | LR = 1.235762e-03
  Batch 47: loss = 0.129975 | LR = 1.230682e-03
  Batch 48: loss = 0.132219 | LR = 1.225612e-03
Epoch 90: Average loss = 0.2194, Duration = 1.08s
  Batch 1: loss = 0.235326 | LR = 1.220553e-03
  Batch 2: loss = 0.160019 | LR = 1.215503e-03
  Batch 3: loss = 0.153945 | LR = 1.210464e-03
  Batch 4: loss = 0.193235 | LR = 1.205435e-03
  Batch 5: loss = 0.268157 | LR = 1.200417e-03
  Batch 6: loss = 0.160191 | LR = 1.195408e-03
  Batch 7: loss = 0.146279 | LR = 1.190410e-03
  Batch 8: loss = 0.280318 | LR = 1.185422e-03
  Batch 9: loss = 0.246862 | LR = 1.180444e-03
  Batch 10: loss = 0.225865 | LR = 1.175477e-03
  Batch 11: loss = 0.207163 | LR = 1.170519e-03
  Batch 12: loss = 0.139524 | LR = 1.165572e-03
  Batch 13: loss = 0.229114 | LR = 1.160635e-03
  Batch 14: loss = 0.253336 | LR = 1.155709e-03
  Batch 15: loss = 0.227694 | LR = 1.150792e-03
  Batch 16: loss = 0.157142 | LR = 1.145886e-03
  Batch 17: loss = 0.219784 | LR = 1.140990e-03
  Batch 18: loss = 0.163164 | LR = 1.136104e-03
  Batch 19: loss = 0.174059 | LR = 1.131229e-03
  Batch 20: loss = 0.208917 | LR = 1.126364e-03
  Batch 21: loss = 0.301889 | LR = 1.121509e-03
  Batch 22: loss = 0.113690 | LR = 1.116664e-03
  Batch 23: loss = 0.157494 | LR = 1.111829e-03
  Batch 24: loss = 0.174302 | LR = 1.107005e-03
  Batch 25: loss = 0.115705 | LR = 1.102191e-03
  Batch 26: loss = 0.145304 | LR = 1.097387e-03
  Batch 27: loss = 0.251542 | LR = 1.092594e-03
  Batch 28: loss = 0.256772 | LR = 1.087811e-03
  Batch 29: loss = 0.217085 | LR = 1.083038e-03
  Batch 30: loss = 0.201884 | LR = 1.078275e-03
  Batch 31: loss = 0.152234 | LR = 1.073523e-03
  Batch 32: loss = 0.232508 | LR = 1.068780e-03
  Batch 33: loss = 0.183216 | LR = 1.064048e-03
  Batch 34: loss = 0.149354 | LR = 1.059327e-03
  Batch 35: loss = 0.229811 | LR = 1.054615e-03
  Batch 36: loss = 0.200224 | LR = 1.049914e-03
  Batch 37: loss = 0.305753 | LR = 1.045223e-03
  Batch 38: loss = 0.224324 | LR = 1.040543e-03
  Batch 39: loss = 0.233836 | LR = 1.035873e-03
  Batch 40: loss = 0.214944 | LR = 1.031213e-03
  Batch 41: loss = 0.187479 | LR = 1.026563e-03
  Batch 42: loss = 0.189123 | LR = 1.021924e-03
  Batch 43: loss = 0.171929 | LR = 1.017294e-03
  Batch 44: loss = 0.237336 | LR = 1.012676e-03
  Batch 45: loss = 0.173975 | LR = 1.008067e-03
  Batch 46: loss = 0.193110 | LR = 1.003469e-03
  Batch 47: loss = 0.189913 | LR = 9.988809e-04
  Batch 48: loss = 0.262699 | LR = 9.943033e-04
Epoch 91: Average loss = 0.2024, Duration = 1.09s
  Batch 1: loss = 0.185206 | LR = 9.897359e-04
  Batch 2: loss = 0.230322 | LR = 9.851789e-04
  Batch 3: loss = 0.242990 | LR = 9.806322e-04
  Batch 4: loss = 0.180788 | LR = 9.760957e-04
  Batch 5: loss = 0.166650 | LR = 9.715696e-04
  Batch 6: loss = 0.210170 | LR = 9.670538e-04
  Batch 7: loss = 0.139938 | LR = 9.625483e-04
  Batch 8: loss = 0.194176 | LR = 9.580531e-04
  Batch 9: loss = 0.168286 | LR = 9.535682e-04
  Batch 10: loss = 0.208704 | LR = 9.490937e-04
  Batch 11: loss = 0.197426 | LR = 9.446294e-04
  Batch 12: loss = 0.255928 | LR = 9.401755e-04
  Batch 13: loss = 0.217962 | LR = 9.357319e-04
  Batch 14: loss = 0.158167 | LR = 9.312987e-04
  Batch 15: loss = 0.169545 | LR = 9.268757e-04
  Batch 16: loss = 0.302453 | LR = 9.224631e-04
  Batch 17: loss = 0.202208 | LR = 9.180608e-04
  Batch 18: loss = 0.177888 | LR = 9.136689e-04
  Batch 19: loss = 0.268679 | LR = 9.092873e-04
  Batch 20: loss = 0.157888 | LR = 9.049160e-04
  Batch 21: loss = 0.295856 | LR = 9.005551e-04
  Batch 22: loss = 0.202423 | LR = 8.962045e-04
  Batch 23: loss = 0.146569 | LR = 8.918643e-04
  Batch 24: loss = 0.162591 | LR = 8.875343e-04
  Batch 25: loss = 0.162397 | LR = 8.832148e-04
  Batch 26: loss = 0.128142 | LR = 8.789056e-04
  Batch 27: loss = 0.208772 | LR = 8.746067e-04
  Batch 28: loss = 0.217898 | LR = 8.703182e-04
  Batch 29: loss = 0.303395 | LR = 8.660401e-04
  Batch 30: loss = 0.167526 | LR = 8.617723e-04
  Batch 31: loss = 0.219204 | LR = 8.575148e-04
  Batch 32: loss = 0.185905 | LR = 8.532677e-04
  Batch 33: loss = 0.162159 | LR = 8.490310e-04
  Batch 34: loss = 0.164161 | LR = 8.448047e-04
  Batch 35: loss = 0.180212 | LR = 8.405887e-04
  Batch 36: loss = 0.126735 | LR = 8.363830e-04
  Batch 37: loss = 0.307546 | LR = 8.321878e-04
  Batch 38: loss = 0.236551 | LR = 8.280029e-04
  Batch 39: loss = 0.202650 | LR = 8.238284e-04
  Batch 40: loss = 0.183196 | LR = 8.196642e-04
  Batch 41: loss = 0.141845 | LR = 8.155105e-04
  Batch 42: loss = 0.200171 | LR = 8.113671e-04
  Batch 43: loss = 0.281905 | LR = 8.072340e-04
  Batch 44: loss = 0.148650 | LR = 8.031114e-04
  Batch 45: loss = 0.168216 | LR = 7.989992e-04
  Batch 46: loss = 0.179927 | LR = 7.948973e-04
  Batch 47: loss = 0.158560 | LR = 7.908058e-04
  Batch 48: loss = 0.198242 | LR = 7.867247e-04
Epoch 92: Average loss = 0.1974, Duration = 1.05s
  Batch 1: loss = 0.123594 | LR = 7.826540e-04
  Batch 2: loss = 0.249994 | LR = 7.785937e-04
  Batch 3: loss = 0.176140 | LR = 7.745438e-04
  Batch 4: loss = 0.201107 | LR = 7.705043e-04
  Batch 5: loss = 0.180560 | LR = 7.664751e-04
  Batch 6: loss = 0.287442 | LR = 7.624564e-04
  Batch 7: loss = 0.116223 | LR = 7.584481e-04
  Batch 8: loss = 0.181585 | LR = 7.544502e-04
  Batch 9: loss = 0.193512 | LR = 7.504626e-04
  Batch 10: loss = 0.189248 | LR = 7.464855e-04
  Batch 11: loss = 0.260795 | LR = 7.425188e-04
  Batch 12: loss = 0.165475 | LR = 7.385625e-04
  Batch 13: loss = 0.134395 | LR = 7.346166e-04
  Batch 14: loss = 0.207150 | LR = 7.306811e-04
  Batch 15: loss = 0.292495 | LR = 7.267561e-04
  Batch 16: loss = 0.242016 | LR = 7.228414e-04
  Batch 17: loss = 0.171294 | LR = 7.189372e-04
  Batch 18: loss = 0.160816 | LR = 7.150434e-04
  Batch 19: loss = 0.148791 | LR = 7.111600e-04
  Batch 20: loss = 0.254145 | LR = 7.072870e-04
  Batch 21: loss = 0.194816 | LR = 7.034244e-04
  Batch 22: loss = 0.216068 | LR = 6.995723e-04
  Batch 23: loss = 0.250676 | LR = 6.957306e-04
  Batch 24: loss = 0.191283 | LR = 6.918993e-04
  Batch 25: loss = 0.136807 | LR = 6.880785e-04
  Batch 26: loss = 0.152192 | LR = 6.842681e-04
  Batch 27: loss = 0.208608 | LR = 6.804681e-04
  Batch 28: loss = 0.178129 | LR = 6.766786e-04
  Batch 29: loss = 0.214527 | LR = 6.728995e-04
  Batch 30: loss = 0.136295 | LR = 6.691308e-04
  Batch 31: loss = 0.236108 | LR = 6.653726e-04
  Batch 32: loss = 0.219757 | LR = 6.616248e-04
  Batch 33: loss = 0.141507 | LR = 6.578875e-04
  Batch 34: loss = 0.190504 | LR = 6.541606e-04
  Batch 35: loss = 0.179632 | LR = 6.504441e-04
  Batch 36: loss = 0.251194 | LR = 6.467381e-04
  Batch 37: loss = 0.229289 | LR = 6.430426e-04
  Batch 38: loss = 0.185366 | LR = 6.393575e-04
  Batch 39: loss = 0.217318 | LR = 6.356828e-04
  Batch 40: loss = 0.222451 | LR = 6.320186e-04
  Batch 41: loss = 0.206719 | LR = 6.283649e-04
  Batch 42: loss = 0.183187 | LR = 6.247216e-04
  Batch 43: loss = 0.119290 | LR = 6.210888e-04
  Batch 44: loss = 0.182592 | LR = 6.174664e-04
  Batch 45: loss = 0.133641 | LR = 6.138545e-04
  Batch 46: loss = 0.236123 | LR = 6.102531e-04
  Batch 47: loss = 0.170942 | LR = 6.066621e-04
  Batch 48: loss = 0.165048 | LR = 6.030816e-04
Epoch 93: Average loss = 0.1935, Duration = 1.09s
  Batch 1: loss = 0.149638 | LR = 5.995116e-04
  Batch 2: loss = 0.218824 | LR = 5.959520e-04
  Batch 3: loss = 0.215712 | LR = 5.924029e-04
  Batch 4: loss = 0.257769 | LR = 5.888643e-04
  Batch 5: loss = 0.175485 | LR = 5.853362e-04
  Batch 6: loss = 0.167087 | LR = 5.818185e-04
  Batch 7: loss = 0.134913 | LR = 5.783113e-04
  Batch 8: loss = 0.177235 | LR = 5.748146e-04
  Batch 9: loss = 0.193751 | LR = 5.713284e-04
  Batch 10: loss = 0.206734 | LR = 5.678526e-04
  Batch 11: loss = 0.197067 | LR = 5.643873e-04
  Batch 12: loss = 0.172999 | LR = 5.609325e-04
  Batch 13: loss = 0.180737 | LR = 5.574883e-04
  Batch 14: loss = 0.182359 | LR = 5.540544e-04
  Batch 15: loss = 0.195625 | LR = 5.506311e-04
  Batch 16: loss = 0.218155 | LR = 5.472183e-04
  Batch 17: loss = 0.213679 | LR = 5.438160e-04
  Batch 18: loss = 0.269775 | LR = 5.404241e-04
  Batch 19: loss = 0.249602 | LR = 5.370428e-04
  Batch 20: loss = 0.225786 | LR = 5.336719e-04
  Batch 21: loss = 0.178066 | LR = 5.303116e-04
  Batch 22: loss = 0.234365 | LR = 5.269617e-04
  Batch 23: loss = 0.225118 | LR = 5.236224e-04
  Batch 24: loss = 0.192205 | LR = 5.202935e-04
  Batch 25: loss = 0.140001 | LR = 5.169752e-04
  Batch 26: loss = 0.187276 | LR = 5.136673e-04
  Batch 27: loss = 0.213210 | LR = 5.103700e-04
  Batch 28: loss = 0.228439 | LR = 5.070832e-04
  Batch 29: loss = 0.237831 | LR = 5.038069e-04
  Batch 30: loss = 0.198052 | LR = 5.005410e-04
  Batch 31: loss = 0.147942 | LR = 4.972858e-04
  Batch 32: loss = 0.163786 | LR = 4.940410e-04
  Batch 33: loss = 0.204531 | LR = 4.908067e-04
  Batch 34: loss = 0.176425 | LR = 4.875830e-04
  Batch 35: loss = 0.197536 | LR = 4.843697e-04
  Batch 36: loss = 0.194987 | LR = 4.811670e-04
  Batch 37: loss = 0.196960 | LR = 4.779748e-04
  Batch 38: loss = 0.180816 | LR = 4.747932e-04
  Batch 39: loss = 0.193292 | LR = 4.716220e-04
  Batch 40: loss = 0.189825 | LR = 4.684614e-04
  Batch 41: loss = 0.166417 | LR = 4.653113e-04
  Batch 42: loss = 0.203661 | LR = 4.621717e-04
  Batch 43: loss = 0.095935 | LR = 4.590427e-04
  Batch 44: loss = 0.241137 | LR = 4.559242e-04
  Batch 45: loss = 0.116333 | LR = 4.528162e-04
  Batch 46: loss = 0.227357 | LR = 4.497188e-04
  Batch 47: loss = 0.155417 | LR = 4.466319e-04
  Batch 48: loss = 0.198332 | LR = 4.435555e-04
Epoch 94: Average loss = 0.1935, Duration = 1.11s
  Batch 1: loss = 0.115267 | LR = 4.404897e-04
  Batch 2: loss = 0.142038 | LR = 4.374344e-04
  Batch 3: loss = 0.137889 | LR = 4.343896e-04
  Batch 4: loss = 0.229820 | LR = 4.313554e-04
  Batch 5: loss = 0.241917 | LR = 4.283317e-04
  Batch 6: loss = 0.217064 | LR = 4.253186e-04
  Batch 7: loss = 0.137174 | LR = 4.223160e-04
  Batch 8: loss = 0.195383 | LR = 4.193239e-04
  Batch 9: loss = 0.170969 | LR = 4.163424e-04
  Batch 10: loss = 0.164028 | LR = 4.133715e-04
  Batch 11: loss = 0.212328 | LR = 4.104111e-04
  Batch 12: loss = 0.157744 | LR = 4.074612e-04
  Batch 13: loss = 0.167407 | LR = 4.045220e-04
  Batch 14: loss = 0.199317 | LR = 4.015932e-04
  Batch 15: loss = 0.186728 | LR = 3.986750e-04
  Batch 16: loss = 0.201020 | LR = 3.957674e-04
  Batch 17: loss = 0.226664 | LR = 3.928703e-04
  Batch 18: loss = 0.251849 | LR = 3.899838e-04
  Batch 19: loss = 0.158406 | LR = 3.871079e-04
  Batch 20: loss = 0.199353 | LR = 3.842425e-04
  Batch 21: loss = 0.193500 | LR = 3.813876e-04
  Batch 22: loss = 0.172781 | LR = 3.785434e-04
  Batch 23: loss = 0.195705 | LR = 3.757097e-04
  Batch 24: loss = 0.106871 | LR = 3.728865e-04
  Batch 25: loss = 0.187305 | LR = 3.700739e-04
  Batch 26: loss = 0.150895 | LR = 3.672719e-04
  Batch 27: loss = 0.222147 | LR = 3.644805e-04
  Batch 28: loss = 0.222796 | LR = 3.616997e-04
  Batch 29: loss = 0.125281 | LR = 3.589294e-04
  Batch 30: loss = 0.106432 | LR = 3.561696e-04
  Batch 31: loss = 0.117891 | LR = 3.534205e-04
  Batch 32: loss = 0.209632 | LR = 3.506819e-04
  Batch 33: loss = 0.115439 | LR = 3.479539e-04
  Batch 34: loss = 0.108109 | LR = 3.452365e-04
  Batch 35: loss = 0.147020 | LR = 3.425297e-04
  Batch 36: loss = 0.159882 | LR = 3.398334e-04
  Batch 37: loss = 0.236999 | LR = 3.371478e-04
  Batch 38: loss = 0.214609 | LR = 3.344727e-04
  Batch 39: loss = 0.210992 | LR = 3.318082e-04
  Batch 40: loss = 0.217204 | LR = 3.291542e-04
  Batch 41: loss = 0.199390 | LR = 3.265109e-04
  Batch 42: loss = 0.162096 | LR = 3.238782e-04
  Batch 43: loss = 0.164559 | LR = 3.212560e-04
  Batch 44: loss = 0.173715 | LR = 3.186444e-04
  Batch 45: loss = 0.174464 | LR = 3.160434e-04
  Batch 46: loss = 0.143565 | LR = 3.134531e-04
  Batch 47: loss = 0.217573 | LR = 3.108733e-04
  Batch 48: loss = 0.256339 | LR = 3.083041e-04
Epoch 95: Average loss = 0.1797, Duration = 1.16s
  Batch 1: loss = 0.134443 | LR = 3.057454e-04
  Batch 2: loss = 0.150202 | LR = 3.031974e-04
  Batch 3: loss = 0.244127 | LR = 3.006600e-04
  Batch 4: loss = 0.210529 | LR = 2.981332e-04
  Batch 5: loss = 0.167356 | LR = 2.956170e-04
  Batch 6: loss = 0.183672 | LR = 2.931114e-04
  Batch 7: loss = 0.168476 | LR = 2.906163e-04
  Batch 8: loss = 0.194570 | LR = 2.881319e-04
  Batch 9: loss = 0.198289 | LR = 2.856581e-04
  Batch 10: loss = 0.158909 | LR = 2.831949e-04
  Batch 11: loss = 0.204931 | LR = 2.807423e-04
  Batch 12: loss = 0.181322 | LR = 2.783003e-04
  Batch 13: loss = 0.187692 | LR = 2.758689e-04
  Batch 14: loss = 0.231953 | LR = 2.734481e-04
  Batch 15: loss = 0.155730 | LR = 2.710380e-04
  Batch 16: loss = 0.196093 | LR = 2.686384e-04
  Batch 17: loss = 0.141076 | LR = 2.662495e-04
  Batch 18: loss = 0.255211 | LR = 2.638711e-04
  Batch 19: loss = 0.166237 | LR = 2.615034e-04
  Batch 20: loss = 0.198264 | LR = 2.591463e-04
  Batch 21: loss = 0.134396 | LR = 2.567998e-04
  Batch 22: loss = 0.152603 | LR = 2.544640e-04
  Batch 23: loss = 0.220405 | LR = 2.521387e-04
  Batch 24: loss = 0.117059 | LR = 2.498241e-04
  Batch 25: loss = 0.146261 | LR = 2.475200e-04
  Batch 26: loss = 0.197042 | LR = 2.452267e-04
  Batch 27: loss = 0.252571 | LR = 2.429439e-04
  Batch 28: loss = 0.316768 | LR = 2.406717e-04
  Batch 29: loss = 0.181160 | LR = 2.384102e-04
  Batch 30: loss = 0.122723 | LR = 2.361593e-04
  Batch 31: loss = 0.191729 | LR = 2.339190e-04
  Batch 32: loss = 0.125875 | LR = 2.316894e-04
  Batch 33: loss = 0.210553 | LR = 2.294704e-04
  Batch 34: loss = 0.187740 | LR = 2.272620e-04
  Batch 35: loss = 0.158686 | LR = 2.250642e-04
  Batch 36: loss = 0.209769 | LR = 2.228771e-04
  Batch 37: loss = 0.243355 | LR = 2.207006e-04
  Batch 38: loss = 0.244159 | LR = 2.185347e-04
  Batch 39: loss = 0.190366 | LR = 2.163795e-04
  Batch 40: loss = 0.139520 | LR = 2.142349e-04
  Batch 41: loss = 0.222527 | LR = 2.121009e-04
  Batch 42: loss = 0.212446 | LR = 2.099776e-04
  Batch 43: loss = 0.124582 | LR = 2.078649e-04
  Batch 44: loss = 0.195197 | LR = 2.057628e-04
  Batch 45: loss = 0.197832 | LR = 2.036714e-04
  Batch 46: loss = 0.198024 | LR = 2.015906e-04
  Batch 47: loss = 0.213376 | LR = 1.995205e-04
  Batch 48: loss = 0.191283 | LR = 1.974610e-04
Epoch 96: Average loss = 0.1881, Duration = 1.09s
  Batch 1: loss = 0.113470 | LR = 1.954121e-04
  Batch 2: loss = 0.160511 | LR = 1.933739e-04
  Batch 3: loss = 0.181296 | LR = 1.913464e-04
  Batch 4: loss = 0.303712 | LR = 1.893295e-04
  Batch 5: loss = 0.125650 | LR = 1.873232e-04
  Batch 6: loss = 0.163389 | LR = 1.853276e-04
  Batch 7: loss = 0.179934 | LR = 1.833426e-04
  Batch 8: loss = 0.239691 | LR = 1.813682e-04
  Batch 9: loss = 0.206951 | LR = 1.794046e-04
  Batch 10: loss = 0.318236 | LR = 1.774515e-04
  Batch 11: loss = 0.264062 | LR = 1.755091e-04
  Batch 12: loss = 0.196628 | LR = 1.735774e-04
  Batch 13: loss = 0.267517 | LR = 1.716563e-04
  Batch 14: loss = 0.206157 | LR = 1.697459e-04
  Batch 15: loss = 0.200906 | LR = 1.678461e-04
  Batch 16: loss = 0.178568 | LR = 1.659570e-04
  Batch 17: loss = 0.168047 | LR = 1.640786e-04
  Batch 18: loss = 0.193182 | LR = 1.622108e-04
  Batch 19: loss = 0.220216 | LR = 1.603536e-04
  Batch 20: loss = 0.176586 | LR = 1.585071e-04
  Batch 21: loss = 0.171645 | LR = 1.566713e-04
  Batch 22: loss = 0.171746 | LR = 1.548462e-04
  Batch 23: loss = 0.211082 | LR = 1.530316e-04
  Batch 24: loss = 0.151579 | LR = 1.512278e-04
  Batch 25: loss = 0.100318 | LR = 1.494346e-04
  Batch 26: loss = 0.231076 | LR = 1.476521e-04
  Batch 27: loss = 0.238320 | LR = 1.458802e-04
  Batch 28: loss = 0.142130 | LR = 1.441191e-04
  Batch 29: loss = 0.245610 | LR = 1.423685e-04
  Batch 30: loss = 0.134038 | LR = 1.406287e-04
  Batch 31: loss = 0.172747 | LR = 1.388995e-04
  Batch 32: loss = 0.158843 | LR = 1.371809e-04
  Batch 33: loss = 0.160355 | LR = 1.354731e-04
  Batch 34: loss = 0.136051 | LR = 1.337759e-04
  Batch 35: loss = 0.149733 | LR = 1.320894e-04
  Batch 36: loss = 0.194503 | LR = 1.304135e-04
  Batch 37: loss = 0.213511 | LR = 1.287484e-04
  Batch 38: loss = 0.131730 | LR = 1.270938e-04
  Batch 39: loss = 0.155104 | LR = 1.254500e-04
  Batch 40: loss = 0.246197 | LR = 1.238169e-04
  Batch 41: loss = 0.175926 | LR = 1.221944e-04
  Batch 42: loss = 0.215457 | LR = 1.205826e-04
  Batch 43: loss = 0.136925 | LR = 1.189814e-04
  Batch 44: loss = 0.199421 | LR = 1.173910e-04
  Batch 45: loss = 0.244122 | LR = 1.158112e-04
  Batch 46: loss = 0.198450 | LR = 1.142421e-04
  Batch 47: loss = 0.202806 | LR = 1.126836e-04
  Batch 48: loss = 0.210854 | LR = 1.111359e-04
Epoch 97: Average loss = 0.1909, Duration = 1.02s
  Batch 1: loss = 0.162161 | LR = 1.095988e-04
  Batch 2: loss = 0.162584 | LR = 1.080724e-04
  Batch 3: loss = 0.223302 | LR = 1.065567e-04
  Batch 4: loss = 0.212107 | LR = 1.050517e-04
  Batch 5: loss = 0.173448 | LR = 1.035574e-04
  Batch 6: loss = 0.190189 | LR = 1.020737e-04
  Batch 7: loss = 0.152572 | LR = 1.006007e-04
  Batch 8: loss = 0.193109 | LR = 9.913842e-05
  Batch 9: loss = 0.196120 | LR = 9.768681e-05
  Batch 10: loss = 0.190568 | LR = 9.624588e-05
  Batch 11: loss = 0.242273 | LR = 9.481564e-05
  Batch 12: loss = 0.177675 | LR = 9.339609e-05
  Batch 13: loss = 0.148882 | LR = 9.198722e-05
  Batch 14: loss = 0.143948 | LR = 9.058904e-05
  Batch 15: loss = 0.223991 | LR = 8.920155e-05
  Batch 16: loss = 0.232449 | LR = 8.782475e-05
  Batch 17: loss = 0.174605 | LR = 8.645863e-05
  Batch 18: loss = 0.179508 | LR = 8.510321e-05
  Batch 19: loss = 0.246101 | LR = 8.375848e-05
  Batch 20: loss = 0.155916 | LR = 8.242444e-05
  Batch 21: loss = 0.186108 | LR = 8.110109e-05
  Batch 22: loss = 0.225912 | LR = 7.978843e-05
  Batch 23: loss = 0.153039 | LR = 7.848647e-05
  Batch 24: loss = 0.152452 | LR = 7.719520e-05
  Batch 25: loss = 0.164484 | LR = 7.591462e-05
  Batch 26: loss = 0.142655 | LR = 7.464474e-05
  Batch 27: loss = 0.175987 | LR = 7.338555e-05
  Batch 28: loss = 0.248984 | LR = 7.213706e-05
  Batch 29: loss = 0.219951 | LR = 7.089926e-05
  Batch 30: loss = 0.118674 | LR = 6.967216e-05
  Batch 31: loss = 0.125740 | LR = 6.845576e-05
  Batch 32: loss = 0.170996 | LR = 6.725006e-05
  Batch 33: loss = 0.133277 | LR = 6.605505e-05
  Batch 34: loss = 0.140142 | LR = 6.487074e-05
  Batch 35: loss = 0.163968 | LR = 6.369713e-05
  Batch 36: loss = 0.192777 | LR = 6.253423e-05
  Batch 37: loss = 0.220570 | LR = 6.138202e-05
  Batch 38: loss = 0.115623 | LR = 6.024051e-05
  Batch 39: loss = 0.225737 | LR = 5.910971e-05
  Batch 40: loss = 0.199274 | LR = 5.798960e-05
  Batch 41: loss = 0.156745 | LR = 5.688020e-05
  Batch 42: loss = 0.171942 | LR = 5.578150e-05
  Batch 43: loss = 0.121313 | LR = 5.469350e-05
  Batch 44: loss = 0.122905 | LR = 5.361621e-05
  Batch 45: loss = 0.267542 | LR = 5.254962e-05
  Batch 46: loss = 0.148846 | LR = 5.149374e-05
  Batch 47: loss = 0.172642 | LR = 5.044856e-05
  Batch 48: loss = 0.227803 | LR = 4.941408e-05
Epoch 98: Average loss = 0.1802, Duration = 1.10s
  Batch 1: loss = 0.175825 | LR = 4.839032e-05
  Batch 2: loss = 0.119443 | LR = 4.737726e-05
  Batch 3: loss = 0.230302 | LR = 4.637490e-05
  Batch 4: loss = 0.256557 | LR = 4.538325e-05
  Batch 5: loss = 0.180403 | LR = 4.440231e-05
  Batch 6: loss = 0.128812 | LR = 4.343208e-05
  Batch 7: loss = 0.115641 | LR = 4.247256e-05
  Batch 8: loss = 0.135278 | LR = 4.152374e-05
  Batch 9: loss = 0.197707 | LR = 4.058564e-05
  Batch 10: loss = 0.173705 | LR = 3.965824e-05
  Batch 11: loss = 0.168719 | LR = 3.874156e-05
  Batch 12: loss = 0.133952 | LR = 3.783558e-05
  Batch 13: loss = 0.221663 | LR = 3.694032e-05
  Batch 14: loss = 0.112086 | LR = 3.605576e-05
  Batch 15: loss = 0.220811 | LR = 3.518192e-05
  Batch 16: loss = 0.185935 | LR = 3.431879e-05
  Batch 17: loss = 0.154962 | LR = 3.346638e-05
  Batch 18: loss = 0.184841 | LR = 3.262467e-05
  Batch 19: loss = 0.159917 | LR = 3.179368e-05
  Batch 20: loss = 0.181319 | LR = 3.097340e-05
  Batch 21: loss = 0.149620 | LR = 3.016384e-05
  Batch 22: loss = 0.177287 | LR = 2.936499e-05
  Batch 23: loss = 0.242763 | LR = 2.857685e-05
  Batch 24: loss = 0.138819 | LR = 2.779943e-05
  Batch 25: loss = 0.180608 | LR = 2.703272e-05
  Batch 26: loss = 0.111829 | LR = 2.627673e-05
  Batch 27: loss = 0.206657 | LR = 2.553146e-05
  Batch 28: loss = 0.239802 | LR = 2.479690e-05
  Batch 29: loss = 0.268920 | LR = 2.407306e-05
  Batch 30: loss = 0.224786 | LR = 2.335994e-05
  Batch 31: loss = 0.162268 | LR = 2.265753e-05
  Batch 32: loss = 0.098907 | LR = 2.196584e-05
  Batch 33: loss = 0.212335 | LR = 2.128486e-05
  Batch 34: loss = 0.197325 | LR = 2.061461e-05
  Batch 35: loss = 0.251260 | LR = 1.995507e-05
  Batch 36: loss = 0.157077 | LR = 1.930625e-05
  Batch 37: loss = 0.187068 | LR = 1.866815e-05
  Batch 38: loss = 0.172426 | LR = 1.804077e-05
  Batch 39: loss = 0.171719 | LR = 1.742411e-05
  Batch 40: loss = 0.204837 | LR = 1.681817e-05
  Batch 41: loss = 0.115806 | LR = 1.622295e-05
  Batch 42: loss = 0.315352 | LR = 1.563845e-05
  Batch 43: loss = 0.137830 | LR = 1.506467e-05
  Batch 44: loss = 0.165474 | LR = 1.450161e-05
  Batch 45: loss = 0.136504 | LR = 1.394927e-05
  Batch 46: loss = 0.162106 | LR = 1.340765e-05
  Batch 47: loss = 0.132395 | LR = 1.287675e-05
  Batch 48: loss = 0.166895 | LR = 1.235657e-05
Epoch 99: Average loss = 0.1776, Duration = 1.03s
  Batch 1: loss = 0.160873 | LR = 1.184712e-05
  Batch 2: loss = 0.137552 | LR = 1.134839e-05
  Batch 3: loss = 0.226129 | LR = 1.086038e-05
  Batch 4: loss = 0.181737 | LR = 1.038309e-05
  Batch 5: loss = 0.167038 | LR = 9.916527e-06
  Batch 6: loss = 0.152225 | LR = 9.460685e-06
  Batch 7: loss = 0.139884 | LR = 9.015566e-06
  Batch 8: loss = 0.131954 | LR = 8.581171e-06
  Batch 9: loss = 0.261860 | LR = 8.157499e-06
  Batch 10: loss = 0.148494 | LR = 7.744550e-06
  Batch 11: loss = 0.181876 | LR = 7.342325e-06
  Batch 12: loss = 0.153066 | LR = 6.950824e-06
  Batch 13: loss = 0.203282 | LR = 6.570047e-06
  Batch 14: loss = 0.169755 | LR = 6.199994e-06
  Batch 15: loss = 0.223238 | LR = 5.840666e-06
  Batch 16: loss = 0.219816 | LR = 5.492062e-06
  Batch 17: loss = 0.260129 | LR = 5.154183e-06
  Batch 18: loss = 0.228803 | LR = 4.827029e-06
  Batch 19: loss = 0.201086 | LR = 4.510600e-06
  Batch 20: loss = 0.229942 | LR = 4.204896e-06
  Batch 21: loss = 0.181022 | LR = 3.909918e-06
  Batch 22: loss = 0.209966 | LR = 3.625664e-06
  Batch 23: loss = 0.219090 | LR = 3.352137e-06
  Batch 24: loss = 0.152015 | LR = 3.089335e-06
  Batch 25: loss = 0.218344 | LR = 2.837258e-06
  Batch 26: loss = 0.259335 | LR = 2.595908e-06
  Batch 27: loss = 0.227618 | LR = 2.365283e-06
  Batch 28: loss = 0.215413 | LR = 2.145385e-06
  Batch 29: loss = 0.183505 | LR = 1.936212e-06
  Batch 30: loss = 0.152350 | LR = 1.737766e-06
  Batch 31: loss = 0.125268 | LR = 1.550047e-06
  Batch 32: loss = 0.225095 | LR = 1.373053e-06
  Batch 33: loss = 0.159212 | LR = 1.206786e-06
  Batch 34: loss = 0.195307 | LR = 1.051246e-06
  Batch 35: loss = 0.181120 | LR = 9.064325e-07
  Batch 36: loss = 0.237947 | LR = 7.723456e-07
  Batch 37: loss = 0.206638 | LR = 6.489854e-07
  Batch 38: loss = 0.197982 | LR = 5.363519e-07
  Batch 39: loss = 0.155276 | LR = 4.344454e-07
  Batch 40: loss = 0.194129 | LR = 3.432657e-07
  Batch 41: loss = 0.207902 | LR = 2.628129e-07
  Batch 42: loss = 0.191150 | LR = 1.930871e-07
  Batch 43: loss = 0.160463 | LR = 1.340883e-07
  Batch 44: loss = 0.169458 | LR = 8.581657e-08
  Batch 45: loss = 0.219549 | LR = 4.827183e-08
  Batch 46: loss = 0.154471 | LR = 2.145415e-08
  Batch 47: loss = 0.209941 | LR = 5.363538e-09
  Batch 48: loss = 0.189384 | LR = 0.000000e+00
Epoch 100: Average loss = 0.1912, Duration = 1.11s
